출발/도착,공항명,항공사,편명,도착지,일자,계획시간,예상시간,출발시간,구분,상태,지연원인,기종,좌석수,체크인카운터
출발,인천,대한항공,KE1401,김해,20250901,6:35,6:35,6:47,여객,출발,,B737-900,188,
출발,인천,에어부산,BX164,도쿄/나리타,20250901,7:15,7:15,7:31,여객,출발,,A321,195,"E,F,G,L"
출발,인천,진에어,LJ261,후쿠오카,20250901,7:15,7:15,7:33,여객,출발,,B737-800,189,"H,F,G,L"
출발,인천,에어부산,BX156,후쿠오카,20250901,7:20,7:20,7:43,여객,출발,,A321,195,"E,F,G,L"
출발,인천,대한항공,KE787,후쿠오카,20250901,7:25,7:25,7:47,여객,출발,,B737-900,188,"A,B,C,D"
출발,인천,진에어,LJ201,도쿄/나리타,20250901,7:25,7:25,7:51,여객,출발,,B737-800,189,"H,F,G,L"
출발,인천,대한항공,KE795,나가사키,20250901,7:30,7:30,7:55,여객,출발,,B737-900,188,"A,B,C,D"
출발,인천,진에어,LJ345,나고야,20250901,7:30,7:30,7:58,여객,출발,,B737-800,189,"H,F,G,L"
출발,인천,진에어,LJ231,간사이,20250901,7:40,7:40,8:10,여객,출발,,B737-800,189,"H,F,G,L"
출발,인천,대한항공,KE173,홍콩,20250901,7:45,7:45,8:24,여객,출발,,A321neo,182,"A,B,C,D"
출발,인천,대한항공,KE621,마닐라,20250901,7:50,7:50,8:47,여객,지연,항공교통흐름에 의한 지연,B737-900,188,"A,B,C,D"
출발,인천,진에어,LJ731,타오위안,20250901,7:50,8:13,8:51,여객,지연,공항 및 출입국 절차에 의한 지연,B737-800,189,"H,F,G,L"
출발,인천,대한항공,KE845,청도,20250901,7:50,7:50,8:10,여객,출발,,B737-900,188,"A,B,C,D"
출발,인천,대한항공,KE131,정저우,20250901,8:00,8:00,8:21,여객,출발,,B737-900,188,"A,B,C,D"
출발,인천,대한항공,KE441,노이바이(하노이),20250901,8:00,8:00,8:40,여객,출발,,A330-300,272,"A,B,C,D"
출발,인천,대한항공,KE197,칭기즈칸(신 울란바토르) 국제공항,20250901,8:10,8:10,8:44,여객,출발,,B737-900,188,"A,B,C,D"
출발,인천,대한항공,KE767,아오모리,20250901,8:10,8:10,8:46,여객,출발,,B737-900,188,"A,B,C,D"
출발,인천,진에어,LJ241,간사이,20250901,8:10,8:10,8:37,여객,출발,,B737-800,189,"H,F,G,L"
출발,인천,진에어,LJ357,시모지시마,20250901,8:10,8:26,8:56,여객,지연,공항 및 출입국 절차에 의한 지연,B737-800,189,"H,F,G,L"
출발,인천,대한항공,KE859,베이징,20250901,8:15,8:15,8:53,여객,출발,,B777-300ER,277,"A,B,C,D"
출발,인천,진에어,LJ203,도쿄/나리타,20250901,8:15,8:30,8:52,여객,지연,공항 및 출입국 절차에 의한 지연,B737-800,189,"H,F,G,L"
출발,인천,진에어,LJ301,삿포로,20250901,8:20,8:36,8:55,여객,지연,공항 및 출입국 절차에 의한 지연,B737-800,189,"H,F,G,L"
출발,인천,대한항공,KE1403,김해,20250901,8:20,8:20,8:40,여객,출발,,B737-900,188,
출발,인천,대한항공,KE893,푸동,20250901,8:25,8:25,9:04,여객,출발,,A330-300,272,"A,B,C,D"
출발,인천,대한항공,KE731,고베,20250901,8:25,8:25,8:49,여객,출발,,A321neo,182,"A,B,C,D"
출발,인천,에어 프랑스,AF267,파리,20250901,8:30,8:30,9:13,여객,지연,,B777-300ER,296,"M,F,G,L"
출발,인천,대한항공,KE827,선전(심천),20250901,8:40,9:20,9:22,여객,지연,SP,B737-900,188,"A,B,C,D"
출발,인천,대한항공,KE831,심양,20250901,8:45,8:05,8:33,여객,출발,,B737-900,188,"A,B,C,D"
출발,인천,대한항공,KE865,광저우,20250901,8:50,8:50,9:37,여객,지연,항공교통흐름에 의한 지연,A330-300,272,"A,B,C,D"
출발,인천,대한항공,KE819,창사(장사),20250901,9:00,9:00,9:20,여객,출발,,B737-900,188,"A,B,C,D"
출발,인천,대한항공,KE469,떤 선녓(호찌민),20250901,9:05,9:05,9:51,여객,지연,여객 및 화물처리에 의한 지연,A330-300,272,"A,B,C,D"
출발,인천,진에어,LJ361,이시가키,20250901,9:05,9:30,9:55,여객,지연,공항 및 출입국 절차에 의한 지연,B737-800,189,"H,F,G,L"
출발,인천,대한항공,KE811,시안,20250901,9:10,9:10,9:31,여객,출발,,B737-900,188,"A,B,C,D"
출발,인천,대한항공,KE805,천진,20250901,9:10,9:10,9:27,여객,출발,,B737-900,188,"A,B,C,D"
출발,인천,에어부산,BX172,간사이,20250901,9:15,9:15,9:42,여객,출발,,A321,195,"E,F,G,L"
출발,인천,대한항공,KE035,애틀랜타,20250901,9:20,9:20,9:33,여객,출발,,B777-300ER,277,"A,B,C,D"
출발,인천,대한항공,KE785,가고시마,20250901,9:20,9:20,9:36,여객,출발,,B737-900,188,"A,B,C,D"
출발,인천,진에어,LJ913,괌,20250901,9:20,9:55,10:13,여객,지연,항공기 연결에 의한 지연,B737-800,189,"H,F,G,L"
출발,인천,대한항공,KE031,댈러스,20250901,9:30,9:30,9:57,여객,출발,,B787-9,269,"A,B,C,D"
출발,인천,대한항공,KE091,보스턴,20250901,9:30,9:30,10:08,여객,지연,운항 기준 및 승무원 관련 지연,B787-9,269,"A,B,C,D"
출발,인천,대한항공,KE755,오키나와,20250901,9:30,9:30,10:14,여객,지연,항공교통흐름에 의한 지연,B737-900,188,"A,B,C,D"
출발,인천,대한항공,KE657,수안나폼(방콕),20250901,9:30,9:30,10:18,여객,지연,여객 및 화물처리에 의한 지연,A330-300,272,"A,B,C,D"
출발,인천,대한항공,KE073,토론토,20250901,9:35,9:35,10:17,여객,지연,운항 기준 및 승무원 관련 지연,B777-300ER,277,"A,B,C,D"
출발,인천,대한항공,KE723,간사이,20250901,9:35,9:35,10:05,여객,출발,,A321neo,182,"A,B,C,D"
출발,인천,대한항공,KE421,괌,20250901,9:45,9:45,10:07,여객,출발,,B737-900,188,"A,B,C,D"
출발,인천,진에어,LJ205,도쿄/나리타,20250901,9:45,9:45,10:14,여객,출발,,B737-800,189,"H,F,G,L"
출발,인천,진에어,LJ341,오키나와,20250901,9:55,10:51,11:20,여객,지연,항공기 정비에 의한 지연,B737-800,189,"H,F,G,L"
출발,인천,대한항공,KE081,뉴욕,20250901,10:00,10:00,10:32,여객,출발,,A380-800,407,"A,B,C,D"
출발,인천,대한항공,KE703,도쿄/나리타,20250901,10:05,10:05,10:41,여객,출발,,A321neo,182,"A,B,C,D"
출발,인천,대한항공,KE765,삿포로,20250901,10:05,10:05,10:21,여객,출발,,B737-900,188,"A,B,C,D"
출발,인천,델타항공,DL158,디트로이트,20250901,10:15,10:15,10:38,여객,출발,,A350-900,306,"K,F,G,L"
출발,인천,대한항공,KE169,마카오,20250901,10:20,10:20,10:53,여객,출발,,A321neo,182,"A,B,C,D"
출발,인천,대한항공,KE093,워싱톤,20250901,10:25,10:45,11:17,여객,지연,항공기 연결에 의한 지연,B777-300ER,277,"A,B,C,D"
출발,인천,대한항공,KE101,남경,20250901,10:25,10:25,10:51,여객,출발,,A321neo,182,"A,B,C,D"
출발,인천,대한항공,KE937,비엔나,20250901,10:25,10:25,10:59,여객,출발,,B787-9,269,"A,B,C,D"
출발,인천,대한항공,KE185,타오위안,20250901,10:30,10:30,11:01,여객,출발,,A321neo,182,"A,B,C,D"
출발,인천,대한항공,KE741,나고야,20250901,10:35,10:35,10:49,여객,출발,,A321neo,182,"A,B,C,D"
출발,인천,대한항공,KE037,시카고,20250901,10:40,10:40,11:11,여객,출발,,B777-300ER,277,"A,B,C,D"
출발,인천,대한항공,KE855,베이징,20250901,10:40,10:40,11:03,여객,출발,,A330-300,272,"A,B,C,D"
출발,인천,대한항공,KE969,프라하,20250901,10:45,10:45,11:32,여객,지연,지상조업 관련 지연,B787-9,269,"A,B,C,D"
출발,인천,대한항공,KE457,다낭,20250901,10:55,10:55,11:26,여객,출발,,B737-900,188,"A,B,C,D"
출발,인천,대한항공,KE907,런던히드로,20250901,10:55,10:55,11:59,여객,지연,공항 및 출입국 절차에 의한 지연,A380-800,407,"A,B,C,D"
출발,인천,대한항공,KE897,푸동,20250901,11:10,11:10,11:49,여객,출발,,B777-300ER,277,"A,B,C,D"
출발,인천,대한항공,KE901,파리,20250901,11:10,11:10,11:51,여객,지연,SP,B777-300ER,277,"A,B,C,D"
출발,인천,에어부산,BX158,후쿠오카,20250901,11:25,11:44,12:00,여객,지연,항공교통흐름에 의한 지연,A321,195,"E,F,G,L"
출발,인천,가루다인도네시아,GA871,덴파사(응우라 라이),20250901,11:25,11:25,11:54,여객,출발,,A330-300,251,"J,F,G,L"
출발,인천,아에로멕시코,AM091,멕시코시티,20250901,11:40,11:40,12:13,여객,출발,,B787-9,274,"H,F,G,L"
출발,인천,대한항공,KE925,암스테르담,20250901,11:55,11:55,12:19,여객,출발,,B777-300ER,277,"A,B,C,D"
출발,인천,대한항공,KE107,항저우,20250901,12:00,12:00,12:42,여객,지연,항공교통흐름에 의한 지연,A321neo,182,"A,B,C,D"
출발,인천,중화항공,CI165,가오슝,20250901,12:05,12:23,12:51,여객,지연,항공교통흐름에 의한 지연,A321neo,180,"J,F,G,L"
출발,인천,진에어,LJ263,후쿠오카,20250901,12:10,12:10,12:25,여객,출발,,B737-800,189,"H,F,G,L"
출발,인천,대한항공,KE769,삿포로,20250901,12:35,12:35,12:54,여객,출발,,B737-900,188,"A,B,C,D"
출발,인천,대한항공,KE803,천진,20250901,12:35,12:35,12:56,여객,출발,,B737-900,188,"A,B,C,D"
출발,인천,대한항공,KE963,부다페스트,20250901,12:35,12:35,13:12,여객,출발,,B787-9,269,"A,B,C,D"
출발,인천,중화항공,CI161,타오위안,20250901,12:35,12:35,13:07,여객,출발,,A330-300,277,"J,F,G,L"
출발,인천,에어부산,BX174,간사이,20250901,12:40,12:40,13:14,여객,출발,,A321,195,"E,F,G,L"
출발,인천,대한항공,KE711,도쿄/나리타,20250901,13:00,13:00,13:37,여객,지연,항공교통흐름에 의한 지연,A321neo,182,"A,B,C,D"
출발,인천,대한항공,KE869,대련,20250901,13:00,13:30,14:09,여객,지연,항공기 연결에 의한 지연,B737-900,188,"A,B,C,D"
출발,인천,대한항공,KE843,청도,20250901,13:05,13:05,13:35,여객,출발,,B737-900,188,"A,B,C,D"
출발,인천,대한항공,KE931,로마,20250901,13:20,13:37,13:56,여객,지연,항공교통흐름에 의한 지연,B777-300ER,277,"A,B,C,D"
출발,인천,대한항공,KE175,홍콩,20250901,13:25,13:25,13:58,여객,출발,,A321neo,182,"A,B,C,D"
출발,인천,대한항공,KE135,허페이,20250901,13:25,13:25,13:54,여객,출발,,B737-900,188,"A,B,C,D"
출발,인천,대한항공,KE951,두바이,20250901,13:25,13:25,14:02,여객,지연,지상조업 관련 지연,B777-300ER,277,"A,B,C,D"
출발,인천,샤먼항공,MF872,샤먼 가오치,20250901,13:30,13:30,13:50,여객,출발,,B737-800,168,"J,F,G,L"
출발,인천,대한항공,KE695,카트만두,20250901,13:35,13:35,14:21,여객,지연,기타 원인에 의한 지연,A330-300,272,"A,B,C,D"
출발,인천,대한항공,KE927,밀라노,20250901,13:40,13:40,14:15,여객,지연,운항 기준 및 승무원 관련 지연,B787-9,269,"A,B,C,D"
출발,인천,대한항공,KE955,이스탄불,20250901,13:40,13:40,14:19,여객,지연,운항 기준 및 승무원 관련 지연,B777-300ER,277,"A,B,C,D"
출발,인천,대한항공,KE789,후쿠오카,20250901,13:45,13:45,14:17,여객,출발,,B737-900,188,"A,B,C,D"
출발,인천,진에어,LJ861,청도,20250901,13:50,14:57,15:20,여객,지연,항공기 정비에 의한 지연,B737-800,189,"H,F,G,L"
출발,인천,대한항공,KE017,로스앤젤레스,20250901,14:30,14:30,14:50,여객,출발,,B747-8i,368,"A,B,C,D"
출발,인천,대한항공,KE833,심양,20250901,14:35,14:35,14:55,여객,출발,,B737-900,188,"A,B,C,D"
출발,인천,진에어,LJ237,간사이,20250901,14:40,14:40,15:10,여객,출발,,B737-800,189,"H,F,G,L"
출발,인천,대한항공,KE643,싱가포르,20250901,14:45,14:45,15:12,여객,출발,,A330-300,272,"A,B,C,D"
출발,인천,진에어,LJ209,도쿄/나리타,20250901,14:45,14:45,15:07,여객,출발,,B737-800,189,"H,F,G,L"
출발,인천,대한항공,KE725,간사이,20250901,14:55,15:45,16:18,여객,지연,항공기 정비에 의한 지연,A321neo,182,"A,B,C,D"
출발,인천,대한항공,KE627,자카르타(수카르노 하타),20250901,15:10,15:10,15:30,여객,출발,,A330-300,272,"A,B,C,D"
출발,인천,대한항공,KE189,타이중,20250901,15:15,15:15,15:38,여객,출발,,A321neo,182,"A,B,C,D"
출발,인천,에어부산,BX176,간사이,20250901,15:25,15:25,15:52,여객,출발,,A321,195,"E,F,G,L"
출발,인천,진에어,LJ211,도쿄/나리타,20250901,15:35,15:35,16:14,여객,출발,,B737-800,189,"H,F,G,L"
출발,인천,대한항공,KE733,고베,20250901,15:50,15:50,16:24,여객,출발,,A321neo,182,"A,B,C,D"
출발,인천,에어부산,BX166,도쿄/나리타,20250901,15:50,15:50,16:33,여객,출발,,A321,195,"E,F,G,L"
출발,인천,진에어,LJ265,후쿠오카,20250901,15:50,15:50,16:30,여객,출발,,B737-800,189,"H,F,G,L"
출발,인천,대한항공,KE023,샌프란시스코,20250901,16:00,16:00,16:36,여객,출발,,B777-300ER,277,"A,B,C,D"
출발,인천,진에어,LJ347,나고야,20250901,16:05,16:23,16:46,여객,지연,공항 및 출입국 절차에 의한 지연,B737-800,189,"H,F,G,L"
출발,인천,대한항공,KE187,타오위안,20250901,16:10,16:10,17:02,여객,지연,여객 및 화물처리에 의한 지연,A321neo,182,"A,B,C,D"
출발,인천,대한항공,KE633,덴파사(응우라 라이),20250901,16:10,16:10,16:53,여객,지연,여객 및 화물처리에 의한 지연,A330-300,272,"A,B,C,D"
출발,인천,진에어,LJ351,기타규슈,20250901,16:15,16:15,16:45,여객,출발,,B737-800,189,"H,F,G,L"
출발,인천,진에어,LJ239,간사이,20250901,16:15,16:51,17:17,여객,지연,기타 원인에 의한 지연,B737-800,189,"H,F,G,L"
출발,인천,대한항공,KE671,쿠알라룸푸르,20250901,16:20,17:10,17:37,여객,지연,항공기 연결에 의한 지연,A330-300,272,"A,B,C,D"
출발,인천,델타항공,DL188,애틀랜타,20250901,16:25,16:48,17:38,여객,지연,공항 및 출입국 절차에 의한 지연,A350-900,306,"K,F,G,L"
출발,인천,대한항공,KE041,시애틀,20250901,16:40,16:40,17:44,여객,지연,여객 및 화물처리에 의한 지연,A330-300,272,"A,B,C,D"
출발,인천,대한항공,KE713,도쿄/나리타,20250901,17:05,17:05,17:34,여객,출발,,A321neo,182,"A,B,C,D"
출발,인천,대한항공,KE1405,김해,20250901,17:10,17:10,17:43,여객,출발,,B737-900,188,
출발,인천,진에어,LJ009,치앙마이,20250901,17:10,17:10,17:49,여객,출발,,B737-800,189,"H,F,G,L"
출발,인천,대한항공,KE489,양곤,20250901,17:15,17:15,17:52,여객,출발,,B737-900,188,"A,B,C,D"
출발,인천,에어부산,BX747,수안나폼(방콕),20250901,17:15,17:15,17:56,여객,출발,,A321,195,"E,F,G,L"
출발,인천,대한항공,KE8425,괌,20250901,17:15,17:15,17:46,여객,출발,,B737-900,188,"A,B,C,D"
출발,인천,대한항공,KE629,덴파사(응우라 라이),20250901,17:45,17:45,18:12,여객,출발,,A330-300,272,"A,B,C,D"
출발,인천,대한항공,KE663,푸껫,20250901,17:50,18:05,18:27,여객,지연,기타 원인에 의한 지연,B737-900,188,"A,B,C,D"
출발,인천,대한항공,KE411,오클랜드,20250901,18:00,18:00,18:14,여객,출발,,B787-9,269,"A,B,C,D"
출발,인천,대한항공,KE651,수안나폼(방콕),20250901,18:05,18:05,18:47,여객,지연,항공기 연결에 의한 지연,A330-300,272,"A,B,C,D"
출발,인천,대한항공,KE461,다낭,20250901,18:20,18:20,18:43,여객,출발,,B737-900,188,"A,B,C,D"
출발,인천,대한항공,KE667,치앙마이,20250901,18:25,18:25,18:51,여객,출발,,B737-900,188,"A,B,C,D"
출발,인천,대한항공,KE1407,김해,20250901,18:25,18:25,18:41,여객,출발,,B737-900,188,
출발,인천,대한항공,KE705,도쿄/나리타,20250901,18:35,18:35,19:01,여객,출발,,A321neo,182,"A,B,C,D"
출발,인천,대한항공,KE871,대련,20250901,18:35,19:00,19:41,여객,지연,항공기 연결에 의한 지연,B737-900,188,"A,B,C,D"
출발,인천,대한항공,KE161,쿤밍,20250901,18:40,19:50,20:21,여객,지연,항공기 연결에 의한 지연,B737-900,188,"A,B,C,D"
출발,인천,대한항공,KE645,싱가포르,20250901,18:40,18:40,19:11,여객,출발,,A330-300,272,"A,B,C,D"
출발,인천,대한항공,KE781,후쿠오카,20250901,18:40,18:40,19:07,여객,출발,,B737-900,188,"A,B,C,D"
출발,인천,델타항공,DL170,미니애폴리스,20250901,18:40,18:40,19:09,여객,출발,,A350-900,306,"K,F,G,L"
출발,인천,대한항공,KE423,괌,20250901,18:40,18:40,18:53,여객,출발,,B737-900,188,"A,B,C,D"
출발,인천,대한항공,KE071,밴쿠버,20250901,18:45,19:00,19:28,여객,지연,항공기 연결에 의한 지연,B787-9,269,"A,B,C,D"
출발,인천,대한항공,KE453,노이바이(하노이),20250901,18:45,19:15,20:03,여객,지연,항공기 연결에 의한 지연,B737-900,188,"A,B,C,D"
출발,인천,대한항공,KE475,떤 선녓(호찌민),20250901,18:45,18:45,19:18,여객,출발,,B737-900,188,"A,B,C,D"
출발,인천,대한항공,KE623,마닐라,20250901,18:50,18:50,19:31,여객,지연,여객 및 화물처리에 의한 지연,B737-900,188,"A,B,C,D"
출발,인천,대한항공,KE689,프놈펜,20250901,18:50,18:50,19:26,여객,지연,항공기 연결에 의한 지연,B737-900,188,"A,B,C,D"
출발,인천,대한항공,KE743,나고야,20250901,18:50,18:50,19:21,여객,출발,,A321neo,182,"A,B,C,D"
출발,인천,델타항공,DL26,애틀랜타,20250901,18:50,18:50,19:16,여객,출발,,A350-900,306,"K,F,G,L"
출발,인천,대한항공,KE895,푸동,20250901,18:55,19:25,19:55,여객,지연,항공기 연결에 의한 지연,A330-300,272,"A,B,C,D"
출발,인천,대한항공,KE721,간사이,20250901,19:00,19:00,19:36,여객,출발,,A321neo,182,"A,B,C,D"
출발,인천,대한항공,KE401,시드니,20250901,19:10,19:10,19:34,여객,출발,,A380-800,407,"A,B,C,D"
출발,인천,진에어,LJ131,코타키나발루,20250901,19:10,19:10,19:39,여객,출발,,B737-800,189,"H,F,G,L"
출발,인천,델타항공,DL196,시애틀,20250901,19:20,19:36,20:01,여객,지연,항공기 연결에 의한 지연,A330-900neo,281,"K,F,G,L"
출발,인천,대한항공,KE085,뉴욕,20250901,19:30,19:50,20:08,여객,지연,기타 원인에 의한 지연,B747-8i,368,"A,B,C,D"
출발,인천,대한항공,KE1431,대구,20250901,19:30,19:30,19:57,여객,출발,,B737-900,188,
출발,인천,대한항공,KE1409,김해,20250901,19:35,19:35,20:05,여객,출발,,B737-900,188,
출발,인천,델타항공,DL172,솔트레이크시티,20250901,19:40,19:40,20:15,여객,출발,,A350-900,306,"K,F,G,L"
출발,인천,대한항공,KE177,홍콩,20250901,19:45,19:45,20:43,여객,지연,항공교통흐름에 의한 지연,A321neo,182,"A,B,C,D"
출발,인천,대한항공,KE477,떤 선녓(호찌민),20250901,19:45,19:45,20:47,여객,지연,항공교통흐름에 의한 지연,B737-900,188,"A,B,C,D"
출발,인천,대한항공,KE659,수안나폼(방콕),20250901,19:45,19:45,20:35,여객,지연,항공교통흐름에 의한 지연,B737-900,188,"A,B,C,D"
출발,인천,진에어,LJ001,수안나폼(방콕),20250901,19:55,20:57,21:19,여객,지연,공항 및 출입국 절차에 의한 지연,B737-800,189,"H,F,G,L"
출발,인천,대한항공,KE853,베이징,20250901,20:00,20:00,20:37,여객,출발,,A330-300,272,"A,B,C,D"
출발,인천,대한항공,KE467,깜라인(나트랑),20250901,20:00,20:00,21:10,여객,지연,항공교통흐름에 의한 지연,B737-900,188,"A,B,C,D"
출발,인천,대한항공,KE615,세부,20250901,20:05,20:05,21:08,여객,지연,항공교통흐름에 의한 지연,B737-900,188,"A,B,C,D"
출발,인천,대한항공,KE407,브리즈번,20250901,20:05,20:05,20:25,여객,출발,,A330-300,272,"A,B,C,D"
출발,인천,대한항공,KE625,마닐라,20250901,20:15,20:15,21:17,여객,지연,항공교통흐름에 의한 지연,B737-900,188,"A,B,C,D"
출발,인천,대한항공,KE011,로스앤젤레스,20250901,20:25,20:25,21:04,여객,지연,항공교통흐름에 의한 지연,A380-800,407,"A,B,C,D"
출발,인천,진에어,LJ081,다낭,20250901,20:25,20:25,20:51,여객,출발,,B737-800,189,"H,F,G,L"
출발,인천,대한항공,KE719,하네다,20250901,20:30,20:30,21:00,여객,출발,,A321neo,182,"A,B,C,D"
출발,인천,중화항공,CI163,타오위안,20250901,20:35,21:11,21:39,여객,지연,항공기 연결에 의한 지연,A330-300,277,"J,F,G,L"
출발,인천,샤먼항공,MF878,푸저우(복주),20250901,20:35,21:25,21:26,여객,지연,공항 및 출입국 절차에 의한 지연,B737-800,168,"J,F,G,L"
출발,인천,진에어,LJ087,깜라인(나트랑),20250901,20:40,21:25,21:50,여객,지연,공항 및 출입국 절차에 의한 지연,B737-800,189,"H,F,G,L"
출발,인천,진에어,LJ917,괌,20250901,20:50,21:20,21:59,여객,지연,공항 및 출입국 절차에 의한 지연,B737-800,189,"H,F,G,L"
출발,인천,대한항공,KE005,라스베이거스,20250901,21:00,21:00,21:33,여객,출발,,B777-300ER,277,"A,B,C,D"
출발,인천,대한항공,KE053,호놀룰루,20250901,21:05,21:05,21:38,여객,출발,,A330-300,272,"A,B,C,D"
출발,인천,대한항공,KE655,수안나폼(방콕),20250901,21:15,21:15,21:46,여객,출발,,A330-300,272,"A,B,C,D"
출발,인천,네덜란드항공,KL856,암스테르담,20250901,22:25,22:25,23:02,여객,지연,항공교통흐름에 의한 지연,B787-9,294,"M,F,G,L"
출발,인천,대한항공,KE619,마닐라,20250901,22:35,22:35,22:51,여객,출발,,A330-300,272,"A,B,C,D"
출발,인천,대한항공,KE075,밴쿠버,20250901,22:40,22:40,23:16,여객,지연,항공교통흐름에 의한 지연,B787-9,269,"A,B,C,D"
출발,인천,대한항공,KE1401,김해,20250902,6:35,6:35,6:43,여객,출발,,B737-900,188,
출발,인천,에어부산,BX164,도쿄/나리타,20250902,7:15,7:15,7:26,여객,출발,,A321,195,"E,F,G,L"
출발,인천,진에어,LJ261,후쿠오카,20250902,7:15,7:15,7:30,여객,출발,,B737-800,189,"H,F,G,L"
출발,인천,에어부산,BX156,후쿠오카,20250902,7:20,7:20,7:44,여객,출발,,A321,195,"E,F,G,L"
출발,인천,대한항공,KE787,후쿠오카,20250902,7:25,7:25,7:38,여객,출발,,B737-900,188,"A,B,C,D"
출발,인천,진에어,LJ201,도쿄/나리타,20250902,7:25,7:25,7:54,여객,출발,,B737-800,189,"H,F,G,L"
출발,인천,대한항공,KE771,오카야마,20250902,7:30,7:30,7:50,여객,출발,,B737-900,188,"A,B,C,D"
출발,인천,진에어,LJ345,나고야,20250902,7:30,7:30,7:42,여객,출발,,B737-800,189,"H,F,G,L"
출발,인천,진에어,LJ231,간사이,20250902,7:40,7:40,8:11,여객,출발,,B737-800,189,"H,F,G,L"
출발,인천,대한항공,KE173,홍콩,20250902,7:45,7:45,8:17,여객,출발,,A321neo,182,"A,B,C,D"
출발,인천,대한항공,KE621,마닐라,20250902,7:50,7:50,8:12,여객,출발,,B737-900,188,"A,B,C,D"
출발,인천,진에어,LJ731,타오위안,20250902,7:50,8:07,8:28,여객,지연,공항 및 출입국 절차에 의한 지연,B737-800,189,"H,F,G,L"
출발,인천,대한항공,KE845,청도,20250902,7:50,7:50,8:10,여객,출발,,B737-900,188,"A,B,C,D"
출발,인천,대한항공,KE131,정저우,20250902,8:00,8:00,8:14,여객,출발,,B737-900,188,"A,B,C,D"
출발,인천,대한항공,KE441,노이바이(하노이),20250902,8:00,8:00,8:19,여객,출발,,A330-300,272,"A,B,C,D"
출발,인천,대한항공,KE197,칭기즈칸(신 울란바토르) 국제공항,20250902,8:10,8:40,8:59,여객,지연,지상조업 관련 지연,B737-900,188,"A,B,C,D"
출발,인천,진에어,LJ241,간사이,20250902,8:10,8:10,8:21,여객,출발,,B737-800,189,"H,F,G,L"
출발,인천,대한항공,KE859,베이징,20250902,8:15,8:15,8:31,여객,출발,,B777-300ER,277,"A,B,C,D"
출발,인천,진에어,LJ203,도쿄/나리타,20250902,8:15,8:15,8:31,여객,출발,,B737-800,189,"H,F,G,L"
출발,인천,대한항공,KE127,푸저우(복주),20250902,8:20,8:20,8:37,여객,출발,,B737-900,188,"A,B,C,D"
출발,인천,대한항공,KE1403,김해,20250902,8:20,8:35,8:50,여객,출발,,B737-900,188,
출발,인천,진에어,LJ301,삿포로,20250902,8:20,8:20,8:37,여객,출발,,B737-800,189,"H,F,G,L"
출발,인천,대한항공,KE893,푸동,20250902,8:25,8:25,8:45,여객,출발,,A330-300,272,"A,B,C,D"
출발,인천,대한항공,KE731,고베,20250902,8:25,8:25,8:58,여객,출발,,A321neo,182,"A,B,C,D"
출발,인천,에어 프랑스,AF267,파리,20250902,8:30,8:30,8:50,여객,출발,,B777-300ER,296,"M,F,G,L"
출발,인천,대한항공,KE827,선전(심천),20250902,8:40,8:40,9:03,여객,출발,,B737-900,188,"A,B,C,D"
출발,인천,대한항공,KE831,심양,20250902,8:45,8:05,8:42,여객,출발,,B737-900,188,"A,B,C,D"
출발,인천,대한항공,KE865,광저우,20250902,8:50,8:50,9:15,여객,출발,,A330-300,272,"A,B,C,D"
출발,인천,대한항공,KE137,우한,20250902,8:50,8:50,9:05,여객,출발,,B737-900,188,"A,B,C,D"
출발,인천,대한항공,KE469,떤 선녓(호찌민),20250902,9:05,9:05,9:34,여객,출발,,A330-300,272,"A,B,C,D"
출발,인천,진에어,LJ361,이시가키,20250902,9:05,9:05,9:38,여객,출발,,B737-800,189,"H,F,G,L"
출발,인천,대한항공,KE811,시안,20250902,9:10,9:10,9:46,여객,지연,여객 및 화물처리에 의한 지연,B737-900,188,"A,B,C,D"
출발,인천,대한항공,KE805,천진,20250902,9:10,9:10,9:33,여객,출발,,B737-900,188,"A,B,C,D"
출발,인천,에어부산,BX172,간사이,20250902,9:15,9:15,9:24,여객,출발,,A321,195,"E,F,G,L"
출발,인천,대한항공,KE035,애틀랜타,20250902,9:20,9:20,9:37,여객,출발,,B777-300ER,277,"A,B,C,D"
출발,인천,진에어,LJ913,괌,20250902,9:20,9:20,9:34,여객,출발,,B737-800,189,"H,F,G,L"
출발,인천,대한항공,KE031,댈러스,20250902,9:30,9:30,10:06,여객,출발,,B787-9,269,"A,B,C,D"
출발,인천,대한항공,KE091,보스턴,20250902,9:30,9:30,9:55,여객,출발,,B787-9,269,"A,B,C,D"
출발,인천,대한항공,KE777,구마모토,20250902,9:30,9:30,10:00,여객,출발,,B737-900,188,"A,B,C,D"
출발,인천,대한항공,KE755,오키나와,20250902,9:30,9:30,9:53,여객,출발,,B737-900,188,"A,B,C,D"
출발,인천,대한항공,KE657,수안나폼(방콕),20250902,9:30,9:30,9:49,여객,출발,,A330-300,272,"A,B,C,D"
출발,인천,대한항공,KE073,토론토,20250902,9:35,9:35,10:17,여객,지연,여객 및 화물처리에 의한 지연,B777-300ER,277,"A,B,C,D"
출발,인천,대한항공,KE723,간사이,20250902,9:35,9:35,9:59,여객,출발,,A321neo,182,"A,B,C,D"
출발,인천,대한항공,KE763,니가타,20250902,9:40,9:40,10:02,여객,출발,,B737-900,188,"A,B,C,D"
출발,인천,대한항공,KE421,괌,20250902,9:45,9:45,10:04,여객,출발,,B737-900,188,"A,B,C,D"
출발,인천,진에어,LJ205,도쿄/나리타,20250902,9:45,9:45,10:09,여객,출발,,B737-800,189,"H,F,G,L"
출발,인천,대한항공,KE913,마드리드,20250902,9:55,9:55,10:19,여객,출발,,B787-9,269,"A,B,C,D"
출발,인천,진에어,LJ341,오키나와,20250902,9:55,10:25,10:51,여객,지연,항공기 연결에 의한 지연,B737-800,189,"H,F,G,L"
출발,인천,대한항공,KE081,뉴욕,20250902,10:00,10:00,10:27,여객,출발,,A380-800,407,"A,B,C,D"
출발,인천,대한항공,KE765,삿포로,20250902,10:05,10:05,10:25,여객,출발,,B737-900,188,"A,B,C,D"
출발,인천,대한항공,KE703,도쿄/나리타,20250902,10:10,10:10,10:34,여객,출발,,A321neo,182,"A,B,C,D"
출발,인천,델타항공,DL158,디트로이트,20250902,10:15,10:15,10:22,여객,출발,,A350-900,306,"K,F,G,L"
출발,인천,대한항공,KE125,샤먼 가오치,20250902,10:20,10:20,10:39,여객,출발,,B737-900,188,"A,B,C,D"
출발,인천,대한항공,KE169,마카오,20250902,10:20,10:20,10:31,여객,출발,,A321neo,182,"A,B,C,D"
출발,인천,대한항공,KE093,워싱톤,20250902,10:25,10:25,10:57,여객,출발,,B777-300ER,277,"A,B,C,D"
출발,인천,대한항공,KE185,타오위안,20250902,10:30,10:30,10:55,여객,출발,,A321neo,182,"A,B,C,D"
출발,인천,가루다인도네시아,GA879,자카르타(수카르노 하타),20250902,10:35,10:35,10:49,여객,출발,,A330-900neo,301,"J,F,G,L"
출발,인천,대한항공,KE741,나고야,20250902,10:35,10:35,10:44,여객,출발,,A321neo,182,"A,B,C,D"
출발,인천,대한항공,KE037,시카고,20250902,10:40,10:40,11:02,여객,출발,,B777-300ER,277,"A,B,C,D"
출발,인천,대한항공,KE457,다낭,20250902,10:55,10:55,11:22,여객,출발,,B737-900,188,"A,B,C,D"
출발,인천,대한항공,KE907,런던히드로,20250902,10:55,10:55,11:24,여객,출발,,A380-800,407,"A,B,C,D"
출발,인천,대한항공,KE917,취리히,20250902,11:05,11:05,11:37,여객,출발,,B787-9,269,"A,B,C,D"
출발,인천,대한항공,KE945,프랑크푸르트,20250902,11:05,11:05,11:55,여객,지연,여객 및 화물처리에 의한 지연,A380-800,407,"A,B,C,D"
출발,인천,대한항공,KE897,푸동,20250902,11:10,11:10,11:36,여객,출발,,B777-300ER,277,"A,B,C,D"
출발,인천,대한항공,KE901,파리,20250902,11:10,11:10,11:46,여객,출발,,B777-300ER,277,"A,B,C,D"
출발,인천,에어부산,BX158,후쿠오카,20250902,11:25,11:25,11:35,여객,출발,,A321,195,"E,F,G,L"
출발,인천,가루다인도네시아,GA871,덴파사(응우라 라이),20250902,11:25,11:25,11:40,여객,출발,,A330-300,251,"J,F,G,L"
출발,인천,아에로멕시코,AM091,멕시코시티,20250902,11:40,11:40,12:03,여객,출발,,B787-9,274,"H,F,G,L"
출발,인천,대한항공,KE925,암스테르담,20250902,11:55,11:55,12:15,여객,출발,,B777-300ER,277,"A,B,C,D"
출발,인천,중화항공,CI165,가오슝,20250902,12:05,12:05,12:19,여객,출발,,A321neo,180,"J,F,G,L"
출발,인천,진에어,LJ263,후쿠오카,20250902,12:10,12:10,12:29,여객,출발,,B737-800,189,"H,F,G,L"
출발,인천,대한항공,KE769,삿포로,20250902,12:35,12:35,12:57,여객,출발,,B737-900,188,"A,B,C,D"
출발,인천,대한항공,KE803,천진,20250902,12:35,12:35,12:55,여객,출발,,B737-900,188,"A,B,C,D"
출발,인천,대한항공,KE963,부다페스트,20250902,12:35,12:35,13:01,여객,출발,,B787-9,269,"A,B,C,D"
출발,인천,중화항공,CI161,타오위안,20250902,12:35,12:35,12:55,여객,출발,,A330-300,277,"J,F,G,L"
출발,인천,에어부산,BX174,간사이,20250902,12:40,12:40,13:05,여객,출발,,A321,195,"E,F,G,L"
출발,인천,대한항공,KE497,델리,20250902,12:55,13:50,14:00,여객,지연,항공기 정비에 의한 지연,B787-9,269,"A,B,C,D"
출발,인천,대한항공,KE711,도쿄/나리타,20250902,13:00,13:00,13:33,여객,출발,,A321neo,182,"A,B,C,D"
출발,인천,대한항공,KE869,대련,20250902,13:00,13:00,13:31,여객,출발,,B737-900,188,"A,B,C,D"
출발,인천,대한항공,KE843,청도,20250902,13:05,13:05,13:26,여객,출발,,B737-900,188,"A,B,C,D"
출발,인천,대한항공,KE175,홍콩,20250902,13:25,13:25,13:42,여객,출발,,A321neo,182,"A,B,C,D"
출발,인천,대한항공,KE951,두바이,20250902,13:25,13:45,14:16,여객,지연,항공기 연결에 의한 지연,B777-300ER,277,"A,B,C,D"
출발,인천,샤먼항공,MF872,샤먼 가오치,20250902,13:30,13:30,13:44,여객,출발,,B737-800,168,"J,F,G,L"
출발,인천,대한항공,KE789,후쿠오카,20250902,13:45,13:45,14:04,여객,출발,,B737-900,188,"A,B,C,D"
출발,인천,진에어,LJ861,청도,20250902,13:50,13:50,14:11,여객,출발,,B737-800,189,"H,F,G,L"
출발,인천,대한항공,KE017,로스앤젤레스,20250902,14:30,14:30,15:15,여객,지연,여객 및 화물처리에 의한 지연,B747-8i,368,"A,B,C,D"
출발,인천,진에어,LJ359,다카마쓰,20250902,14:30,14:30,14:40,여객,출발,,B737-800,189,"H,F,G,L"
출발,인천,대한항공,KE833,심양,20250902,14:35,14:35,14:50,여객,출발,,B737-900,188,"A,B,C,D"
출발,인천,진에어,LJ237,간사이,20250902,14:40,15:03,15:34,여객,지연,운항 기준 및 승무원 관련 지연,B737-800,189,"H,F,G,L"
출발,인천,대한항공,KE643,싱가포르,20250902,14:45,14:45,15:13,여객,출발,,A330-300,272,"A,B,C,D"
출발,인천,진에어,LJ209,도쿄/나리타,20250902,14:45,15:30,16:07,여객,지연,항공기 연결에 의한 지연,B737-800,189,"H,F,G,L"
출발,인천,대한항공,KE725,간사이,20250902,14:55,14:55,15:26,여객,출발,,A321neo,182,"A,B,C,D"
출발,인천,대한항공,KE627,자카르타(수카르노 하타),20250902,15:10,15:10,15:35,여객,출발,,A330-300,272,"A,B,C,D"
출발,인천,대한항공,KE189,타이중,20250902,15:15,15:15,15:44,여객,출발,,A321neo,182,"A,B,C,D"
출발,인천,에어부산,BX176,간사이,20250902,15:25,15:25,15:57,여객,출발,,A321,195,"E,F,G,L"
출발,인천,대한항공,KE733,고베,20250902,15:50,15:50,16:13,여객,출발,,A321neo,182,"A,B,C,D"
출발,인천,에어부산,BX166,도쿄/나리타,20250902,15:50,15:50,16:21,여객,출발,,A321,195,"E,F,G,L"
출발,인천,진에어,LJ265,후쿠오카,20250902,15:50,16:03,16:25,여객,지연,공항 및 출입국 절차에 의한 지연,B737-800,189,"H,F,G,L"
출발,인천,대한항공,KE023,샌프란시스코,20250902,16:00,17:40,18:01,여객,지연,항공기 연결에 의한 지연,B777-300ER,277,"A,B,C,D"
출발,인천,진에어,LJ347,나고야,20250902,16:05,16:05,16:31,여객,출발,,B737-800,189,"H,F,G,L"
출발,인천,대한항공,KE187,타오위안,20250902,16:10,16:10,16:30,여객,출발,,A321neo,182,"A,B,C,D"
출발,인천,대한항공,KE633,덴파사(응우라 라이),20250902,16:10,16:10,16:45,여객,출발,,A330-300,272,"A,B,C,D"
출발,인천,진에어,LJ351,기타규슈,20250902,16:15,16:15,16:49,여객,출발,,B737-800,189,"H,F,G,L"
출발,인천,대한항공,KE671,쿠알라룸푸르,20250902,16:20,16:20,16:51,여객,출발,,A330-300,272,"A,B,C,D"
출발,인천,델타항공,DL188,애틀랜타,20250902,16:25,16:25,16:39,여객,출발,,A350-900,306,"K,F,G,L"
출발,인천,대한항공,KE041,시애틀,20250902,16:40,16:40,17:07,여객,출발,,A330-300,272,"A,B,C,D"
출발,인천,대한항공,KE713,도쿄/나리타,20250902,17:05,17:05,17:17,여객,출발,,A321neo,182,"A,B,C,D"
출발,인천,대한항공,KE1405,김해,20250902,17:10,17:10,17:29,여객,출발,,B737-900,188,
출발,인천,진에어,LJ009,치앙마이,20250902,17:10,17:10,17:37,여객,출발,,B737-800,189,"H,F,G,L"
출발,인천,대한항공,KE485,푸꾸옥,20250902,17:10,17:10,17:35,여객,출발,,B737-900,188,"A,B,C,D"
출발,인천,에어부산,BX747,수안나폼(방콕),20250902,17:15,17:15,17:41,여객,출발,,A321,195,"E,F,G,L"
출발,인천,대한항공,KE8425,괌,20250902,17:15,17:15,17:27,여객,출발,,B737-900,188,"A,B,C,D"
출발,인천,진에어,LJ919,괌,20250902,17:35,17:35,17:50,여객,출발,,B737-800,189,"H,F,G,L"
출발,인천,대한항공,KE629,덴파사(응우라 라이),20250902,17:45,17:45,18:03,여객,출발,,A330-300,272,"A,B,C,D"
출발,인천,대한항공,KE663,푸껫,20250902,17:50,17:50,18:11,여객,출발,,B737-900,188,"A,B,C,D"
출발,인천,대한항공,KE651,수안나폼(방콕),20250902,18:05,18:05,18:30,여객,출발,,A330-300,272,"A,B,C,D"
출발,인천,대한항공,KE461,다낭,20250902,18:20,18:20,18:41,여객,출발,,B737-900,188,"A,B,C,D"
출발,인천,대한항공,KE1407,김해,20250902,18:25,18:25,18:33,여객,출발,,B737-900,188,
출발,인천,대한항공,KE705,도쿄/나리타,20250902,18:35,18:35,18:47,여객,출발,,A321neo,182,"A,B,C,D"
출발,인천,대한항공,KE781,후쿠오카,20250902,18:40,18:40,19:04,여객,출발,,B737-900,188,"A,B,C,D"
출발,인천,대한항공,KE645,싱가포르,20250902,18:40,18:40,19:14,여객,출발,,A330-300,272,"A,B,C,D"
출발,인천,델타항공,DL170,미니애폴리스,20250902,18:40,18:40,18:58,여객,출발,,A350-900,306,"K,F,G,L"
출발,인천,대한항공,KE423,괌,20250902,18:40,18:40,18:56,여객,출발,,B737-900,188,"A,B,C,D"
출발,인천,대한항공,KE071,밴쿠버,20250902,18:45,18:45,19:21,여객,출발,,B787-9,269,"A,B,C,D"
출발,인천,대한항공,KE453,노이바이(하노이),20250902,18:45,19:30,20:02,여객,지연,항공기 연결에 의한 지연,B737-900,188,"A,B,C,D"
출발,인천,대한항공,KE475,떤 선녓(호찌민),20250902,18:45,18:45,19:06,여객,출발,,B737-900,188,"A,B,C,D"
출발,인천,대한항공,KE623,마닐라,20250902,18:50,18:50,19:17,여객,출발,,B737-900,188,"A,B,C,D"
출발,인천,대한항공,KE689,프놈펜,20250902,18:50,18:50,19:27,여객,지연,항공기 연결에 의한 지연,B737-900,188,"A,B,C,D"
출발,인천,대한항공,KE743,나고야,20250902,18:50,18:50,19:11,여객,출발,,A321neo,182,"A,B,C,D"
출발,인천,델타항공,DL26,애틀랜타,20250902,18:50,18:50,19:15,여객,출발,,A350-900,306,"K,F,G,L"
출발,인천,대한항공,KE895,푸동,20250902,18:55,19:15,19:56,여객,지연,항공기 연결에 의한 지연,A330-300,272,"A,B,C,D"
출발,인천,대한항공,KE721,간사이,20250902,19:00,19:00,19:25,여객,출발,,A321neo,182,"A,B,C,D"
출발,인천,대한항공,KE401,시드니,20250902,19:10,19:10,19:29,여객,출발,,A380-800,407,"A,B,C,D"
출발,인천,진에어,LJ131,코타키나발루,20250902,19:10,19:10,19:31,여객,출발,,B737-800,189,"H,F,G,L"
출발,인천,델타항공,DL196,시애틀,20250902,19:20,21:01,21:24,여객,지연,항공기 연결에 의한 지연,A330-900neo,281,"K,F,G,L"
출발,인천,대한항공,KE163,장가계,20250902,19:25,19:25,19:40,여객,출발,,B737-900,188,"A,B,C,D"
출발,인천,대한항공,KE085,뉴욕,20250902,19:30,20:00,20:22,여객,지연,기타 원인에 의한 지연,B747-8i,368,"A,B,C,D"
출발,인천,대한항공,KE1431,대구,20250902,19:30,19:30,19:41,여객,출발,,B737-900,188,
출발,인천,대한항공,KE1409,김해,20250902,19:35,20:30,21:09,여객,지연,항공기 정비에 의한 지연,B737-900,188,
출발,인천,델타항공,DL172,솔트레이크시티,20250902,19:40,19:40,19:49,여객,출발,,A350-900,306,"K,F,G,L"
출발,인천,대한항공,KE177,홍콩,20250902,19:45,19:45,20:14,여객,출발,,A321neo,182,"A,B,C,D"
출발,인천,대한항공,KE477,떤 선녓(호찌민),20250902,19:45,19:45,20:45,여객,지연,여객 및 화물처리에 의한 지연,B737-900,188,"A,B,C,D"
출발,인천,대한항공,KE659,수안나폼(방콕),20250902,19:45,19:45,20:06,여객,출발,,B737-900,188,"A,B,C,D"
출발,인천,진에어,LJ001,수안나폼(방콕),20250902,19:55,19:55,20:24,여객,출발,,B737-800,189,"H,F,G,L"
출발,인천,대한항공,KE853,베이징,20250902,20:00,20:00,20:33,여객,출발,,A330-300,272,"A,B,C,D"
출발,인천,대한항공,KE467,깜라인(나트랑),20250902,20:00,20:00,20:31,여객,출발,,B737-900,188,"A,B,C,D"
출발,인천,대한항공,KE615,세부,20250902,20:05,20:05,20:51,여객,지연,항공교통흐름에 의한 지연,B737-900,188,"A,B,C,D"
출발,인천,대한항공,KE625,마닐라,20250902,20:15,20:15,20:55,여객,지연,항공교통흐름에 의한 지연,B737-900,188,"A,B,C,D"
출발,인천,대한항공,KE011,로스앤젤레스,20250902,20:25,20:25,21:05,여객,지연,공항 및 출입국 절차에 의한 지연,A380-800,407,"A,B,C,D"
출발,인천,진에어,LJ081,다낭,20250902,20:25,20:25,20:47,여객,출발,,B737-800,189,"H,F,G,L"
출발,인천,대한항공,KE719,하네다,20250902,20:30,20:30,21:15,여객,지연,항공기 연결에 의한 지연,A321neo,182,"A,B,C,D"
출발,인천,중화항공,CI163,타오위안,20250902,20:35,20:35,21:07,여객,출발,,A330-300,277,"J,F,G,L"
출발,인천,샤먼항공,MF878,푸저우(복주),20250902,20:35,20:35,20:53,여객,출발,,B737-800,168,"J,F,G,L"
출발,인천,진에어,LJ087,깜라인(나트랑),20250902,20:40,21:03,21:32,여객,지연,항공교통흐름에 의한 지연,B737-800,189,"H,F,G,L"
출발,인천,진에어,LJ917,괌,20250902,20:50,20:50,21:22,여객,출발,,B737-800,189,"H,F,G,L"
출발,인천,대한항공,KE005,라스베이거스,20250902,21:00,21:00,21:28,여객,출발,,B777-300ER,277,"A,B,C,D"
출발,인천,대한항공,KE053,호놀룰루,20250902,21:05,21:05,21:34,여객,출발,,A330-300,272,"A,B,C,D"
출발,인천,대한항공,KE655,수안나폼(방콕),20250902,21:15,21:15,22:00,여객,지연,여객 및 화물처리에 의한 지연,A330-300,272,"A,B,C,D"
출발,인천,네덜란드항공,KL856,암스테르담,20250902,22:25,22:25,22:46,여객,출발,,B787-9,294,"M,F,G,L"
출발,인천,대한항공,KE619,마닐라,20250902,22:35,22:35,22:42,여객,출발,,A330-300,272,"A,B,C,D"
출발,인천,대한항공,KE1401,김해,20250903,6:35,6:35,6:45,여객,출발,,B737-900,188,
출발,인천,에어부산,BX164,도쿄/나리타,20250903,7:15,7:15,7:36,여객,출발,,A321,195,"E,F,G,L"
출발,인천,진에어,LJ261,후쿠오카,20250903,7:15,7:15,7:37,여객,출발,,B737-800,189,"H,F,G,L"
출발,인천,에어부산,BX156,후쿠오카,20250903,7:20,7:20,7:44,여객,출발,,A321,195,"E,F,G,L"
출발,인천,대한항공,KE787,후쿠오카,20250903,7:25,7:25,7:48,여객,출발,,B737-900,188,"A,B,C,D"
출발,인천,진에어,LJ201,도쿄/나리타,20250903,7:25,7:34,8:03,여객,지연,공항 및 출입국 절차에 의한 지연,B737-800,189,"H,F,G,L"
출발,인천,대한항공,KE771,오카야마,20250903,7:30,7:30,7:46,여객,출발,,B737-900,188,"A,B,C,D"
출발,인천,진에어,LJ345,나고야,20250903,7:30,7:30,7:54,여객,출발,,B737-800,189,"H,F,G,L"
출발,인천,진에어,LJ231,간사이,20250903,7:40,7:40,8:15,여객,출발,,B737-800,189,"H,F,G,L"
출발,인천,대한항공,KE173,홍콩,20250903,7:45,7:45,8:26,여객,지연,기타 원인에 의한 지연,A321neo,182,"A,B,C,D"
출발,인천,대한항공,KE621,마닐라,20250903,7:50,7:50,8:30,여객,지연,여객 및 화물처리에 의한 지연,B737-900,188,"A,B,C,D"
출발,인천,진에어,LJ731,타오위안,20250903,7:50,7:50,8:20,여객,출발,,B737-800,189,"H,F,G,L"
출발,인천,대한항공,KE845,청도,20250903,7:50,7:50,8:07,여객,출발,,B737-900,188,"A,B,C,D"
출발,인천,대한항공,KE131,정저우,20250903,8:00,8:00,8:19,여객,출발,,B737-900,188,"A,B,C,D"
출발,인천,대한항공,KE441,노이바이(하노이),20250903,8:00,8:00,8:22,여객,출발,,A330-300,272,"A,B,C,D"
출발,인천,대한항공,KE197,칭기즈칸(신 울란바토르) 국제공항,20250903,8:10,8:10,8:29,여객,출발,,B737-900,188,"A,B,C,D"
출발,인천,진에어,LJ241,간사이,20250903,8:10,8:10,8:32,여객,출발,,B737-800,189,"H,F,G,L"
출발,인천,진에어,LJ357,시모지시마,20250903,8:10,8:10,8:33,여객,출발,,B737-800,189,"H,F,G,L"
출발,인천,진에어,LJ203,도쿄/나리타,20250903,8:15,8:15,8:41,여객,출발,,B737-800,189,"H,F,G,L"
출발,인천,대한항공,KE1403,김해,20250903,8:20,8:20,8:39,여객,출발,,B737-900,188,
출발,인천,진에어,LJ301,삿포로,20250903,8:20,8:20,8:47,여객,출발,,B737-800,189,"H,F,G,L"
출발,인천,대한항공,KE893,푸동,20250903,8:25,8:25,8:42,여객,출발,,A330-300,272,"A,B,C,D"
출발,인천,대한항공,KE731,고베,20250903,8:25,8:25,8:59,여객,출발,,A321neo,182,"A,B,C,D"
출발,인천,에어 프랑스,AF267,파리,20250903,8:30,8:30,9:07,여객,지연,지상조업 관련 지연,B777-300ER,296,"M,F,G,L"
출발,인천,대한항공,KE775,고마쓰,20250903,8:35,8:35,8:53,여객,출발,,B737-900,188,"A,B,C,D"
출발,인천,대한항공,KE827,선전(심천),20250903,8:40,8:40,9:02,여객,출발,,B737-900,188,"A,B,C,D"
출발,인천,대한항공,KE831,심양,20250903,8:45,8:05,8:25,여객,출발,,B737-900,188,"A,B,C,D"
출발,인천,대한항공,KE865,광저우,20250903,8:50,8:50,9:13,여객,출발,,A330-300,272,"A,B,C,D"
출발,인천,대한항공,KE137,우한,20250903,8:50,11:00,11:27,여객,지연,항공기 정비에 의한 지연,B737-900,188,"A,B,C,D"
출발,인천,대한항공,KE819,창사(장사),20250903,9:00,9:00,9:15,여객,출발,,B737-900,188,"A,B,C,D"
출발,인천,대한항공,KE469,떤 선녓(호찌민),20250903,9:05,9:05,9:39,여객,출발,,A330-300,272,"A,B,C,D"
출발,인천,대한항공,KE811,시안,20250903,9:10,9:10,9:30,여객,출발,,B737-900,188,"A,B,C,D"
출발,인천,에어부산,BX172,간사이,20250903,9:15,9:15,9:21,여객,출발,,A321,195,"E,F,G,L"
출발,인천,대한항공,KE035,애틀랜타,20250903,9:20,9:20,9:48,여객,출발,,B777-300ER,277,"A,B,C,D"
출발,인천,대한항공,KE785,가고시마,20250903,9:20,9:20,9:38,여객,출발,,B737-900,188,"A,B,C,D"
출발,인천,진에어,LJ913,괌,20250903,9:20,9:20,9:31,여객,출발,,B737-800,189,"H,F,G,L"
출발,인천,대한항공,KE031,댈러스,20250903,9:30,9:30,9:53,여객,출발,,B787-9,269,"A,B,C,D"
출발,인천,대한항공,KE091,보스턴,20250903,9:30,9:30,9:59,여객,출발,,B787-9,269,"A,B,C,D"
출발,인천,대한항공,KE755,오키나와,20250903,9:30,9:30,9:50,여객,출발,,B737-900,188,"A,B,C,D"
출발,인천,대한항공,KE657,수안나폼(방콕),20250903,9:30,9:30,10:00,여객,출발,,A330-300,272,"A,B,C,D"
출발,인천,대한항공,KE073,토론토,20250903,9:35,9:35,10:06,여객,출발,,B777-300ER,277,"A,B,C,D"
출발,인천,대한항공,KE723,간사이,20250903,9:35,9:35,10:08,여객,출발,,A321neo,182,"A,B,C,D"
출발,인천,대한항공,KE421,괌,20250903,9:45,9:45,10:04,여객,출발,,B737-900,188,"A,B,C,D"
출발,인천,진에어,LJ205,도쿄/나리타,20250903,9:45,10:06,10:23,여객,지연,항공교통흐름에 의한 지연,B737-800,189,"H,F,G,L"
출발,인천,진에어,LJ341,오키나와,20250903,9:55,9:55,10:14,여객,출발,,B737-800,189,"H,F,G,L"
출발,인천,대한항공,KE081,뉴욕,20250903,10:00,10:00,10:32,여객,출발,,A380-800,407,"A,B,C,D"
출발,인천,대한항공,KE765,삿포로,20250903,10:05,10:05,10:26,여객,출발,,B737-900,188,"A,B,C,D"
출발,인천,대한항공,KE703,도쿄/나리타,20250903,10:10,10:10,10:42,여객,출발,,A321neo,182,"A,B,C,D"
출발,인천,델타항공,DL158,디트로이트,20250903,10:15,10:15,10:20,여객,출발,,A350-900,306,"K,F,G,L"
출발,인천,대한항공,KE169,마카오,20250903,10:20,11:18,11:18,여객,지연,항공교통흐름에 의한 지연,A321neo,182,"A,B,C,D"
출발,인천,대한항공,KE093,워싱톤,20250903,10:25,10:25,10:45,여객,출발,,B777-300ER,277,"A,B,C,D"
출발,인천,대한항공,KE101,남경,20250903,10:25,10:25,10:42,여객,출발,,A321neo,182,"A,B,C,D"
출발,인천,대한항공,KE937,비엔나,20250903,10:25,11:10,11:16,여객,지연,여객 및 화물처리에 의한 지연,B787-9,269,"A,B,C,D"
출발,인천,대한항공,KE185,타오위안,20250903,10:30,10:30,11:47,여객,지연,항공교통흐름에 의한 지연,A321neo,182,"A,B,C,D"
출발,인천,대한항공,KE741,나고야,20250903,10:35,10:35,10:51,여객,출발,,A321neo,182,"A,B,C,D"
출발,인천,대한항공,KE037,시카고,20250903,10:40,10:40,11:05,여객,출발,,B777-300ER,277,"A,B,C,D"
출발,인천,대한항공,KE855,베이징,20250903,10:40,11:10,11:32,여객,지연,항공교통흐름에 의한 지연,A330-300,272,"A,B,C,D"
출발,인천,대한항공,KE859,베이징,20250903,10:45,11:23,11:24,여객,지연,항공교통흐름에 의한 지연,B777-300ER,277,"A,B,C,D"
출발,인천,대한항공,KE969,프라하,20250903,10:45,10:45,11:40,여객,지연,항공교통흐름에 의한 지연,B787-9,269,"A,B,C,D"
출발,인천,대한항공,KE457,다낭,20250903,10:55,12:30,12:37,여객,지연,항공교통흐름에 의한 지연,B737-900,188,"A,B,C,D"
출발,인천,대한항공,KE907,런던히드로,20250903,10:55,11:59,11:57,여객,지연,항공교통흐름에 의한 지연,A380-800,407,"A,B,C,D"
출발,인천,대한항공,KE945,프랑크푸르트,20250903,11:05,11:05,12:12,여객,지연,항공교통흐름에 의한 지연,A380-800,407,"A,B,C,D"
출발,인천,대한항공,KE897,푸동,20250903,11:10,11:10,11:40,여객,출발,,B777-300ER,277,"A,B,C,D"
출발,인천,대한항공,KE901,파리,20250903,11:10,11:10,12:44,여객,지연,항공교통흐름에 의한 지연,B777-300ER,277,"A,B,C,D"
출발,인천,에어부산,BX158,후쿠오카,20250903,11:25,11:25,11:33,여객,출발,,A321,195,"E,F,G,L"
출발,인천,가루다인도네시아,GA871,덴파사(응우라 라이),20250903,11:25,12:47,13:04,여객,지연,공항 및 출입국 절차에 의한 지연,A330-300,251,"J,F,G,L"
출발,인천,아에로멕시코,AM091,멕시코시티,20250903,11:40,11:40,12:01,여객,출발,,B787-9,274,"H,F,G,L"
출발,인천,대한항공,KE107,항저우,20250903,12:00,12:00,12:17,여객,출발,,A321neo,182,"A,B,C,D"
출발,인천,중화항공,CI165,가오슝,20250903,12:05,13:24,13:43,여객,지연,항공교통흐름에 의한 지연,A321neo,180,"J,F,G,L"
출발,인천,진에어,LJ263,후쿠오카,20250903,12:10,12:10,12:31,여객,출발,,B737-800,189,"H,F,G,L"
출발,인천,대한항공,KE769,삿포로,20250903,12:35,12:35,12:51,여객,출발,,B737-900,188,"A,B,C,D"
출발,인천,대한항공,KE803,천진,20250903,12:35,13:57,14:20,여객,지연,항공교통흐름에 의한 지연,B737-900,188,"A,B,C,D"
출발,인천,중화항공,CI161,타오위안,20250903,12:35,13:43,14:02,여객,지연,항공교통흐름에 의한 지연,A330-300,277,"J,F,G,L"
출발,인천,에어부산,BX174,간사이,20250903,12:40,12:40,12:59,여객,출발,,A321,195,"E,F,G,L"
출발,인천,대한항공,KE711,도쿄/나리타,20250903,13:00,13:44,14:00,여객,지연,항공교통흐름에 의한 지연,A321neo,182,"A,B,C,D"
출발,인천,대한항공,KE869,대련,20250903,13:00,13:00,14:09,여객,지연,항공교통흐름에 의한 지연,B737-900,188,"A,B,C,D"
출발,인천,대한항공,KE921,리스본,20250903,13:00,14:16,14:30,여객,지연,항공교통흐름에 의한 지연,B787-9,269,"A,B,C,D"
출발,인천,대한항공,KE843,청도,20250903,13:05,13:31,13:52,여객,지연,항공교통흐름에 의한 지연,B737-900,188,"A,B,C,D"
출발,인천,대한항공,KE931,로마,20250903,13:20,13:20,15:20,여객,지연,,B777-300ER,277,"A,B,C,D"
출발,인천,대한항공,KE175,홍콩,20250903,13:25,14:14,14:39,여객,지연,항공교통흐름에 의한 지연,A321neo,182,"A,B,C,D"
출발,인천,대한항공,KE135,허페이,20250903,13:25,13:25,14:18,여객,지연,항공교통흐름에 의한 지연,B737-900,188,"A,B,C,D"
출발,인천,대한항공,KE951,두바이,20250903,13:25,13:25,14:25,여객,지연,운항 기준 및 승무원 관련 지연,B777-300ER,277,"A,B,C,D"
출발,인천,샤먼항공,MF872,샤먼 가오치,20250903,13:30,13:30,13:54,여객,출발,,B737-800,168,"J,F,G,L"
출발,인천,대한항공,KE927,밀라노,20250903,13:40,15:25,15:48,여객,지연,항공교통흐름에 의한 지연,B787-9,269,"A,B,C,D"
출발,인천,대한항공,KE955,이스탄불,20250903,13:40,15:14,15:37,여객,지연,항공교통흐름에 의한 지연,B777-300ER,277,"A,B,C,D"
출발,인천,대한항공,KE789,후쿠오카,20250903,13:45,13:45,14:24,여객,출발,,B737-900,188,"A,B,C,D"
출발,인천,진에어,LJ861,청도,20250903,13:50,13:50,14:17,여객,출발,,B737-800,189,"H,F,G,L"
출발,인천,대한항공,KE017,로스앤젤레스,20250903,14:30,14:30,14:58,여객,출발,,B747-8i,368,"A,B,C,D"
출발,인천,대한항공,KE833,심양,20250903,14:35,14:35,14:53,여객,출발,,B737-900,188,"A,B,C,D"
출발,인천,진에어,LJ237,간사이,20250903,14:40,14:40,15:09,여객,출발,,B737-800,189,"H,F,G,L"
출발,인천,대한항공,KE643,싱가포르,20250903,14:45,14:45,15:17,여객,출발,,A330-300,272,"A,B,C,D"
출발,인천,진에어,LJ209,도쿄/나리타,20250903,14:45,14:45,15:14,여객,출발,,B737-800,189,"H,F,G,L"
출발,인천,대한항공,KE725,간사이,20250903,14:55,14:55,15:29,여객,출발,,A321neo,182,"A,B,C,D"
출발,인천,대한항공,KE627,자카르타(수카르노 하타),20250903,15:10,15:10,15:46,여객,출발,,A330-300,272,"A,B,C,D"
출발,인천,대한항공,KE189,타이중,20250903,15:15,15:15,15:52,여객,출발,,A321neo,182,"A,B,C,D"
출발,인천,에어부산,BX176,간사이,20250903,15:25,15:43,16:00,여객,지연,항공교통흐름에 의한 지연,A321,195,"E,F,G,L"
출발,인천,대한항공,KE733,고베,20250903,15:50,15:50,16:19,여객,출발,,A321neo,182,"A,B,C,D"
출발,인천,에어부산,BX166,도쿄/나리타,20250903,15:50,15:50,16:16,여객,출발,,A321,195,"E,F,G,L"
출발,인천,진에어,LJ265,후쿠오카,20250903,15:50,15:50,16:25,여객,출발,,B737-800,189,"H,F,G,L"
출발,인천,대한항공,KE023,샌프란시스코,20250903,16:00,16:00,16:37,여객,지연,공항 및 출입국 절차에 의한 지연,B777-300ER,277,"A,B,C,D"
출발,인천,진에어,LJ347,나고야,20250903,16:05,16:05,16:41,여객,출발,,B737-800,189,"H,F,G,L"
출발,인천,대한항공,KE187,타오위안,20250903,16:10,16:10,16:31,여객,출발,,A321neo,182,"A,B,C,D"
출발,인천,대한항공,KE633,덴파사(응우라 라이),20250903,16:10,16:10,16:47,여객,지연,항공기 정비에 의한 지연,A330-300,272,"A,B,C,D"
출발,인천,진에어,LJ351,기타규슈,20250903,16:15,16:15,16:45,여객,출발,,B737-800,189,"H,F,G,L"
출발,인천,대한항공,KE671,쿠알라룸푸르,20250903,16:20,16:20,16:51,여객,출발,,A330-300,272,"A,B,C,D"
출발,인천,델타항공,DL188,애틀랜타,20250903,16:25,16:25,16:48,여객,출발,,A350-900,306,"K,F,G,L"
출발,인천,대한항공,KE041,시애틀,20250903,16:40,16:40,17:08,여객,출발,,A330-300,272,"A,B,C,D"
출발,인천,대한항공,KE713,도쿄/나리타,20250903,17:05,17:05,17:22,여객,출발,,A321neo,182,"A,B,C,D"
출발,인천,대한항공,KE1405,김해,20250903,17:10,17:10,17:25,여객,출발,,B737-900,188,
출발,인천,진에어,LJ009,치앙마이,20250903,17:10,17:10,17:27,여객,출발,,B737-800,189,"H,F,G,L"
출발,인천,에어부산,BX747,수안나폼(방콕),20250903,17:15,17:15,17:34,여객,출발,,A321,195,"E,F,G,L"
출발,인천,대한항공,KE8425,괌,20250903,17:15,17:15,17:29,여객,출발,,B737-900,188,"A,B,C,D"
출발,인천,진에어,LJ919,괌,20250903,17:35,17:35,17:50,여객,출발,,B737-800,189,"H,F,G,L"
출발,인천,대한항공,KE629,덴파사(응우라 라이),20250903,17:45,17:45,18:10,여객,출발,,A330-300,272,"A,B,C,D"
출발,인천,대한항공,KE663,푸껫,20250903,17:50,17:50,18:29,여객,출발,,B737-900,188,"A,B,C,D"
출발,인천,대한항공,KE411,오클랜드,20250903,18:00,18:00,18:19,여객,출발,,B787-9,269,"A,B,C,D"
출발,인천,대한항공,KE651,수안나폼(방콕),20250903,18:05,18:05,18:37,여객,출발,,A330-300,272,"A,B,C,D"
출발,인천,대한항공,KE461,다낭,20250903,18:20,18:20,18:42,여객,출발,,B737-900,188,"A,B,C,D"
출발,인천,대한항공,KE667,치앙마이,20250903,18:25,18:25,19:02,여객,지연,항공교통흐름에 의한 지연,B737-900,188,"A,B,C,D"
출발,인천,대한항공,KE1407,김해,20250903,18:25,18:25,18:44,여객,출발,,B737-900,188,
출발,인천,대한항공,KE705,도쿄/나리타,20250903,18:35,18:35,19:00,여객,출발,,A321neo,182,"A,B,C,D"
출발,인천,대한항공,KE871,대련,20250903,18:35,18:35,18:52,여객,출발,,B737-900,188,"A,B,C,D"
출발,인천,대한항공,KE161,쿤밍,20250903,18:40,18:40,19:12,여객,출발,,B737-900,188,"A,B,C,D"
출발,인천,대한항공,KE645,싱가포르,20250903,18:40,18:40,19:23,여객,지연,항공교통흐름에 의한 지연,A330-300,272,"A,B,C,D"
출발,인천,대한항공,KE781,후쿠오카,20250903,18:40,18:40,19:10,여객,출발,,B737-900,188,"A,B,C,D"
출발,인천,델타항공,DL170,미니애폴리스,20250903,18:40,18:40,18:55,여객,출발,,A350-900,306,"K,F,G,L"
출발,인천,대한항공,KE423,괌,20250903,18:40,18:40,19:06,여객,출발,,B737-900,188,"A,B,C,D"
출발,인천,대한항공,KE071,밴쿠버,20250903,18:45,19:05,19:40,여객,지연,항공기 연결에 의한 지연,B787-9,269,"A,B,C,D"
출발,인천,대한항공,KE453,노이바이(하노이),20250903,18:45,18:45,19:42,여객,지연,항공교통흐름에 의한 지연,B737-900,188,"A,B,C,D"
출발,인천,대한항공,KE475,떤 선녓(호찌민),20250903,18:45,18:45,19:14,여객,출발,,B737-900,188,"A,B,C,D"
출발,인천,대한항공,KE623,마닐라,20250903,18:50,18:50,19:53,여객,지연,항공교통흐름에 의한 지연,B737-900,188,"A,B,C,D"
출발,인천,대한항공,KE689,프놈펜,20250903,18:50,18:50,19:37,여객,지연,항공교통흐름에 의한 지연,B737-900,188,"A,B,C,D"
출발,인천,대한항공,KE743,나고야,20250903,18:50,18:50,19:31,여객,지연,항공교통흐름에 의한 지연,A321neo,182,"A,B,C,D"
출발,인천,델타항공,DL26,애틀랜타,20250903,18:50,18:50,19:16,여객,출발,,A350-900,306,"K,F,G,L"
출발,인천,대한항공,KE895,푸동,20250903,18:55,18:55,19:33,여객,출발,,A330-300,272,"A,B,C,D"
출발,인천,대한항공,KE721,간사이,20250903,19:00,19:19,19:44,여객,지연,항공기 정비에 의한 지연,A321neo,182,"A,B,C,D"
출발,인천,대한항공,KE401,시드니,20250903,19:10,19:10,19:35,여객,출발,,A380-800,407,"A,B,C,D"
출발,인천,진에어,LJ131,코타키나발루,20250903,19:10,19:34,20:03,여객,지연,공항 및 출입국 절차에 의한 지연,B737-800,189,"H,F,G,L"
출발,인천,델타항공,DL196,시애틀,20250903,19:20,19:20,19:55,여객,출발,,A330-900neo,281,"K,F,G,L"
출발,인천,대한항공,KE163,장가계,20250903,19:25,19:25,20:11,여객,지연,항공교통흐름에 의한 지연,B737-900,188,"A,B,C,D"
출발,인천,대한항공,KE085,뉴욕,20250903,19:30,19:45,20:12,여객,지연,기타 원인에 의한 지연,B747-8i,368,"A,B,C,D"
출발,인천,대한항공,KE1431,대구,20250903,19:30,19:30,19:57,여객,출발,,B737-900,188,
출발,인천,대한항공,KE1409,김해,20250903,19:35,19:35,20:09,여객,출발,,B737-900,188,
출발,인천,델타항공,DL172,솔트레이크시티,20250903,19:40,19:40,20:01,여객,출발,,A350-900,306,"K,F,G,L"
출발,인천,대한항공,KE177,홍콩,20250903,19:45,19:45,20:58,여객,지연,항공교통흐름에 의한 지연,A321neo,182,"A,B,C,D"
출발,인천,대한항공,KE477,떤 선녓(호찌민),20250903,19:45,19:45,20:32,여객,지연,항공교통흐름에 의한 지연,B737-900,188,"A,B,C,D"
출발,인천,대한항공,KE659,수안나폼(방콕),20250903,19:45,19:45,20:55,여객,지연,항공교통흐름에 의한 지연,B737-900,188,"A,B,C,D"
출발,인천,진에어,LJ001,수안나폼(방콕),20250903,19:55,20:19,20:43,여객,지연,공항 및 출입국 절차에 의한 지연,B737-800,189,"H,F,G,L"
출발,인천,대한항공,KE853,베이징,20250903,20:00,20:00,20:16,여객,출발,,A330-300,272,"A,B,C,D"
출발,인천,대한항공,KE467,깜라인(나트랑),20250903,20:00,20:00,21:13,여객,지연,항공교통흐름에 의한 지연,B737-900,188,"A,B,C,D"
출발,인천,대한항공,KE615,세부,20250903,20:05,20:05,21:05,여객,지연,여객 및 화물처리에 의한 지연,B737-900,188,"A,B,C,D"
출발,인천,대한항공,KE407,브리즈번,20250903,20:05,20:05,20:20,여객,출발,,A330-300,272,"A,B,C,D"
출발,인천,대한항공,KE625,마닐라,20250903,20:15,20:30,21:47,여객,지연,항공교통흐름에 의한 지연,B737-900,188,"A,B,C,D"
출발,인천,대한항공,KE011,로스앤젤레스,20250903,20:25,20:25,21:01,여객,출발,,A380-800,407,"A,B,C,D"
출발,인천,진에어,LJ081,다낭,20250903,20:25,20:25,20:50,여객,출발,,B737-800,189,"H,F,G,L"
출발,인천,대한항공,KE719,하네다,20250903,20:30,20:30,21:11,여객,지연,항공교통흐름에 의한 지연,A321neo,182,"A,B,C,D"
출발,인천,중화항공,CI163,타오위안,20250903,20:35,21:10,21:31,여객,지연,항공교통흐름에 의한 지연,A330-300,277,"J,F,G,L"
출발,인천,샤먼항공,MF878,푸저우(복주),20250903,20:35,21:00,21:25,여객,지연,공항 및 출입국 절차에 의한 지연,B737-800,168,"J,F,G,L"
출발,인천,진에어,LJ087,깜라인(나트랑),20250903,20:40,21:00,21:23,여객,지연,공항 및 출입국 절차에 의한 지연,B737-800,189,"H,F,G,L"
출발,인천,진에어,LJ043,팡라로,20250903,20:50,21:35,21:57,여객,지연,공항 및 출입국 절차에 의한 지연,B737-800,189,"H,F,G,L"
출발,인천,진에어,LJ917,괌,20250903,20:50,21:06,21:29,여객,지연,공항 및 출입국 절차에 의한 지연,B737-800,189,"H,F,G,L"
출발,인천,대한항공,KE005,라스베이거스,20250903,21:00,21:00,21:49,여객,지연,항공기 정비에 의한 지연,B777-300ER,277,"A,B,C,D"
출발,인천,대한항공,KE053,호놀룰루,20250903,21:05,21:05,21:45,여객,지연,항공교통흐름에 의한 지연,A330-300,272,"A,B,C,D"
출발,인천,대한항공,KE655,수안나폼(방콕),20250903,21:15,21:15,22:05,여객,지연,항공교통흐름에 의한 지연,A330-300,272,"A,B,C,D"
출발,인천,에어부산,BX787,깜라인(나트랑),20250903,21:30,22:16,22:42,여객,지연,항공교통흐름에 의한 지연,A321,195,"E,F,G,L"
출발,인천,네덜란드항공,KL856,암스테르담,20250903,22:25,22:25,22:47,여객,출발,,B787-9,294,"M,F,G,L"
출발,인천,대한항공,KE619,마닐라,20250903,22:35,22:35,22:45,여객,출발,,A330-300,272,"A,B,C,D"
출발,인천,대한항공,KE075,밴쿠버,20250903,22:40,22:40,23:15,여객,지연,공항 및 출입국 절차에 의한 지연,B787-9,269,"A,B,C,D"
출발,인천,대한항공,KE647,싱가포르,20250903,23:35,23:35,23:57,여객,출발,,B777-300ER,277,"A,B,C,D"
출발,인천,대한항공,KE1401,김해,20250904,6:35,6:35,6:51,여객,출발,,B737-900,188,
출발,인천,에어부산,BX164,도쿄/나리타,20250904,7:15,7:15,7:29,여객,출발,,A321,195,"E,F,G,L"
출발,인천,진에어,LJ261,후쿠오카,20250904,7:15,7:15,7:44,여객,출발,,B737-800,189,"H,F,G,L"
출발,인천,에어부산,BX156,후쿠오카,20250904,7:20,7:20,7:42,여객,출발,,A321,195,"E,F,G,L"
출발,인천,대한항공,KE787,후쿠오카,20250904,7:25,7:25,7:48,여객,출발,,B737-900,188,"A,B,C,D"
출발,인천,진에어,LJ201,도쿄/나리타,20250904,7:25,7:25,7:50,여객,출발,,B737-800,189,"H,F,G,L"
출발,인천,진에어,LJ345,나고야,20250904,7:30,7:30,8:01,여객,출발,,B737-800,189,"H,F,G,L"
출발,인천,대한항공,KE795,나가사키,20250904,7:30,7:30,7:54,여객,출발,,B737-900,188,"A,B,C,D"
출발,인천,진에어,LJ231,간사이,20250904,7:40,7:40,8:12,여객,출발,,B737-800,189,"H,F,G,L"
출발,인천,대한항공,KE173,홍콩,20250904,7:45,7:45,8:07,여객,출발,,A321neo,182,"A,B,C,D"
출발,인천,대한항공,KE621,마닐라,20250904,7:50,7:50,8:38,여객,지연,공항 및 출입국 절차에 의한 지연,B737-900,188,"A,B,C,D"
출발,인천,진에어,LJ731,타오위안,20250904,7:50,7:50,8:21,여객,출발,,B737-800,189,"H,F,G,L"
출발,인천,대한항공,KE845,청도,20250904,7:50,7:50,8:20,여객,출발,,B737-900,188,"A,B,C,D"
출발,인천,대한항공,KE131,정저우,20250904,8:00,8:00,8:27,여객,출발,,B737-900,188,"A,B,C,D"
출발,인천,대한항공,KE441,노이바이(하노이),20250904,8:00,8:20,8:42,여객,지연,항공교통흐름에 의한 지연,A330-300,272,"A,B,C,D"
출발,인천,대한항공,KE197,칭기즈칸(신 울란바토르) 국제공항,20250904,8:10,8:10,8:32,여객,출발,,B737-900,188,"A,B,C,D"
출발,인천,대한항공,KE767,아오모리,20250904,8:10,8:10,8:31,여객,출발,,B737-900,188,"A,B,C,D"
출발,인천,진에어,LJ357,시모지시마,20250904,8:10,8:25,8:50,여객,지연,공항 및 출입국 절차에 의한 지연,B737-800,189,"H,F,G,L"
출발,인천,대한항공,KE859,베이징,20250904,8:15,8:15,8:49,여객,출발,,B777-300ER,277,"A,B,C,D"
출발,인천,진에어,LJ203,도쿄/나리타,20250904,8:15,8:35,8:53,여객,지연,항공기 연결에 의한 지연,B737-800,189,"H,F,G,L"
출발,인천,대한항공,KE127,푸저우(복주),20250904,8:20,8:20,8:55,여객,지연,항공교통흐름에 의한 지연,B737-900,188,"A,B,C,D"
출발,인천,대한항공,KE1403,김해,20250904,8:20,8:20,8:58,여객,지연,항공교통흐름에 의한 지연,B737-900,188,
출발,인천,진에어,LJ301,삿포로,20250904,8:20,8:20,8:41,여객,출발,,B737-800,189,"H,F,G,L"
출발,인천,대한항공,KE893,푸동,20250904,8:25,8:25,8:59,여객,출발,,A330-300,272,"A,B,C,D"
출발,인천,대한항공,KE731,고베,20250904,8:25,8:25,8:47,여객,출발,,A321neo,182,"A,B,C,D"
출발,인천,에어 프랑스,AF267,파리,20250904,8:30,8:30,9:01,여객,출발,,B777-300ER,296,"M,F,G,L"
출발,인천,대한항공,KE827,선전(심천),20250904,8:40,8:40,9:15,여객,출발,,B737-900,188,"A,B,C,D"
출발,인천,대한항공,KE831,심양,20250904,8:45,8:35,8:57,여객,지연,항공기 연결에 의한 지연,B737-900,188,"A,B,C,D"
출발,인천,대한항공,KE865,광저우,20250904,8:50,8:50,9:19,여객,출발,,A330-300,272,"A,B,C,D"
출발,인천,대한항공,KE137,우한,20250904,8:50,9:05,9:37,여객,지연,기타 원인에 의한 지연,B737-900,188,"A,B,C,D"
출발,인천,대한항공,KE819,창사(장사),20250904,9:00,9:00,9:30,여객,출발,,B737-900,188,"A,B,C,D"
출발,인천,대한항공,KE469,떤 선녓(호찌민),20250904,9:05,9:05,9:31,여객,출발,,A330-300,272,"A,B,C,D"
출발,인천,진에어,LJ361,이시가키,20250904,9:05,9:05,9:39,여객,출발,,B737-800,189,"H,F,G,L"
출발,인천,대한항공,KE811,시안,20250904,9:10,9:10,9:53,여객,지연,항공교통흐름에 의한 지연,B737-900,188,"A,B,C,D"
출발,인천,대한항공,KE805,천진,20250904,9:10,9:10,9:49,여객,출발,,B737-900,188,"A,B,C,D"
출발,인천,에어부산,BX172,간사이,20250904,9:15,9:15,9:22,여객,출발,,A321,195,"E,F,G,L"
출발,인천,대한항공,KE035,애틀랜타,20250904,9:20,9:20,9:39,여객,출발,,B777-300ER,277,"A,B,C,D"
출발,인천,진에어,LJ913,괌,20250904,9:20,9:20,9:32,여객,출발,,B737-800,189,"H,F,G,L"
출발,인천,대한항공,KE031,댈러스,20250904,9:30,9:30,9:54,여객,출발,,B787-9,269,"A,B,C,D"
출발,인천,대한항공,KE091,보스턴,20250904,9:30,9:30,10:01,여객,출발,,B787-9,269,"A,B,C,D"
출발,인천,대한항공,KE777,구마모토,20250904,9:30,9:30,10:08,여객,출발,,B737-900,188,"A,B,C,D"
출발,인천,대한항공,KE755,오키나와,20250904,9:30,9:30,9:59,여객,출발,,B737-900,188,"A,B,C,D"
출발,인천,대한항공,KE657,수안나폼(방콕),20250904,9:30,9:30,10:06,여객,지연,운항 기준 및 승무원 관련 지연,A330-300,272,"A,B,C,D"
출발,인천,대한항공,KE073,토론토,20250904,9:35,9:35,10:11,여객,출발,,B777-300ER,277,"A,B,C,D"
출발,인천,대한항공,KE723,간사이,20250904,9:35,9:35,10:16,여객,지연,기타 원인에 의한 지연,A321neo,182,"A,B,C,D"
출발,인천,대한항공,KE763,니가타,20250904,9:40,9:40,10:06,여객,출발,,B737-900,188,"A,B,C,D"
출발,인천,대한항공,KE421,괌,20250904,9:45,9:45,10:19,여객,출발,,B737-900,188,"A,B,C,D"
출발,인천,진에어,LJ205,도쿄/나리타,20250904,9:45,9:45,10:14,여객,출발,,B737-800,189,"H,F,G,L"
출발,인천,대한항공,KE913,마드리드,20250904,9:55,9:55,10:30,여객,출발,,B787-9,269,"A,B,C,D"
출발,인천,진에어,LJ341,오키나와,20250904,9:55,9:55,10:28,여객,출발,,B737-800,189,"H,F,G,L"
출발,인천,대한항공,KE081,뉴욕,20250904,10:00,10:00,10:29,여객,출발,,A380-800,407,"A,B,C,D"
출발,인천,대한항공,KE765,삿포로,20250904,10:05,10:05,10:26,여객,출발,,B737-900,188,"A,B,C,D"
출발,인천,대한항공,KE703,도쿄/나리타,20250904,10:10,10:10,10:34,여객,출발,,A321neo,182,"A,B,C,D"
출발,인천,델타항공,DL158,디트로이트,20250904,10:15,10:15,10:23,여객,출발,,A350-900,306,"K,F,G,L"
출발,인천,대한항공,KE125,샤먼 가오치,20250904,10:20,10:20,10:41,여객,출발,,B737-900,188,"A,B,C,D"
출발,인천,대한항공,KE169,마카오,20250904,10:20,10:20,10:44,여객,출발,,A321neo,182,"A,B,C,D"
출발,인천,대한항공,KE093,워싱톤,20250904,10:25,10:25,10:53,여객,출발,,B777-300ER,277,"A,B,C,D"
출발,인천,대한항공,KE185,타오위안,20250904,10:30,10:30,10:52,여객,출발,,A321neo,182,"A,B,C,D"
출발,인천,가루다인도네시아,GA879,자카르타(수카르노 하타),20250904,10:35,10:35,10:56,여객,출발,,A330-900neo,301,"J,F,G,L"
출발,인천,대한항공,KE741,나고야,20250904,10:35,10:35,11:01,여객,출발,,A321neo,182,"A,B,C,D"
출발,인천,대한항공,KE037,시카고,20250904,10:40,10:40,10:59,여객,출발,,B777-300ER,277,"A,B,C,D"
출발,인천,대한항공,KE457,다낭,20250904,10:55,10:55,11:15,여객,출발,,B737-900,188,"A,B,C,D"
출발,인천,대한항공,KE907,런던히드로,20250904,10:55,10:55,11:30,여객,출발,,A380-800,407,"A,B,C,D"
출발,인천,대한항공,KE917,취리히,20250904,11:05,11:05,11:41,여객,지연,항공교통흐름에 의한 지연,B787-9,269,"A,B,C,D"
출발,인천,대한항공,KE897,푸동,20250904,11:10,11:31,11:51,여객,지연,항공교통흐름에 의한 지연,B777-300ER,277,"A,B,C,D"
출발,인천,대한항공,KE901,파리,20250904,11:10,11:10,11:48,여객,출발,,B777-300ER,277,"A,B,C,D"
출발,인천,에어부산,BX158,후쿠오카,20250904,11:25,11:25,11:32,여객,출발,,A321,195,"E,F,G,L"
출발,인천,가루다인도네시아,GA871,덴파사(응우라 라이),20250904,11:25,11:46,12:06,여객,지연,항공기 연결에 의한 지연,A330-300,251,"J,F,G,L"
출발,인천,아에로멕시코,AM091,멕시코시티,20250904,11:40,11:40,11:57,여객,출발,,B787-9,274,"H,F,G,L"
출발,인천,대한항공,KE925,암스테르담,20250904,11:55,12:13,12:34,여객,지연,여객 및 화물처리에 의한 지연,B777-300ER,277,"A,B,C,D"
출발,인천,중화항공,CI165,가오슝,20250904,12:05,12:31,12:49,여객,지연,항공교통흐름에 의한 지연,A321neo,180,"J,F,G,L"
출발,인천,진에어,LJ263,후쿠오카,20250904,12:10,12:10,12:32,여객,출발,,B737-800,189,"H,F,G,L"
출발,인천,진에어,LJ861,청도,20250904,12:15,12:15,12:38,여객,출발,,B737-800,189,"H,F,G,L"
출발,인천,대한항공,KE769,삿포로,20250904,12:35,12:35,12:56,여객,출발,,B737-900,188,"A,B,C,D"
출발,인천,대한항공,KE803,천진,20250904,12:35,12:35,13:11,여객,출발,,B737-900,188,"A,B,C,D"
출발,인천,대한항공,KE963,부다페스트,20250904,12:35,12:35,13:17,여객,지연,항공교통흐름에 의한 지연,B787-9,269,"A,B,C,D"
출발,인천,중화항공,CI161,타오위안,20250904,12:35,12:35,12:57,여객,출발,,A330-300,277,"J,F,G,L"
출발,인천,에어부산,BX174,간사이,20250904,12:40,12:40,13:10,여객,출발,,A321,195,"E,F,G,L"
출발,인천,대한항공,KE497,델리,20250904,12:55,12:55,13:22,여객,출발,,B787-9,269,"A,B,C,D"
출발,인천,대한항공,KE711,도쿄/나리타,20250904,13:00,13:29,13:52,여객,지연,항공교통흐름에 의한 지연,A321neo,182,"A,B,C,D"
출발,인천,대한항공,KE869,대련,20250904,13:00,13:00,13:47,여객,지연,항공기 연결에 의한 지연,B737-900,188,"A,B,C,D"
출발,인천,대한항공,KE843,청도,20250904,13:05,13:05,13:44,여객,출발,,B737-900,188,"A,B,C,D"
출발,인천,대한항공,KE175,홍콩,20250904,13:25,13:25,14:00,여객,출발,,A321neo,182,"A,B,C,D"
출발,인천,대한항공,KE135,허페이,20250904,13:25,13:25,13:42,여객,출발,,B737-900,188,"A,B,C,D"
출발,인천,대한항공,KE951,두바이,20250904,13:25,13:45,14:13,여객,지연,항공기 연결에 의한 지연,B777-300ER,277,"A,B,C,D"
출발,인천,샤먼항공,MF872,샤먼 가오치,20250904,13:30,13:30,13:49,여객,출발,,B737-800,168,"J,F,G,L"
출발,인천,대한항공,KE789,후쿠오카,20250904,13:45,13:45,14:05,여객,출발,,B737-900,188,"A,B,C,D"
출발,인천,대한항공,KE017,로스앤젤레스,20250904,14:30,14:30,14:52,여객,출발,,B747-8i,368,"A,B,C,D"
출발,인천,대한항공,KE833,심양,20250904,14:35,14:35,14:54,여객,출발,,B737-900,188,"A,B,C,D"
출발,인천,진에어,LJ237,간사이,20250904,14:40,14:40,15:09,여객,출발,,B737-800,189,"H,F,G,L"
출발,인천,대한항공,KE643,싱가포르,20250904,14:45,14:45,15:03,여객,출발,,A330-300,272,"A,B,C,D"
출발,인천,진에어,LJ209,도쿄/나리타,20250904,14:45,15:04,15:27,여객,지연,공항 및 출입국 절차에 의한 지연,B737-800,189,"H,F,G,L"
출발,인천,대한항공,KE725,간사이,20250904,14:55,14:55,15:24,여객,출발,,A321neo,182,"A,B,C,D"
출발,인천,대한항공,KE627,자카르타(수카르노 하타),20250904,15:10,15:10,15:36,여객,출발,,A330-300,272,"A,B,C,D"
출발,인천,대한항공,KE189,타이중,20250904,15:15,15:15,15:48,여객,출발,,A321neo,182,"A,B,C,D"
출발,인천,진에어,LJ359,다카마쓰,20250904,15:25,16:09,16:31,여객,지연,공항 및 출입국 절차에 의한 지연,B737-800,189,"H,F,G,L"
출발,인천,에어부산,BX176,간사이,20250904,15:25,15:25,16:15,여객,지연,항공교통흐름에 의한 지연,A321,195,"E,F,G,L"
출발,인천,대한항공,KE733,고베,20250904,15:50,15:50,16:24,여객,출발,,A321neo,182,"A,B,C,D"
출발,인천,에어부산,BX166,도쿄/나리타,20250904,15:50,15:50,16:20,여객,출발,,A321,195,"E,F,G,L"
출발,인천,진에어,LJ265,후쿠오카,20250904,15:50,15:50,16:22,여객,출발,,B737-800,189,"H,F,G,L"
출발,인천,대한항공,KE023,샌프란시스코,20250904,16:00,16:00,16:35,여객,출발,,B777-300ER,277,"A,B,C,D"
출발,인천,진에어,LJ239,간사이,20250904,16:05,16:20,16:51,여객,지연,항공교통흐름에 의한 지연,B737-800,189,"H,F,G,L"
출발,인천,진에어,LJ347,나고야,20250904,16:05,16:35,16:54,여객,지연,항공교통흐름에 의한 지연,B737-800,189,"H,F,G,L"
출발,인천,대한항공,KE187,타오위안,20250904,16:10,16:10,16:37,여객,출발,,A321neo,182,"A,B,C,D"
출발,인천,대한항공,KE633,덴파사(응우라 라이),20250904,16:10,16:10,16:41,여객,출발,,A330-300,272,"A,B,C,D"
출발,인천,진에어,LJ351,기타규슈,20250904,16:15,16:41,17:02,여객,지연,항공기 연결에 의한 지연,B737-800,189,"H,F,G,L"
출발,인천,대한항공,KE671,쿠알라룸푸르,20250904,16:20,16:20,17:00,여객,지연,여객 및 화물처리에 의한 지연,A330-300,272,"A,B,C,D"
출발,인천,델타항공,DL188,애틀랜타,20250904,16:25,16:45,17:04,여객,지연,공항 및 출입국 절차에 의한 지연,A350-900,306,"K,F,G,L"
출발,인천,대한항공,KE041,시애틀,20250904,16:40,16:40,17:19,여객,지연,항공교통흐름에 의한 지연,A330-300,272,"A,B,C,D"
출발,인천,대한항공,KE713,도쿄/나리타,20250904,17:05,17:05,17:52,여객,지연,항공교통흐름에 의한 지연,A321neo,182,"A,B,C,D"
출발,인천,대한항공,KE1405,김해,20250904,17:10,17:10,17:36,여객,출발,,B737-900,188,
출발,인천,진에어,LJ009,치앙마이,20250904,17:10,17:10,17:42,여객,출발,,B737-800,189,"H,F,G,L"
출발,인천,대한항공,KE485,푸꾸옥,20250904,17:10,17:10,17:50,여객,지연,항공교통흐름에 의한 지연,B737-900,188,"A,B,C,D"
출발,인천,에어부산,BX747,수안나폼(방콕),20250904,17:15,17:15,17:53,여객,지연,공항 및 출입국 절차에 의한 지연,A321,195,"E,F,G,L"
출발,인천,대한항공,KE8425,괌,20250904,17:15,17:15,17:44,여객,출발,,B737-900,188,"A,B,C,D"
출발,인천,진에어,LJ919,괌,20250904,17:35,17:35,18:05,여객,출발,,B737-800,189,"H,F,G,L"
출발,인천,대한항공,KE629,덴파사(응우라 라이),20250904,17:45,17:45,18:07,여객,출발,,A330-300,272,"A,B,C,D"
출발,인천,대한항공,KE663,푸껫,20250904,17:50,17:50,18:33,여객,지연,여객 및 화물처리에 의한 지연,B737-900,188,"A,B,C,D"
출발,인천,대한항공,KE651,수안나폼(방콕),20250904,18:05,18:05,18:29,여객,출발,,A330-300,272,"A,B,C,D"
출발,인천,대한항공,KE461,다낭,20250904,18:20,18:20,18:42,여객,출발,,B737-900,188,"A,B,C,D"
출발,인천,대한항공,KE1407,김해,20250904,18:25,18:25,18:44,여객,출발,,B737-900,188,
출발,인천,대한항공,KE705,도쿄/나리타,20250904,18:35,18:35,19:13,여객,출발,,A321neo,182,"A,B,C,D"
출발,인천,대한항공,KE781,후쿠오카,20250904,18:40,18:40,18:53,여객,출발,,B737-900,188,"A,B,C,D"
출발,인천,대한항공,KE645,싱가포르,20250904,18:40,19:00,19:28,여객,지연,항공기 연결에 의한 지연,A330-300,272,"A,B,C,D"
출발,인천,델타항공,DL170,미니애폴리스,20250904,18:40,18:40,18:54,여객,출발,,A350-900,306,"K,F,G,L"
출발,인천,대한항공,KE423,괌,20250904,18:40,18:40,18:56,여객,출발,,B737-900,188,"A,B,C,D"
출발,인천,대한항공,KE071,밴쿠버,20250904,18:45,18:45,19:17,여객,출발,,B787-9,269,"A,B,C,D"
출발,인천,대한항공,KE453,노이바이(하노이),20250904,18:45,18:45,19:04,여객,출발,,B737-900,188,"A,B,C,D"
출발,인천,대한항공,KE475,떤 선녓(호찌민),20250904,18:45,18:45,19:19,여객,출발,,B737-900,188,"A,B,C,D"
출발,인천,대한항공,KE623,마닐라,20250904,18:50,18:50,19:35,여객,지연,항공교통흐름에 의한 지연,B737-900,188,"A,B,C,D"
출발,인천,대한항공,KE689,프놈펜,20250904,18:50,18:50,19:10,여객,출발,,B737-900,188,"A,B,C,D"
출발,인천,대한항공,KE743,나고야,20250904,18:50,18:50,19:22,여객,출발,,A321neo,182,"A,B,C,D"
출발,인천,델타항공,DL26,애틀랜타,20250904,18:50,18:50,19:07,여객,출발,,A350-900,306,"K,F,G,L"
출발,인천,대한항공,KE895,푸동,20250904,18:55,18:55,19:38,여객,지연,항공교통흐름에 의한 지연,A330-300,272,"A,B,C,D"
출발,인천,대한항공,KE721,간사이,20250904,19:00,19:00,19:30,여객,출발,,A321neo,182,"A,B,C,D"
출발,인천,대한항공,KE401,시드니,20250904,19:10,19:10,19:33,여객,출발,,A380-800,407,"A,B,C,D"
출발,인천,진에어,LJ131,코타키나발루,20250904,19:10,19:10,19:44,여객,출발,,B737-800,189,"H,F,G,L"
출발,인천,델타항공,DL196,시애틀,20250904,19:20,19:20,19:42,여객,출발,,A330-900neo,281,"K,F,G,L"
출발,인천,대한항공,KE085,뉴욕,20250904,19:30,19:50,20:19,여객,지연,기타 원인에 의한 지연,B747-8i,368,"A,B,C,D"
출발,인천,대한항공,KE1431,대구,20250904,19:30,19:30,19:49,여객,출발,,B737-900,188,
출발,인천,대한항공,KE1409,김해,20250904,19:35,19:35,19:59,여객,출발,,B737-900,188,
출발,인천,델타항공,DL172,솔트레이크시티,20250904,19:40,19:40,20:03,여객,출발,,A350-900,306,"K,F,G,L"
출발,인천,대한항공,KE177,홍콩,20250904,19:45,19:45,21:07,여객,지연,항공교통흐름에 의한 지연,A321neo,182,"A,B,C,D"
출발,인천,대한항공,KE477,떤 선녓(호찌민),20250904,19:45,19:45,20:42,여객,지연,항공교통흐름에 의한 지연,B737-900,188,"A,B,C,D"
출발,인천,대한항공,KE659,수안나폼(방콕),20250904,19:45,19:45,20:29,여객,지연,여객 및 화물처리에 의한 지연,B737-900,188,"A,B,C,D"
출발,인천,진에어,LJ001,수안나폼(방콕),20250904,19:55,19:55,20:25,여객,출발,,B737-800,189,"H,F,G,L"
출발,인천,대한항공,KE467,깜라인(나트랑),20250904,20:00,20:00,20:54,여객,지연,항공교통흐름에 의한 지연,B737-900,188,"A,B,C,D"
출발,인천,대한항공,KE615,세부,20250904,20:05,20:05,21:05,여객,지연,항공교통흐름에 의한 지연,B737-900,188,"A,B,C,D"
출발,인천,대한항공,KE625,마닐라,20250904,20:15,20:15,21:22,여객,지연,항공교통흐름에 의한 지연,B737-900,188,"A,B,C,D"
출발,인천,대한항공,KE011,로스앤젤레스,20250904,20:25,20:25,20:48,여객,출발,,A380-800,407,"A,B,C,D"
출발,인천,진에어,LJ081,다낭,20250904,20:25,20:25,20:58,여객,출발,,B737-800,189,"H,F,G,L"
출발,인천,대한항공,KE719,하네다,20250904,20:30,20:30,21:01,여객,출발,,A321neo,182,"A,B,C,D"
출발,인천,중화항공,CI163,타오위안,20250904,20:35,21:01,21:25,여객,지연,항공교통흐름에 의한 지연,A330-300,277,"J,F,G,L"
출발,인천,샤먼항공,MF878,푸저우(복주),20250904,20:35,21:00,21:18,여객,지연,공항 및 출입국 절차에 의한 지연,B737-800,168,"J,F,G,L"
출발,인천,진에어,LJ087,깜라인(나트랑),20250904,20:40,20:40,21:15,여객,출발,,B737-800,189,"H,F,G,L"
출발,인천,대한항공,KE853,베이징,20250904,20:45,20:45,21:33,여객,지연,항공교통흐름에 의한 지연,A330-300,272,"A,B,C,D"
출발,인천,진에어,LJ043,팡라로,20250904,20:50,21:40,22:04,여객,지연,항공기 연결에 의한 지연,B737-800,189,"H,F,G,L"
출발,인천,진에어,LJ917,괌,20250904,20:50,20:50,21:04,여객,출발,,B737-800,189,"H,F,G,L"
출발,인천,대한항공,KE005,라스베이거스,20250904,21:00,21:00,21:14,여객,출발,,B777-300ER,277,"A,B,C,D"
출발,인천,대한항공,KE053,호놀룰루,20250904,21:05,21:05,21:27,여객,출발,,A330-300,272,"A,B,C,D"
출발,인천,대한항공,KE655,수안나폼(방콕),20250904,21:15,21:15,21:50,여객,출발,,A330-300,272,"A,B,C,D"
출발,인천,에어부산,BX787,깜라인(나트랑),20250904,21:30,21:30,22:32,여객,지연,항공교통흐름에 의한 지연,A321,195,"E,F,G,L"
출발,인천,네덜란드항공,KL856,암스테르담,20250904,22:25,22:25,22:50,여객,출발,,B787-9,294,"M,F,G,L"
출발,인천,대한항공,KE619,마닐라,20250904,22:35,22:35,22:56,여객,출발,,A330-300,272,"A,B,C,D"
출발,인천,대한항공,KE647,싱가포르,20250904,23:35,23:35,23:45,여객,출발,,B777-300ER,277,"A,B,C,D"
출발,인천,대한항공,KE1401,김해,20250905,6:35,6:35,6:53,여객,출발,,B737-900,188,
출발,인천,진에어,LJ901,삿포로,20250905,7:10,7:10,7:41,여객,출발,,B737-800,189,"H,F,G,L"
출발,인천,에어부산,BX164,도쿄/나리타,20250905,7:15,7:15,7:31,여객,출발,,A321,195,"E,F,G,L"
출발,인천,진에어,LJ261,후쿠오카,20250905,7:15,7:15,7:33,여객,출발,,B737-800,189,"H,F,G,L"
출발,인천,에어부산,BX156,후쿠오카,20250905,7:20,7:20,7:42,여객,출발,,A321,195,"E,F,G,L"
출발,인천,대한항공,KE787,후쿠오카,20250905,7:25,7:25,7:56,여객,출발,,B737-900,188,"A,B,C,D"
출발,인천,진에어,LJ201,도쿄/나리타,20250905,7:25,7:42,8:11,여객,지연,운항 기준 및 승무원 관련 지연,B737-800,189,"H,F,G,L"
출발,인천,대한항공,KE771,오카야마,20250905,7:30,7:30,7:54,여객,출발,,B737-900,188,"A,B,C,D"
출발,인천,진에어,LJ345,나고야,20250905,7:30,7:30,7:47,여객,출발,,B737-800,189,"H,F,G,L"
출발,인천,진에어,LJ231,간사이,20250905,7:40,7:40,8:06,여객,출발,,B737-800,189,"H,F,G,L"
출발,인천,대한항공,KE173,홍콩,20250905,7:45,7:45,8:13,여객,출발,,A321neo,182,"A,B,C,D"
출발,인천,대한항공,KE621,마닐라,20250905,7:50,7:50,8:29,여객,지연,항공교통흐름에 의한 지연,B737-900,188,"A,B,C,D"
출발,인천,진에어,LJ731,타오위안,20250905,7:50,7:50,8:21,여객,출발,,B737-800,189,"H,F,G,L"
출발,인천,대한항공,KE845,청도,20250905,7:50,7:50,8:07,여객,출발,,B737-900,188,"A,B,C,D"
출발,인천,대한항공,KE131,정저우,20250905,8:00,8:00,8:23,여객,출발,,B737-900,188,"A,B,C,D"
출발,인천,대한항공,KE441,노이바이(하노이),20250905,8:00,8:00,8:15,여객,출발,,A330-300,272,"A,B,C,D"
출발,인천,대한항공,KE197,칭기즈칸(신 울란바토르) 국제공항,20250905,8:10,8:25,9:02,여객,지연,항공기 연결에 의한 지연,B737-900,188,"A,B,C,D"
출발,인천,진에어,LJ241,간사이,20250905,8:10,8:10,8:35,여객,출발,,B737-800,189,"H,F,G,L"
출발,인천,대한항공,KE859,베이징,20250905,8:15,8:15,8:37,여객,출발,,B777-300ER,277,"A,B,C,D"
출발,인천,진에어,LJ203,도쿄/나리타,20250905,8:15,8:32,8:51,여객,지연,운항 기준 및 승무원 관련 지연,B737-800,189,"H,F,G,L"
출발,인천,대한항공,KE1403,김해,20250905,8:20,8:20,8:37,여객,출발,,B737-900,188,
출발,인천,진에어,LJ301,삿포로,20250905,8:20,8:20,8:42,여객,출발,,B737-800,189,"H,F,G,L"
출발,인천,대한항공,KE893,푸동,20250905,8:25,8:25,8:51,여객,출발,,A330-300,272,"A,B,C,D"
출발,인천,대한항공,KE731,고베,20250905,8:25,8:25,8:45,여객,출발,,A321neo,182,"A,B,C,D"
출발,인천,에어 프랑스,AF267,파리,20250905,8:30,8:30,9:09,여객,지연,,B777-300ER,296,"M,F,G,L"
출발,인천,대한항공,KE775,고마쓰,20250905,8:35,8:35,8:57,여객,출발,,B737-900,188,"A,B,C,D"
출발,인천,대한항공,KE827,선전(심천),20250905,8:40,8:40,9:04,여객,출발,,B737-900,188,"A,B,C,D"
출발,인천,대한항공,KE831,심양,20250905,8:45,8:05,8:26,여객,출발,,B737-900,188,"A,B,C,D"
출발,인천,대한항공,KE865,광저우,20250905,8:50,9:05,9:29,여객,지연,항공기 연결에 의한 지연,A330-300,272,"A,B,C,D"
출발,인천,대한항공,KE137,우한,20250905,8:50,8:50,9:34,여객,지연,항공교통흐름에 의한 지연,B737-900,188,"A,B,C,D"
출발,인천,대한항공,KE819,창사(장사),20250905,9:00,9:00,9:48,여객,지연,항공교통흐름에 의한 지연,B737-900,188,"A,B,C,D"
출발,인천,대한항공,KE469,떤 선녓(호찌민),20250905,9:05,9:05,9:36,여객,출발,,A330-300,272,"A,B,C,D"
출발,인천,진에어,LJ361,이시가키,20250905,9:05,9:05,9:25,여객,출발,,B737-800,189,"H,F,G,L"
출발,인천,대한항공,KE811,시안,20250905,9:10,9:10,10:07,여객,지연,항공교통흐름에 의한 지연,B737-900,188,"A,B,C,D"
출발,인천,대한항공,KE805,천진,20250905,9:10,9:39,9:59,여객,지연,항공교통흐름에 의한 지연,B737-900,188,"A,B,C,D"
출발,인천,에어부산,BX172,간사이,20250905,9:15,9:15,9:20,여객,출발,,A321,195,"E,F,G,L"
출발,인천,대한항공,KE035,애틀랜타,20250905,9:20,9:20,9:37,여객,출발,,B777-300ER,277,"A,B,C,D"
출발,인천,대한항공,KE785,가고시마,20250905,9:20,9:20,9:48,여객,출발,,B737-900,188,"A,B,C,D"
출발,인천,진에어,LJ913,괌,20250905,9:20,9:34,9:52,여객,지연,항공기 연결에 의한 지연,B737-800,189,"H,F,G,L"
출발,인천,대한항공,KE031,댈러스,20250905,9:30,9:30,9:54,여객,출발,,B787-9,269,"A,B,C,D"
출발,인천,대한항공,KE091,보스턴,20250905,9:30,9:30,9:46,여객,출발,,B787-9,269,"A,B,C,D"
출발,인천,대한항공,KE755,오키나와,20250905,9:30,9:30,10:02,여객,출발,,B737-900,188,"A,B,C,D"
출발,인천,대한항공,KE657,수안나폼(방콕),20250905,9:30,9:30,9:55,여객,출발,,A330-300,272,"A,B,C,D"
출발,인천,대한항공,KE073,토론토,20250905,9:35,9:35,10:06,여객,출발,,B777-300ER,277,"A,B,C,D"
출발,인천,대한항공,KE723,간사이,20250905,9:35,9:35,9:58,여객,출발,,A321neo,182,"A,B,C,D"
출발,인천,대한항공,KE421,괌,20250905,9:45,9:45,10:05,여객,출발,,B737-900,188,"A,B,C,D"
출발,인천,진에어,LJ205,도쿄/나리타,20250905,9:45,9:45,10:11,여객,출발,,B737-800,189,"H,F,G,L"
출발,인천,대한항공,KE913,마드리드,20250905,9:55,10:21,10:38,여객,지연,항공교통흐름에 의한 지연,B787-9,269,"A,B,C,D"
출발,인천,진에어,LJ341,오키나와,20250905,9:55,9:55,10:12,여객,출발,,B737-800,189,"H,F,G,L"
출발,인천,대한항공,KE081,뉴욕,20250905,10:00,10:00,10:24,여객,출발,,A380-800,407,"A,B,C,D"
출발,인천,대한항공,KE765,삿포로,20250905,10:05,10:05,10:22,여객,출발,,B737-900,188,"A,B,C,D"
출발,인천,대한항공,KE703,도쿄/나리타,20250905,10:10,10:10,10:35,여객,출발,,A321neo,182,"A,B,C,D"
출발,인천,델타항공,DL158,디트로이트,20250905,10:15,10:15,10:47,여객,출발,,A350-900,306,"K,F,G,L"
출발,인천,대한항공,KE169,마카오,20250905,10:20,10:20,10:47,여객,출발,,A321neo,182,"A,B,C,D"
출발,인천,대한항공,KE093,워싱톤,20250905,10:25,10:25,10:55,여객,출발,,B777-300ER,277,"A,B,C,D"
출발,인천,대한항공,KE101,남경,20250905,10:25,10:25,10:42,여객,출발,,A321neo,182,"A,B,C,D"
출발,인천,대한항공,KE937,비엔나,20250905,10:25,11:01,11:24,여객,지연,항공교통흐름에 의한 지연,B787-9,269,"A,B,C,D"
출발,인천,대한항공,KE185,타오위안,20250905,10:30,10:30,10:59,여객,출발,,A321neo,182,"A,B,C,D"
출발,인천,가루다인도네시아,GA879,자카르타(수카르노 하타),20250905,10:35,10:35,11:11,여객,출발,,A330-900neo,301,"J,F,G,L"
출발,인천,대한항공,KE741,나고야,20250905,10:35,10:35,11:02,여객,출발,,A321neo,182,"A,B,C,D"
출발,인천,대한항공,KE037,시카고,20250905,10:40,10:40,11:05,여객,출발,,B777-300ER,277,"A,B,C,D"
출발,인천,대한항공,KE855,베이징,20250905,10:40,11:13,11:32,여객,지연,항공교통흐름에 의한 지연,A330-300,272,"A,B,C,D"
출발,인천,대한항공,KE969,프라하,20250905,10:45,11:20,11:40,여객,지연,항공교통흐름에 의한 지연,B787-9,269,"A,B,C,D"
출발,인천,대한항공,KE457,다낭,20250905,10:55,10:55,11:27,여객,출발,,B737-900,188,"A,B,C,D"
출발,인천,대한항공,KE907,런던히드로,20250905,10:55,11:36,11:57,여객,지연,항공교통흐름에 의한 지연,A380-800,407,"A,B,C,D"
출발,인천,대한항공,KE945,프랑크푸르트,20250905,11:05,11:42,12:03,여객,지연,항공교통흐름에 의한 지연,A380-800,407,"A,B,C,D"
출발,인천,대한항공,KE897,푸동,20250905,11:10,11:10,11:38,여객,출발,,B777-300ER,277,"A,B,C,D"
출발,인천,대한항공,KE901,파리,20250905,11:10,11:57,12:18,여객,지연,항공교통흐름에 의한 지연,B777-300ER,277,"A,B,C,D"
출발,인천,에어부산,BX158,후쿠오카,20250905,11:25,11:25,11:40,여객,출발,,A321,195,"E,F,G,L"
출발,인천,가루다인도네시아,GA871,덴파사(응우라 라이),20250905,11:25,13:15,13:31,여객,지연,항공기 연결에 의한 지연,A330-300,251,"J,F,G,L"
출발,인천,아에로멕시코,AM091,멕시코시티,20250905,11:40,11:40,12:00,여객,출발,,B787-9,274,"H,F,G,L"
출발,인천,대한항공,KE925,암스테르담,20250905,11:55,12:41,13:02,여객,지연,항공교통흐름에 의한 지연,B777-300ER,277,"A,B,C,D"
출발,인천,대한항공,KE107,항저우,20250905,12:00,12:00,12:23,여객,출발,,A321neo,182,"A,B,C,D"
출발,인천,중화항공,CI165,가오슝,20250905,12:05,12:05,12:14,여객,출발,,A321neo,180,"J,F,G,L"
출발,인천,진에어,LJ263,후쿠오카,20250905,12:10,12:10,12:25,여객,출발,,B737-800,189,"H,F,G,L"
출발,인천,대한항공,KE769,삿포로,20250905,12:35,12:35,12:50,여객,출발,,B737-900,188,"A,B,C,D"
출발,인천,대한항공,KE803,천진,20250905,12:35,13:26,13:50,여객,지연,항공교통흐름에 의한 지연,B737-900,188,"A,B,C,D"
출발,인천,중화항공,CI161,타오위안,20250905,12:35,12:35,12:45,여객,출발,,A330-300,277,"J,F,G,L"
출발,인천,에어부산,BX174,간사이,20250905,12:40,12:40,12:59,여객,출발,,A321,195,"E,F,G,L"
출발,인천,대한항공,KE711,도쿄/나리타,20250905,13:00,13:15,13:59,여객,지연,항공기 연결에 의한 지연,A321neo,182,"A,B,C,D"
출발,인천,대한항공,KE921,리스본,20250905,13:00,13:52,14:12,여객,지연,항공교통흐름에 의한 지연,B787-9,269,"A,B,C,D"
출발,인천,대한항공,KE869,대련,20250905,13:00,13:00,13:28,여객,출발,,B737-900,188,"A,B,C,D"
출발,인천,대한항공,KE843,청도,20250905,13:05,13:05,13:25,여객,출발,,B737-900,188,"A,B,C,D"
출발,인천,대한항공,KE175,홍콩,20250905,13:25,13:25,14:03,여객,출발,,A321neo,182,"A,B,C,D"
출발,인천,대한항공,KE951,두바이,20250905,13:25,13:25,13:48,여객,출발,,B777-300ER,277,"A,B,C,D"
출발,인천,샤먼항공,MF872,샤먼 가오치,20250905,13:30,13:30,13:54,여객,출발,,B737-800,168,"J,F,G,L"
출발,인천,대한항공,KE695,카트만두,20250905,13:35,13:35,14:13,여객,지연,항공교통흐름에 의한 지연,A330-300,272,"A,B,C,D"
출발,인천,대한항공,KE927,밀라노,20250905,13:40,14:20,15:04,여객,지연,항공기 연결에 의한 지연,B787-9,269,"A,B,C,D"
출발,인천,대한항공,KE955,이스탄불,20250905,13:40,14:33,14:50,여객,지연,항공교통흐름에 의한 지연,B777-300ER,277,"A,B,C,D"
출발,인천,대한항공,KE789,후쿠오카,20250905,13:45,13:45,14:16,여객,출발,,B737-900,188,"A,B,C,D"
출발,인천,진에어,LJ861,청도,20250905,13:50,14:10,14:31,여객,지연,공항 및 출입국 절차에 의한 지연,B737-800,189,"H,F,G,L"
출발,인천,대한항공,KE017,로스앤젤레스,20250905,14:30,14:30,15:01,여객,출발,,B747-8i,368,"A,B,C,D"
출발,인천,진에어,LJ359,다카마쓰,20250905,14:30,15:00,16:04,여객,지연,항공기 연결에 의한 지연,B737-800,189,"H,F,G,L"
출발,인천,대한항공,KE833,심양,20250905,14:35,14:35,15:07,여객,출발,,B737-900,188,"A,B,C,D"
출발,인천,진에어,LJ237,간사이,20250905,14:40,14:40,15:12,여객,출발,,B737-800,189,"H,F,G,L"
출발,인천,대한항공,KE643,싱가포르,20250905,14:45,14:45,15:28,여객,지연,항공교통흐름에 의한 지연,A330-300,272,"A,B,C,D"
출발,인천,진에어,LJ209,도쿄/나리타,20250905,14:45,14:45,15:08,여객,출발,,B737-800,189,"H,F,G,L"
출발,인천,대한항공,KE725,간사이,20250905,15:05,15:05,15:49,여객,지연,여객 및 화물처리에 의한 지연,A321neo,182,"A,B,C,D"
출발,인천,대한항공,KE627,자카르타(수카르노 하타),20250905,15:10,15:10,15:51,여객,지연,항공교통흐름에 의한 지연,A330-300,272,"A,B,C,D"
출발,인천,대한항공,KE189,타이중,20250905,15:15,15:15,16:02,여객,지연,항공교통흐름에 의한 지연,A321neo,182,"A,B,C,D"
출발,인천,에어부산,BX176,간사이,20250905,15:25,15:25,16:11,여객,지연,공항 및 출입국 절차에 의한 지연,A321,195,"E,F,G,L"
출발,인천,진에어,LJ211,도쿄/나리타,20250905,15:35,15:58,16:22,여객,지연,공항 및 출입국 절차에 의한 지연,B737-800,189,"H,F,G,L"
출발,인천,대한항공,KE733,고베,20250905,15:50,15:50,16:39,여객,지연,여객 및 화물처리에 의한 지연,A321neo,182,"A,B,C,D"
출발,인천,에어부산,BX166,도쿄/나리타,20250905,15:50,15:50,16:44,여객,지연,항공교통흐름에 의한 지연,A321,195,"E,F,G,L"
출발,인천,진에어,LJ265,후쿠오카,20250905,15:50,16:18,16:37,여객,지연,공항 및 출입국 절차에 의한 지연,B737-800,189,"H,F,G,L"
출발,인천,대한항공,KE023,샌프란시스코,20250905,16:00,16:15,16:56,여객,지연,항공기 연결에 의한 지연,B777-300ER,277,"A,B,C,D"
출발,인천,진에어,LJ347,나고야,20250905,16:05,17:07,17:36,여객,지연,항공기 연결에 의한 지연,B737-800,189,"H,F,G,L"
출발,인천,대한항공,KE187,타오위안,20250905,16:10,16:10,16:41,여객,출발,,A321neo,182,"A,B,C,D"
출발,인천,대한항공,KE633,덴파사(응우라 라이),20250905,16:10,16:10,16:58,여객,지연,SP,A330-300,272,"A,B,C,D"
출발,인천,진에어,LJ351,기타규슈,20250905,16:15,16:46,17:17,여객,지연,공항 및 출입국 절차에 의한 지연,B737-800,189,"H,F,G,L"
출발,인천,진에어,LJ239,간사이,20250905,16:15,16:46,17:19,여객,지연,공항 및 출입국 절차에 의한 지연,B737-800,189,"H,F,G,L"
출발,인천,대한항공,KE671,쿠알라룸푸르,20250905,16:20,16:20,17:08,여객,지연,항공교통흐름에 의한 지연,A330-300,272,"A,B,C,D"
출발,인천,델타항공,DL188,애틀랜타,20250905,16:25,16:44,17:12,여객,지연,공항 및 출입국 절차에 의한 지연,A350-900,306,"K,F,G,L"
출발,인천,대한항공,KE041,시애틀,20250905,16:40,16:40,17:58,여객,지연,운항 기준 및 승무원 관련 지연,A330-300,272,"A,B,C,D"
출발,인천,진에어,LJ903,후쿠오카,20250905,16:45,17:32,17:54,여객,지연,항공기 연결에 의한 지연,B737-800,189,"H,F,G,L"
출발,인천,대한항공,KE713,도쿄/나리타,20250905,17:05,17:05,17:31,여객,출발,,A321neo,182,"A,B,C,D"
출발,인천,대한항공,KE1405,김해,20250905,17:10,17:10,18:06,여객,지연,항공교통흐름에 의한 지연,B737-900,188,
출발,인천,진에어,LJ009,치앙마이,20250905,17:10,17:55,18:21,여객,지연,항공기 정비에 의한 지연,B737-800,189,"H,F,G,L"
출발,인천,대한항공,KE485,푸꾸옥,20250905,17:10,17:10,17:33,여객,출발,,B737-900,188,"A,B,C,D"
출발,인천,에어부산,BX747,수안나폼(방콕),20250905,17:15,17:15,18:07,여객,지연,공항 및 출입국 절차에 의한 지연,A321,195,"E,F,G,L"
출발,인천,대한항공,KE8425,괌,20250905,17:15,17:15,18:00,여객,지연,항공교통흐름에 의한 지연,B737-900,188,"A,B,C,D"
출발,인천,진에어,LJ919,괌,20250905,17:35,17:54,18:17,여객,지연,공항 및 출입국 절차에 의한 지연,B737-800,189,"H,F,G,L"
출발,인천,대한항공,KE629,덴파사(응우라 라이),20250905,17:45,17:45,18:25,여객,지연,운항 기준 및 승무원 관련 지연,A330-300,272,"A,B,C,D"
출발,인천,대한항공,KE663,푸껫,20250905,17:50,17:50,18:29,여객,지연,여객 및 화물처리에 의한 지연,B737-900,188,"A,B,C,D"
출발,인천,대한항공,KE411,오클랜드,20250905,18:00,18:00,18:35,여객,지연,여객 및 화물처리에 의한 지연,B787-9,269,"A,B,C,D"
출발,인천,대한항공,KE651,수안나폼(방콕),20250905,18:05,18:05,18:45,여객,지연,공항 및 출입국 절차에 의한 지연,A330-300,272,"A,B,C,D"
출발,인천,대한항공,KE461,다낭,20250905,18:20,18:20,18:43,여객,출발,,B737-900,188,"A,B,C,D"
출발,인천,대한항공,KE1407,김해,20250905,18:25,18:25,18:47,여객,출발,,B737-900,188,
출발,인천,대한항공,KE705,도쿄/나리타,20250905,18:35,18:35,19:01,여객,출발,,A321neo,182,"A,B,C,D"
출발,인천,대한항공,KE871,대련,20250905,18:35,18:35,18:59,여객,출발,,B737-900,188,"A,B,C,D"
출발,인천,대한항공,KE161,쿤밍,20250905,18:40,18:40,19:16,여객,출발,,B737-900,188,"A,B,C,D"
출발,인천,대한항공,KE645,싱가포르,20250905,18:40,19:00,19:27,여객,지연,항공기 연결에 의한 지연,A330-300,272,"A,B,C,D"
출발,인천,대한항공,KE781,후쿠오카,20250905,18:40,18:40,18:59,여객,출발,,B737-900,188,"A,B,C,D"
출발,인천,델타항공,DL170,미니애폴리스,20250905,18:40,18:40,18:52,여객,출발,,A350-900,306,"K,F,G,L"
출발,인천,대한항공,KE423,괌,20250905,18:40,18:40,18:54,여객,출발,,B737-900,188,"A,B,C,D"
출발,인천,대한항공,KE071,밴쿠버,20250905,18:45,18:45,19:21,여객,출발,,B787-9,269,"A,B,C,D"
출발,인천,대한항공,KE453,노이바이(하노이),20250905,18:45,18:45,19:12,여객,출발,,B737-900,188,"A,B,C,D"
출발,인천,대한항공,KE475,떤 선녓(호찌민),20250905,18:45,18:45,19:09,여객,출발,,B737-900,188,"A,B,C,D"
출발,인천,대한항공,KE623,마닐라,20250905,18:50,18:50,19:19,여객,출발,,B737-900,188,"A,B,C,D"
출발,인천,대한항공,KE689,프놈펜,20250905,18:50,19:40,20:05,여객,지연,항공기 정비에 의한 지연,B737-900,188,"A,B,C,D"
출발,인천,대한항공,KE743,나고야,20250905,18:50,18:50,19:25,여객,출발,,A321neo,182,"A,B,C,D"
출발,인천,델타항공,DL26,애틀랜타,20250905,18:50,18:50,18:58,여객,출발,,A350-900,306,"K,F,G,L"
출발,인천,대한항공,KE895,푸동,20250905,18:55,19:10,19:36,여객,지연,항공기 연결에 의한 지연,A330-300,272,"A,B,C,D"
출발,인천,대한항공,KE721,간사이,20250905,19:00,19:00,19:17,여객,출발,,A321neo,182,"A,B,C,D"
출발,인천,대한항공,KE401,시드니,20250905,19:10,19:10,19:40,여객,출발,,A380-800,407,"A,B,C,D"
출발,인천,진에어,LJ131,코타키나발루,20250905,19:10,19:10,19:38,여객,출발,,B737-800,189,"H,F,G,L"
출발,인천,델타항공,DL196,시애틀,20250905,19:20,20:05,20:25,여객,지연,항공기 연결에 의한 지연,A330-900neo,281,"K,F,G,L"
출발,인천,대한항공,KE085,뉴욕,20250905,19:30,19:50,20:33,여객,지연,기타 원인에 의한 지연,B747-8i,368,"A,B,C,D"
출발,인천,대한항공,KE1431,대구,20250905,19:30,19:30,19:44,여객,출발,,B737-900,188,
출발,인천,대한항공,KE1409,김해,20250905,19:35,19:35,19:51,여객,출발,,B737-900,188,
출발,인천,델타항공,DL172,솔트레이크시티,20250905,19:40,19:40,20:37,여객,출발,,A350-900,306,"K,F,G,L"
출발,인천,대한항공,KE177,홍콩,20250905,19:45,19:45,20:27,여객,지연,운항 기준 및 승무원 관련 지연,A321neo,182,"A,B,C,D"
출발,인천,대한항공,KE477,떤 선녓(호찌민),20250905,19:45,19:45,20:47,여객,지연,항공교통흐름에 의한 지연,B737-900,188,"A,B,C,D"
출발,인천,대한항공,KE659,수안나폼(방콕),20250905,19:45,19:45,20:23,여객,지연,항공교통흐름에 의한 지연,B737-900,188,"A,B,C,D"
출발,인천,진에어,LJ001,수안나폼(방콕),20250905,19:55,19:55,20:31,여객,지연,,B737-800,189,"H,F,G,L"
출발,인천,대한항공,KE853,베이징,20250905,20:00,20:00,20:29,여객,출발,,A330-300,272,"A,B,C,D"
출발,인천,대한항공,KE467,깜라인(나트랑),20250905,20:00,20:24,20:43,여객,지연,항공교통흐름에 의한 지연,B737-900,188,"A,B,C,D"
출발,인천,대한항공,KE615,세부,20250905,20:05,20:05,20:41,여객,출발,,B737-900,188,"A,B,C,D"
출발,인천,대한항공,KE407,브리즈번,20250905,20:05,20:05,20:42,여객,지연,,A330-300,272,"A,B,C,D"
출발,인천,대한항공,KE625,마닐라,20250905,20:15,20:15,20:56,여객,지연,,B737-900,188,"A,B,C,D"
출발,인천,대한항공,KE011,로스앤젤레스,20250905,20:25,20:25,20:45,여객,출발,,A380-800,407,"A,B,C,D"
출발,인천,진에어,LJ081,다낭,20250905,20:25,20:55,21:18,여객,지연,항공기 연결에 의한 지연,B737-800,189,"H,F,G,L"
출발,인천,대한항공,KE719,하네다,20250905,20:30,20:30,20:58,여객,출발,,A321neo,182,"A,B,C,D"
출발,인천,중화항공,CI163,타오위안,20250905,20:35,20:35,20:59,여객,출발,,A330-300,277,"J,F,G,L"
출발,인천,샤먼항공,MF878,푸저우(복주),20250905,20:35,20:35,20:49,여객,출발,,B737-800,168,"J,F,G,L"
출발,인천,진에어,LJ087,깜라인(나트랑),20250905,20:40,21:25,21:48,여객,지연,공항 및 출입국 절차에 의한 지연,B737-800,189,"H,F,G,L"
출발,인천,진에어,LJ917,괌,20250905,20:50,21:08,21:31,여객,지연,항공기 연결에 의한 지연,B737-800,189,"H,F,G,L"
출발,인천,대한항공,KE005,라스베이거스,20250905,21:00,21:00,21:21,여객,출발,,B777-300ER,277,"A,B,C,D"
출발,인천,대한항공,KE053,호놀룰루,20250905,21:05,21:05,21:25,여객,출발,,A330-300,272,"A,B,C,D"
출발,인천,대한항공,KE655,수안나폼(방콕),20250905,21:15,21:15,21:30,여객,출발,,A330-300,272,"A,B,C,D"
출발,인천,네덜란드항공,KL856,암스테르담,20250905,22:25,22:25,22:48,여객,출발,,B787-9,294,"M,F,G,L"
출발,인천,대한항공,KE619,마닐라,20250905,22:35,22:35,22:55,여객,출발,,A330-300,272,"A,B,C,D"
출발,인천,대한항공,KE075,밴쿠버,20250905,22:40,22:40,23:05,여객,출발,,B787-9,269,"A,B,C,D"
출발,인천,대한항공,KE647,싱가포르,20250905,23:35,23:35,23:54,여객,출발,,B777-300ER,277,"A,B,C,D"
출발,인천,대한항공,KE1401,김해,20250906,6:35,6:35,6:43,여객,출발,,B737-900,188,
출발,인천,에어부산,BX164,도쿄/나리타,20250906,7:15,7:15,7:26,여객,출발,,A321,195,"E,F,G,L"
출발,인천,진에어,LJ261,후쿠오카,20250906,7:15,7:15,7:30,여객,출발,,B737-800,189,"H,F,G,L"
출발,인천,에어부산,BX156,후쿠오카,20250906,7:20,7:20,7:35,여객,출발,,A321,195,"E,F,G,L"
출발,인천,대한항공,KE787,후쿠오카,20250906,7:25,7:25,7:46,여객,출발,,B737-900,188,"A,B,C,D"
출발,인천,진에어,LJ201,도쿄/나리타,20250906,7:25,7:25,7:48,여객,출발,,B737-800,189,"H,F,G,L"
출발,인천,대한항공,KE795,나가사키,20250906,7:30,7:30,7:50,여객,출발,,B737-900,188,"A,B,C,D"
출발,인천,진에어,LJ345,나고야,20250906,7:30,7:30,8:02,여객,출발,,B737-800,189,"H,F,G,L"
출발,인천,진에어,LJ231,간사이,20250906,7:40,7:40,8:09,여객,출발,,B737-800,189,"H,F,G,L"
출발,인천,대한항공,KE173,홍콩,20250906,7:45,7:45,8:11,여객,출발,,A321neo,182,"A,B,C,D"
출발,인천,대한항공,KE621,마닐라,20250906,7:50,7:50,8:42,여객,지연,항공기 정비에 의한 지연,B737-900,188,"A,B,C,D"
출발,인천,진에어,LJ731,타오위안,20250906,7:50,8:08,8:29,여객,지연,공항 및 출입국 절차에 의한 지연,B737-800,189,"H,F,G,L"
출발,인천,대한항공,KE845,청도,20250906,7:50,8:35,9:01,여객,지연,항공기 정비에 의한 지연,B737-900,188,"A,B,C,D"
출발,인천,대한항공,KE131,정저우,20250906,8:00,8:00,8:22,여객,출발,,B737-900,188,"A,B,C,D"
출발,인천,대한항공,KE441,노이바이(하노이),20250906,8:00,8:00,8:32,여객,출발,,A330-300,272,"A,B,C,D"
출발,인천,대한항공,KE197,칭기즈칸(신 울란바토르) 국제공항,20250906,8:10,8:25,9:10,여객,지연,여객 및 화물처리에 의한 지연,B737-900,188,"A,B,C,D"
출발,인천,대한항공,KE767,아오모리,20250906,8:10,8:10,8:27,여객,출발,,B737-900,188,"A,B,C,D"
출발,인천,진에어,LJ241,간사이,20250906,8:10,8:10,8:34,여객,출발,,B737-800,189,"H,F,G,L"
출발,인천,진에어,LJ357,시모지시마,20250906,8:10,8:10,8:37,여객,출발,,B737-800,189,"H,F,G,L"
출발,인천,대한항공,KE859,베이징,20250906,8:15,8:15,8:44,여객,출발,,B777-300ER,277,"A,B,C,D"
출발,인천,진에어,LJ203,도쿄/나리타,20250906,8:15,8:35,8:58,여객,지연,항공기 연결에 의한 지연,B737-800,189,"H,F,G,L"
출발,인천,대한항공,KE127,푸저우(복주),20250906,8:20,8:20,8:46,여객,출발,,B737-900,188,"A,B,C,D"
출발,인천,대한항공,KE1403,김해,20250906,8:20,8:40,9:00,여객,지연,항공기 연결에 의한 지연,B737-900,188,
출발,인천,진에어,LJ301,삿포로,20250906,8:20,8:20,8:40,여객,출발,,B737-800,189,"H,F,G,L"
출발,인천,대한항공,KE893,푸동,20250906,8:25,8:25,9:06,여객,지연,여객 및 화물처리에 의한 지연,A330-300,272,"A,B,C,D"
출발,인천,대한항공,KE731,고베,20250906,8:25,8:25,9:08,여객,출발,,A321neo,182,"A,B,C,D"
출발,인천,에어 프랑스,AF267,파리,20250906,8:30,8:30,8:56,여객,출발,,B777-300ER,296,"M,F,G,L"
출발,인천,대한항공,KE827,선전(심천),20250906,8:40,8:40,8:59,여객,출발,,B737-900,188,"A,B,C,D"
출발,인천,대한항공,KE831,심양,20250906,8:45,8:05,8:26,여객,출발,,B737-900,188,"A,B,C,D"
출발,인천,대한항공,KE865,광저우,20250906,8:50,8:50,9:21,여객,출발,,A330-300,272,"A,B,C,D"
출발,인천,대한항공,KE469,떤 선녓(호찌민),20250906,9:05,9:05,9:34,여객,출발,,A330-300,272,"A,B,C,D"
출발,인천,대한항공,KE811,시안,20250906,9:10,9:10,9:42,여객,지연,공항 및 출입국 절차에 의한 지연,B737-900,188,"A,B,C,D"
출발,인천,대한항공,KE805,천진,20250906,9:10,9:10,9:38,여객,출발,,B737-900,188,"A,B,C,D"
출발,인천,에어부산,BX172,간사이,20250906,9:15,9:15,9:31,여객,출발,,A321,195,"E,F,G,L"
출발,인천,대한항공,KE035,애틀랜타,20250906,9:20,9:20,9:39,여객,출발,,B777-300ER,277,"A,B,C,D"
출발,인천,대한항공,KE785,가고시마,20250906,9:20,9:20,9:44,여객,출발,,B737-900,188,"A,B,C,D"
출발,인천,진에어,LJ913,괌,20250906,9:20,10:06,10:19,여객,지연,여객 및 화물처리에 의한 지연,B737-800,189,"H,F,G,L"
출발,인천,대한항공,KE031,댈러스,20250906,9:30,9:30,9:58,여객,출발,,B787-9,269,"A,B,C,D"
출발,인천,대한항공,KE091,보스턴,20250906,9:30,9:30,10:06,여객,출발,,B787-9,269,"A,B,C,D"
출발,인천,대한항공,KE755,오키나와,20250906,9:30,9:30,10:02,여객,출발,,B737-900,188,"A,B,C,D"
출발,인천,대한항공,KE657,수안나폼(방콕),20250906,9:30,9:30,9:49,여객,출발,,A330-300,272,"A,B,C,D"
출발,인천,대한항공,KE073,토론토,20250906,9:35,9:35,10:11,여객,출발,,B777-300ER,277,"A,B,C,D"
출발,인천,대한항공,KE723,간사이,20250906,9:35,9:35,10:03,여객,출발,,A321neo,182,"A,B,C,D"
출발,인천,대한항공,KE763,니가타,20250906,9:40,9:40,10:14,여객,출발,,B737-900,188,"A,B,C,D"
출발,인천,대한항공,KE421,괌,20250906,9:45,9:45,10:09,여객,출발,,B737-900,188,"A,B,C,D"
출발,인천,진에어,LJ205,도쿄/나리타,20250906,9:45,10:25,10:39,여객,지연,항공기 연결에 의한 지연,B737-800,189,"H,F,G,L"
출발,인천,진에어,LJ341,오키나와,20250906,9:55,10:24,11:02,여객,지연,항공기 연결에 의한 지연,B737-800,189,"H,F,G,L"
출발,인천,대한항공,KE081,뉴욕,20250906,10:00,10:00,10:28,여객,출발,,A380-800,407,"A,B,C,D"
출발,인천,대한항공,KE765,삿포로,20250906,10:05,10:05,10:34,여객,출발,,B737-900,188,"A,B,C,D"
출발,인천,대한항공,KE703,도쿄/나리타,20250906,10:10,10:10,10:24,여객,출발,,A321neo,182,"A,B,C,D"
출발,인천,델타항공,DL158,디트로이트,20250906,10:15,10:15,10:21,여객,출발,,A350-900,306,"K,F,G,L"
출발,인천,대한항공,KE125,샤먼 가오치,20250906,10:20,10:20,10:43,여객,출발,,B737-900,188,"A,B,C,D"
출발,인천,대한항공,KE169,마카오,20250906,10:20,10:20,10:53,여객,출발,,A321neo,182,"A,B,C,D"
출발,인천,대한항공,KE093,워싱톤,20250906,10:25,10:25,10:45,여객,출발,,B777-300ER,277,"A,B,C,D"
출발,인천,대한항공,KE185,타오위안,20250906,10:30,10:30,11:12,여객,출발,,A321neo,182,"A,B,C,D"
출발,인천,대한항공,KE741,나고야,20250906,10:35,10:35,10:54,여객,출발,,A321neo,182,"A,B,C,D"
출발,인천,가루다인도네시아,GA879,자카르타(수카르노 하타),20250906,10:35,10:35,11:06,여객,출발,,A330-900neo,301,"J,F,G,L"
출발,인천,대한항공,KE037,시카고,20250906,10:40,10:40,11:17,여객,출발,,B777-300ER,277,"A,B,C,D"
출발,인천,대한항공,KE969,프라하,20250906,10:45,10:45,11:16,여객,출발,,B787-9,269,"A,B,C,D"
출발,인천,대한항공,KE457,다낭,20250906,10:55,11:10,11:25,여객,출발,,B737-900,188,"A,B,C,D"
출발,인천,대한항공,KE907,런던히드로,20250906,10:55,10:55,11:28,여객,지연,항공교통흐름에 의한 지연,A380-800,407,"A,B,C,D"
출발,인천,대한항공,KE917,취리히,20250906,11:05,11:05,11:34,여객,출발,,B787-9,269,"A,B,C,D"
출발,인천,대한항공,KE897,푸동,20250906,11:10,11:10,12:06,여객,지연,항공교통흐름에 의한 지연,B777-300ER,277,"A,B,C,D"
출발,인천,대한항공,KE901,파리,20250906,11:10,11:10,11:42,여객,출발,,B777-300ER,277,"A,B,C,D"
출발,인천,에어부산,BX158,후쿠오카,20250906,11:25,11:25,12:04,여객,지연,공항 및 출입국 절차에 의한 지연,A321,195,"E,F,G,L"
출발,인천,가루다인도네시아,GA871,덴파사(응우라 라이),20250906,11:25,11:25,11:52,여객,출발,,A330-300,251,"J,F,G,L"
출발,인천,아에로멕시코,AM091,멕시코시티,20250906,11:40,11:40,12:11,여객,출발,,B787-9,274,"H,F,G,L"
출발,인천,대한항공,KE925,암스테르담,20250906,11:55,11:55,12:17,여객,출발,,B777-300ER,277,"A,B,C,D"
출발,인천,중화항공,CI165,가오슝,20250906,12:05,12:05,12:26,여객,출발,,A321neo,180,"J,F,G,L"
출발,인천,진에어,LJ263,후쿠오카,20250906,12:10,12:10,12:29,여객,출발,,B737-800,189,"H,F,G,L"
출발,인천,대한항공,KE769,삿포로,20250906,12:35,12:35,13:09,여객,출발,,B737-900,188,"A,B,C,D"
출발,인천,대한항공,KE803,천진,20250906,12:35,12:35,13:03,여객,출발,,B737-900,188,"A,B,C,D"
출발,인천,대한항공,KE963,부다페스트,20250906,12:35,12:35,13:17,여객,지연,항공교통흐름에 의한 지연,B787-9,269,"A,B,C,D"
출발,인천,중화항공,CI161,타오위안,20250906,12:35,12:35,12:56,여객,출발,,A330-300,277,"J,F,G,L"
출발,인천,에어부산,BX174,간사이,20250906,12:40,13:52,14:14,여객,지연,항공기 연결에 의한 지연,A321,195,"E,F,G,L"
출발,인천,대한항공,KE711,도쿄/나리타,20250906,13:00,13:00,13:52,여객,지연,항공교통흐름에 의한 지연,A321neo,182,"A,B,C,D"
출발,인천,대한항공,KE869,대련,20250906,13:00,13:00,13:47,여객,지연,항공교통흐름에 의한 지연,B737-900,188,"A,B,C,D"
출발,인천,대한항공,KE843,청도,20250906,13:05,13:05,14:01,여객,지연,항공교통흐름에 의한 지연,B737-900,188,"A,B,C,D"
출발,인천,대한항공,KE931,로마,20250906,13:20,13:20,13:56,여객,출발,,B777-300ER,277,"A,B,C,D"
출발,인천,대한항공,KE175,홍콩,20250906,13:25,13:25,14:22,여객,지연,항공교통흐름에 의한 지연,A321neo,182,"A,B,C,D"
출발,인천,대한항공,KE135,허페이,20250906,13:25,13:25,14:18,여객,지연,항공교통흐름에 의한 지연,B737-900,188,"A,B,C,D"
출발,인천,대한항공,KE951,두바이,20250906,13:25,13:25,14:26,여객,지연,항공교통흐름에 의한 지연,B777-300ER,277,"A,B,C,D"
출발,인천,샤먼항공,MF872,샤먼 가오치,20250906,13:30,13:50,14:11,여객,지연,공항 및 출입국 절차에 의한 지연,B737-800,168,"J,F,G,L"
출발,인천,대한항공,KE955,이스탄불,20250906,13:40,14:40,15:07,여객,지연,항공기 정비에 의한 지연,B777-300ER,277,"A,B,C,D"
출발,인천,대한항공,KE789,후쿠오카,20250906,13:45,13:45,14:41,여객,지연,항공기 연결에 의한 지연,B737-900,188,"A,B,C,D"
출발,인천,진에어,LJ861,청도,20250906,13:50,14:22,14:42,여객,지연,항공교통흐름에 의한 지연,B737-800,189,"H,F,G,L"
출발,인천,대한항공,KE017,로스앤젤레스,20250906,14:30,14:30,15:16,여객,지연,항공교통흐름에 의한 지연,B747-8i,368,"A,B,C,D"
출발,인천,진에어,LJ359,다카마쓰,20250906,14:30,14:48,15:09,여객,지연,공항 및 출입국 절차에 의한 지연,B737-800,189,"H,F,G,L"
출발,인천,대한항공,KE833,심양,20250906,14:35,14:35,15:17,여객,지연,항공교통흐름에 의한 지연,B737-900,188,"A,B,C,D"
출발,인천,진에어,LJ237,간사이,20250906,14:40,15:13,15:39,여객,지연,공항 및 출입국 절차에 의한 지연,B737-800,189,"H,F,G,L"
출발,인천,대한항공,KE643,싱가포르,20250906,14:45,14:45,15:44,여객,지연,여객 및 화물처리에 의한 지연,A330-300,272,"A,B,C,D"
출발,인천,진에어,LJ209,도쿄/나리타,20250906,14:45,15:15,15:43,여객,지연,공항 및 출입국 절차에 의한 지연,B737-800,189,"H,F,G,L"
출발,인천,대한항공,KE725,간사이,20250906,15:05,15:05,15:51,여객,지연,여객 및 화물처리에 의한 지연,A321neo,182,"A,B,C,D"
출발,인천,대한항공,KE627,자카르타(수카르노 하타),20250906,15:10,15:10,16:13,여객,지연,여객 및 화물처리에 의한 지연,A330-300,272,"A,B,C,D"
출발,인천,대한항공,KE189,타이중,20250906,15:15,15:15,16:18,여객,지연,항공교통흐름에 의한 지연,A321neo,182,"A,B,C,D"
출발,인천,에어부산,BX176,간사이,20250906,15:25,15:25,16:26,여객,지연,공항 및 출입국 절차에 의한 지연,A321,195,"E,F,G,L"
출발,인천,진에어,LJ211,도쿄/나리타,20250906,15:35,16:11,16:34,여객,지연,공항 및 출입국 절차에 의한 지연,B737-800,189,"H,F,G,L"
출발,인천,대한항공,KE733,고베,20250906,15:50,15:50,16:48,여객,지연,항공교통흐름에 의한 지연,A321neo,182,"A,B,C,D"
출발,인천,에어부산,BX166,도쿄/나리타,20250906,15:50,15:50,16:44,여객,지연,공항 및 출입국 절차에 의한 지연,A321,195,"E,F,G,L"
출발,인천,진에어,LJ265,후쿠오카,20250906,15:50,16:23,16:49,여객,지연,공항 및 출입국 절차에 의한 지연,B737-800,189,"H,F,G,L"
출발,인천,대한항공,KE023,샌프란시스코,20250906,16:00,16:00,16:59,여객,지연,SP,B777-300ER,277,"A,B,C,D"
출발,인천,진에어,LJ347,나고야,20250906,16:05,16:52,17:14,여객,지연,공항 및 출입국 절차에 의한 지연,B737-800,189,"H,F,G,L"
출발,인천,대한항공,KE187,타오위안,20250906,16:10,16:10,17:31,여객,지연,운항 기준 및 승무원 관련 지연,A321neo,182,"A,B,C,D"
출발,인천,대한항공,KE633,덴파사(응우라 라이),20250906,16:10,16:10,17:05,여객,지연,항공교통흐름에 의한 지연,A330-300,272,"A,B,C,D"
출발,인천,진에어,LJ351,기타규슈,20250906,16:15,17:08,17:28,여객,지연,공항 및 출입국 절차에 의한 지연,B737-800,189,"H,F,G,L"
출발,인천,진에어,LJ239,간사이,20250906,16:15,17:14,17:33,여객,지연,항공교통흐름에 의한 지연,B737-800,189,"H,F,G,L"
출발,인천,대한항공,KE671,쿠알라룸푸르,20250906,16:20,16:20,17:26,여객,지연,여객 및 화물처리에 의한 지연,A330-300,272,"A,B,C,D"
출발,인천,델타항공,DL188,애틀랜타,20250906,16:25,17:01,17:22,여객,지연,공항 및 출입국 절차에 의한 지연,A350-900,306,"K,F,G,L"
출발,인천,대한항공,KE041,시애틀,20250906,16:40,16:40,17:41,여객,지연,여객 및 화물처리에 의한 지연,A330-300,272,"A,B,C,D"
출발,인천,대한항공,KE713,도쿄/나리타,20250906,17:05,17:05,18:02,여객,지연,기타 원인에 의한 지연,A321neo,182,"A,B,C,D"
출발,인천,대한항공,KE1405,김해,20250906,17:10,17:10,17:58,여객,지연,항공교통흐름에 의한 지연,B737-900,188,
출발,인천,진에어,LJ009,치앙마이,20250906,17:10,17:43,18:04,여객,지연,공항 및 출입국 절차에 의한 지연,B737-800,189,"H,F,G,L"
출발,인천,에어부산,BX747,수안나폼(방콕),20250906,17:15,17:15,17:54,여객,출발,,A321,195,"E,F,G,L"
출발,인천,대한항공,KE8425,괌,20250906,17:15,17:15,17:52,여객,지연,여객 및 화물처리에 의한 지연,B737-900,188,"A,B,C,D"
출발,인천,진에어,LJ919,괌,20250906,17:35,18:25,18:49,여객,지연,공항 및 출입국 절차에 의한 지연,B737-800,189,"H,F,G,L"
출발,인천,대한항공,KE629,덴파사(응우라 라이),20250906,17:45,17:45,18:27,여객,지연,항공기 연결에 의한 지연,A330-300,272,"A,B,C,D"
출발,인천,대한항공,KE663,푸껫,20250906,17:50,17:50,18:43,여객,지연,기타 원인에 의한 지연,B737-900,188,"A,B,C,D"
출발,인천,대한항공,KE651,수안나폼(방콕),20250906,18:05,19:05,19:46,여객,지연,항공기 연결에 의한 지연,A330-300,272,"A,B,C,D"
출발,인천,대한항공,KE461,다낭,20250906,18:20,18:20,18:47,여객,출발,,B737-900,188,"A,B,C,D"
출발,인천,대한항공,KE667,치앙마이,20250906,18:25,19:35,19:38,여객,지연,SP,B737-900,188,"A,B,C,D"
출발,인천,대한항공,KE1407,김해,20250906,18:25,18:25,18:58,여객,출발,,B737-900,188,
출발,인천,대한항공,KE705,도쿄/나리타,20250906,18:35,18:35,19:06,여객,출발,,A321neo,182,"A,B,C,D"
출발,인천,대한항공,KE781,후쿠오카,20250906,18:40,19:00,20:09,여객,지연,항공기 정비에 의한 지연,B737-900,188,"A,B,C,D"
출발,인천,대한항공,KE645,싱가포르,20250906,18:40,18:40,19:14,여객,출발,,A330-300,272,"A,B,C,D"
출발,인천,델타항공,DL170,미니애폴리스,20250906,18:40,18:40,19:18,여객,출발,,A350-900,306,"K,F,G,L"
출발,인천,대한항공,KE423,괌,20250906,18:40,20:20,20:21,여객,지연,항공기 연결에 의한 지연,B737-900,188,"A,B,C,D"
출발,인천,대한항공,KE071,밴쿠버,20250906,18:45,19:00,19:50,여객,지연,항공기 연결에 의한 지연,B787-9,269,"A,B,C,D"
출발,인천,대한항공,KE453,노이바이(하노이),20250906,18:45,18:45,19:16,여객,출발,,B737-900,188,"A,B,C,D"
출발,인천,대한항공,KE475,떤 선녓(호찌민),20250906,18:45,18:45,19:20,여객,출발,,B737-900,188,"A,B,C,D"
출발,인천,대한항공,KE623,마닐라,20250906,18:50,18:50,19:34,여객,지연,항공기 연결에 의한 지연,B737-900,188,"A,B,C,D"
출발,인천,대한항공,KE689,프놈펜,20250906,18:50,18:50,19:24,여객,출발,,B737-900,188,"A,B,C,D"
출발,인천,대한항공,KE743,나고야,20250906,18:50,19:35,19:36,여객,지연,항공교통흐름에 의한 지연,A321neo,182,"A,B,C,D"
출발,인천,델타항공,DL26,애틀랜타,20250906,18:50,19:32,19:56,여객,지연,항공기 연결에 의한 지연,A350-900,306,"K,F,G,L"
출발,인천,대한항공,KE895,푸동,20250906,18:55,19:50,19:54,여객,지연,항공기 연결에 의한 지연,A330-300,272,"A,B,C,D"
출발,인천,대한항공,KE721,간사이,20250906,19:00,19:40,19:40,여객,지연,항공교통흐름에 의한 지연,A321neo,182,"A,B,C,D"
출발,인천,대한항공,KE401,시드니,20250906,19:10,20:05,20:05,여객,지연,항공교통흐름에 의한 지연,A380-800,407,"A,B,C,D"
출발,인천,진에어,LJ131,코타키나발루,20250906,19:10,19:10,19:58,여객,지연,,B737-800,189,"H,F,G,L"
출발,인천,델타항공,DL196,시애틀,20250906,19:20,20:10,20:31,여객,지연,항공기 연결에 의한 지연,A330-900neo,281,"K,F,G,L"
출발,인천,대한항공,KE163,장가계,20250906,19:25,19:25,20:07,여객,지연,항공교통흐름에 의한 지연,B737-900,188,"A,B,C,D"
출발,인천,대한항공,KE085,뉴욕,20250906,19:30,20:30,20:48,여객,지연,기상에 의한 지연,B747-8i,368,"A,B,C,D"
출발,인천,대한항공,KE195,칭기즈칸(신 울란바토르) 국제공항,20250906,19:30,19:30,20:23,여객,지연,여객 및 화물처리에 의한 지연,B737-900,188,"A,B,C,D"
출발,인천,대한항공,KE1431,대구,20250906,19:30,19:30,20:11,여객,지연,,B737-900,188,
출발,인천,대한항공,KE1409,김해,20250906,19:35,19:35,20:28,여객,지연,항공기 연결에 의한 지연,B737-900,188,
출발,인천,델타항공,DL172,솔트레이크시티,20250906,19:40,19:59,20:24,여객,지연,공항 및 출입국 절차에 의한 지연,A350-900,306,"K,F,G,L"
출발,인천,대한항공,KE177,홍콩,20250906,19:45,19:45,20:19,여객,출발,,A321neo,182,"A,B,C,D"
출발,인천,대한항공,KE477,떤 선녓(호찌민),20250906,19:45,20:35,20:35,여객,지연,항공교통흐름에 의한 지연,B737-900,188,"A,B,C,D"
출발,인천,대한항공,KE659,수안나폼(방콕),20250906,19:45,19:45,20:39,여객,지연,운항 기준 및 승무원 관련 지연,B737-900,188,"A,B,C,D"
출발,인천,진에어,LJ001,수안나폼(방콕),20250906,19:55,20:24,20:44,여객,지연,공항 및 출입국 절차에 의한 지연,B737-800,189,"H,F,G,L"
출발,인천,대한항공,KE853,베이징,20250906,20:00,20:40,20:41,여객,지연,항공기 연결에 의한 지연,A330-300,272,"A,B,C,D"
출발,인천,대한항공,KE467,깜라인(나트랑),20250906,20:00,21:05,21:08,여객,지연,공항 및 출입국 절차에 의한 지연,B737-900,188,"A,B,C,D"
출발,인천,대한항공,KE615,세부,20250906,20:05,20:05,20:53,여객,지연,여객 및 화물처리에 의한 지연,B737-900,188,"A,B,C,D"
출발,인천,대한항공,KE407,브리즈번,20250906,20:05,20:05,20:39,여객,출발,,A330-300,272,"A,B,C,D"
출발,인천,대한항공,KE625,마닐라,20250906,20:15,21:15,21:05,여객,지연,항공교통흐름에 의한 지연,B737-900,188,"A,B,C,D"
출발,인천,대한항공,KE011,로스앤젤레스,20250906,20:25,20:45,21:20,여객,지연,공항 및 출입국 절차에 의한 지연,A380-800,407,"A,B,C,D"
출발,인천,진에어,LJ081,다낭,20250906,20:25,20:52,21:16,여객,지연,여객 및 화물처리에 의한 지연,B737-800,189,"H,F,G,L"
출발,인천,대한항공,KE719,하네다,20250906,20:30,20:30,21:01,여객,출발,,A321neo,182,"A,B,C,D"
출발,인천,중화항공,CI163,타오위안,20250906,20:35,20:35,21:03,여객,출발,,A330-300,277,"J,F,G,L"
출발,인천,샤먼항공,MF878,푸저우(복주),20250906,20:35,20:35,20:57,여객,출발,,B737-800,168,"J,F,G,L"
출발,인천,진에어,LJ087,깜라인(나트랑),20250906,20:40,20:40,21:12,여객,출발,,B737-800,189,"H,F,G,L"
출발,인천,진에어,LJ043,팡라로,20250906,20:50,21:20,21:56,여객,지연,항공기 연결에 의한 지연,B737-800,189,"H,F,G,L"
출발,인천,진에어,LJ917,괌,20250906,20:50,21:20,21:54,여객,지연,항공기 연결에 의한 지연,B737-800,189,"H,F,G,L"
출발,인천,대한항공,KE005,라스베이거스,20250906,21:00,21:00,21:28,여객,출발,,B777-300ER,277,"A,B,C,D"
출발,인천,대한항공,KE053,호놀룰루,20250906,21:05,21:05,21:42,여객,출발,,A330-300,272,"A,B,C,D"
출발,인천,대한항공,KE655,수안나폼(방콕),20250906,21:15,21:15,21:39,여객,출발,,A330-300,272,"A,B,C,D"
출발,인천,에어부산,BX787,깜라인(나트랑),20250906,21:30,21:30,22:04,여객,출발,,A321,195,"E,F,G,L"
출발,인천,네덜란드항공,KL856,암스테르담,20250906,22:25,22:25,22:50,여객,출발,,B787-9,294,"M,F,G,L"
출발,인천,대한항공,KE619,마닐라,20250906,22:35,22:35,22:59,여객,출발,,A330-300,272,"A,B,C,D"
출발,인천,대한항공,KE075,밴쿠버,20250906,22:40,22:40,23:06,여객,출발,,B787-9,269,"A,B,C,D"
출발,인천,대한항공,KE647,싱가포르,20250907,0:05,0:35,0:50,여객,지연,여객 및 화물처리에 의한 지연,B777-300ER,277,"A,B,C,D"
출발,인천,대한항공,KE1401,김해,20250907,6:35,6:35,6:44,여객,출발,,B737-900,188,
출발,인천,에어부산,BX164,도쿄/나리타,20250907,7:15,7:15,7:35,여객,출발,,A321,195,"E,F,G,L"
출발,인천,진에어,LJ261,후쿠오카,20250907,7:15,7:15,7:38,여객,출발,,B737-800,189,"H,F,G,L"
출발,인천,에어부산,BX156,후쿠오카,20250907,7:20,7:20,7:46,여객,출발,,A321,195,"E,F,G,L"
출발,인천,대한항공,KE787,후쿠오카,20250907,7:25,7:25,7:43,여객,출발,,B737-900,188,"A,B,C,D"
출발,인천,진에어,LJ201,도쿄/나리타,20250907,7:25,7:25,7:50,여객,출발,,B737-800,189,"H,F,G,L"
출발,인천,대한항공,KE771,오카야마,20250907,7:30,7:30,8:00,여객,출발,,B737-900,188,"A,B,C,D"
출발,인천,진에어,LJ345,나고야,20250907,7:30,7:30,7:57,여객,출발,,B737-800,189,"H,F,G,L"
출발,인천,진에어,LJ231,간사이,20250907,7:40,7:40,8:11,여객,출발,,B737-800,189,"H,F,G,L"
출발,인천,대한항공,KE173,홍콩,20250907,7:45,8:45,9:09,여객,지연,항공기 정비에 의한 지연,A321neo,182,"A,B,C,D"
출발,인천,대한항공,KE621,마닐라,20250907,7:50,7:50,8:24,여객,출발,,B737-900,188,"A,B,C,D"
출발,인천,진에어,LJ731,타오위안,20250907,7:50,7:50,8:17,여객,출발,,B737-800,189,"H,F,G,L"
출발,인천,대한항공,KE845,청도,20250907,7:50,7:50,8:15,여객,출발,,B737-900,188,"A,B,C,D"
출발,인천,대한항공,KE131,정저우,20250907,8:00,8:00,8:22,여객,출발,,B737-900,188,"A,B,C,D"
출발,인천,대한항공,KE441,노이바이(하노이),20250907,8:00,8:00,8:32,여객,출발,,A330-300,272,"A,B,C,D"
출발,인천,대한항공,KE197,칭기즈칸(신 울란바토르) 국제공항,20250907,8:10,8:10,8:30,여객,출발,,B737-900,188,"A,B,C,D"
출발,인천,진에어,LJ241,간사이,20250907,8:10,8:10,8:40,여객,출발,,B737-800,189,"H,F,G,L"
출발,인천,진에어,LJ357,시모지시마,20250907,8:10,8:10,8:40,여객,출발,,B737-800,189,"H,F,G,L"
출발,인천,대한항공,KE859,베이징,20250907,8:15,8:15,8:34,여객,출발,,B777-300ER,277,"A,B,C,D"
출발,인천,진에어,LJ203,도쿄/나리타,20250907,8:15,9:04,9:20,여객,지연,항공기 연결에 의한 지연,B737-800,189,"H,F,G,L"
출발,인천,대한항공,KE127,푸저우(복주),20250907,8:20,8:20,8:48,여객,출발,,B737-900,188,"A,B,C,D"
출발,인천,대한항공,KE1403,김해,20250907,8:20,9:00,9:23,여객,지연,항공기 연결에 의한 지연,B737-900,188,
출발,인천,진에어,LJ301,삿포로,20250907,8:20,8:20,8:48,여객,출발,,B737-800,189,"H,F,G,L"
출발,인천,대한항공,KE893,푸동,20250907,8:25,8:25,8:56,여객,출발,,A330-300,272,"A,B,C,D"
출발,인천,대한항공,KE731,고베,20250907,8:25,8:25,8:45,여객,출발,,A321neo,182,"A,B,C,D"
출발,인천,에어 프랑스,AF267,파리,20250907,8:30,8:30,8:54,여객,출발,,B777-300ER,296,"M,F,G,L"
출발,인천,대한항공,KE775,고마쓰,20250907,8:35,8:35,8:54,여객,출발,,B737-900,188,"A,B,C,D"
출발,인천,대한항공,KE827,선전(심천),20250907,8:40,8:40,9:05,여객,출발,,B737-900,188,"A,B,C,D"
출발,인천,대한항공,KE831,심양,20250907,8:45,8:05,8:26,여객,출발,,B737-900,188,"A,B,C,D"
출발,인천,대한항공,KE865,광저우,20250907,8:50,8:50,9:15,여객,출발,,A330-300,272,"A,B,C,D"
출발,인천,대한항공,KE137,우한,20250907,8:50,8:50,9:02,여객,출발,,B737-900,188,"A,B,C,D"
출발,인천,대한항공,KE819,창사(장사),20250907,9:00,9:00,9:16,여객,출발,,B737-900,188,"A,B,C,D"
출발,인천,대한항공,KE469,떤 선녓(호찌민),20250907,9:05,9:05,9:34,여객,출발,,A330-300,272,"A,B,C,D"
출발,인천,진에어,LJ361,이시가키,20250907,9:05,9:05,9:22,여객,출발,,B737-800,189,"H,F,G,L"
출발,인천,대한항공,KE811,시안,20250907,9:10,9:50,10:12,여객,지연,운항 기준 및 승무원 관련 지연,B737-900,188,"A,B,C,D"
출발,인천,대한항공,KE805,천진,20250907,9:10,9:10,9:40,여객,출발,,B737-900,188,"A,B,C,D"
출발,인천,에어부산,BX172,간사이,20250907,9:15,9:15,9:27,여객,출발,,A321,195,"E,F,G,L"
출발,인천,대한항공,KE035,애틀랜타,20250907,9:20,9:20,9:48,여객,출발,,B777-300ER,277,"A,B,C,D"
출발,인천,진에어,LJ913,괌,20250907,9:20,9:20,9:57,여객,출발,,B737-800,189,"H,F,G,L"
출발,인천,대한항공,KE031,댈러스,20250907,9:30,9:30,10:15,여객,출발,,B787-9,269,"A,B,C,D"
출발,인천,대한항공,KE091,보스턴,20250907,9:30,9:30,10:09,여객,출발,,B787-9,269,"A,B,C,D"
출발,인천,대한항공,KE777,구마모토,20250907,9:30,9:30,10:13,여객,출발,,B737-900,188,"A,B,C,D"
출발,인천,대한항공,KE755,오키나와,20250907,9:30,9:30,10:10,여객,지연,여객 및 화물처리에 의한 지연,B737-900,188,"A,B,C,D"
출발,인천,대한항공,KE657,수안나폼(방콕),20250907,9:30,9:30,9:57,여객,출발,,A330-300,272,"A,B,C,D"
출발,인천,대한항공,KE073,토론토,20250907,9:35,9:35,10:20,여객,지연,항공교통흐름에 의한 지연,B777-300ER,277,"A,B,C,D"
출발,인천,대한항공,KE723,간사이,20250907,9:35,9:35,10:18,여객,출발,,A321neo,182,"A,B,C,D"
출발,인천,대한항공,KE421,괌,20250907,9:45,9:45,10:22,여객,지연,항공교통흐름에 의한 지연,B737-900,188,"A,B,C,D"
출발,인천,진에어,LJ205,도쿄/나리타,20250907,9:45,10:15,10:31,여객,지연,항공기 정비에 의한 지연,B737-800,189,"H,F,G,L"
출발,인천,대한항공,KE913,마드리드,20250907,9:55,9:55,10:21,여객,출발,,B787-9,269,"A,B,C,D"
출발,인천,진에어,LJ341,오키나와,20250907,9:55,10:17,10:35,여객,지연,항공기 연결에 의한 지연,B737-800,189,"H,F,G,L"
출발,인천,대한항공,KE081,뉴욕,20250907,10:00,10:00,10:42,여객,출발,,A380-800,407,"A,B,C,D"
출발,인천,대한항공,KE765,삿포로,20250907,10:05,10:05,10:25,여객,출발,,B737-900,188,"A,B,C,D"
출발,인천,대한항공,KE703,도쿄/나리타,20250907,10:10,10:10,10:37,여객,출발,,A321neo,182,"A,B,C,D"
출발,인천,델타항공,DL158,디트로이트,20250907,10:15,10:15,10:29,여객,출발,,A350-900,306,"K,F,G,L"
출발,인천,대한항공,KE169,마카오,20250907,10:20,10:20,10:55,여객,출발,,A321neo,182,"A,B,C,D"
출발,인천,대한항공,KE093,워싱톤,20250907,10:25,10:25,10:52,여객,출발,,B777-300ER,277,"A,B,C,D"
출발,인천,대한항공,KE101,남경,20250907,10:25,10:25,10:40,여객,출발,,A321neo,182,"A,B,C,D"
출발,인천,대한항공,KE937,비엔나,20250907,10:25,10:45,11:35,여객,지연,항공기 연결에 의한 지연,B787-9,269,"A,B,C,D"
출발,인천,대한항공,KE185,타오위안,20250907,10:30,10:30,10:50,여객,출발,,A321neo,182,"A,B,C,D"
출발,인천,대한항공,KE741,나고야,20250907,10:35,10:35,11:06,여객,출발,,A321neo,182,"A,B,C,D"
출발,인천,가루다인도네시아,GA879,자카르타(수카르노 하타),20250907,10:35,10:35,10:59,여객,출발,,A330-900neo,301,"J,F,G,L"
출발,인천,대한항공,KE037,시카고,20250907,10:40,10:40,11:10,여객,출발,,B777-300ER,277,"A,B,C,D"
출발,인천,대한항공,KE855,베이징,20250907,10:40,10:40,11:13,여객,출발,,A330-300,272,"A,B,C,D"
출발,인천,대한항공,KE457,다낭,20250907,10:55,10:55,11:42,여객,지연,항공교통흐름에 의한 지연,B737-900,188,"A,B,C,D"
출발,인천,대한항공,KE907,런던히드로,20250907,10:55,10:55,11:18,여객,출발,,A380-800,407,"A,B,C,D"
출발,인천,대한항공,KE945,프랑크푸르트,20250907,11:05,11:05,11:59,여객,지연,여객 및 화물처리에 의한 지연,A380-800,407,"A,B,C,D"
출발,인천,대한항공,KE897,푸동,20250907,11:10,11:10,11:33,여객,출발,,B777-300ER,277,"A,B,C,D"
출발,인천,대한항공,KE9987,오슬로,20250907,11:15,11:15,12:11,여객,지연,운항 기준 및 승무원 관련 지연,B787-9,269,"A,B,C,D"
출발,인천,에어부산,BX158,후쿠오카,20250907,11:25,11:25,11:42,여객,출발,,A321,195,"E,F,G,L"
출발,인천,가루다인도네시아,GA871,덴파사(응우라 라이),20250907,11:25,11:25,11:48,여객,출발,,A330-300,251,"J,F,G,L"
출발,인천,아에로멕시코,AM091,멕시코시티,20250907,11:40,11:40,11:51,여객,출발,,B787-9,274,"H,F,G,L"
출발,인천,대한항공,KE925,암스테르담,20250907,11:55,11:55,12:56,여객,지연,항공교통흐름에 의한 지연,B777-300ER,277,"A,B,C,D"
출발,인천,중화항공,CI165,가오슝,20250907,12:05,12:05,12:19,여객,출발,,A321neo,180,"J,F,G,L"
출발,인천,진에어,LJ263,후쿠오카,20250907,12:10,12:10,12:22,여객,출발,,B737-800,189,"H,F,G,L"
출발,인천,대한항공,KE769,삿포로,20250907,12:35,12:35,12:41,여객,출발,,B737-900,188,"A,B,C,D"
출발,인천,대한항공,KE803,천진,20250907,12:35,12:35,13:19,여객,지연,항공교통흐름에 의한 지연,B737-900,188,"A,B,C,D"
출발,인천,중화항공,CI161,타오위안,20250907,12:35,12:35,13:04,여객,출발,,A330-300,277,"J,F,G,L"
출발,인천,에어부산,BX174,간사이,20250907,12:40,12:40,12:56,여객,출발,,A321,195,"E,F,G,L"
출발,인천,대한항공,KE497,델리,20250907,12:55,12:55,13:14,여객,출발,,B787-9,269,"A,B,C,D"
출발,인천,대한항공,KE711,도쿄/나리타,20250907,13:00,13:00,13:19,여객,출발,,A321neo,182,"A,B,C,D"
출발,인천,대한항공,KE869,대련,20250907,13:00,13:00,13:22,여객,출발,,B737-900,188,"A,B,C,D"
출발,인천,대한항공,KE921,리스본,20250907,13:00,13:00,13:36,여객,출발,,B787-9,269,"A,B,C,D"
출발,인천,대한항공,KE843,청도,20250907,13:05,13:05,13:27,여객,출발,,B737-900,188,"A,B,C,D"
출발,인천,대한항공,KE175,홍콩,20250907,13:25,13:25,14:04,여객,지연,여객 및 화물처리에 의한 지연,A321neo,182,"A,B,C,D"
출발,인천,대한항공,KE135,허페이,20250907,13:25,13:25,13:44,여객,출발,,B737-900,188,"A,B,C,D"
출발,인천,대한항공,KE951,두바이,20250907,13:25,15:10,15:38,여객,지연,항공기 정비에 의한 지연,B777-300ER,277,"A,B,C,D"
출발,인천,샤먼항공,MF872,샤먼 가오치,20250907,13:30,13:30,13:40,여객,출발,,B737-800,168,"J,F,G,L"
출발,인천,대한항공,KE927,밀라노,20250907,13:40,13:40,14:17,여객,출발,,B787-9,269,"A,B,C,D"
출발,인천,대한항공,KE789,후쿠오카,20250907,13:45,13:45,14:10,여객,출발,,B737-900,188,"A,B,C,D"
출발,인천,진에어,LJ861,청도,20250907,13:50,13:50,14:14,여객,출발,,B737-800,189,"H,F,G,L"
출발,인천,대한항공,KE017,로스앤젤레스,20250907,14:30,14:30,14:51,여객,출발,,B747-8i,368,"A,B,C,D"
출발,인천,대한항공,KE833,심양,20250907,14:35,14:35,14:54,여객,출발,,B737-900,188,"A,B,C,D"
출발,인천,진에어,LJ237,간사이,20250907,14:40,14:40,15:10,여객,출발,,B737-800,189,"H,F,G,L"
출발,인천,대한항공,KE643,싱가포르,20250907,14:45,14:45,15:31,여객,지연,항공교통흐름에 의한 지연,A330-300,272,"A,B,C,D"
출발,인천,진에어,LJ209,도쿄/나리타,20250907,14:45,14:45,15:07,여객,출발,,B737-800,189,"H,F,G,L"
출발,인천,대한항공,KE725,간사이,20250907,15:05,15:05,15:30,여객,출발,,A321neo,182,"A,B,C,D"
출발,인천,대한항공,KE627,자카르타(수카르노 하타),20250907,15:10,15:10,15:45,여객,출발,,A330-300,272,"A,B,C,D"
출발,인천,대한항공,KE189,타이중,20250907,15:15,15:15,15:52,여객,출발,,A321neo,182,"A,B,C,D"
출발,인천,에어부산,BX176,간사이,20250907,15:25,15:25,15:58,여객,출발,,A321,195,"E,F,G,L"
출발,인천,진에어,LJ211,도쿄/나리타,20250907,15:35,15:58,16:20,여객,지연,공항 및 출입국 절차에 의한 지연,B737-800,189,"H,F,G,L"
출발,인천,대한항공,KE733,고베,20250907,15:50,15:50,16:28,여객,지연,항공교통흐름에 의한 지연,A321neo,182,"A,B,C,D"
출발,인천,에어부산,BX166,도쿄/나리타,20250907,15:50,15:50,16:25,여객,출발,,A321,195,"E,F,G,L"
출발,인천,진에어,LJ265,후쿠오카,20250907,15:50,16:09,16:29,여객,지연,공항 및 출입국 절차에 의한 지연,B737-800,189,"H,F,G,L"
출발,인천,대한항공,KE023,샌프란시스코,20250907,16:00,16:20,17:17,여객,지연,항공기 연결에 의한 지연,B777-300ER,277,"A,B,C,D"
출발,인천,진에어,LJ347,나고야,20250907,16:05,16:36,16:58,여객,지연,공항 및 출입국 절차에 의한 지연,B737-800,189,"H,F,G,L"
출발,인천,대한항공,KE187,타오위안,20250907,16:10,16:10,16:41,여객,출발,,A321neo,182,"A,B,C,D"
출발,인천,대한항공,KE633,덴파사(응우라 라이),20250907,16:10,16:10,16:50,여객,지연,여객 및 화물처리에 의한 지연,A330-300,272,"A,B,C,D"
출발,인천,진에어,LJ351,기타규슈,20250907,16:15,16:15,17:07,여객,지연,,B737-800,189,"H,F,G,L"
출발,인천,진에어,LJ239,간사이,20250907,16:15,16:15,17:14,여객,지연,,B737-800,189,"H,F,G,L"
출발,인천,대한항공,KE671,쿠알라룸푸르,20250907,16:20,16:20,16:47,여객,출발,,A330-300,272,"A,B,C,D"
출발,인천,델타항공,DL188,애틀랜타,20250907,16:25,16:25,17:05,여객,출발,,A350-900,306,"K,F,G,L"
출발,인천,대한항공,KE041,시애틀,20250907,16:40,16:40,17:47,여객,지연,운항 기준 및 승무원 관련 지연,A330-300,272,"A,B,C,D"
출발,인천,대한항공,KE713,도쿄/나리타,20250907,17:05,17:05,17:53,여객,지연,항공교통흐름에 의한 지연,A321neo,182,"A,B,C,D"
출발,인천,대한항공,KE1405,김해,20250907,17:10,17:10,17:55,여객,지연,항공교통흐름에 의한 지연,B737-900,188,
출발,인천,진에어,LJ009,치앙마이,20250907,17:10,17:38,18:00,여객,지연,공항 및 출입국 절차에 의한 지연,B737-800,189,"H,F,G,L"
출발,인천,대한항공,KE485,푸꾸옥,20250907,17:10,17:10,17:37,여객,출발,,B737-900,188,"A,B,C,D"
출발,인천,에어부산,BX747,수안나폼(방콕),20250907,17:15,17:15,18:10,여객,출발,,A321,195,"E,F,G,L"
출발,인천,대한항공,KE8425,괌,20250907,17:15,17:15,17:58,여객,지연,항공교통흐름에 의한 지연,B737-900,188,"A,B,C,D"
출발,인천,진에어,LJ919,괌,20250907,17:35,17:52,18:20,여객,지연,공항 및 출입국 절차에 의한 지연,B737-800,189,"H,F,G,L"
출발,인천,대한항공,KE629,덴파사(응우라 라이),20250907,17:45,17:45,18:16,여객,출발,,A330-300,272,"A,B,C,D"
출발,인천,대한항공,KE663,푸껫,20250907,17:50,17:50,18:18,여객,출발,,B737-900,188,"A,B,C,D"
출발,인천,대한항공,KE411,오클랜드,20250907,18:00,18:00,18:24,여객,출발,,B787-9,269,"A,B,C,D"
출발,인천,대한항공,KE651,수안나폼(방콕),20250907,18:05,18:20,18:57,여객,지연,항공기 연결에 의한 지연,A330-300,272,"A,B,C,D"
출발,인천,대한항공,KE461,다낭,20250907,18:20,18:20,19:15,여객,지연,항공교통흐름에 의한 지연,B737-900,188,"A,B,C,D"
출발,인천,대한항공,KE1407,김해,20250907,18:25,18:25,19:05,여객,출발,,B737-900,188,
출발,인천,대한항공,KE705,도쿄/나리타,20250907,18:35,18:35,19:10,여객,출발,,A321neo,182,"A,B,C,D"
출발,인천,대한항공,KE871,대련,20250907,18:35,18:35,19:04,여객,출발,,B737-900,188,"A,B,C,D"
출발,인천,대한항공,KE161,쿤밍,20250907,18:40,19:00,19:43,여객,지연,항공기 연결에 의한 지연,B737-900,188,"A,B,C,D"
출발,인천,대한항공,KE645,싱가포르,20250907,18:40,18:40,19:29,여객,지연,여객 및 화물처리에 의한 지연,A330-300,272,"A,B,C,D"
출발,인천,대한항공,KE781,후쿠오카,20250907,18:40,18:40,19:19,여객,지연,여객 및 화물처리에 의한 지연,B737-900,188,"A,B,C,D"
출발,인천,델타항공,DL170,미니애폴리스,20250907,18:40,19:41,20:01,여객,지연,항공기 연결에 의한 지연,A350-900,306,"K,F,G,L"
출발,인천,대한항공,KE423,괌,20250907,18:40,18:40,19:14,여객,출발,,B737-900,188,"A,B,C,D"
출발,인천,대한항공,KE071,밴쿠버,20250907,18:45,18:45,19:23,여객,지연,여객 및 화물처리에 의한 지연,B787-9,269,"A,B,C,D"
출발,인천,대한항공,KE453,노이바이(하노이),20250907,18:45,18:45,19:25,여객,지연,항공교통흐름에 의한 지연,B737-900,188,"A,B,C,D"
출발,인천,대한항공,KE475,떤 선녓(호찌민),20250907,18:45,18:45,19:27,여객,지연,항공교통흐름에 의한 지연,B737-900,188,"A,B,C,D"
출발,인천,대한항공,KE623,마닐라,20250907,18:50,18:50,19:44,여객,지연,항공기 연결에 의한 지연,B737-900,188,"A,B,C,D"
출발,인천,대한항공,KE689,프놈펜,20250907,18:50,18:50,19:47,여객,지연,항공기 연결에 의한 지연,B737-900,188,"A,B,C,D"
출발,인천,대한항공,KE743,나고야,20250907,18:50,19:40,20:10,여객,지연,항공기 연결에 의한 지연,A321neo,182,"A,B,C,D"
출발,인천,델타항공,DL26,애틀랜타,20250907,18:50,19:08,19:31,여객,지연,여객 및 화물처리에 의한 지연,A350-900,306,"K,F,G,L"
출발,인천,대한항공,KE895,푸동,20250907,18:55,18:55,19:40,여객,지연,항공교통흐름에 의한 지연,A330-300,272,"A,B,C,D"
출발,인천,대한항공,KE721,간사이,20250907,19:00,19:00,19:36,여객,출발,,A321neo,182,"A,B,C,D"
출발,인천,대한항공,KE401,시드니,20250907,19:10,19:10,19:52,여객,지연,항공교통흐름에 의한 지연,A380-800,407,"A,B,C,D"
출발,인천,진에어,LJ131,코타키나발루,20250907,19:10,19:10,19:48,여객,출발,,B737-800,189,"H,F,G,L"
출발,인천,델타항공,DL196,시애틀,20250907,19:20,:,:,여객,취소,항공기 연결에 의한 지연,A330-900neo,281,"K,F,G,L"
출발,인천,대한항공,KE085,뉴욕,20250907,19:30,19:55,20:12,여객,지연,기타 원인에 의한 지연,B747-8i,368,"A,B,C,D"
출발,인천,대한항공,KE1431,대구,20250907,19:30,19:30,19:59,여객,출발,,B737-900,188,
출발,인천,대한항공,KE1409,김해,20250907,19:35,19:35,20:03,여객,출발,,B737-900,188,
출발,인천,델타항공,DL172,솔트레이크시티,20250907,19:40,20:20,20:47,여객,지연,여객 및 화물처리에 의한 지연,A350-900,306,"K,F,G,L"
출발,인천,대한항공,KE177,홍콩,20250907,19:45,19:45,20:06,여객,출발,,A321neo,182,"A,B,C,D"
출발,인천,대한항공,KE477,떤 선녓(호찌민),20250907,19:45,20:05,20:31,여객,지연,항공기 연결에 의한 지연,B737-900,188,"A,B,C,D"
출발,인천,대한항공,KE659,수안나폼(방콕),20250907,19:45,19:45,20:19,여객,출발,,B737-900,188,"A,B,C,D"
출발,인천,진에어,LJ001,수안나폼(방콕),20250907,19:55,19:55,20:28,여객,출발,,B737-800,189,"H,F,G,L"
출발,인천,대한항공,KE853,베이징,20250907,20:00,20:00,21:13,여객,지연,항공기 연결에 의한 지연,A330-300,272,"A,B,C,D"
출발,인천,대한항공,KE467,깜라인(나트랑),20250907,20:00,20:00,20:25,여객,출발,,B737-900,188,"A,B,C,D"
출발,인천,대한항공,KE615,세부,20250907,20:05,20:05,20:23,여객,출발,,B737-900,188,"A,B,C,D"
출발,인천,대한항공,KE625,마닐라,20250907,20:15,20:35,21:07,여객,지연,항공기 연결에 의한 지연,B737-900,188,"A,B,C,D"
출발,인천,대한항공,KE011,로스앤젤레스,20250907,20:25,20:25,20:53,여객,출발,,A380-800,407,"A,B,C,D"
출발,인천,진에어,LJ081,다낭,20250907,20:25,21:08,21:30,여객,지연,항공교통흐름에 의한 지연,B737-800,189,"H,F,G,L"
출발,인천,대한항공,KE719,하네다,20250907,20:30,20:30,21:09,여객,출발,,A321neo,182,"A,B,C,D"
출발,인천,중화항공,CI163,타오위안,20250907,20:35,20:35,20:55,여객,출발,,A330-300,277,"J,F,G,L"
출발,인천,샤먼항공,MF878,푸저우(복주),20250907,20:35,20:35,21:05,여객,출발,,B737-800,168,"J,F,G,L"
출발,인천,진에어,LJ087,깜라인(나트랑),20250907,20:40,21:10,21:33,여객,지연,항공교통흐름에 의한 지연,B737-800,189,"H,F,G,L"
출발,인천,진에어,LJ043,팡라로,20250907,20:50,20:50,21:23,여객,출발,,B737-800,189,"H,F,G,L"
출발,인천,진에어,LJ917,괌,20250907,20:50,20:50,21:21,여객,출발,,B737-800,189,"H,F,G,L"
출발,인천,대한항공,KE005,라스베이거스,20250907,21:00,21:00,21:28,여객,출발,,B777-300ER,277,"A,B,C,D"
출발,인천,대한항공,KE053,호놀룰루,20250907,21:05,21:05,21:35,여객,출발,,A330-300,272,"A,B,C,D"
출발,인천,대한항공,KE655,수안나폼(방콕),20250907,21:15,21:15,21:42,여객,출발,,A330-300,272,"A,B,C,D"
출발,인천,에어부산,BX787,깜라인(나트랑),20250907,21:30,21:30,22:38,여객,지연,항공교통흐름에 의한 지연,A321,195,"E,F,G,L"
출발,인천,진에어,LJ885,엔스 쉬자핑,20250907,21:45,21:45,22:21,여객,출발,,B737-800,189,"H,F,G,L"
출발,인천,네덜란드항공,KL856,암스테르담,20250907,22:25,22:25,23:08,여객,지연,항공교통흐름에 의한 지연,B787-9,294,"M,F,G,L"
출발,인천,대한항공,KE619,마닐라,20250907,22:35,22:35,22:45,여객,출발,,A330-300,272,"A,B,C,D"
출발,인천,대한항공,KE647,싱가포르,20250907,23:35,23:35,23:58,여객,출발,,B777-300ER,277,"A,B,C,D"
출발,인천,대한항공,KE1401,김해,20250908,6:35,6:35,6:46,여객,출발,,B737-900,188,
출발,인천,에어부산,BX164,도쿄/나리타,20250908,7:15,7:15,7:29,여객,출발,,A321,195,"E,F,G,L"
출발,인천,진에어,LJ261,후쿠오카,20250908,7:15,7:15,7:31,여객,출발,,B737-800,189,"H,F,G,L"
출발,인천,에어부산,BX156,후쿠오카,20250908,7:20,8:40,8:58,여객,지연,항공기 연결에 의한 지연,A321,195,"E,F,G,L"
출발,인천,대한항공,KE787,후쿠오카,20250908,7:25,7:25,7:53,여객,출발,,B737-900,188,"A,B,C,D"
출발,인천,진에어,LJ201,도쿄/나리타,20250908,7:25,7:25,7:56,여객,출발,,B737-800,189,"H,F,G,L"
출발,인천,대한항공,KE795,나가사키,20250908,7:30,7:30,7:48,여객,출발,,B737-900,188,"A,B,C,D"
출발,인천,진에어,LJ345,나고야,20250908,7:30,7:30,7:46,여객,출발,,B737-800,189,"H,F,G,L"
출발,인천,진에어,LJ231,간사이,20250908,7:40,7:40,8:03,여객,출발,,B737-800,189,"H,F,G,L"
출발,인천,대한항공,KE173,홍콩,20250908,7:45,10:45,11:04,여객,지연,기상에 의한 지연,A321neo,182,"A,B,C,D"
출발,인천,대한항공,KE621,마닐라,20250908,7:50,7:50,8:27,여객,지연,항공기 정비에 의한 지연,B737-900,188,"A,B,C,D"
출발,인천,진에어,LJ731,타오위안,20250908,7:50,7:50,8:12,여객,출발,,B737-800,189,"H,F,G,L"
출발,인천,대한항공,KE845,청도,20250908,7:50,7:50,8:05,여객,출발,,B737-900,188,"A,B,C,D"
출발,인천,대한항공,KE131,정저우,20250908,8:00,8:00,8:08,여객,출발,,B737-900,188,"A,B,C,D"
출발,인천,대한항공,KE441,노이바이(하노이),20250908,8:00,8:00,8:14,여객,출발,,A330-300,272,"A,B,C,D"
출발,인천,대한항공,KE197,칭기즈칸(신 울란바토르) 국제공항,20250908,8:10,8:10,8:24,여객,출발,,B737-900,188,"A,B,C,D"
출발,인천,대한항공,KE767,아오모리,20250908,8:10,8:10,8:28,여객,출발,,B737-900,188,"A,B,C,D"
출발,인천,진에어,LJ241,간사이,20250908,8:10,8:10,8:34,여객,출발,,B737-800,189,"H,F,G,L"
출발,인천,진에어,LJ357,시모지시마,20250908,8:10,8:10,8:38,여객,출발,,B737-800,189,"H,F,G,L"
출발,인천,대한항공,KE859,베이징,20250908,8:15,8:15,8:29,여객,출발,,B777-300ER,277,"A,B,C,D"
출발,인천,진에어,LJ203,도쿄/나리타,20250908,8:15,8:15,8:44,여객,출발,,B737-800,189,"H,F,G,L"
출발,인천,대한항공,KE1403,김해,20250908,8:20,8:20,8:48,여객,출발,,B737-900,188,
출발,인천,진에어,LJ301,삿포로,20250908,8:20,8:20,8:53,여객,출발,,B737-800,189,"H,F,G,L"
출발,인천,대한항공,KE893,푸동,20250908,8:25,8:25,8:44,여객,출발,,A330-300,272,"A,B,C,D"
출발,인천,대한항공,KE731,고베,20250908,8:25,8:25,8:50,여객,출발,,A321neo,182,"A,B,C,D"
출발,인천,에어 프랑스,AF267,파리,20250908,8:30,8:30,8:58,여객,출발,,B777-300ER,296,"M,F,G,L"
출발,인천,대한항공,KE827,선전(심천),20250908,8:40,8:40,8:53,여객,출발,,B737-900,188,"A,B,C,D"
출발,인천,대한항공,KE831,심양,20250908,8:45,8:05,8:20,여객,출발,,B737-900,188,"A,B,C,D"
출발,인천,대한항공,KE865,광저우,20250908,8:50,8:50,9:09,여객,출발,,A330-300,272,"A,B,C,D"
출발,인천,대한항공,KE819,창사(장사),20250908,9:00,9:00,9:07,여객,출발,,B737-900,188,"A,B,C,D"
출발,인천,대한항공,KE469,떤 선녓(호찌민),20250908,9:05,9:33,9:53,여객,지연,항공교통흐름에 의한 지연,A330-300,272,"A,B,C,D"
출발,인천,진에어,LJ361,이시가키,20250908,9:05,9:05,9:25,여객,출발,,B737-800,189,"H,F,G,L"
출발,인천,대한항공,KE811,시안,20250908,9:10,9:10,9:34,여객,출발,,B737-900,188,"A,B,C,D"
출발,인천,대한항공,KE805,천진,20250908,9:10,9:10,9:27,여객,출발,,B737-900,188,"A,B,C,D"
출발,인천,에어부산,BX172,간사이,20250908,9:15,9:15,9:20,여객,출발,,A321,195,"E,F,G,L"
출발,인천,대한항공,KE035,애틀랜타,20250908,9:20,9:20,9:35,여객,출발,,B777-300ER,277,"A,B,C,D"
출발,인천,대한항공,KE785,가고시마,20250908,9:20,9:20,9:40,여객,출발,,B737-900,188,"A,B,C,D"
출발,인천,진에어,LJ913,괌,20250908,9:20,9:20,9:42,여객,출발,,B737-800,189,"H,F,G,L"
출발,인천,대한항공,KE031,댈러스,20250908,9:30,9:30,9:46,여객,출발,,B787-9,269,"A,B,C,D"
출발,인천,대한항공,KE091,보스턴,20250908,9:30,9:30,9:53,여객,출발,,B787-9,269,"A,B,C,D"
출발,인천,대한항공,KE755,오키나와,20250908,9:30,9:30,9:47,여객,출발,,B737-900,188,"A,B,C,D"
출발,인천,대한항공,KE657,수안나폼(방콕),20250908,9:30,10:02,10:23,여객,지연,항공교통흐름에 의한 지연,A330-300,272,"A,B,C,D"
출발,인천,대한항공,KE073,토론토,20250908,9:35,9:35,10:00,여객,출발,,B777-300ER,277,"A,B,C,D"
출발,인천,대한항공,KE723,간사이,20250908,9:35,9:35,9:50,여객,출발,,A321neo,182,"A,B,C,D"
출발,인천,대한항공,KE421,괌,20250908,9:45,9:45,10:03,여객,출발,,B737-900,188,"A,B,C,D"
출발,인천,진에어,LJ205,도쿄/나리타,20250908,9:45,9:45,10:10,여객,출발,,B737-800,189,"H,F,G,L"
출발,인천,진에어,LJ341,오키나와,20250908,9:55,9:55,10:18,여객,출발,,B737-800,189,"H,F,G,L"
출발,인천,대한항공,KE081,뉴욕,20250908,10:00,10:00,10:31,여객,출발,,A380-800,407,"A,B,C,D"
출발,인천,대한항공,KE703,도쿄/나리타,20250908,10:05,10:05,10:28,여객,출발,,A321neo,182,"A,B,C,D"
출발,인천,대한항공,KE765,삿포로,20250908,10:05,10:05,10:13,여객,출발,,B737-900,188,"A,B,C,D"
출발,인천,델타항공,DL158,디트로이트,20250908,10:15,10:15,10:21,여객,출발,,A350-900,306,"K,F,G,L"
출발,인천,대한항공,KE093,워싱톤,20250908,10:25,10:25,10:44,여객,출발,,B777-300ER,277,"A,B,C,D"
출발,인천,대한항공,KE101,남경,20250908,10:25,10:25,10:48,여객,출발,,A321neo,182,"A,B,C,D"
출발,인천,대한항공,KE937,비엔나,20250908,10:25,10:25,10:41,여객,출발,,B787-9,269,"A,B,C,D"
출발,인천,대한항공,KE185,타오위안,20250908,10:30,10:30,11:00,여객,출발,,A321neo,182,"A,B,C,D"
출발,인천,대한항공,KE741,나고야,20250908,10:35,10:35,10:53,여객,출발,,A321neo,182,"A,B,C,D"
출발,인천,가루다인도네시아,GA879,자카르타(수카르노 하타),20250908,10:35,10:35,10:55,여객,출발,,A330-900neo,301,"J,F,G,L"
출발,인천,대한항공,KE037,시카고,20250908,10:40,10:40,10:57,여객,출발,,B777-300ER,277,"A,B,C,D"
출발,인천,대한항공,KE855,베이징,20250908,10:40,10:40,11:10,여객,출발,,A330-300,272,"A,B,C,D"
출발,인천,대한항공,KE969,프라하,20250908,10:45,10:45,11:06,여객,출발,,B787-9,269,"A,B,C,D"
출발,인천,대한항공,KE457,다낭,20250908,10:55,10:55,11:32,여객,출발,,B737-900,188,"A,B,C,D"
출발,인천,대한항공,KE907,런던히드로,20250908,10:55,10:55,11:24,여객,출발,,A380-800,407,"A,B,C,D"
출발,인천,대한항공,KE897,푸동,20250908,11:10,11:10,11:36,여객,출발,,B777-300ER,277,"A,B,C,D"
출발,인천,대한항공,KE901,파리,20250908,11:10,11:10,11:33,여객,출발,,B777-300ER,277,"A,B,C,D"
출발,인천,에어부산,BX158,후쿠오카,20250908,11:25,11:25,11:37,여객,출발,,A321,195,"E,F,G,L"
출발,인천,가루다인도네시아,GA871,덴파사(응우라 라이),20250908,11:25,11:25,11:41,여객,출발,,A330-300,251,"J,F,G,L"
출발,인천,아에로멕시코,AM091,멕시코시티,20250908,11:40,11:40,12:11,여객,출발,,B787-9,274,"H,F,G,L"
출발,인천,대한항공,KE925,암스테르담,20250908,11:55,11:55,12:21,여객,출발,,B777-300ER,277,"A,B,C,D"
출발,인천,대한항공,KE107,항저우,20250908,12:00,12:00,12:49,여객,지연,여객 및 화물처리에 의한 지연,A321neo,182,"A,B,C,D"
출발,인천,중화항공,CI165,가오슝,20250908,12:05,12:23,12:45,여객,지연,항공교통흐름에 의한 지연,A321neo,180,"J,F,G,L"
출발,인천,진에어,LJ263,후쿠오카,20250908,12:10,12:10,12:24,여객,출발,,B737-800,189,"H,F,G,L"
출발,인천,대한항공,KE769,삿포로,20250908,12:35,13:25,13:40,여객,지연,항공기 정비에 의한 지연,B737-900,188,"A,B,C,D"
출발,인천,대한항공,KE803,천진,20250908,12:35,12:35,12:47,여객,출발,,B737-900,188,"A,B,C,D"
출발,인천,대한항공,KE963,부다페스트,20250908,12:35,12:35,13:09,여객,출발,,B787-9,269,"A,B,C,D"
출발,인천,중화항공,CI161,타오위안,20250908,12:35,12:35,13:05,여객,출발,,A330-300,277,"J,F,G,L"
출발,인천,에어부산,BX174,간사이,20250908,12:40,13:30,13:57,여객,지연,항공기 연결에 의한 지연,A321,195,"E,F,G,L"
출발,인천,대한항공,KE711,도쿄/나리타,20250908,13:00,13:00,13:27,여객,출발,,A321neo,182,"A,B,C,D"
출발,인천,대한항공,KE869,대련,20250908,13:00,13:00,13:15,여객,출발,,B737-900,188,"A,B,C,D"
출발,인천,대한항공,KE843,청도,20250908,13:05,13:05,13:20,여객,출발,,B737-900,188,"A,B,C,D"
출발,인천,대한항공,KE931,로마,20250908,13:20,13:20,13:44,여객,출발,,B777-300ER,277,"A,B,C,D"
출발,인천,대한항공,KE175,홍콩,20250908,13:25,13:25,13:42,여객,출발,,A321neo,182,"A,B,C,D"
출발,인천,대한항공,KE135,허페이,20250908,13:25,13:25,13:51,여객,출발,,B737-900,188,"A,B,C,D"
출발,인천,대한항공,KE951,두바이,20250908,13:25,16:00,16:43,여객,지연,항공기 연결에 의한 지연,B777-300ER,277,"A,B,C,D"
출발,인천,샤먼항공,MF872,샤먼 가오치,20250908,13:30,13:30,13:47,여객,출발,,B737-800,168,"J,F,G,L"
출발,인천,대한항공,KE695,카트만두,20250908,13:35,13:35,14:02,여객,출발,,A330-300,272,"A,B,C,D"
출발,인천,대한항공,KE927,밀라노,20250908,13:40,13:40,14:00,여객,출발,,B787-9,269,"A,B,C,D"
출발,인천,대한항공,KE955,이스탄불,20250908,13:40,13:40,13:53,여객,출발,,B777-300ER,277,"A,B,C,D"
출발,인천,대한항공,KE789,후쿠오카,20250908,13:45,13:45,14:09,여객,출발,,B737-900,188,"A,B,C,D"
출발,인천,진에어,LJ861,청도,20250908,13:50,13:50,14:04,여객,출발,,B737-800,189,"H,F,G,L"
출발,인천,대한항공,KE017,로스앤젤레스,20250908,14:30,14:30,14:43,여객,출발,,B747-8i,368,"A,B,C,D"
출발,인천,진에어,LJ359,다카마쓰,20250908,14:30,14:30,14:48,여객,출발,,B737-800,189,"H,F,G,L"
출발,인천,대한항공,KE833,심양,20250908,14:35,14:35,14:54,여객,출발,,B737-900,188,"A,B,C,D"
출발,인천,진에어,LJ237,간사이,20250908,14:40,14:40,15:03,여객,출발,,B737-800,189,"H,F,G,L"
출발,인천,대한항공,KE643,싱가포르,20250908,14:45,14:45,15:15,여객,출발,,A330-300,272,"A,B,C,D"
출발,인천,진에어,LJ209,도쿄/나리타,20250908,14:45,14:45,15:13,여객,출발,,B737-800,189,"H,F,G,L"
출발,인천,대한항공,KE725,간사이,20250908,14:55,14:55,15:18,여객,출발,,A321neo,182,"A,B,C,D"
출발,인천,대한항공,KE627,자카르타(수카르노 하타),20250908,15:10,15:10,15:28,여객,출발,,A330-300,272,"A,B,C,D"
출발,인천,대한항공,KE189,타이중,20250908,15:15,15:15,15:45,여객,출발,,A321neo,182,"A,B,C,D"
출발,인천,에어부산,BX176,간사이,20250908,15:25,15:25,15:48,여객,출발,,A321,195,"E,F,G,L"
출발,인천,진에어,LJ211,도쿄/나리타,20250908,15:35,15:35,15:57,여객,출발,,B737-800,189,"H,F,G,L"
출발,인천,대한항공,KE733,고베,20250908,15:50,15:50,16:09,여객,출발,,A321neo,182,"A,B,C,D"
출발,인천,에어부산,BX166,도쿄/나리타,20250908,15:50,15:50,16:05,여객,출발,,A321,195,"E,F,G,L"
출발,인천,진에어,LJ265,후쿠오카,20250908,15:50,15:50,16:15,여객,출발,,B737-800,189,"H,F,G,L"
출발,인천,대한항공,KE023,샌프란시스코,20250908,16:00,16:00,16:17,여객,출발,,B777-300ER,277,"A,B,C,D"
출발,인천,진에어,LJ239,간사이,20250908,16:05,16:05,16:30,여객,출발,,B737-800,189,"H,F,G,L"
출발,인천,진에어,LJ347,나고야,20250908,16:05,16:05,16:40,여객,출발,,B737-800,189,"H,F,G,L"
출발,인천,대한항공,KE187,타오위안,20250908,16:10,16:10,16:28,여객,출발,,A321neo,182,"A,B,C,D"
출발,인천,대한항공,KE633,덴파사(응우라 라이),20250908,16:10,16:10,16:22,여객,출발,,A330-300,272,"A,B,C,D"
출발,인천,진에어,LJ351,기타규슈,20250908,16:15,16:15,16:45,여객,출발,,B737-800,189,"H,F,G,L"
출발,인천,대한항공,KE671,쿠알라룸푸르,20250908,16:20,16:20,17:18,여객,지연,항공기 연결에 의한 지연,A330-300,272,"A,B,C,D"
출발,인천,델타항공,DL188,애틀랜타,20250908,16:25,16:25,16:36,여객,출발,,A350-900,306,"K,F,G,L"
출발,인천,대한항공,KE041,시애틀,20250908,16:40,16:40,17:02,여객,출발,,A330-300,272,"A,B,C,D"
출발,인천,대한항공,KE713,도쿄/나리타,20250908,17:05,17:05,17:25,여객,출발,,A321neo,182,"A,B,C,D"
출발,인천,대한항공,KE1405,김해,20250908,17:10,17:10,17:27,여객,출발,,B737-900,188,
출발,인천,진에어,LJ009,치앙마이,20250908,17:10,17:10,17:43,여객,출발,,B737-800,189,"H,F,G,L"
출발,인천,대한항공,KE489,양곤,20250908,17:15,17:15,17:39,여객,출발,,B737-900,188,"A,B,C,D"
출발,인천,에어부산,BX747,수안나폼(방콕),20250908,17:15,17:15,17:37,여객,출발,,A321,195,"E,F,G,L"
출발,인천,대한항공,KE8425,괌,20250908,17:15,17:15,17:33,여객,출발,,B737-900,188,"A,B,C,D"
출발,인천,진에어,LJ919,괌,20250908,17:35,17:35,17:52,여객,출발,,B737-800,189,"H,F,G,L"
출발,인천,대한항공,KE629,덴파사(응우라 라이),20250908,17:45,17:45,17:58,여객,출발,,A330-300,272,"A,B,C,D"
출발,인천,대한항공,KE663,푸껫,20250908,17:50,17:50,18:15,여객,출발,,B737-900,188,"A,B,C,D"
출발,인천,대한항공,KE411,오클랜드,20250908,18:00,18:00,18:17,여객,출발,,B787-9,269,"A,B,C,D"
출발,인천,대한항공,KE651,수안나폼(방콕),20250908,18:05,18:05,18:33,여객,출발,,A330-300,272,"A,B,C,D"
출발,인천,대한항공,KE461,다낭,20250908,18:20,18:20,18:46,여객,출발,,B737-900,188,"A,B,C,D"
출발,인천,대한항공,KE667,치앙마이,20250908,18:25,18:25,18:48,여객,출발,,B737-900,188,"A,B,C,D"
출발,인천,대한항공,KE1407,김해,20250908,18:25,18:25,18:56,여객,출발,,B737-900,188,
출발,인천,대한항공,KE705,도쿄/나리타,20250908,18:35,18:35,19:01,여객,출발,,A321neo,182,"A,B,C,D"
출발,인천,대한항공,KE871,대련,20250908,18:35,18:35,18:57,여객,출발,,B737-900,188,"A,B,C,D"
출발,인천,대한항공,KE161,쿤밍,20250908,18:40,18:40,19:10,여객,출발,,B737-900,188,"A,B,C,D"
출발,인천,대한항공,KE645,싱가포르,20250908,18:40,18:40,19:14,여객,출발,,A330-300,272,"A,B,C,D"
출발,인천,대한항공,KE781,후쿠오카,20250908,18:40,18:40,19:07,여객,출발,,B737-900,188,"A,B,C,D"
출발,인천,델타항공,DL170,미니애폴리스,20250908,18:40,18:40,18:54,여객,출발,,A350-900,306,"K,F,G,L"
출발,인천,대한항공,KE423,괌,20250908,18:40,18:40,19:12,여객,출발,,B737-900,188,"A,B,C,D"
출발,인천,대한항공,KE071,밴쿠버,20250908,18:45,18:45,19:29,여객,지연,공항 및 출입국 절차에 의한 지연,B787-9,269,"A,B,C,D"
출발,인천,대한항공,KE453,노이바이(하노이),20250908,18:45,18:45,19:17,여객,출발,,B737-900,188,"A,B,C,D"
출발,인천,대한항공,KE475,떤 선녓(호찌민),20250908,18:45,18:45,19:31,여객,지연,항공교통흐름에 의한 지연,B737-900,188,"A,B,C,D"
출발,인천,대한항공,KE623,마닐라,20250908,18:50,18:50,19:23,여객,출발,,B737-900,188,"A,B,C,D"
출발,인천,대한항공,KE689,프놈펜,20250908,18:50,19:14,19:38,여객,지연,지상조업 관련 지연,B737-900,188,"A,B,C,D"
출발,인천,대한항공,KE743,나고야,20250908,18:50,19:06,19:33,여객,지연,항공교통흐름에 의한 지연,A321neo,182,"A,B,C,D"
출발,인천,델타항공,DL26,애틀랜타,20250908,18:50,18:50,19:20,여객,출발,,A350-900,306,"K,F,G,L"
출발,인천,대한항공,KE895,푸동,20250908,18:55,19:11,19:35,여객,지연,항공교통흐름에 의한 지연,A330-300,272,"A,B,C,D"
출발,인천,대한항공,KE721,간사이,20250908,19:00,19:19,19:40,여객,지연,항공교통흐름에 의한 지연,A321neo,182,"A,B,C,D"
출발,인천,대한항공,KE401,시드니,20250908,19:10,19:24,19:47,여객,지연,항공교통흐름에 의한 지연,A380-800,407,"A,B,C,D"
출발,인천,델타항공,DL196,시애틀,20250908,19:20,19:10,19:44,여객,출발,,A330-900neo,281,"K,F,G,L"
출발,인천,대한항공,KE085,뉴욕,20250908,19:30,20:00,20:31,여객,지연,기타 원인에 의한 지연,B747-8i,368,"A,B,C,D"
출발,인천,대한항공,KE1431,대구,20250908,19:30,19:30,19:56,여객,출발,,B737-900,188,
출발,인천,대한항공,KE1409,김해,20250908,19:35,19:35,20:11,여객,지연,항공교통흐름에 의한 지연,B737-900,188,
출발,인천,델타항공,DL172,솔트레이크시티,20250908,19:40,19:40,20:00,여객,출발,,A350-900,306,"K,F,G,L"
출발,인천,대한항공,KE177,홍콩,20250908,19:45,19:45,20:16,여객,지연,항공교통흐름에 의한 지연,A321neo,182,"A,B,C,D"
출발,인천,대한항공,KE477,떤 선녓(호찌민),20250908,19:45,19:45,20:22,여객,지연,항공교통흐름에 의한 지연,B737-900,188,"A,B,C,D"
출발,인천,대한항공,KE659,수안나폼(방콕),20250908,19:45,19:45,20:25,여객,지연,항공교통흐름에 의한 지연,B737-900,188,"A,B,C,D"
출발,인천,진에어,LJ001,수안나폼(방콕),20250908,19:55,19:55,20:37,여객,지연,,B737-800,189,"H,F,G,L"
출발,인천,대한항공,KE853,베이징,20250908,20:00,21:20,22:09,여객,지연,항공기 연결에 의한 지연,A330-300,272,"A,B,C,D"
출발,인천,대한항공,KE467,깜라인(나트랑),20250908,20:00,20:00,20:41,여객,지연,기타 원인에 의한 지연,B737-900,188,"A,B,C,D"
출발,인천,대한항공,KE615,세부,20250908,20:05,20:05,20:35,여객,출발,,B737-900,188,"A,B,C,D"
출발,인천,대한항공,KE407,브리즈번,20250908,20:05,21:00,21:30,여객,지연,기타 원인에 의한 지연,A330-300,272,"A,B,C,D"
출발,인천,대한항공,KE625,마닐라,20250908,20:15,20:15,20:58,여객,지연,여객 및 화물처리에 의한 지연,B737-900,188,"A,B,C,D"
출발,인천,대한항공,KE011,로스앤젤레스,20250908,20:25,20:25,20:59,여객,출발,,A380-800,407,"A,B,C,D"
출발,인천,진에어,LJ081,다낭,20250908,20:25,20:25,20:52,여객,출발,,B737-800,189,"H,F,G,L"
출발,인천,대한항공,KE719,하네다,20250908,20:30,21:20,21:59,여객,지연,항공기 연결에 의한 지연,A321neo,182,"A,B,C,D"
출발,인천,중화항공,CI163,타오위안,20250908,20:35,20:35,21:02,여객,출발,,A330-300,277,"J,F,G,L"
출발,인천,샤먼항공,MF878,푸저우(복주),20250908,20:35,20:35,20:50,여객,출발,,B737-800,168,"J,F,G,L"
출발,인천,진에어,LJ087,깜라인(나트랑),20250908,20:40,20:40,21:19,여객,출발,,B737-800,189,"H,F,G,L"
출발,인천,진에어,LJ917,괌,20250908,20:50,20:50,21:11,여객,출발,,B737-800,189,"H,F,G,L"
출발,인천,대한항공,KE005,라스베이거스,20250908,21:00,21:00,21:38,여객,출발,,B777-300ER,277,"A,B,C,D"
출발,인천,대한항공,KE053,호놀룰루,20250908,21:05,21:05,21:45,여객,출발,,A330-300,272,"A,B,C,D"
출발,인천,대한항공,KE655,수안나폼(방콕),20250908,21:15,21:15,21:52,여객,지연,항공교통흐름에 의한 지연,A330-300,272,"A,B,C,D"
출발,인천,네덜란드항공,KL856,암스테르담,20250908,22:25,22:25,22:51,여객,출발,,B787-9,294,"M,F,G,L"
출발,인천,대한항공,KE619,마닐라,20250908,22:35,22:35,23:11,여객,출발,,A330-300,272,"A,B,C,D"
출발,인천,대한항공,KE075,밴쿠버,20250908,22:40,23:00,23:29,여객,지연,항공기 연결에 의한 지연,B787-9,269,"A,B,C,D"
출발,인천,대한항공,KE1401,김해,20250909,6:35,6:35,6:50,여객,출발,,B737-900,188,
출발,인천,에어서울,RS711,간사이,20250909,7:15,7:15,7:46,여객,출발,,A321,195,"E,F,G,L"
출발,인천,에어부산,BX164,도쿄/나리타,20250909,7:15,7:15,7:30,여객,출발,,A321,195,"E,F,G,L"
출발,인천,진에어,LJ261,후쿠오카,20250909,7:15,7:15,7:49,여객,출발,,B737-800,189,"H,F,G,L"
출발,인천,에어부산,BX156,후쿠오카,20250909,7:20,7:20,7:43,여객,출발,,A321,195,"E,F,G,L"
출발,인천,에어서울,RS727,후쿠오카,20250909,7:20,7:20,7:58,여객,출발,,A321,195,"E,F,G,L"
출발,인천,대한항공,KE787,후쿠오카,20250909,7:25,7:25,7:36,여객,출발,,B737-900,188,"A,B,C,D"
출발,인천,진에어,LJ201,도쿄/나리타,20250909,7:25,7:25,8:00,여객,출발,,B737-800,189,"H,F,G,L"
출발,인천,대한항공,KE771,오카야마,20250909,7:30,7:30,8:08,여객,출발,,B737-900,188,"A,B,C,D"
출발,인천,진에어,LJ345,나고야,20250909,7:30,7:30,7:57,여객,출발,,B737-800,189,"H,F,G,L"
출발,인천,진에어,LJ231,간사이,20250909,7:40,8:40,8:20,여객,지연,항공교통흐름에 의한 지연,B737-800,189,"H,F,G,L"
출발,인천,대한항공,KE173,홍콩,20250909,7:45,7:45,8:02,여객,출발,,A321neo,182,"A,B,C,D"
출발,인천,대한항공,KE621,마닐라,20250909,7:50,7:50,8:20,여객,출발,,B737-900,188,"A,B,C,D"
출발,인천,진에어,LJ731,타오위안,20250909,7:50,8:11,8:27,여객,지연,공항 및 출입국 절차에 의한 지연,B737-800,189,"H,F,G,L"
출발,인천,대한항공,KE845,청도,20250909,7:50,7:50,8:10,여객,출발,,B737-900,188,"A,B,C,D"
출발,인천,대한항공,KE131,정저우,20250909,8:00,8:00,8:18,여객,출발,,B737-900,188,"A,B,C,D"
출발,인천,대한항공,KE441,노이바이(하노이),20250909,8:00,8:00,8:24,여객,출발,,A330-300,272,"A,B,C,D"
출발,인천,대한항공,KE197,칭기즈칸(신 울란바토르) 국제공항,20250909,8:10,8:10,8:29,여객,출발,,B737-900,188,"A,B,C,D"
출발,인천,에어서울,RS705,도쿄/나리타,20250909,8:10,8:40,9:04,여객,지연,항공기 연결에 의한 지연,A321,195,"E,F,G,L"
출발,인천,진에어,LJ241,간사이,20250909,8:10,8:40,8:58,여객,지연,항공교통흐름에 의한 지연,B737-800,189,"H,F,G,L"
출발,인천,대한항공,KE859,베이징,20250909,8:15,8:15,8:34,여객,출발,,B777-300ER,277,"A,B,C,D"
출발,인천,대한항공,KE127,푸저우(복주),20250909,8:20,8:20,8:36,여객,출발,,B737-900,188,"A,B,C,D"
출발,인천,대한항공,KE1403,김해,20250909,8:20,9:00,9:13,여객,지연,항공기 연결에 의한 지연,B737-900,188,
출발,인천,진에어,LJ301,삿포로,20250909,8:20,8:20,8:42,여객,출발,,B737-800,189,"H,F,G,L"
출발,인천,대한항공,KE893,푸동,20250909,8:25,8:25,8:48,여객,출발,,A330-300,272,"A,B,C,D"
출발,인천,대한항공,KE731,고베,20250909,8:25,8:25,8:45,여객,출발,,A321neo,182,"A,B,C,D"
출발,인천,에어 프랑스,AF267,파리,20250909,8:30,8:30,8:55,여객,출발,,B777-300ER,296,"M,F,G,L"
출발,인천,대한항공,KE827,선전(심천),20250909,8:40,8:40,8:58,여객,출발,,B737-900,188,"A,B,C,D"
출발,인천,에어서울,RS741,다카마쓰,20250909,8:45,8:45,9:01,여객,출발,,A321,195,"E,F,G,L"
출발,인천,대한항공,KE831,심양,20250909,8:45,8:05,8:25,여객,출발,,B737-900,188,"A,B,C,D"
출발,인천,대한항공,KE865,광저우,20250909,8:50,8:50,9:04,여객,출발,,A330-300,272,"A,B,C,D"
출발,인천,대한항공,KE137,우한,20250909,8:50,9:10,9:22,여객,출발,,B737-900,188,"A,B,C,D"
출발,인천,대한항공,KE469,떤 선녓(호찌민),20250909,9:05,9:05,9:20,여객,출발,,A330-300,272,"A,B,C,D"
출발,인천,진에어,LJ361,이시가키,20250909,9:05,9:05,9:27,여객,출발,,B737-800,189,"H,F,G,L"
출발,인천,대한항공,KE811,시안,20250909,9:10,9:10,9:26,여객,출발,,B737-900,188,"A,B,C,D"
출발,인천,대한항공,KE805,천진,20250909,9:10,9:10,9:33,여객,출발,,B737-900,188,"A,B,C,D"
출발,인천,에어부산,BX172,간사이,20250909,9:15,9:15,9:43,여객,출발,,A321,195,"E,F,G,L"
출발,인천,대한항공,KE035,애틀랜타,20250909,9:20,9:20,9:40,여객,출발,,B777-300ER,277,"A,B,C,D"
출발,인천,진에어,LJ913,괌,20250909,9:20,9:20,9:45,여객,출발,,B737-800,189,"H,F,G,L"
출발,인천,대한항공,KE031,댈러스,20250909,9:30,9:30,9:54,여객,출발,,B787-9,269,"A,B,C,D"
출발,인천,대한항공,KE091,보스턴,20250909,9:30,9:30,9:47,여객,출발,,B787-9,269,"A,B,C,D"
출발,인천,대한항공,KE777,구마모토,20250909,9:30,9:30,9:56,여객,출발,,B737-900,188,"A,B,C,D"
출발,인천,대한항공,KE755,오키나와,20250909,9:30,9:30,9:49,여객,출발,,B737-900,188,"A,B,C,D"
출발,인천,대한항공,KE657,수안나폼(방콕),20250909,9:30,9:30,9:43,여객,출발,,A330-300,272,"A,B,C,D"
출발,인천,대한항공,KE073,토론토,20250909,9:35,9:35,9:59,여객,출발,,B777-300ER,277,"A,B,C,D"
출발,인천,대한항공,KE723,간사이,20250909,9:35,9:35,10:02,여객,출발,,A321neo,182,"A,B,C,D"
출발,인천,대한항공,KE763,니가타,20250909,9:40,9:40,10:09,여객,출발,,B737-900,188,"A,B,C,D"
출발,인천,대한항공,KE421,괌,20250909,9:45,9:45,10:07,여객,출발,,B737-900,188,"A,B,C,D"
출발,인천,진에어,LJ205,도쿄/나리타,20250909,9:45,9:45,10:05,여객,출발,,B737-800,189,"H,F,G,L"
출발,인천,대한항공,KE913,마드리드,20250909,9:55,9:55,10:28,여객,출발,,B787-9,269,"A,B,C,D"
출발,인천,진에어,LJ341,오키나와,20250909,9:55,10:19,10:42,여객,지연,운항 기준 및 승무원 관련 지연,B737-800,189,"H,F,G,L"
출발,인천,대한항공,KE081,뉴욕,20250909,10:00,10:00,10:38,여객,출발,,A380-800,407,"A,B,C,D"
출발,인천,대한항공,KE765,삿포로,20250909,10:05,10:05,10:41,여객,출발,,B737-900,188,"A,B,C,D"
출발,인천,대한항공,KE703,도쿄/나리타,20250909,10:10,10:10,10:35,여객,출발,,A321neo,182,"A,B,C,D"
출발,인천,델타항공,DL158,디트로이트,20250909,10:15,19:00,19:25,여객,지연,항공기 정비에 의한 지연,A350-900,306,"K,F,G,L"
출발,인천,대한항공,KE125,샤먼 가오치,20250909,10:20,10:20,10:54,여객,출발,,B737-900,188,"A,B,C,D"
출발,인천,대한항공,KE169,마카오,20250909,10:20,10:20,10:40,여객,출발,,A321neo,182,"A,B,C,D"
출발,인천,대한항공,KE093,워싱톤,20250909,10:25,10:25,10:47,여객,출발,,B777-300ER,277,"A,B,C,D"
출발,인천,대한항공,KE185,타오위안,20250909,10:30,10:30,10:48,여객,출발,,A321neo,182,"A,B,C,D"
출발,인천,대한항공,KE741,나고야,20250909,10:35,10:35,11:05,여객,출발,,A321neo,182,"A,B,C,D"
출발,인천,가루다인도네시아,GA879,자카르타(수카르노 하타),20250909,10:35,10:35,11:06,여객,출발,,A330-900neo,301,"J,F,G,L"
출발,인천,대한항공,KE037,시카고,20250909,10:40,10:40,11:00,여객,출발,,B777-300ER,277,"A,B,C,D"
출발,인천,대한항공,KE457,다낭,20250909,10:55,10:55,11:25,여객,출발,,B737-900,188,"A,B,C,D"
출발,인천,대한항공,KE907,런던히드로,20250909,10:55,10:55,11:29,여객,출발,,A380-800,407,"A,B,C,D"
출발,인천,대한항공,KE917,취리히,20250909,11:05,11:05,11:33,여객,출발,,B787-9,269,"A,B,C,D"
출발,인천,대한항공,KE945,프랑크푸르트,20250909,11:05,11:05,11:45,여객,출발,,A380-800,407,"A,B,C,D"
출발,인천,대한항공,KE897,푸동,20250909,11:10,11:10,11:40,여객,출발,,B777-300ER,277,"A,B,C,D"
출발,인천,대한항공,KE901,파리,20250909,11:10,11:10,11:57,여객,지연,항공교통흐름에 의한 지연,B777-300ER,277,"A,B,C,D"
출발,인천,에어부산,BX158,후쿠오카,20250909,11:25,11:25,11:42,여객,출발,,A321,195,"E,F,G,L"
출발,인천,가루다인도네시아,GA871,덴파사(응우라 라이),20250909,11:25,11:25,11:53,여객,출발,,A330-300,251,"J,F,G,L"
출발,인천,아에로멕시코,AM091,멕시코시티,20250909,11:40,11:40,11:54,여객,출발,,B787-9,274,"H,F,G,L"
출발,인천,대한항공,KE925,암스테르담,20250909,11:55,11:55,12:24,여객,출발,,B777-300ER,277,"A,B,C,D"
출발,인천,중화항공,CI165,가오슝,20250909,12:05,12:05,12:12,여객,출발,,A321neo,180,"J,F,G,L"
출발,인천,진에어,LJ263,후쿠오카,20250909,12:10,12:10,12:36,여객,출발,,B737-800,189,"H,F,G,L"
출발,인천,에어서울,RS811,장가계,20250909,12:20,12:20,12:50,여객,출발,,A321,195,"E,F,G,L"
출발,인천,대한항공,KE769,삿포로,20250909,12:35,12:35,13:08,여객,출발,,B737-900,188,"A,B,C,D"
출발,인천,대한항공,KE803,천진,20250909,12:35,12:35,13:00,여객,출발,,B737-900,188,"A,B,C,D"
출발,인천,대한항공,KE963,부다페스트,20250909,12:35,12:35,13:22,여객,지연,여객 및 화물처리에 의한 지연,B787-9,269,"A,B,C,D"
출발,인천,중화항공,CI161,타오위안,20250909,12:35,12:35,13:03,여객,출발,,A330-300,277,"J,F,G,L"
출발,인천,에어부산,BX174,간사이,20250909,12:40,12:40,13:12,여객,출발,,A321,195,"E,F,G,L"
출발,인천,대한항공,KE497,델리,20250909,12:55,12:55,13:17,여객,출발,,B787-9,269,"A,B,C,D"
출발,인천,대한항공,KE711,도쿄/나리타,20250909,13:00,13:00,13:27,여객,출발,,A321neo,182,"A,B,C,D"
출발,인천,대한항공,KE869,대련,20250909,13:00,13:00,13:44,여객,지연,항공교통흐름에 의한 지연,B737-900,188,"A,B,C,D"
출발,인천,대한항공,KE843,청도,20250909,13:05,13:05,13:37,여객,출발,,B737-900,188,"A,B,C,D"
출발,인천,대한항공,KE175,홍콩,20250909,13:25,13:25,13:34,여객,출발,,A321neo,182,"A,B,C,D"
출발,인천,대한항공,KE951,두바이,20250909,13:25,13:25,13:41,여객,출발,,B777-300ER,277,"A,B,C,D"
출발,인천,샤먼항공,MF872,샤먼 가오치,20250909,13:30,13:30,13:46,여객,출발,,B737-800,168,"J,F,G,L"
출발,인천,대한항공,KE789,후쿠오카,20250909,13:45,13:45,13:58,여객,출발,,B737-900,188,"A,B,C,D"
출발,인천,진에어,LJ861,청도,20250909,13:50,13:50,14:19,여객,출발,,B737-800,189,"H,F,G,L"
출발,인천,에어서울,RS723,후쿠오카,20250909,14:25,15:00,15:24,여객,지연,항공기 정비에 의한 지연,A321,195,"E,F,G,L"
출발,인천,대한항공,KE017,로스앤젤레스,20250909,14:30,14:30,14:42,여객,출발,,B747-8i,368,"A,B,C,D"
출발,인천,진에어,LJ359,다카마쓰,20250909,14:30,14:30,14:49,여객,출발,,B737-800,189,"H,F,G,L"
출발,인천,대한항공,KE833,심양,20250909,14:35,14:35,14:48,여객,출발,,B737-900,188,"A,B,C,D"
출발,인천,진에어,LJ237,간사이,20250909,14:40,14:40,14:53,여객,출발,,B737-800,189,"H,F,G,L"
출발,인천,대한항공,KE643,싱가포르,20250909,14:45,14:45,14:56,여객,출발,,A330-300,272,"A,B,C,D"
출발,인천,진에어,LJ209,도쿄/나리타,20250909,14:45,14:45,15:04,여객,출발,,B737-800,189,"H,F,G,L"
출발,인천,대한항공,KE725,간사이,20250909,14:55,14:55,15:16,여객,출발,,A321neo,182,"A,B,C,D"
출발,인천,대한항공,KE627,자카르타(수카르노 하타),20250909,15:10,15:10,15:34,여객,출발,,A330-300,272,"A,B,C,D"
출발,인천,대한항공,KE189,타이중,20250909,15:15,15:15,15:38,여객,출발,,A321neo,182,"A,B,C,D"
출발,인천,에어서울,RS715,간사이,20250909,15:20,15:40,16:16,여객,지연,항공기 정비에 의한 지연,A321,195,"E,F,G,L"
출발,인천,에어부산,BX176,간사이,20250909,15:25,15:25,16:00,여객,출발,,A321,195,"E,F,G,L"
출발,인천,대한항공,KE733,고베,20250909,15:50,15:50,16:08,여객,출발,,A321neo,182,"A,B,C,D"
출발,인천,에어부산,BX166,도쿄/나리타,20250909,15:50,15:50,16:14,여객,출발,,A321,195,"E,F,G,L"
출발,인천,진에어,LJ265,후쿠오카,20250909,15:50,15:50,16:06,여객,출발,,B737-800,189,"H,F,G,L"
출발,인천,대한항공,KE023,샌프란시스코,20250909,16:00,16:00,16:19,여객,출발,,B777-300ER,277,"A,B,C,D"
출발,인천,진에어,LJ347,나고야,20250909,16:05,16:21,16:43,여객,지연,공항 및 출입국 절차에 의한 지연,B737-800,189,"H,F,G,L"
출발,인천,대한항공,KE187,타오위안,20250909,16:10,16:10,16:31,여객,출발,,A321neo,182,"A,B,C,D"
출발,인천,대한항공,KE633,덴파사(응우라 라이),20250909,16:10,16:10,16:27,여객,출발,,A330-300,272,"A,B,C,D"
출발,인천,진에어,LJ351,기타규슈,20250909,16:15,16:15,16:40,여객,출발,,B737-800,189,"H,F,G,L"
출발,인천,대한항공,KE671,쿠알라룸푸르,20250909,16:20,16:20,16:50,여객,출발,,A330-300,272,"A,B,C,D"
출발,인천,델타항공,DL188,애틀랜타,20250909,16:25,16:25,16:57,여객,출발,,A350-900,306,"K,F,G,L"
출발,인천,대한항공,KE041,시애틀,20250909,16:40,16:40,17:09,여객,지연,여객 및 화물처리에 의한 지연,A330-300,272,"A,B,C,D"
출발,인천,에어서울,RS703,도쿄/나리타,20250909,16:45,16:45,17:14,여객,출발,,A321,195,"E,F,G,L"
출발,인천,대한항공,KE713,도쿄/나리타,20250909,17:05,17:05,17:18,여객,출발,,A321neo,182,"A,B,C,D"
출발,인천,대한항공,KE1405,김해,20250909,17:10,17:10,17:23,여객,출발,,B737-900,188,
출발,인천,진에어,LJ009,치앙마이,20250909,17:10,17:10,17:39,여객,출발,,B737-800,189,"H,F,G,L"
출발,인천,대한항공,KE485,푸꾸옥,20250909,17:10,17:10,17:25,여객,출발,,B737-900,188,"A,B,C,D"
출발,인천,에어부산,BX747,수안나폼(방콕),20250909,17:15,17:15,17:43,여객,출발,,A321,195,"E,F,G,L"
출발,인천,대한항공,KE8425,괌,20250909,17:15,17:15,17:27,여객,출발,,B737-900,188,"A,B,C,D"
출발,인천,진에어,LJ919,괌,20250909,17:35,17:35,17:44,여객,출발,,B737-800,189,"H,F,G,L"
출발,인천,대한항공,KE629,덴파사(응우라 라이),20250909,17:45,17:45,18:06,여객,출발,,A330-300,272,"A,B,C,D"
출발,인천,대한항공,KE663,푸껫,20250909,17:50,17:50,18:11,여객,출발,,B737-900,188,"A,B,C,D"
출발,인천,대한항공,KE651,수안나폼(방콕),20250909,18:05,18:05,18:32,여객,출발,,A330-300,272,"A,B,C,D"
출발,인천,대한항공,KE461,다낭,20250909,18:20,18:35,18:56,여객,지연,항공교통흐름에 의한 지연,B737-900,188,"A,B,C,D"
출발,인천,대한항공,KE1407,김해,20250909,18:25,18:25,18:42,여객,출발,,B737-900,188,
출발,인천,대한항공,KE705,도쿄/나리타,20250909,18:35,18:35,19:06,여객,출발,,A321neo,182,"A,B,C,D"
출발,인천,대한항공,KE781,후쿠오카,20250909,18:40,18:40,19:13,여객,출발,,B737-900,188,"A,B,C,D"
출발,인천,대한항공,KE645,싱가포르,20250909,18:40,18:40,19:11,여객,출발,,A330-300,272,"A,B,C,D"
출발,인천,델타항공,DL170,미니애폴리스,20250909,18:40,18:40,19:09,여객,출발,,A350-900,306,"K,F,G,L"
출발,인천,대한항공,KE423,괌,20250909,18:40,18:40,19:00,여객,출발,,B737-900,188,"A,B,C,D"
출발,인천,대한항공,KE071,밴쿠버,20250909,18:45,19:06,19:29,여객,지연,운항 기준 및 승무원 관련 지연,B787-9,269,"A,B,C,D"
출발,인천,대한항공,KE453,노이바이(하노이),20250909,18:45,19:10,19:46,여객,지연,항공기 연결에 의한 지연,B737-900,188,"A,B,C,D"
출발,인천,대한항공,KE475,떤 선녓(호찌민),20250909,18:45,19:15,19:35,여객,지연,항공교통흐름에 의한 지연,B737-900,188,"A,B,C,D"
출발,인천,대한항공,KE623,마닐라,20250909,18:50,18:50,19:19,여객,출발,,B737-900,188,"A,B,C,D"
출발,인천,대한항공,KE743,나고야,20250909,18:50,18:50,19:17,여객,출발,,A321neo,182,"A,B,C,D"
출발,인천,대한항공,KE689,프놈펜,20250909,18:50,18:50,19:23,여객,출발,,B737-900,188,"A,B,C,D"
출발,인천,대한항공,KE895,푸동,20250909,18:55,19:10,19:40,여객,지연,항공기 연결에 의한 지연,A330-300,272,"A,B,C,D"
출발,인천,대한항공,KE721,간사이,20250909,19:00,19:00,19:33,여객,출발,,A321neo,182,"A,B,C,D"
출발,인천,대한항공,KE401,시드니,20250909,19:10,19:10,19:48,여객,출발,,A380-800,407,"A,B,C,D"
출발,인천,델타항공,DL196,시애틀,20250909,19:20,20:39,20:59,여객,지연,항공기 연결에 의한 지연,A330-900neo,281,"K,F,G,L"
출발,인천,대한항공,KE163,장가계,20250909,19:25,19:25,19:52,여객,출발,,B737-900,188,"A,B,C,D"
출발,인천,대한항공,KE085,뉴욕,20250909,19:30,19:50,20:21,여객,지연,기타 원인에 의한 지연,B747-8i,368,"A,B,C,D"
출발,인천,대한항공,KE1431,대구,20250909,19:30,19:30,19:54,여객,출발,,B737-900,188,
출발,인천,대한항공,KE1409,김해,20250909,19:35,19:35,20:04,여객,출발,,B737-900,188,
출발,인천,델타항공,DL172,솔트레이크시티,20250909,19:40,19:40,20:00,여객,출발,,A350-900,306,"K,F,G,L"
출발,인천,대한항공,KE177,홍콩,20250909,19:45,19:45,20:19,여객,출발,,A321neo,182,"A,B,C,D"
출발,인천,대한항공,KE477,떤 선녓(호찌민),20250909,19:45,20:10,20:47,여객,지연,항공기 연결에 의한 지연,B737-900,188,"A,B,C,D"
출발,인천,대한항공,KE659,수안나폼(방콕),20250909,19:45,19:45,20:23,여객,지연,여객 및 화물처리에 의한 지연,B737-900,188,"A,B,C,D"
출발,인천,에어서울,RS527,깜라인(나트랑),20250909,19:50,20:05,20:57,여객,지연,항공기 정비에 의한 지연,A321,195,"E,F,G,L"
출발,인천,진에어,LJ001,수안나폼(방콕),20250909,19:55,19:55,20:40,여객,지연,,B737-800,189,"H,F,G,L"
출발,인천,대한항공,KE853,베이징,20250909,20:00,20:00,20:33,여객,출발,,A330-300,272,"A,B,C,D"
출발,인천,대한항공,KE467,깜라인(나트랑),20250909,20:00,20:25,21:07,여객,지연,항공기 연결에 의한 지연,B737-900,188,"A,B,C,D"
출발,인천,대한항공,KE615,세부,20250909,20:05,20:05,20:43,여객,지연,항공교통흐름에 의한 지연,B737-900,188,"A,B,C,D"
출발,인천,대한항공,KE625,마닐라,20250909,20:15,20:32,20:59,여객,지연,항공교통흐름에 의한 지연,B737-900,188,"A,B,C,D"
출발,인천,대한항공,KE011,로스앤젤레스,20250909,20:25,20:25,21:09,여객,지연,여객 및 화물처리에 의한 지연,A380-800,407,"A,B,C,D"
출발,인천,진에어,LJ081,다낭,20250909,20:25,20:25,20:53,여객,출발,,B737-800,189,"H,F,G,L"
출발,인천,대한항공,KE719,하네다,20250909,20:30,20:30,21:03,여객,출발,,A321neo,182,"A,B,C,D"
출발,인천,중화항공,CI163,타오위안,20250909,20:35,20:35,21:02,여객,출발,,A330-300,277,"J,F,G,L"
출발,인천,진에어,LJ087,깜라인(나트랑),20250909,20:40,20:40,21:12,여객,출발,,B737-800,189,"H,F,G,L"
출발,인천,진에어,LJ917,괌,20250909,20:50,20:50,21:07,여객,출발,,B737-800,189,"H,F,G,L"
출발,인천,에어서울,RS581,팡라로,20250909,20:55,21:35,21:51,여객,지연,항공기 연결에 의한 지연,A321,195,"E,F,G,L"
출발,인천,대한항공,KE005,라스베이거스,20250909,21:00,21:00,21:19,여객,출발,,B777-300ER,277,"A,B,C,D"
출발,인천,대한항공,KE053,호놀룰루,20250909,21:05,21:05,21:34,여객,출발,,A330-300,272,"A,B,C,D"
출발,인천,대한항공,KE655,수안나폼(방콕),20250909,21:15,21:15,21:37,여객,출발,,A330-300,272,"A,B,C,D"
출발,인천,네덜란드항공,KL856,암스테르담,20250909,22:25,22:25,22:58,여객,출발,,B787-9,294,"M,F,G,L"
출발,인천,대한항공,KE619,마닐라,20250909,22:35,22:35,22:43,여객,출발,,A330-300,272,"A,B,C,D"
출발,인천,대한항공,KE1401,김해,20250910,6:35,6:35,6:37,여객,출발,,B737-900,188,
출발,인천,에어서울,RS711,간사이,20250910,7:15,7:15,7:40,여객,출발,,A321,195,"E,F,G,L"
출발,인천,에어부산,BX164,도쿄/나리타,20250910,7:15,7:15,7:56,여객,지연,공항 및 출입국 절차에 의한 지연,A321,195,"E,F,G,L"
출발,인천,진에어,LJ261,후쿠오카,20250910,7:15,7:15,7:37,여객,출발,,B737-800,189,"H,F,G,L"
출발,인천,에어부산,BX156,후쿠오카,20250910,7:20,7:20,7:42,여객,출발,,A321,195,"E,F,G,L"
출발,인천,대한항공,KE787,후쿠오카,20250910,7:25,8:25,8:41,여객,지연,기상에 의한 지연,B737-900,188,"A,B,C,D"
출발,인천,진에어,LJ201,도쿄/나리타,20250910,7:25,7:44,8:12,여객,지연,여객 및 화물처리에 의한 지연,B737-800,189,"H,F,G,L"
출발,인천,대한항공,KE771,오카야마,20250910,7:30,7:30,7:51,여객,출발,,B737-900,188,"A,B,C,D"
출발,인천,진에어,LJ345,나고야,20250910,7:30,7:30,8:08,여객,출발,,B737-800,189,"H,F,G,L"
출발,인천,진에어,LJ231,간사이,20250910,7:40,7:40,8:04,여객,출발,,B737-800,189,"H,F,G,L"
출발,인천,대한항공,KE173,홍콩,20250910,7:45,7:45,8:10,여객,출발,,A321neo,182,"A,B,C,D"
출발,인천,대한항공,KE621,마닐라,20250910,7:50,7:50,8:26,여객,지연,공항 및 출입국 절차에 의한 지연,B737-900,188,"A,B,C,D"
출발,인천,진에어,LJ731,타오위안,20250910,7:50,7:50,8:18,여객,출발,,B737-800,189,"H,F,G,L"
출발,인천,대한항공,KE845,청도,20250910,7:50,7:50,8:06,여객,출발,,B737-900,188,"A,B,C,D"
출발,인천,대한항공,KE131,정저우,20250910,8:00,8:00,8:16,여객,출발,,B737-900,188,"A,B,C,D"
출발,인천,대한항공,KE441,노이바이(하노이),20250910,8:00,8:00,8:20,여객,출발,,A330-300,272,"A,B,C,D"
출발,인천,대한항공,KE197,칭기즈칸(신 울란바토르) 국제공항,20250910,8:10,8:10,8:33,여객,출발,,B737-900,188,"A,B,C,D"
출발,인천,에어서울,RS705,도쿄/나리타,20250910,8:10,8:30,9:09,여객,지연,항공기 연결에 의한 지연,A321,195,"E,F,G,L"
출발,인천,진에어,LJ241,간사이,20250910,8:10,8:31,8:55,여객,지연,항공교통흐름에 의한 지연,B737-800,189,"H,F,G,L"
출발,인천,진에어,LJ357,시모지시마,20250910,8:10,8:10,8:30,여객,출발,,B737-800,189,"H,F,G,L"
출발,인천,대한항공,KE859,베이징,20250910,8:15,8:15,8:37,여객,출발,,B777-300ER,277,"A,B,C,D"
출발,인천,진에어,LJ203,도쿄/나리타,20250910,8:15,8:30,8:50,여객,지연,항공기 연결에 의한 지연,B737-800,189,"H,F,G,L"
출발,인천,대한항공,KE1403,김해,20250910,8:20,8:40,8:38,여객,출발,,B737-900,188,
출발,인천,진에어,LJ301,삿포로,20250910,8:20,8:20,8:39,여객,출발,,B737-800,189,"H,F,G,L"
출발,인천,대한항공,KE893,푸동,20250910,8:25,8:25,8:55,여객,출발,,A330-300,272,"A,B,C,D"
출발,인천,대한항공,KE731,고베,20250910,8:25,8:25,8:52,여객,출발,,A321neo,182,"A,B,C,D"
출발,인천,에어 프랑스,AF267,파리,20250910,8:30,8:30,8:52,여객,출발,,B777-300ER,296,"M,F,G,L"
출발,인천,델타항공,DL9926,애틀랜타,20250910,8:30,8:30,8:47,여객,출발,,A350-900,306,"K,F,G,L"
출발,인천,대한항공,KE775,고마쓰,20250910,8:35,8:35,9:01,여객,출발,,B737-900,188,"A,B,C,D"
출발,인천,대한항공,KE827,선전(심천),20250910,8:40,8:40,9:08,여객,출발,,B737-900,188,"A,B,C,D"
출발,인천,에어서울,RS741,다카마쓰,20250910,8:45,8:45,9:12,여객,출발,,A321,195,"E,F,G,L"
출발,인천,대한항공,KE831,심양,20250910,8:45,8:35,9:11,여객,지연,항공기 연결에 의한 지연,B737-900,188,"A,B,C,D"
출발,인천,대한항공,KE865,광저우,20250910,8:50,8:50,9:16,여객,출발,,A330-300,272,"A,B,C,D"
출발,인천,대한항공,KE137,우한,20250910,8:50,8:50,9:13,여객,출발,,B737-900,188,"A,B,C,D"
출발,인천,대한항공,KE819,창사(장사),20250910,9:00,9:00,9:40,여객,출발,,B737-900,188,"A,B,C,D"
출발,인천,대한항공,KE469,떤 선녓(호찌민),20250910,9:05,9:05,9:27,여객,출발,,A330-300,272,"A,B,C,D"
출발,인천,대한항공,KE811,시안,20250910,9:10,9:10,9:44,여객,출발,,B737-900,188,"A,B,C,D"
출발,인천,대한항공,KE805,천진,20250910,9:10,9:10,9:35,여객,출발,,B737-900,188,"A,B,C,D"
출발,인천,에어부산,BX172,간사이,20250910,9:15,9:15,9:41,여객,출발,,A321,195,"E,F,G,L"
출발,인천,대한항공,KE035,애틀랜타,20250910,9:20,9:20,9:43,여객,출발,,B777-300ER,277,"A,B,C,D"
출발,인천,대한항공,KE785,가고시마,20250910,9:20,9:20,9:39,여객,출발,,B737-900,188,"A,B,C,D"
출발,인천,진에어,LJ913,괌,20250910,9:20,9:20,9:37,여객,출발,,B737-800,189,"H,F,G,L"
출발,인천,에어서울,RS701,도쿄/나리타,20250910,9:25,9:25,9:48,여객,출발,,A321,195,"E,F,G,L"
출발,인천,대한항공,KE031,댈러스,20250910,9:30,9:30,10:15,여객,출발,,B787-9,269,"A,B,C,D"
출발,인천,대한항공,KE091,보스턴,20250910,9:30,9:30,10:00,여객,출발,,B787-9,269,"A,B,C,D"
출발,인천,대한항공,KE755,오키나와,20250910,9:30,9:30,9:51,여객,출발,,B737-900,188,"A,B,C,D"
출발,인천,대한항공,KE657,수안나폼(방콕),20250910,9:30,9:30,9:57,여객,출발,,A330-300,272,"A,B,C,D"
출발,인천,대한항공,KE073,토론토,20250910,9:35,9:35,10:23,여객,지연,공항 및 출입국 절차에 의한 지연,B777-300ER,277,"A,B,C,D"
출발,인천,대한항공,KE723,간사이,20250910,9:35,9:35,10:12,여객,출발,,A321neo,182,"A,B,C,D"
출발,인천,대한항공,KE421,괌,20250910,9:45,9:45,10:25,여객,출발,,B737-900,188,"A,B,C,D"
출발,인천,진에어,LJ205,도쿄/나리타,20250910,9:45,9:45,10:18,여객,출발,,B737-800,189,"H,F,G,L"
출발,인천,진에어,LJ341,오키나와,20250910,9:55,9:55,10:15,여객,출발,,B737-800,189,"H,F,G,L"
출발,인천,대한항공,KE081,뉴욕,20250910,10:00,10:00,10:41,여객,지연,운항 기준 및 승무원 관련 지연,A380-800,407,"A,B,C,D"
출발,인천,대한항공,KE765,삿포로,20250910,10:05,10:05,10:32,여객,출발,,B737-900,188,"A,B,C,D"
출발,인천,대한항공,KE703,도쿄/나리타,20250910,10:10,10:10,11:08,여객,지연,지상조업 관련 지연,A321neo,182,"A,B,C,D"
출발,인천,델타항공,DL158,디트로이트,20250910,10:15,10:15,10:37,여객,출발,,A350-900,306,"K,F,G,L"
출발,인천,대한항공,KE169,마카오,20250910,10:20,10:20,10:35,여객,출발,,A321neo,182,"A,B,C,D"
출발,인천,대한항공,KE093,워싱톤,20250910,10:25,10:25,10:56,여객,출발,,B777-300ER,277,"A,B,C,D"
출발,인천,대한항공,KE101,남경,20250910,10:25,10:25,11:01,여객,출발,,A321neo,182,"A,B,C,D"
출발,인천,대한항공,KE937,비엔나,20250910,10:25,10:25,10:43,여객,출발,,B787-9,269,"A,B,C,D"
출발,인천,대한항공,KE185,타오위안,20250910,10:30,10:30,11:08,여객,지연,기타 원인에 의한 지연,A321neo,182,"A,B,C,D"
출발,인천,대한항공,KE741,나고야,20250910,10:35,10:35,10:53,여객,출발,,A321neo,182,"A,B,C,D"
출발,인천,가루다인도네시아,GA879,자카르타(수카르노 하타),20250910,10:35,10:35,10:48,여객,출발,,A330-900neo,301,"J,F,G,L"
출발,인천,대한항공,KE037,시카고,20250910,10:40,10:40,11:05,여객,출발,,B777-300ER,277,"A,B,C,D"
출발,인천,대한항공,KE855,베이징,20250910,10:40,10:40,11:05,여객,출발,,A330-300,272,"A,B,C,D"
출발,인천,대한항공,KE969,프라하,20250910,10:45,10:45,11:21,여객,출발,,B787-9,269,"A,B,C,D"
출발,인천,대한항공,KE457,다낭,20250910,10:55,10:55,11:17,여객,출발,,B737-900,188,"A,B,C,D"
출발,인천,대한항공,KE907,런던히드로,20250910,10:55,10:55,11:25,여객,출발,,A380-800,407,"A,B,C,D"
출발,인천,대한항공,KE945,프랑크푸르트,20250910,11:05,11:32,12:01,여객,지연,공항 및 출입국 절차에 의한 지연,A380-800,407,"A,B,C,D"
출발,인천,대한항공,KE897,푸동,20250910,11:10,11:10,11:37,여객,출발,,B777-300ER,277,"A,B,C,D"
출발,인천,대한항공,KE901,파리,20250910,11:10,11:10,11:39,여객,출발,,B777-300ER,277,"A,B,C,D"
출발,인천,에어부산,BX158,후쿠오카,20250910,11:25,11:25,11:41,여객,출발,,A321,195,"E,F,G,L"
출발,인천,아에로멕시코,AM091,멕시코시티,20250910,11:40,11:40,12:12,여객,출발,,B787-9,274,"H,F,G,L"
출발,인천,대한항공,KE107,항저우,20250910,12:00,12:00,12:24,여객,출발,,A321neo,182,"A,B,C,D"
출발,인천,중화항공,CI165,가오슝,20250910,12:05,12:05,12:26,여객,출발,,A321neo,180,"J,F,G,L"
출발,인천,진에어,LJ263,후쿠오카,20250910,12:10,12:10,12:36,여객,출발,,B737-800,189,"H,F,G,L"
출발,인천,대한항공,KE769,삿포로,20250910,12:35,12:35,12:53,여객,출발,,B737-900,188,"A,B,C,D"
출발,인천,대한항공,KE803,천진,20250910,12:35,12:35,12:48,여객,출발,,B737-900,188,"A,B,C,D"
출발,인천,중화항공,CI161,타오위안,20250910,12:35,12:35,12:42,여객,출발,,A330-300,277,"J,F,G,L"
출발,인천,에어부산,BX174,간사이,20250910,12:40,12:40,13:00,여객,출발,,A321,195,"E,F,G,L"
출발,인천,대한항공,KE711,도쿄/나리타,20250910,13:00,13:00,13:28,여객,출발,,A321neo,182,"A,B,C,D"
출발,인천,대한항공,KE869,대련,20250910,13:00,13:00,13:15,여객,출발,,B737-900,188,"A,B,C,D"
출발,인천,대한항공,KE921,리스본,20250910,13:00,13:00,13:22,여객,출발,,B787-9,269,"A,B,C,D"
출발,인천,대한항공,KE843,청도,20250910,13:05,13:05,13:40,여객,출발,,B737-900,188,"A,B,C,D"
출발,인천,대한항공,KE931,로마,20250910,13:20,14:20,14:51,여객,지연,항공기 연결에 의한 지연,B777-300ER,277,"A,B,C,D"
출발,인천,대한항공,KE175,홍콩,20250910,13:25,13:25,13:46,여객,출발,,A321neo,182,"A,B,C,D"
출발,인천,에어서울,RS745,요나고,20250910,13:25,13:25,13:48,여객,출발,,A321,195,"E,F,G,L"
출발,인천,대한항공,KE135,허페이,20250910,13:25,13:25,13:44,여객,출발,,B737-900,188,"A,B,C,D"
출발,인천,대한항공,KE951,두바이,20250910,13:25,13:25,14:04,여객,지연,항공교통흐름에 의한 지연,B777-300ER,277,"A,B,C,D"
출발,인천,샤먼항공,MF872,샤먼 가오치,20250910,13:30,13:30,13:51,여객,출발,,B737-800,168,"J,F,G,L"
출발,인천,대한항공,KE927,밀라노,20250910,13:40,13:40,14:09,여객,출발,,B787-9,269,"A,B,C,D"
출발,인천,대한항공,KE955,이스탄불,20250910,13:40,13:40,14:13,여객,출발,,B777-300ER,277,"A,B,C,D"
출발,인천,대한항공,KE789,후쿠오카,20250910,13:45,13:45,14:11,여객,출발,,B737-900,188,"A,B,C,D"
출발,인천,진에어,LJ861,청도,20250910,13:50,13:50,14:17,여객,출발,,B737-800,189,"H,F,G,L"
출발,인천,에어서울,RS723,후쿠오카,20250910,14:25,14:25,14:43,여객,출발,,A321,195,"E,F,G,L"
출발,인천,대한항공,KE017,로스앤젤레스,20250910,14:30,14:30,14:49,여객,출발,,B747-8i,368,"A,B,C,D"
출발,인천,진에어,LJ359,다카마쓰,20250910,14:30,14:30,14:53,여객,출발,,B737-800,189,"H,F,G,L"
출발,인천,대한항공,KE833,심양,20250910,14:35,14:35,14:59,여객,출발,,B737-900,188,"A,B,C,D"
출발,인천,진에어,LJ237,간사이,20250910,14:40,14:40,15:08,여객,출발,,B737-800,189,"H,F,G,L"
출발,인천,대한항공,KE643,싱가포르,20250910,14:45,14:45,15:12,여객,출발,,A330-300,272,"A,B,C,D"
출발,인천,진에어,LJ209,도쿄/나리타,20250910,14:45,14:45,15:04,여객,출발,,B737-800,189,"H,F,G,L"
출발,인천,대한항공,KE725,간사이,20250910,14:55,14:55,15:31,여객,지연,항공교통흐름에 의한 지연,A321neo,182,"A,B,C,D"
출발,인천,대한항공,KE627,자카르타(수카르노 하타),20250910,15:10,15:10,15:41,여객,출발,,A330-300,272,"A,B,C,D"
출발,인천,대한항공,KE189,타이중,20250910,15:15,15:15,15:54,여객,출발,,A321neo,182,"A,B,C,D"
출발,인천,에어서울,RS715,간사이,20250910,15:20,15:50,16:34,여객,지연,항공교통흐름에 의한 지연,A321,195,"E,F,G,L"
출발,인천,에어부산,BX176,간사이,20250910,15:25,15:25,16:20,여객,지연,항공교통흐름에 의한 지연,A321,195,"E,F,G,L"
출발,인천,대한항공,KE733,고베,20250910,15:50,16:20,17:06,여객,지연,항공기 연결에 의한 지연,A321neo,182,"A,B,C,D"
출발,인천,에어부산,BX166,도쿄/나리타,20250910,15:50,15:50,16:24,여객,출발,,A321,195,"E,F,G,L"
출발,인천,진에어,LJ265,후쿠오카,20250910,15:50,15:50,16:18,여객,출발,,B737-800,189,"H,F,G,L"
출발,인천,대한항공,KE023,샌프란시스코,20250910,16:00,16:00,16:38,여객,지연,항공교통흐름에 의한 지연,B777-300ER,277,"A,B,C,D"
출발,인천,진에어,LJ347,나고야,20250910,16:05,16:05,16:28,여객,출발,,B737-800,189,"H,F,G,L"
출발,인천,대한항공,KE187,타오위안,20250910,16:10,16:10,16:49,여객,지연,기타 원인에 의한 지연,A321neo,182,"A,B,C,D"
출발,인천,대한항공,KE633,덴파사(응우라 라이),20250910,16:10,16:10,16:36,여객,출발,,A330-300,272,"A,B,C,D"
출발,인천,진에어,LJ351,기타규슈,20250910,16:15,16:31,16:59,여객,지연,공항 및 출입국 절차에 의한 지연,B737-800,189,"H,F,G,L"
출발,인천,대한항공,KE671,쿠알라룸푸르,20250910,16:20,16:20,16:55,여객,출발,,A330-300,272,"A,B,C,D"
출발,인천,델타항공,DL188,애틀랜타,20250910,16:25,16:41,17:02,여객,지연,공항 및 출입국 절차에 의한 지연,A350-900,306,"K,F,G,L"
출발,인천,대한항공,KE041,시애틀,20250910,16:40,16:40,17:13,여객,출발,,A330-300,272,"A,B,C,D"
출발,인천,에어서울,RS703,도쿄/나리타,20250910,16:45,16:45,17:20,여객,출발,,A321,195,"E,F,G,L"
출발,인천,대한항공,KE713,도쿄/나리타,20250910,17:05,17:05,17:26,여객,출발,,A321neo,182,"A,B,C,D"
출발,인천,대한항공,KE1405,김해,20250910,17:10,17:10,17:24,여객,출발,,B737-900,188,
출발,인천,진에어,LJ009,치앙마이,20250910,17:10,17:32,17:52,여객,지연,여객 및 화물처리에 의한 지연,B737-800,189,"H,F,G,L"
출발,인천,에어부산,BX747,수안나폼(방콕),20250910,17:15,17:15,17:29,여객,출발,,A321,195,"E,F,G,L"
출발,인천,대한항공,KE8425,괌,20250910,17:15,17:15,17:41,여객,출발,,B737-900,188,"A,B,C,D"
출발,인천,진에어,LJ919,괌,20250910,17:35,17:35,17:54,여객,출발,,B737-800,189,"H,F,G,L"
출발,인천,대한항공,KE629,덴파사(응우라 라이),20250910,17:45,17:45,18:14,여객,출발,,A330-300,272,"A,B,C,D"
출발,인천,대한항공,KE663,푸껫,20250910,17:50,17:50,18:18,여객,출발,,B737-900,188,"A,B,C,D"
출발,인천,대한항공,KE411,오클랜드,20250910,18:00,18:00,18:29,여객,출발,,B787-9,269,"A,B,C,D"
출발,인천,대한항공,KE651,수안나폼(방콕),20250910,18:05,18:05,18:47,여객,지연,항공교통흐름에 의한 지연,A330-300,272,"A,B,C,D"
출발,인천,대한항공,KE461,다낭,20250910,18:20,18:20,18:45,여객,출발,,B737-900,188,"A,B,C,D"
출발,인천,대한항공,KE667,치앙마이,20250910,18:25,18:25,19:00,여객,출발,,B737-900,188,"A,B,C,D"
출발,인천,대한항공,KE1407,김해,20250910,18:25,18:40,19:07,여객,지연,항공기 정비에 의한 지연,B737-900,188,
출발,인천,대한항공,KE705,도쿄/나리타,20250910,18:35,18:35,19:06,여객,출발,,A321neo,182,"A,B,C,D"
출발,인천,대한항공,KE871,대련,20250910,18:35,18:35,18:57,여객,출발,,B737-900,188,"A,B,C,D"
출발,인천,대한항공,KE161,쿤밍,20250910,18:40,18:40,19:09,여객,출발,,B737-900,188,"A,B,C,D"
출발,인천,대한항공,KE645,싱가포르,20250910,18:40,18:40,19:17,여객,출발,,A330-300,272,"A,B,C,D"
출발,인천,대한항공,KE781,후쿠오카,20250910,18:40,18:40,19:04,여객,출발,,B737-900,188,"A,B,C,D"
출발,인천,델타항공,DL170,미니애폴리스,20250910,18:40,18:40,19:20,여객,출발,,A350-900,306,"K,F,G,L"
출발,인천,대한항공,KE423,괌,20250910,18:40,19:05,19:45,여객,지연,항공기 연결에 의한 지연,B737-900,188,"A,B,C,D"
출발,인천,대한항공,KE071,밴쿠버,20250910,18:45,18:45,19:23,여객,지연,항공교통흐름에 의한 지연,B787-9,269,"A,B,C,D"
출발,인천,대한항공,KE453,노이바이(하노이),20250910,18:45,18:45,19:28,여객,지연,항공기 연결에 의한 지연,B737-900,188,"A,B,C,D"
출발,인천,대한항공,KE475,떤 선녓(호찌민),20250910,18:45,18:45,19:26,여객,지연,여객 및 화물처리에 의한 지연,B737-900,188,"A,B,C,D"
출발,인천,대한항공,KE623,마닐라,20250910,18:50,18:50,19:24,여객,지연,항공기 연결에 의한 지연,B737-900,188,"A,B,C,D"
출발,인천,대한항공,KE743,나고야,20250910,18:50,18:50,19:17,여객,출발,,A321neo,182,"A,B,C,D"
출발,인천,델타항공,DL26,애틀랜타,20250910,18:50,18:50,19:14,여객,출발,,A350-900,306,"K,F,G,L"
출발,인천,대한항공,KE689,프놈펜,20250910,18:50,18:50,19:15,여객,출발,,B737-900,188,"A,B,C,D"
출발,인천,대한항공,KE895,푸동,20250910,18:55,18:55,19:21,여객,출발,,A330-300,272,"A,B,C,D"
출발,인천,대한항공,KE721,간사이,20250910,19:00,19:00,19:26,여객,출발,,A321neo,182,"A,B,C,D"
출발,인천,대한항공,KE401,시드니,20250910,19:10,19:10,19:34,여객,출발,,A380-800,407,"A,B,C,D"
출발,인천,진에어,LJ131,코타키나발루,20250910,19:10,19:10,19:43,여객,출발,,B737-800,189,"H,F,G,L"
출발,인천,델타항공,DL196,시애틀,20250910,19:20,19:20,19:38,여객,출발,,A330-900neo,281,"K,F,G,L"
출발,인천,대한항공,KE163,장가계,20250910,19:25,19:25,19:39,여객,출발,,B737-900,188,"A,B,C,D"
출발,인천,에어서울,RS581,팡라로,20250910,19:25,19:25,19:48,여객,출발,,A321,195,"E,F,G,L"
출발,인천,대한항공,KE085,뉴욕,20250910,19:30,19:30,19:51,여객,출발,,B747-8i,368,"A,B,C,D"
출발,인천,대한항공,KE1431,대구,20250910,19:30,19:30,20:01,여객,출발,,B737-900,188,
출발,인천,대한항공,KE1409,김해,20250910,19:35,19:35,19:56,여객,출발,,B737-900,188,
출발,인천,델타항공,DL172,솔트레이크시티,20250910,19:40,19:40,19:59,여객,출발,,A350-900,306,"K,F,G,L"
출발,인천,대한항공,KE177,홍콩,20250910,19:45,19:45,20:03,여객,출발,,A321neo,182,"A,B,C,D"
출발,인천,대한항공,KE477,떤 선녓(호찌민),20250910,19:45,19:45,20:29,여객,지연,여객 및 화물처리에 의한 지연,B737-900,188,"A,B,C,D"
출발,인천,대한항공,KE659,수안나폼(방콕),20250910,19:45,19:45,20:15,여객,출발,,B737-900,188,"A,B,C,D"
출발,인천,에어서울,RS527,깜라인(나트랑),20250910,19:50,19:50,20:51,여객,지연,항공교통흐름에 의한 지연,A321,195,"E,F,G,L"
출발,인천,진에어,LJ001,수안나폼(방콕),20250910,19:55,20:22,20:41,여객,지연,공항 및 출입국 절차에 의한 지연,B737-800,189,"H,F,G,L"
출발,인천,대한항공,KE853,베이징,20250910,20:00,20:00,20:36,여객,출발,,A330-300,272,"A,B,C,D"
출발,인천,대한항공,KE467,깜라인(나트랑),20250910,20:00,20:00,20:25,여객,출발,,B737-900,188,"A,B,C,D"
출발,인천,대한항공,KE615,세부,20250910,20:05,20:05,20:56,여객,지연,항공기 연결에 의한 지연,B737-900,188,"A,B,C,D"
출발,인천,대한항공,KE407,브리즈번,20250910,20:05,20:20,20:57,여객,지연,공항 및 출입국 절차에 의한 지연,A330-300,272,"A,B,C,D"
출발,인천,대한항공,KE625,마닐라,20250910,20:15,20:35,21:08,여객,지연,항공기 연결에 의한 지연,B737-900,188,"A,B,C,D"
출발,인천,대한항공,KE011,로스앤젤레스,20250910,20:25,20:25,20:40,여객,출발,,A380-800,407,"A,B,C,D"
출발,인천,진에어,LJ081,다낭,20250910,20:25,20:25,20:48,여객,출발,,B737-800,189,"H,F,G,L"
출발,인천,대한항공,KE719,하네다,20250910,20:30,20:30,20:46,여객,출발,,A321neo,182,"A,B,C,D"
출발,인천,중화항공,CI163,타오위안,20250910,20:35,20:35,20:53,여객,출발,,A330-300,277,"J,F,G,L"
출발,인천,샤먼항공,MF878,푸저우(복주),20250910,20:35,20:35,20:39,여객,출발,,B737-800,168,"J,F,G,L"
출발,인천,진에어,LJ087,깜라인(나트랑),20250910,20:40,20:56,21:20,여객,지연,항공교통흐름에 의한 지연,B737-800,189,"H,F,G,L"
출발,인천,진에어,LJ043,팡라로,20250910,20:50,20:50,21:14,여객,출발,,B737-800,189,"H,F,G,L"
출발,인천,진에어,LJ917,괌,20250910,20:50,20:50,21:10,여객,출발,,B737-800,189,"H,F,G,L"
출발,인천,대한항공,KE005,라스베이거스,20250910,21:00,21:00,21:12,여객,출발,,B777-300ER,277,"A,B,C,D"
출발,인천,대한항공,KE053,호놀룰루,20250910,21:05,21:05,21:27,여객,출발,,A330-300,272,"A,B,C,D"
출발,인천,대한항공,KE655,수안나폼(방콕),20250910,21:15,21:15,21:42,여객,출발,,A330-300,272,"A,B,C,D"
출발,인천,에어부산,BX787,깜라인(나트랑),20250910,21:30,21:30,22:26,여객,지연,항공교통흐름에 의한 지연,A321,195,"E,F,G,L"
출발,인천,네덜란드항공,KL856,암스테르담,20250910,22:25,22:25,22:44,여객,출발,,B787-9,294,"M,F,G,L"
출발,인천,대한항공,KE619,마닐라,20250910,22:35,22:35,22:46,여객,출발,,A330-300,272,"A,B,C,D"
출발,인천,대한항공,KE075,밴쿠버,20250910,22:40,22:40,23:01,여객,출발,,B787-9,269,"A,B,C,D"
출발,인천,대한항공,KE647,싱가포르,20250910,23:35,23:35,23:58,여객,출발,,B777-300ER,277,"A,B,C,D"
출발,인천,대한항공,KE1401,김해,20250911,6:35,6:35,6:50,여객,출발,,B737-900,188,
출발,인천,에어서울,RS711,간사이,20250911,7:15,7:15,7:41,여객,출발,,A321,195,"E,F,G,L"
출발,인천,에어부산,BX164,도쿄/나리타,20250911,7:15,7:15,7:31,여객,출발,,A321,195,"E,F,G,L"
출발,인천,진에어,LJ261,후쿠오카,20250911,7:15,7:15,7:32,여객,출발,,B737-800,189,"H,F,G,L"
출발,인천,에어부산,BX156,후쿠오카,20250911,7:20,7:20,7:43,여객,출발,,A321,195,"E,F,G,L"
출발,인천,에어서울,RS727,후쿠오카,20250911,7:20,7:20,7:54,여객,지연,공항 및 출입국 절차에 의한 지연,A321,195,"E,F,G,L"
출발,인천,대한항공,KE787,후쿠오카,20250911,7:25,7:25,7:46,여객,출발,,B737-900,188,"A,B,C,D"
출발,인천,진에어,LJ201,도쿄/나리타,20250911,7:25,7:54,8:12,여객,지연,공항 및 출입국 절차에 의한 지연,B737-800,189,"H,F,G,L"
출발,인천,대한항공,KE795,나가사키,20250911,7:30,7:30,7:57,여객,지연,항공교통흐름에 의한 지연,B737-900,188,"A,B,C,D"
출발,인천,진에어,LJ345,나고야,20250911,7:30,7:30,7:52,여객,출발,,B737-800,189,"H,F,G,L"
출발,인천,진에어,LJ231,간사이,20250911,7:40,7:40,7:59,여객,출발,,B737-800,189,"H,F,G,L"
출발,인천,대한항공,KE173,홍콩,20250911,7:45,7:45,8:06,여객,출발,,A321neo,182,"A,B,C,D"
출발,인천,대한항공,KE621,마닐라,20250911,7:50,7:50,8:17,여객,출발,,B737-900,188,"A,B,C,D"
출발,인천,진에어,LJ731,타오위안,20250911,7:50,8:08,8:28,여객,지연,여객 및 화물처리에 의한 지연,B737-800,189,"H,F,G,L"
출발,인천,대한항공,KE845,청도,20250911,7:50,7:50,8:13,여객,출발,,B737-900,188,"A,B,C,D"
출발,인천,대한항공,KE131,정저우,20250911,8:00,8:00,8:22,여객,출발,,B737-900,188,"A,B,C,D"
출발,인천,대한항공,KE441,노이바이(하노이),20250911,8:00,8:00,8:24,여객,출발,,A330-300,272,"A,B,C,D"
출발,인천,대한항공,KE197,칭기즈칸(신 울란바토르) 국제공항,20250911,8:10,8:10,8:30,여객,출발,,B737-900,188,"A,B,C,D"
출발,인천,대한항공,KE767,아오모리,20250911,8:10,8:10,8:34,여객,출발,,B737-900,188,"A,B,C,D"
출발,인천,진에어,LJ357,시모지시마,20250911,8:10,8:10,8:32,여객,출발,,B737-800,189,"H,F,G,L"
출발,인천,대한항공,KE859,베이징,20250911,8:15,8:15,8:40,여객,출발,,B777-300ER,277,"A,B,C,D"
출발,인천,진에어,LJ203,도쿄/나리타,20250911,8:15,8:15,8:31,여객,출발,,B737-800,189,"H,F,G,L"
출발,인천,대한항공,KE127,푸저우(복주),20250911,8:20,8:20,8:48,여객,출발,,B737-900,188,"A,B,C,D"
출발,인천,대한항공,KE1403,김해,20250911,8:20,8:20,8:36,여객,출발,,B737-900,188,
출발,인천,진에어,LJ301,삿포로,20250911,8:20,8:20,8:50,여객,출발,,B737-800,189,"H,F,G,L"
출발,인천,대한항공,KE893,푸동,20250911,8:25,8:25,8:38,여객,출발,,A330-300,272,"A,B,C,D"
출발,인천,대한항공,KE731,고베,20250911,8:25,8:25,8:53,여객,출발,,A321neo,182,"A,B,C,D"
출발,인천,에어 프랑스,AF267,파리,20250911,8:30,8:53,9:09,여객,지연,항공기 연결에 의한 지연,B777-300ER,296,"M,F,G,L"
출발,인천,대한항공,KE827,선전(심천),20250911,8:40,8:40,9:00,여객,출발,,B737-900,188,"A,B,C,D"
출발,인천,대한항공,KE831,심양,20250911,8:45,8:05,8:26,여객,출발,,B737-900,188,"A,B,C,D"
출발,인천,대한항공,KE865,광저우,20250911,8:50,8:50,9:06,여객,출발,,A330-300,272,"A,B,C,D"
출발,인천,대한항공,KE137,우한,20250911,8:50,8:50,9:19,여객,출발,,B737-900,188,"A,B,C,D"
출발,인천,대한항공,KE819,창사(장사),20250911,9:00,9:00,9:27,여객,출발,,B737-900,188,"A,B,C,D"
출발,인천,대한항공,KE469,떤 선녓(호찌민),20250911,9:05,9:05,9:38,여객,출발,,A330-300,272,"A,B,C,D"
출발,인천,진에어,LJ361,이시가키,20250911,9:05,9:05,9:22,여객,출발,,B737-800,189,"H,F,G,L"
출발,인천,대한항공,KE811,시안,20250911,9:10,9:10,9:52,여객,지연,항공교통흐름에 의한 지연,B737-900,188,"A,B,C,D"
출발,인천,대한항공,KE805,천진,20250911,9:10,9:10,9:44,여객,출발,,B737-900,188,"A,B,C,D"
출발,인천,에어부산,BX172,간사이,20250911,9:15,9:15,9:30,여객,출발,,A321,195,"E,F,G,L"
출발,인천,대한항공,KE035,애틀랜타,20250911,9:20,9:20,9:41,여객,출발,,B777-300ER,277,"A,B,C,D"
출발,인천,진에어,LJ913,괌,20250911,9:20,9:20,9:36,여객,출발,,B737-800,189,"H,F,G,L"
출발,인천,에어서울,RS701,도쿄/나리타,20250911,9:25,9:25,9:57,여객,지연,공항 및 출입국 절차에 의한 지연,A321,195,"E,F,G,L"
출발,인천,대한항공,KE031,댈러스,20250911,9:30,9:30,10:00,여객,출발,,B787-9,269,"A,B,C,D"
출발,인천,대한항공,KE091,보스턴,20250911,9:30,9:30,9:54,여객,출발,,B787-9,269,"A,B,C,D"
출발,인천,대한항공,KE777,구마모토,20250911,9:30,9:30,9:59,여객,출발,,B737-900,188,"A,B,C,D"
출발,인천,에어서울,RS745,요나고,20250911,9:30,9:30,9:44,여객,출발,,A321,195,"E,F,G,L"
출발,인천,대한항공,KE755,오키나와,20250911,9:30,9:48,10:04,여객,지연,지상조업 관련 지연,B737-900,188,"A,B,C,D"
출발,인천,대한항공,KE657,수안나폼(방콕),20250911,9:30,9:30,9:58,여객,출발,,A330-300,272,"A,B,C,D"
출발,인천,대한항공,KE073,토론토,20250911,9:35,9:35,10:10,여객,출발,,B777-300ER,277,"A,B,C,D"
출발,인천,대한항공,KE723,간사이,20250911,9:35,9:35,10:04,여객,출발,,A321neo,182,"A,B,C,D"
출발,인천,대한항공,KE763,니가타,20250911,9:40,9:40,10:07,여객,출발,,B737-900,188,"A,B,C,D"
출발,인천,대한항공,KE421,괌,20250911,9:45,9:45,10:12,여객,출발,,B737-900,188,"A,B,C,D"
출발,인천,진에어,LJ205,도쿄/나리타,20250911,9:45,10:02,10:18,여객,지연,항공교통흐름에 의한 지연,B737-800,189,"H,F,G,L"
출발,인천,대한항공,KE913,마드리드,20250911,9:55,10:15,10:44,여객,지연,공항 및 출입국 절차에 의한 지연,B787-9,269,"A,B,C,D"
출발,인천,진에어,LJ341,오키나와,20250911,9:55,9:55,10:13,여객,출발,,B737-800,189,"H,F,G,L"
출발,인천,대한항공,KE081,뉴욕,20250911,10:00,10:00,10:33,여객,출발,,A380-800,407,"A,B,C,D"
출발,인천,대한항공,KE765,삿포로,20250911,10:05,10:20,10:24,여객,출발,,B737-900,188,"A,B,C,D"
출발,인천,대한항공,KE703,도쿄/나리타,20250911,10:10,10:10,10:43,여객,출발,,A321neo,182,"A,B,C,D"
출발,인천,델타항공,DL158,디트로이트,20250911,10:15,10:15,10:27,여객,출발,,A350-900,306,"K,F,G,L"
출발,인천,대한항공,KE125,샤먼 가오치,20250911,10:20,10:20,10:59,여객,지연,항공기 연결에 의한 지연,B737-900,188,"A,B,C,D"
출발,인천,대한항공,KE169,마카오,20250911,10:20,10:20,10:46,여객,출발,,A321neo,182,"A,B,C,D"
출발,인천,대한항공,KE093,워싱톤,20250911,10:25,10:25,10:49,여객,출발,,B777-300ER,277,"A,B,C,D"
출발,인천,대한항공,KE185,타오위안,20250911,10:30,10:50,11:21,여객,지연,항공기 연결에 의한 지연,A321neo,182,"A,B,C,D"
출발,인천,대한항공,KE741,나고야,20250911,10:35,10:35,10:54,여객,출발,,A321neo,182,"A,B,C,D"
출발,인천,가루다인도네시아,GA879,자카르타(수카르노 하타),20250911,10:35,10:35,10:55,여객,출발,,A330-900neo,301,"J,F,G,L"
출발,인천,대한항공,KE037,시카고,20250911,10:40,10:40,11:17,여객,지연,여객 및 화물처리에 의한 지연,B777-300ER,277,"A,B,C,D"
출발,인천,대한항공,KE457,다낭,20250911,10:55,10:55,11:25,여객,출발,,B737-900,188,"A,B,C,D"
출발,인천,대한항공,KE907,런던히드로,20250911,10:55,10:55,11:29,여객,출발,,A380-800,407,"A,B,C,D"
출발,인천,대한항공,KE917,취리히,20250911,11:05,11:05,11:35,여객,출발,,B787-9,269,"A,B,C,D"
출발,인천,대한항공,KE897,푸동,20250911,11:10,11:43,12:06,여객,지연,여객 및 화물처리에 의한 지연,B777-300ER,277,"A,B,C,D"
출발,인천,대한항공,KE901,파리,20250911,11:10,11:35,11:51,여객,지연,운항 기준 및 승무원 관련 지연,B777-300ER,277,"A,B,C,D"
출발,인천,에어부산,BX158,후쿠오카,20250911,11:25,11:25,12:13,여객,지연,공항 및 출입국 절차에 의한 지연,A321,195,"E,F,G,L"
출발,인천,가루다인도네시아,GA871,덴파사(응우라 라이),20250911,11:25,11:49,12:09,여객,지연,항공기 연결에 의한 지연,A330-300,251,"J,F,G,L"
출발,인천,아에로멕시코,AM091,멕시코시티,20250911,11:40,11:40,12:45,여객,지연,항공기 정비에 의한 지연,B787-9,274,"H,F,G,L"
출발,인천,대한항공,KE925,암스테르담,20250911,11:55,11:55,12:33,여객,지연,항공교통흐름에 의한 지연,B777-300ER,277,"A,B,C,D"
출발,인천,중화항공,CI165,가오슝,20250911,12:05,12:05,12:36,여객,출발,,A321neo,180,"J,F,G,L"
출발,인천,진에어,LJ263,후쿠오카,20250911,12:10,12:10,12:35,여객,출발,,B737-800,189,"H,F,G,L"
출발,인천,에어서울,RS811,장가계,20250911,12:20,12:20,12:41,여객,출발,,A321,195,"E,F,G,L"
출발,인천,대한항공,KE769,삿포로,20250911,12:35,12:35,12:54,여객,출발,,B737-900,188,"A,B,C,D"
출발,인천,대한항공,KE803,천진,20250911,12:35,12:35,13:13,여객,지연,항공교통흐름에 의한 지연,B737-900,188,"A,B,C,D"
출발,인천,대한항공,KE963,부다페스트,20250911,12:35,12:35,13:16,여객,지연,운항 기준 및 승무원 관련 지연,B787-9,269,"A,B,C,D"
출발,인천,중화항공,CI161,타오위안,20250911,12:35,12:35,12:56,여객,출발,,A330-300,277,"J,F,G,L"
출발,인천,에어부산,BX174,간사이,20250911,12:40,12:40,12:58,여객,출발,,A321,195,"E,F,G,L"
출발,인천,대한항공,KE497,델리,20250911,12:55,13:10,13:39,여객,지연,항공기 연결에 의한 지연,B787-9,269,"A,B,C,D"
출발,인천,대한항공,KE711,도쿄/나리타,20250911,13:00,13:25,13:49,여객,지연,항공교통흐름에 의한 지연,A321neo,182,"A,B,C,D"
출발,인천,대한항공,KE869,대련,20250911,13:00,13:00,13:31,여객,출발,,B737-900,188,"A,B,C,D"
출발,인천,대한항공,KE843,청도,20250911,13:05,13:05,13:35,여객,출발,,B737-900,188,"A,B,C,D"
출발,인천,대한항공,KE175,홍콩,20250911,13:25,13:25,13:55,여객,출발,,A321neo,182,"A,B,C,D"
출발,인천,대한항공,KE135,허페이,20250911,13:25,13:42,14:03,여객,지연,항공교통흐름에 의한 지연,B737-900,188,"A,B,C,D"
출발,인천,대한항공,KE951,두바이,20250911,13:25,13:40,14:17,여객,지연,항공기 연결에 의한 지연,B777-300ER,277,"A,B,C,D"
출발,인천,샤먼항공,MF872,샤먼 가오치,20250911,13:30,13:30,13:56,여객,출발,,B737-800,168,"J,F,G,L"
출발,인천,대한항공,KE789,후쿠오카,20250911,13:45,13:45,14:07,여객,출발,,B737-900,188,"A,B,C,D"
출발,인천,에어서울,RS723,후쿠오카,20250911,14:25,14:25,14:40,여객,출발,,A321,195,"E,F,G,L"
출발,인천,대한항공,KE017,로스앤젤레스,20250911,14:30,14:30,15:14,여객,지연,여객 및 화물처리에 의한 지연,B747-8i,368,"A,B,C,D"
출발,인천,진에어,LJ359,다카마쓰,20250911,14:30,14:30,15:05,여객,출발,,B737-800,189,"H,F,G,L"
출발,인천,대한항공,KE833,심양,20250911,14:35,14:35,15:03,여객,출발,,B737-900,188,"A,B,C,D"
출발,인천,진에어,LJ237,간사이,20250911,14:40,14:40,15:08,여객,출발,,B737-800,189,"H,F,G,L"
출발,인천,대한항공,KE643,싱가포르,20250911,14:45,16:00,16:26,여객,지연,항공기 연결에 의한 지연,A330-300,272,"A,B,C,D"
출발,인천,진에어,LJ209,도쿄/나리타,20250911,14:45,14:55,15:46,여객,지연,항공기 연결에 의한 지연,B737-800,189,"H,F,G,L"
출발,인천,대한항공,KE725,간사이,20250911,14:55,14:55,15:23,여객,출발,,A321neo,182,"A,B,C,D"
출발,인천,대한항공,KE627,자카르타(수카르노 하타),20250911,15:10,15:30,15:49,여객,지연,항공기 연결에 의한 지연,A330-300,272,"A,B,C,D"
출발,인천,대한항공,KE189,타이중,20250911,15:15,15:15,15:33,여객,출발,,A321neo,182,"A,B,C,D"
출발,인천,에어서울,RS715,간사이,20250911,15:20,15:20,15:56,여객,지연,항공교통흐름에 의한 지연,A321,195,"E,F,G,L"
출발,인천,에어부산,BX176,간사이,20250911,15:25,15:25,16:24,여객,지연,항공교통흐름에 의한 지연,A321,195,"E,F,G,L"
출발,인천,대한항공,KE733,고베,20250911,15:50,15:50,16:05,여객,출발,,A321neo,182,"A,B,C,D"
출발,인천,에어부산,BX166,도쿄/나리타,20250911,15:50,15:50,16:32,여객,지연,항공교통흐름에 의한 지연,A321,195,"E,F,G,L"
출발,인천,진에어,LJ265,후쿠오카,20250911,15:50,15:50,16:18,여객,출발,,B737-800,189,"H,F,G,L"
출발,인천,대한항공,KE023,샌프란시스코,20250911,16:00,17:00,17:47,여객,지연,항공기 연결에 의한 지연,B777-300ER,277,"A,B,C,D"
출발,인천,진에어,LJ347,나고야,20250911,16:05,16:05,16:28,여객,출발,,B737-800,189,"H,F,G,L"
출발,인천,대한항공,KE187,타오위안,20250911,16:10,16:10,16:21,여객,출발,,A321neo,182,"A,B,C,D"
출발,인천,대한항공,KE633,덴파사(응우라 라이),20250911,16:10,16:30,16:49,여객,지연,여객 및 화물처리에 의한 지연,A330-300,272,"A,B,C,D"
출발,인천,진에어,LJ351,기타규슈,20250911,16:15,16:15,16:35,여객,출발,,B737-800,189,"H,F,G,L"
출발,인천,대한항공,KE671,쿠알라룸푸르,20250911,16:20,16:20,16:46,여객,출발,,A330-300,272,"A,B,C,D"
출발,인천,델타항공,DL188,애틀랜타,20250911,16:25,16:25,16:41,여객,출발,,A350-900,306,"K,F,G,L"
출발,인천,대한항공,KE041,시애틀,20250911,16:40,16:40,17:01,여객,출발,,A330-300,272,"A,B,C,D"
출발,인천,에어서울,RS703,도쿄/나리타,20250911,16:45,16:45,17:14,여객,출발,,A321,195,"E,F,G,L"
출발,인천,대한항공,KE713,도쿄/나리타,20250911,17:05,17:05,17:20,여객,출발,,A321neo,182,"A,B,C,D"
출발,인천,대한항공,KE1405,김해,20250911,17:10,17:10,17:24,여객,출발,,B737-900,188,
출발,인천,진에어,LJ009,치앙마이,20250911,17:10,17:10,17:31,여객,출발,,B737-800,189,"H,F,G,L"
출발,인천,대한항공,KE485,푸꾸옥,20250911,17:10,17:10,17:27,여객,출발,,B737-900,188,"A,B,C,D"
출발,인천,에어부산,BX747,수안나폼(방콕),20250911,17:15,17:15,17:36,여객,출발,,A321,195,"E,F,G,L"
출발,인천,대한항공,KE8425,괌,20250911,17:15,17:15,17:29,여객,출발,,B737-900,188,"A,B,C,D"
출발,인천,진에어,LJ919,괌,20250911,17:35,17:35,17:56,여객,출발,,B737-800,189,"H,F,G,L"
출발,인천,대한항공,KE629,덴파사(응우라 라이),20250911,17:45,18:15,18:47,여객,지연,항공기 연결에 의한 지연,A330-300,272,"A,B,C,D"
출발,인천,대한항공,KE663,푸껫,20250911,17:50,17:50,18:24,여객,출발,,B737-900,188,"A,B,C,D"
출발,인천,대한항공,KE651,수안나폼(방콕),20250911,18:05,18:05,18:44,여객,지연,운항 기준 및 승무원 관련 지연,A330-300,272,"A,B,C,D"
출발,인천,대한항공,KE461,다낭,20250911,18:20,18:20,18:41,여객,출발,,B737-900,188,"A,B,C,D"
출발,인천,대한항공,KE1407,김해,20250911,18:25,18:25,18:53,여객,출발,,B737-900,188,
출발,인천,대한항공,KE705,도쿄/나리타,20250911,18:35,18:35,19:00,여객,출발,,A321neo,182,"A,B,C,D"
출발,인천,대한항공,KE781,후쿠오카,20250911,18:40,18:40,19:08,여객,출발,,B737-900,188,"A,B,C,D"
출발,인천,대한항공,KE645,싱가포르,20250911,18:40,18:40,18:57,여객,출발,,A330-300,272,"A,B,C,D"
출발,인천,델타항공,DL170,미니애폴리스,20250911,18:40,18:40,19:03,여객,출발,,A350-900,306,"K,F,G,L"
출발,인천,대한항공,KE423,괌,20250911,18:40,18:40,19:05,여객,출발,,B737-900,188,"A,B,C,D"
출발,인천,대한항공,KE071,밴쿠버,20250911,18:45,18:45,19:35,여객,지연,여객 및 화물처리에 의한 지연,B787-9,269,"A,B,C,D"
출발,인천,대한항공,KE453,노이바이(하노이),20250911,18:45,18:45,19:18,여객,출발,,B737-900,188,"A,B,C,D"
출발,인천,대한항공,KE475,떤 선녓(호찌민),20250911,18:45,19:07,19:27,여객,지연,항공기 연결에 의한 지연,B737-900,188,"A,B,C,D"
출발,인천,대한항공,KE623,마닐라,20250911,18:50,18:50,19:33,여객,지연,항공기 연결에 의한 지연,B737-900,188,"A,B,C,D"
출발,인천,대한항공,KE743,나고야,20250911,18:50,19:03,19:26,여객,지연,항공기 연결에 의한 지연,A321neo,182,"A,B,C,D"
출발,인천,델타항공,DL26,애틀랜타,20250911,18:50,18:50,19:23,여객,출발,,A350-900,306,"K,F,G,L"
출발,인천,대한항공,KE689,프놈펜,20250911,18:50,19:10,19:31,여객,지연,항공기 연결에 의한 지연,B737-900,188,"A,B,C,D"
출발,인천,대한항공,KE895,푸동,20250911,18:55,19:17,19:38,여객,지연,항공기 연결에 의한 지연,A330-300,272,"A,B,C,D"
출발,인천,대한항공,KE721,간사이,20250911,19:00,19:00,19:29,여객,출발,,A321neo,182,"A,B,C,D"
출발,인천,대한항공,KE401,시드니,20250911,19:10,19:31,19:52,여객,지연,항공교통흐름에 의한 지연,A380-800,407,"A,B,C,D"
출발,인천,진에어,LJ131,코타키나발루,20250911,19:10,19:10,19:43,여객,출발,,B737-800,189,"H,F,G,L"
출발,인천,델타항공,DL196,시애틀,20250911,19:20,19:20,19:40,여객,출발,,A330-900neo,281,"K,F,G,L"
출발,인천,대한항공,KE085,뉴욕,20250911,19:30,20:00,20:25,여객,지연,기타 원인에 의한 지연,B747-8i,368,"A,B,C,D"
출발,인천,대한항공,KE1431,대구,20250911,19:30,19:30,20:06,여객,출발,,B737-900,188,
출발,인천,대한항공,KE1409,김해,20250911,19:35,19:35,20:24,여객,지연,항공기 연결에 의한 지연,B737-900,188,
출발,인천,델타항공,DL172,솔트레이크시티,20250911,19:40,19:40,19:55,여객,출발,,A350-900,306,"K,F,G,L"
출발,인천,대한항공,KE177,홍콩,20250911,19:45,19:45,20:42,여객,지연,항공기 연결에 의한 지연,A321neo,182,"A,B,C,D"
출발,인천,대한항공,KE477,떤 선녓(호찌민),20250911,19:45,20:00,21:02,여객,지연,,B737-900,188,"A,B,C,D"
출발,인천,대한항공,KE659,수안나폼(방콕),20250911,19:45,19:45,20:54,여객,지연,운항 기준 및 승무원 관련 지연,B737-900,188,"A,B,C,D"
출발,인천,에어서울,RS527,깜라인(나트랑),20250911,19:50,19:50,20:13,여객,출발,,A321,195,"E,F,G,L"
출발,인천,진에어,LJ001,수안나폼(방콕),20250911,19:55,19:55,20:31,여객,출발,,B737-800,189,"H,F,G,L"
출발,인천,대한항공,KE467,깜라인(나트랑),20250911,20:00,20:00,20:36,여객,출발,,B737-900,188,"A,B,C,D"
출발,인천,대한항공,KE615,세부,20250911,20:05,20:05,20:44,여객,출발,,B737-900,188,"A,B,C,D"
출발,인천,대한항공,KE625,마닐라,20250911,20:15,20:15,21:11,여객,지연,,B737-900,188,"A,B,C,D"
출발,인천,대한항공,KE011,로스앤젤레스,20250911,20:25,20:25,21:03,여객,지연,여객 및 화물처리에 의한 지연,A380-800,407,"A,B,C,D"
출발,인천,진에어,LJ081,다낭,20250911,20:25,20:25,20:51,여객,출발,,B737-800,189,"H,F,G,L"
출발,인천,대한항공,KE719,하네다,20250911,20:30,20:30,20:55,여객,출발,,A321neo,182,"A,B,C,D"
출발,인천,중화항공,CI163,타오위안,20250911,20:35,20:54,21:21,여객,지연,항공교통흐름에 의한 지연,A330-300,277,"J,F,G,L"
출발,인천,샤먼항공,MF878,푸저우(복주),20250911,20:35,20:35,21:01,여객,출발,,B737-800,168,"J,F,G,L"
출발,인천,진에어,LJ087,깜라인(나트랑),20250911,20:40,20:40,21:26,여객,출발,,B737-800,189,"H,F,G,L"
출발,인천,대한항공,KE853,베이징,20250911,20:45,20:45,21:13,여객,출발,,A330-300,272,"A,B,C,D"
출발,인천,진에어,LJ043,팡라로,20250911,20:50,21:07,21:32,여객,지연,기타 원인에 의한 지연,B737-800,189,"H,F,G,L"
출발,인천,진에어,LJ917,괌,20250911,20:50,20:50,21:09,여객,출발,,B737-800,189,"H,F,G,L"
출발,인천,에어서울,RS581,팡라로,20250911,20:55,21:20,21:51,여객,지연,항공기 연결에 의한 지연,A321,195,"E,F,G,L"
출발,인천,대한항공,KE005,라스베이거스,20250911,21:00,21:00,21:16,여객,출발,,B777-300ER,277,"A,B,C,D"
출발,인천,대한항공,KE053,호놀룰루,20250911,21:05,21:05,21:22,여객,출발,,A330-300,272,"A,B,C,D"
출발,인천,대한항공,KE655,수안나폼(방콕),20250911,21:15,21:15,21:41,여객,출발,,A330-300,272,"A,B,C,D"
출발,인천,에어부산,BX787,깜라인(나트랑),20250911,21:30,21:30,21:48,여객,출발,,A321,195,"E,F,G,L"
출발,인천,진에어,LJ885,엔스 쉬자핑,20250911,21:45,21:45,21:56,여객,출발,,B737-800,189,"H,F,G,L"
출발,인천,네덜란드항공,KL856,암스테르담,20250911,22:25,22:25,22:47,여객,출발,,B787-9,294,"M,F,G,L"
출발,인천,대한항공,KE619,마닐라,20250911,22:35,22:35,22:43,여객,출발,,A330-300,272,"A,B,C,D"
출발,인천,대한항공,KE647,싱가포르,20250911,23:35,23:35,23:50,여객,출발,,B777-300ER,277,"A,B,C,D"
출발,인천,대한항공,KE1401,김해,20250912,6:35,6:35,6:46,여객,출발,,B737-900,188,
출발,인천,에어서울,RS711,간사이,20250912,7:15,7:15,7:41,여객,출발,,A321,195,"E,F,G,L"
출발,인천,에어부산,BX164,도쿄/나리타,20250912,7:15,7:15,7:37,여객,출발,,A321,195,"E,F,G,L"
출발,인천,진에어,LJ261,후쿠오카,20250912,7:15,7:15,7:35,여객,출발,,B737-800,189,"H,F,G,L"
출발,인천,에어부산,BX156,후쿠오카,20250912,7:20,8:20,9:06,여객,지연,항공기 정비에 의한 지연,A321,195,"E,F,G,L"
출발,인천,대한항공,KE787,후쿠오카,20250912,7:25,7:25,7:54,여객,출발,,B737-900,188,"A,B,C,D"
출발,인천,진에어,LJ201,도쿄/나리타,20250912,7:25,7:40,8:09,여객,지연,공항 및 출입국 절차에 의한 지연,B737-800,189,"H,F,G,L"
출발,인천,대한항공,KE771,오카야마,20250912,7:30,7:30,7:48,여객,출발,,B737-900,188,"A,B,C,D"
출발,인천,진에어,LJ345,나고야,20250912,7:30,7:30,7:59,여객,출발,,B737-800,189,"H,F,G,L"
출발,인천,진에어,LJ231,간사이,20250912,7:40,7:40,8:13,여객,출발,,B737-800,189,"H,F,G,L"
출발,인천,대한항공,KE173,홍콩,20250912,7:45,7:45,8:16,여객,출발,,A321neo,182,"A,B,C,D"
출발,인천,대한항공,KE621,마닐라,20250912,7:50,8:07,8:27,여객,지연,항공교통흐름에 의한 지연,B737-900,188,"A,B,C,D"
출발,인천,진에어,LJ731,타오위안,20250912,7:50,7:50,8:31,여객,지연,,B737-800,189,"H,F,G,L"
출발,인천,대한항공,KE845,청도,20250912,7:50,8:50,9:13,여객,지연,항공기 연결에 의한 지연,B737-900,188,"A,B,C,D"
출발,인천,대한항공,KE131,정저우,20250912,8:00,8:00,8:22,여객,출발,,B737-900,188,"A,B,C,D"
출발,인천,대한항공,KE441,노이바이(하노이),20250912,8:00,8:00,8:23,여객,출발,,A330-300,272,"A,B,C,D"
출발,인천,대한항공,KE197,칭기즈칸(신 울란바토르) 국제공항,20250912,8:10,8:10,8:39,여객,출발,,B737-900,188,"A,B,C,D"
출발,인천,에어서울,RS705,도쿄/나리타,20250912,8:10,8:25,8:45,여객,지연,여객 및 화물처리에 의한 지연,A321,195,"E,F,G,L"
출발,인천,진에어,LJ241,간사이,20250912,8:10,8:10,8:32,여객,출발,,B737-800,189,"H,F,G,L"
출발,인천,대한항공,KE859,베이징,20250912,8:15,8:15,8:29,여객,출발,,B777-300ER,277,"A,B,C,D"
출발,인천,진에어,LJ203,도쿄/나리타,20250912,8:15,8:56,9:18,여객,지연,공항 및 출입국 절차에 의한 지연,B737-800,189,"H,F,G,L"
출발,인천,대한항공,KE1403,김해,20250912,8:20,8:35,8:53,여객,출발,,B737-900,188,
출발,인천,진에어,LJ301,삿포로,20250912,8:20,8:20,8:48,여객,출발,,B737-800,189,"H,F,G,L"
출발,인천,대한항공,KE893,푸동,20250912,8:25,8:25,8:49,여객,출발,,A330-300,272,"A,B,C,D"
출발,인천,대한항공,KE731,고베,20250912,8:25,8:25,8:51,여객,출발,,A321neo,182,"A,B,C,D"
출발,인천,에어 프랑스,AF267,파리,20250912,8:30,8:30,8:59,여객,출발,,B777-300ER,296,"M,F,G,L"
출발,인천,대한항공,KE775,고마쓰,20250912,8:35,8:35,8:54,여객,출발,,B737-900,188,"A,B,C,D"
출발,인천,대한항공,KE827,선전(심천),20250912,8:40,8:40,9:12,여객,출발,,B737-900,188,"A,B,C,D"
출발,인천,에어서울,RS741,다카마쓰,20250912,8:45,8:45,9:11,여객,출발,,A321,195,"E,F,G,L"
출발,인천,대한항공,KE831,심양,20250912,8:45,8:05,8:25,여객,출발,,B737-900,188,"A,B,C,D"
출발,인천,대한항공,KE865,광저우,20250912,8:50,8:50,9:05,여객,출발,,A330-300,272,"A,B,C,D"
출발,인천,대한항공,KE137,우한,20250912,8:50,8:50,9:07,여객,출발,,B737-900,188,"A,B,C,D"
출발,인천,대한항공,KE819,창사(장사),20250912,9:00,9:00,9:20,여객,출발,,B737-900,188,"A,B,C,D"
출발,인천,대한항공,KE469,떤 선녓(호찌민),20250912,9:05,9:05,9:36,여객,출발,,A330-300,272,"A,B,C,D"
출발,인천,진에어,LJ361,이시가키,20250912,9:05,9:05,9:33,여객,출발,,B737-800,189,"H,F,G,L"
출발,인천,대한항공,KE811,시안,20250912,9:10,9:10,9:37,여객,출발,,B737-900,188,"A,B,C,D"
출발,인천,대한항공,KE805,천진,20250912,9:10,9:10,9:32,여객,출발,,B737-900,188,"A,B,C,D"
출발,인천,에어부산,BX172,간사이,20250912,9:15,9:15,9:36,여객,출발,,A321,195,"E,F,G,L"
출발,인천,대한항공,KE035,애틀랜타,20250912,9:20,9:20,9:44,여객,출발,,B777-300ER,277,"A,B,C,D"
출발,인천,대한항공,KE785,가고시마,20250912,9:20,9:20,9:41,여객,출발,,B737-900,188,"A,B,C,D"
출발,인천,진에어,LJ913,괌,20250912,9:20,9:20,9:29,여객,출발,,B737-800,189,"H,F,G,L"
출발,인천,에어서울,RS701,도쿄/나리타,20250912,9:25,9:25,9:52,여객,출발,,A321,195,"E,F,G,L"
출발,인천,대한항공,KE031,댈러스,20250912,9:30,9:30,9:56,여객,출발,,B787-9,269,"A,B,C,D"
출발,인천,대한항공,KE091,보스턴,20250912,9:30,9:30,10:01,여객,출발,,B787-9,269,"A,B,C,D"
출발,인천,대한항공,KE755,오키나와,20250912,9:30,9:30,9:54,여객,출발,,B737-900,188,"A,B,C,D"
출발,인천,대한항공,KE657,수안나폼(방콕),20250912,9:30,9:30,9:47,여객,출발,,A330-300,272,"A,B,C,D"
출발,인천,대한항공,KE073,토론토,20250912,9:35,9:35,10:11,여객,출발,,B777-300ER,277,"A,B,C,D"
출발,인천,대한항공,KE723,간사이,20250912,9:35,9:35,10:08,여객,출발,,A321neo,182,"A,B,C,D"
출발,인천,대한항공,KE421,괌,20250912,9:45,10:06,10:25,여객,지연,기타 원인에 의한 지연,B737-900,188,"A,B,C,D"
출발,인천,진에어,LJ205,도쿄/나리타,20250912,9:45,9:45,10:15,여객,출발,,B737-800,189,"H,F,G,L"
출발,인천,대한항공,KE913,마드리드,20250912,9:55,9:55,10:17,여객,출발,,B787-9,269,"A,B,C,D"
출발,인천,진에어,LJ341,오키나와,20250912,9:55,9:55,10:14,여객,출발,,B737-800,189,"H,F,G,L"
출발,인천,대한항공,KE081,뉴욕,20250912,10:00,10:00,10:27,여객,출발,,A380-800,407,"A,B,C,D"
출발,인천,대한항공,KE765,삿포로,20250912,10:05,10:05,10:37,여객,출발,,B737-900,188,"A,B,C,D"
출발,인천,대한항공,KE703,도쿄/나리타,20250912,10:10,10:10,10:46,여객,출발,,A321neo,182,"A,B,C,D"
출발,인천,델타항공,DL158,디트로이트,20250912,10:15,10:15,10:34,여객,출발,,A350-900,306,"K,F,G,L"
출발,인천,대한항공,KE169,마카오,20250912,10:20,10:20,10:41,여객,출발,,A321neo,182,"A,B,C,D"
출발,인천,대한항공,KE093,워싱톤,20250912,10:25,10:25,10:43,여객,출발,,B777-300ER,277,"A,B,C,D"
출발,인천,대한항공,KE101,남경,20250912,10:25,10:25,10:43,여객,출발,,A321neo,182,"A,B,C,D"
출발,인천,대한항공,KE937,비엔나,20250912,10:25,10:25,10:46,여객,출발,,B787-9,269,"A,B,C,D"
출발,인천,대한항공,KE185,타오위안,20250912,10:30,10:30,11:01,여객,출발,,A321neo,182,"A,B,C,D"
출발,인천,대한항공,KE741,나고야,20250912,10:35,10:35,10:55,여객,출발,,A321neo,182,"A,B,C,D"
출발,인천,가루다인도네시아,GA879,자카르타(수카르노 하타),20250912,10:35,10:35,10:53,여객,출발,,A330-900neo,301,"J,F,G,L"
출발,인천,대한항공,KE037,시카고,20250912,10:40,10:55,11:21,여객,지연,기타 원인에 의한 지연,B777-300ER,277,"A,B,C,D"
출발,인천,대한항공,KE855,베이징,20250912,10:40,10:40,11:08,여객,출발,,A330-300,272,"A,B,C,D"
출발,인천,대한항공,KE969,프라하,20250912,10:45,10:45,11:11,여객,출발,,B787-9,269,"A,B,C,D"
출발,인천,대한항공,KE457,다낭,20250912,10:55,10:55,11:23,여객,출발,,B737-900,188,"A,B,C,D"
출발,인천,대한항공,KE907,런던히드로,20250912,10:55,10:55,11:34,여객,출발,,A380-800,407,"A,B,C,D"
출발,인천,대한항공,KE945,프랑크푸르트,20250912,11:05,11:05,11:50,여객,지연,운항 기준 및 승무원 관련 지연,A380-800,407,"A,B,C,D"
출발,인천,대한항공,KE897,푸동,20250912,11:10,11:10,11:40,여객,출발,,B777-300ER,277,"A,B,C,D"
출발,인천,대한항공,KE901,파리,20250912,11:10,11:10,11:57,여객,지연,공항 및 출입국 절차에 의한 지연,B777-300ER,277,"A,B,C,D"
출발,인천,에어부산,BX158,후쿠오카,20250912,11:25,13:30,13:59,여객,지연,항공기 연결에 의한 지연,A321,195,"E,F,G,L"
출발,인천,가루다인도네시아,GA871,덴파사(응우라 라이),20250912,11:25,11:25,11:48,여객,출발,,A330-300,251,"J,F,G,L"
출발,인천,아에로멕시코,AM091,멕시코시티,20250912,11:40,11:40,12:02,여객,출발,,B787-9,274,"H,F,G,L"
출발,인천,대한항공,KE925,암스테르담,20250912,11:55,11:55,12:15,여객,출발,,B777-300ER,277,"A,B,C,D"
출발,인천,대한항공,KE107,항저우,20250912,12:00,12:00,12:31,여객,출발,,A321neo,182,"A,B,C,D"
출발,인천,중화항공,CI165,가오슝,20250912,12:05,12:05,12:34,여객,출발,,A321neo,180,"J,F,G,L"
출발,인천,진에어,LJ263,후쿠오카,20250912,12:10,12:10,12:29,여객,출발,,B737-800,189,"H,F,G,L"
출발,인천,대한항공,KE769,삿포로,20250912,12:35,12:35,12:47,여객,출발,,B737-900,188,"A,B,C,D"
출발,인천,대한항공,KE803,천진,20250912,12:35,12:35,13:12,여객,출발,,B737-900,188,"A,B,C,D"
출발,인천,중화항공,CI161,타오위안,20250912,12:35,12:35,13:01,여객,출발,,A330-300,277,"J,F,G,L"
출발,인천,에어부산,BX174,간사이,20250912,12:40,12:40,13:03,여객,출발,,A321,195,"E,F,G,L"
출발,인천,대한항공,KE711,도쿄/나리타,20250912,13:00,13:00,13:27,여객,출발,,A321neo,182,"A,B,C,D"
출발,인천,대한항공,KE921,리스본,20250912,13:00,13:00,13:33,여객,출발,,B787-9,269,"A,B,C,D"
출발,인천,대한항공,KE869,대련,20250912,13:00,13:00,13:30,여객,출발,,B737-900,188,"A,B,C,D"
출발,인천,대한항공,KE843,청도,20250912,13:05,13:05,13:36,여객,지연,항공교통흐름에 의한 지연,B737-900,188,"A,B,C,D"
출발,인천,대한항공,KE175,홍콩,20250912,13:25,13:25,13:44,여객,출발,,A321neo,182,"A,B,C,D"
출발,인천,에어서울,RS745,요나고,20250912,13:25,13:25,13:41,여객,출발,,A321,195,"E,F,G,L"
출발,인천,대한항공,KE951,두바이,20250912,13:25,13:45,14:10,여객,지연,항공기 연결에 의한 지연,B777-300ER,277,"A,B,C,D"
출발,인천,샤먼항공,MF872,샤먼 가오치,20250912,13:30,13:30,13:35,여객,출발,,B737-800,168,"J,F,G,L"
출발,인천,대한항공,KE695,카트만두,20250912,13:35,13:35,13:51,여객,출발,,A330-300,272,"A,B,C,D"
출발,인천,대한항공,KE927,밀라노,20250912,13:40,13:40,14:03,여객,출발,,B787-9,269,"A,B,C,D"
출발,인천,대한항공,KE955,이스탄불,20250912,13:40,14:00,14:26,여객,지연,기타 원인에 의한 지연,B777-300ER,277,"A,B,C,D"
출발,인천,대한항공,KE789,후쿠오카,20250912,13:45,13:45,14:15,여객,출발,,B737-900,188,"A,B,C,D"
출발,인천,진에어,LJ861,청도,20250912,13:50,13:50,14:18,여객,출발,,B737-800,189,"H,F,G,L"
출발,인천,에어서울,RS723,후쿠오카,20250912,14:25,14:25,14:59,여객,지연,공항 및 출입국 절차에 의한 지연,A321,195,"E,F,G,L"
출발,인천,대한항공,KE017,로스앤젤레스,20250912,14:30,14:30,15:01,여객,지연,항공기 연결에 의한 지연,B747-8i,368,"A,B,C,D"
출발,인천,진에어,LJ359,다카마쓰,20250912,14:30,14:30,14:44,여객,출발,,B737-800,189,"H,F,G,L"
출발,인천,대한항공,KE833,심양,20250912,14:35,14:35,14:50,여객,출발,,B737-900,188,"A,B,C,D"
출발,인천,진에어,LJ237,간사이,20250912,14:40,15:00,15:20,여객,지연,항공기 연결에 의한 지연,B737-800,189,"H,F,G,L"
출발,인천,대한항공,KE643,싱가포르,20250912,14:45,15:45,16:23,여객,지연,항공기 연결에 의한 지연,A330-300,272,"A,B,C,D"
출발,인천,진에어,LJ209,도쿄/나리타,20250912,14:45,14:45,15:14,여객,출발,,B737-800,189,"H,F,G,L"
출발,인천,대한항공,KE725,간사이,20250912,15:05,15:05,15:37,여객,출발,,A321neo,182,"A,B,C,D"
출발,인천,대한항공,KE627,자카르타(수카르노 하타),20250912,15:10,15:34,15:54,여객,지연,항공교통흐름에 의한 지연,A330-300,272,"A,B,C,D"
출발,인천,대한항공,KE189,타이중,20250912,15:15,15:15,15:35,여객,출발,,A321neo,182,"A,B,C,D"
출발,인천,에어서울,RS715,간사이,20250912,15:20,18:10,19:10,여객,지연,기타 원인에 의한 지연,A321,195,"E,F,G,L"
출발,인천,에어부산,BX176,간사이,20250912,15:25,15:25,16:08,여객,지연,항공교통흐름에 의한 지연,A321,195,"E,F,G,L"
출발,인천,진에어,LJ211,도쿄/나리타,20250912,15:35,15:53,16:13,여객,지연,공항 및 출입국 절차에 의한 지연,B737-800,189,"H,F,G,L"
출발,인천,대한항공,KE733,고베,20250912,15:50,16:15,16:35,여객,지연,항공교통흐름에 의한 지연,A321neo,182,"A,B,C,D"
출발,인천,에어부산,BX166,도쿄/나리타,20250912,15:50,15:50,16:26,여객,출발,,A321,195,"E,F,G,L"
출발,인천,진에어,LJ265,후쿠오카,20250912,15:50,15:50,16:15,여객,출발,,B737-800,189,"H,F,G,L"
출발,인천,대한항공,KE023,샌프란시스코,20250912,16:00,16:00,16:21,여객,출발,,B777-300ER,277,"A,B,C,D"
출발,인천,진에어,LJ239,간사이,20250912,16:05,16:05,16:39,여객,출발,,B737-800,189,"H,F,G,L"
출발,인천,진에어,LJ347,나고야,20250912,16:05,16:39,16:57,여객,지연,공항 및 출입국 절차에 의한 지연,B737-800,189,"H,F,G,L"
출발,인천,대한항공,KE187,타오위안,20250912,16:10,16:10,16:33,여객,출발,,A321neo,182,"A,B,C,D"
출발,인천,대한항공,KE633,덴파사(응우라 라이),20250912,16:10,16:30,16:47,여객,지연,항공교통흐름에 의한 지연,A330-300,272,"A,B,C,D"
출발,인천,진에어,LJ351,기타규슈,20250912,16:15,16:45,17:02,여객,지연,공항 및 출입국 절차에 의한 지연,B737-800,189,"H,F,G,L"
출발,인천,대한항공,KE671,쿠알라룸푸르,20250912,16:20,16:36,16:54,여객,지연,항공교통흐름에 의한 지연,A330-300,272,"A,B,C,D"
출발,인천,델타항공,DL188,애틀랜타,20250912,16:25,16:25,17:04,여객,출발,,A350-900,306,"K,F,G,L"
출발,인천,대한항공,KE041,시애틀,20250912,16:40,16:40,17:00,여객,출발,,A330-300,272,"A,B,C,D"
출발,인천,에어서울,RS703,도쿄/나리타,20250912,16:45,18:30,18:56,여객,지연,기타 원인에 의한 지연,A321,195,"E,F,G,L"
출발,인천,대한항공,KE713,도쿄/나리타,20250912,17:05,17:05,17:24,여객,출발,,A321neo,182,"A,B,C,D"
출발,인천,대한항공,KE1405,김해,20250912,17:10,17:10,17:32,여객,출발,,B737-900,188,
출발,인천,진에어,LJ009,치앙마이,20250912,17:10,17:10,17:39,여객,출발,,B737-800,189,"H,F,G,L"
출발,인천,대한항공,KE485,푸꾸옥,20250912,17:10,17:10,17:42,여객,출발,,B737-900,188,"A,B,C,D"
출발,인천,에어부산,BX747,수안나폼(방콕),20250912,17:15,18:20,19:12,여객,지연,항공기 연결에 의한 지연,A321,195,"E,F,G,L"
출발,인천,대한항공,KE8425,괌,20250912,17:15,17:15,17:26,여객,출발,,B737-900,188,"A,B,C,D"
출발,인천,진에어,LJ919,괌,20250912,17:35,17:35,17:57,여객,출발,,B737-800,189,"H,F,G,L"
출발,인천,대한항공,KE629,덴파사(응우라 라이),20250912,17:45,17:45,18:10,여객,출발,,A330-300,272,"A,B,C,D"
출발,인천,대한항공,KE663,푸껫,20250912,17:50,17:50,18:06,여객,출발,,B737-900,188,"A,B,C,D"
출발,인천,대한항공,KE411,오클랜드,20250912,18:00,18:00,18:22,여객,출발,,B787-9,269,"A,B,C,D"
출발,인천,대한항공,KE651,수안나폼(방콕),20250912,18:05,18:31,18:57,여객,지연,여객 및 화물처리에 의한 지연,A330-300,272,"A,B,C,D"
출발,인천,대한항공,KE461,다낭,20250912,18:20,18:36,18:53,여객,지연,항공교통흐름에 의한 지연,B737-900,188,"A,B,C,D"
출발,인천,대한항공,KE1407,김해,20250912,18:25,18:25,18:46,여객,출발,,B737-900,188,
출발,인천,대한항공,KE705,도쿄/나리타,20250912,18:35,18:35,19:21,여객,지연,항공교통흐름에 의한 지연,A321neo,182,"A,B,C,D"
출발,인천,대한항공,KE871,대련,20250912,18:35,18:35,19:15,여객,지연,항공교통흐름에 의한 지연,B737-900,188,"A,B,C,D"
출발,인천,대한항공,KE161,쿤밍,20250912,18:40,18:40,19:33,여객,지연,항공교통흐름에 의한 지연,B737-900,188,"A,B,C,D"
출발,인천,대한항공,KE645,싱가포르,20250912,18:40,18:40,19:03,여객,출발,,A330-300,272,"A,B,C,D"
출발,인천,대한항공,KE781,후쿠오카,20250912,18:40,18:40,19:30,여객,지연,항공교통흐름에 의한 지연,B737-900,188,"A,B,C,D"
출발,인천,델타항공,DL170,미니애폴리스,20250912,18:40,19:04,19:25,여객,지연,공항 및 출입국 절차에 의한 지연,A350-900,306,"K,F,G,L"
출발,인천,대한항공,KE423,괌,20250912,18:40,18:40,19:17,여객,출발,,B737-900,188,"A,B,C,D"
출발,인천,대한항공,KE071,밴쿠버,20250912,18:45,18:45,19:45,여객,지연,항공교통흐름에 의한 지연,B787-9,269,"A,B,C,D"
출발,인천,대한항공,KE453,노이바이(하노이),20250912,18:45,19:20,19:59,여객,지연,항공기 연결에 의한 지연,B737-900,188,"A,B,C,D"
출발,인천,대한항공,KE475,떤 선녓(호찌민),20250912,18:45,18:45,19:23,여객,지연,항공교통흐름에 의한 지연,B737-900,188,"A,B,C,D"
출발,인천,대한항공,KE623,마닐라,20250912,18:50,18:50,19:47,여객,지연,항공교통흐름에 의한 지연,B737-900,188,"A,B,C,D"
출발,인천,대한항공,KE743,나고야,20250912,18:50,18:50,19:49,여객,지연,항공교통흐름에 의한 지연,A321neo,182,"A,B,C,D"
출발,인천,델타항공,DL26,애틀랜타,20250912,18:50,19:09,19:35,여객,지연,공항 및 출입국 절차에 의한 지연,A350-900,306,"K,F,G,L"
출발,인천,대한항공,KE689,프놈펜,20250912,18:50,18:50,19:39,여객,지연,항공교통흐름에 의한 지연,B737-900,188,"A,B,C,D"
출발,인천,대한항공,KE895,푸동,20250912,18:55,19:10,20:03,여객,지연,항공기 연결에 의한 지연,A330-300,272,"A,B,C,D"
출발,인천,대한항공,KE721,간사이,20250912,19:00,19:15,20:32,여객,지연,항공기 연결에 의한 지연,A321neo,182,"A,B,C,D"
출발,인천,대한항공,KE401,시드니,20250912,19:10,19:50,20:28,여객,지연,항공기 연결에 의한 지연,A380-800,407,"A,B,C,D"
출발,인천,델타항공,DL196,시애틀,20250912,19:20,19:37,20:00,여객,지연,공항 및 출입국 절차에 의한 지연,A330-900neo,281,"K,F,G,L"
출발,인천,에어서울,RS581,팡라로,20250912,19:25,19:25,20:18,여객,지연,공항 및 출입국 절차에 의한 지연,A321,195,"E,F,G,L"
출발,인천,대한항공,KE085,뉴욕,20250912,19:30,19:45,20:24,여객,지연,기타 원인에 의한 지연,B747-8i,368,"A,B,C,D"
출발,인천,대한항공,KE1431,대구,20250912,19:30,19:30,20:12,여객,지연,항공교통흐름에 의한 지연,B737-900,188,
출발,인천,대한항공,KE1409,김해,20250912,19:35,19:35,20:15,여객,지연,항공교통흐름에 의한 지연,B737-900,188,
출발,인천,델타항공,DL172,솔트레이크시티,20250912,19:40,19:40,20:08,여객,출발,,A350-900,306,"K,F,G,L"
출발,인천,대한항공,KE177,홍콩,20250912,19:45,19:45,20:26,여객,지연,항공교통흐름에 의한 지연,A321neo,182,"A,B,C,D"
출발,인천,대한항공,KE477,떤 선녓(호찌민),20250912,19:45,19:45,20:40,여객,지연,항공교통흐름에 의한 지연,B737-900,188,"A,B,C,D"
출발,인천,대한항공,KE659,수안나폼(방콕),20250912,19:45,19:45,20:36,여객,지연,항공교통흐름에 의한 지연,B737-900,188,"A,B,C,D"
출발,인천,에어서울,RS527,깜라인(나트랑),20250912,19:50,19:50,20:58,여객,지연,항공교통흐름에 의한 지연,A321,195,"E,F,G,L"
출발,인천,진에어,LJ001,수안나폼(방콕),20250912,19:55,20:35,21:10,여객,지연,공항 및 출입국 절차에 의한 지연,B737-800,189,"H,F,G,L"
출발,인천,대한항공,KE853,베이징,20250912,20:00,20:00,20:38,여객,지연,항공교통흐름에 의한 지연,A330-300,272,"A,B,C,D"
출발,인천,대한항공,KE467,깜라인(나트랑),20250912,20:00,21:10,21:35,여객,지연,항공교통흐름에 의한 지연,B737-900,188,"A,B,C,D"
출발,인천,대한항공,KE615,세부,20250912,20:05,20:55,21:23,여객,지연,항공교통흐름에 의한 지연,B737-900,188,"A,B,C,D"
출발,인천,대한항공,KE407,브리즈번,20250912,20:05,20:05,20:47,여객,지연,여객 및 화물처리에 의한 지연,A330-300,272,"A,B,C,D"
출발,인천,대한항공,KE625,마닐라,20250912,20:15,21:33,21:56,여객,지연,항공교통흐름에 의한 지연,B737-900,188,"A,B,C,D"
출발,인천,대한항공,KE011,로스앤젤레스,20250912,20:25,20:25,20:56,여객,출발,,A380-800,407,"A,B,C,D"
출발,인천,진에어,LJ081,다낭,20250912,20:25,20:25,20:53,여객,출발,,B737-800,189,"H,F,G,L"
출발,인천,대한항공,KE719,하네다,20250912,20:30,20:30,21:00,여객,출발,,A321neo,182,"A,B,C,D"
출발,인천,중화항공,CI163,타오위안,20250912,20:35,21:46,22:07,여객,지연,항공기 연결에 의한 지연,A330-300,277,"J,F,G,L"
출발,인천,샤먼항공,MF878,푸저우(복주),20250912,20:35,21:15,21:48,여객,지연,공항 및 출입국 절차에 의한 지연,B737-800,168,"J,F,G,L"
출발,인천,진에어,LJ087,깜라인(나트랑),20250912,20:40,20:58,21:27,여객,지연,항공교통흐름에 의한 지연,B737-800,189,"H,F,G,L"
출발,인천,진에어,LJ917,괌,20250912,20:50,20:50,21:17,여객,출발,,B737-800,189,"H,F,G,L"
출발,인천,대한항공,KE005,라스베이거스,20250912,21:00,22:25,23:28,여객,지연,항공기 연결에 의한 지연,B777-300ER,277,"A,B,C,D"
출발,인천,대한항공,KE053,호놀룰루,20250912,21:05,21:05,21:29,여객,출발,,A330-300,272,"A,B,C,D"
출발,인천,대한항공,KE655,수안나폼(방콕),20250912,21:15,22:30,22:41,여객,지연,항공교통흐름에 의한 지연,A330-300,272,"A,B,C,D"
출발,인천,네덜란드항공,KL856,암스테르담,20250912,22:25,22:25,23:26,여객,지연,항공교통흐름에 의한 지연,B787-9,294,"M,F,G,L"
출발,인천,대한항공,KE619,마닐라,20250912,22:35,22:35,23:32,여객,지연,항공교통흐름에 의한 지연,A330-300,272,"A,B,C,D"
출발,인천,대한항공,KE075,밴쿠버,20250912,22:40,22:40,23:42,여객,지연,항공교통흐름에 의한 지연,B787-9,269,"A,B,C,D"
출발,인천,대한항공,KE647,싱가포르,20250913,0:05,23:50,0:29,여객,출발,,B777-300ER,277,"A,B,C,D"
출발,인천,에어서울,RS711,간사이,20250913,7:15,7:15,7:40,여객,출발,,A321,195,"E,F,G,L"
출발,인천,에어부산,BX164,도쿄/나리타,20250913,7:15,7:15,7:33,여객,출발,,A321,195,"E,F,G,L"
출발,인천,진에어,LJ261,후쿠오카,20250913,7:15,7:15,7:30,여객,출발,,B737-800,189,"H,F,G,L"
출발,인천,에어부산,BX156,후쿠오카,20250913,7:20,8:10,8:38,여객,지연,항공기 연결에 의한 지연,A321,195,"E,F,G,L"
출발,인천,에어서울,RS727,후쿠오카,20250913,7:20,9:08,9:22,여객,지연,항공기 연결에 의한 지연,A321,195,"E,F,G,L"
출발,인천,대한항공,KE787,후쿠오카,20250913,7:25,7:25,7:42,여객,출발,,B737-900,188,"A,B,C,D"
출발,인천,진에어,LJ201,도쿄/나리타,20250913,7:25,7:25,7:52,여객,출발,,B737-800,189,"H,F,G,L"
출발,인천,대한항공,KE795,나가사키,20250913,7:30,7:30,7:54,여객,출발,,B737-900,188,"A,B,C,D"
출발,인천,진에어,LJ345,나고야,20250913,7:30,7:30,8:04,여객,출발,,B737-800,189,"H,F,G,L"
출발,인천,진에어,LJ231,간사이,20250913,7:40,7:40,8:07,여객,출발,,B737-800,189,"H,F,G,L"
출발,인천,대한항공,KE173,홍콩,20250913,7:45,7:45,8:17,여객,출발,,A321neo,182,"A,B,C,D"
출발,인천,대한항공,KE621,마닐라,20250913,7:50,7:50,8:13,여객,출발,,B737-900,188,"A,B,C,D"
출발,인천,진에어,LJ731,타오위안,20250913,7:50,8:08,8:26,여객,지연,공항 및 출입국 절차에 의한 지연,B737-800,189,"H,F,G,L"
출발,인천,대한항공,KE845,청도,20250913,7:50,7:50,8:12,여객,출발,,B737-900,188,"A,B,C,D"
출발,인천,대한항공,KE131,정저우,20250913,8:00,8:00,8:20,여객,출발,,B737-900,188,"A,B,C,D"
출발,인천,대한항공,KE441,노이바이(하노이),20250913,8:00,8:00,8:34,여객,출발,,A330-300,272,"A,B,C,D"
출발,인천,대한항공,KE197,칭기즈칸(신 울란바토르) 국제공항,20250913,8:10,8:10,8:44,여객,출발,,B737-900,188,"A,B,C,D"
출발,인천,대한항공,KE767,아오모리,20250913,8:10,8:10,8:39,여객,출발,,B737-900,188,"A,B,C,D"
출발,인천,에어서울,RS705,도쿄/나리타,20250913,8:10,8:10,8:48,여객,출발,,A321,195,"E,F,G,L"
출발,인천,진에어,LJ241,간사이,20250913,8:10,8:10,8:53,여객,출발,,B737-800,189,"H,F,G,L"
출발,인천,진에어,LJ357,시모지시마,20250913,8:10,8:10,8:46,여객,출발,,B737-800,189,"H,F,G,L"
출발,인천,대한항공,KE859,베이징,20250913,8:15,8:15,8:53,여객,출발,,B777-300ER,277,"A,B,C,D"
출발,인천,진에어,LJ203,도쿄/나리타,20250913,8:15,8:31,8:57,여객,지연,공항 및 출입국 절차에 의한 지연,B737-800,189,"H,F,G,L"
출발,인천,대한항공,KE127,푸저우(복주),20250913,8:20,8:20,8:55,여객,출발,,B737-900,188,"A,B,C,D"
출발,인천,진에어,LJ301,삿포로,20250913,8:20,8:38,9:03,여객,지연,공항 및 출입국 절차에 의한 지연,B737-800,189,"H,F,G,L"
출발,인천,대한항공,KE893,푸동,20250913,8:25,8:25,8:59,여객,출발,,A330-300,272,"A,B,C,D"
출발,인천,대한항공,KE731,고베,20250913,8:25,8:25,9:00,여객,출발,,A321neo,182,"A,B,C,D"
출발,인천,에어 프랑스,AF267,파리,20250913,8:30,8:30,9:12,여객,지연,항공교통흐름에 의한 지연,B777-300ER,296,"M,F,G,L"
출발,인천,대한항공,KE827,선전(심천),20250913,8:40,8:40,9:25,여객,지연,운항 기준 및 승무원 관련 지연,B737-900,188,"A,B,C,D"
출발,인천,대한항공,KE831,심양,20250913,8:45,8:45,9:08,여객,지연,기타 원인에 의한 지연,B737-900,188,"A,B,C,D"
출발,인천,대한항공,KE865,광저우,20250913,8:50,8:50,9:15,여객,출발,,A330-300,272,"A,B,C,D"
출발,인천,대한항공,KE469,떤 선녓(호찌민),20250913,9:05,9:05,9:40,여객,출발,,A330-300,272,"A,B,C,D"
출발,인천,대한항공,KE811,시안,20250913,9:10,9:10,10:09,여객,지연,여객 및 화물처리에 의한 지연,B737-900,188,"A,B,C,D"
출발,인천,대한항공,KE805,천진,20250913,9:10,9:40,10:01,여객,지연,항공교통흐름에 의한 지연,B737-900,188,"A,B,C,D"
출발,인천,에어부산,BX172,간사이,20250913,9:15,9:15,9:40,여객,출발,,A321,195,"E,F,G,L"
출발,인천,대한항공,KE035,애틀랜타,20250913,9:20,9:20,9:37,여객,출발,,B777-300ER,277,"A,B,C,D"
출발,인천,대한항공,KE785,가고시마,20250913,9:20,9:20,9:35,여객,출발,,B737-900,188,"A,B,C,D"
출발,인천,진에어,LJ913,괌,20250913,9:20,9:20,9:32,여객,출발,,B737-800,189,"H,F,G,L"
출발,인천,에어서울,RS701,도쿄/나리타,20250913,9:25,9:25,10:01,여객,지연,기타 원인에 의한 지연,A321,195,"E,F,G,L"
출발,인천,대한항공,KE031,댈러스,20250913,9:30,9:30,9:52,여객,출발,,B787-9,269,"A,B,C,D"
출발,인천,대한항공,KE091,보스턴,20250913,9:30,9:30,9:57,여객,출발,,B787-9,269,"A,B,C,D"
출발,인천,대한항공,KE755,오키나와,20250913,9:30,9:30,9:59,여객,출발,,B737-900,188,"A,B,C,D"
출발,인천,대한항공,KE657,수안나폼(방콕),20250913,9:30,9:30,9:51,여객,출발,,A330-300,272,"A,B,C,D"
출발,인천,대한항공,KE073,토론토,20250913,9:35,9:35,10:04,여객,출발,,B777-300ER,277,"A,B,C,D"
출발,인천,대한항공,KE723,간사이,20250913,9:35,9:35,10:07,여객,출발,,A321neo,182,"A,B,C,D"
출발,인천,대한항공,KE763,니가타,20250913,9:40,9:40,10:10,여객,출발,,B737-900,188,"A,B,C,D"
출발,인천,대한항공,KE421,괌,20250913,9:45,9:45,9:59,여객,출발,,B737-900,188,"A,B,C,D"
출발,인천,진에어,LJ205,도쿄/나리타,20250913,9:45,9:45,10:13,여객,출발,,B737-800,189,"H,F,G,L"
출발,인천,진에어,LJ341,오키나와,20250913,9:55,9:55,10:20,여객,출발,,B737-800,189,"H,F,G,L"
출발,인천,대한항공,KE081,뉴욕,20250913,10:00,10:00,10:32,여객,출발,,A380-800,407,"A,B,C,D"
출발,인천,대한항공,KE765,삿포로,20250913,10:05,10:05,10:23,여객,출발,,B737-900,188,"A,B,C,D"
출발,인천,대한항공,KE703,도쿄/나리타,20250913,10:10,10:30,10:35,여객,출발,,A321neo,182,"A,B,C,D"
출발,인천,델타항공,DL158,디트로이트,20250913,10:15,10:15,10:16,여객,출발,,A350-900,306,"K,F,G,L"
출발,인천,대한항공,KE125,샤먼 가오치,20250913,10:20,10:20,10:40,여객,출발,,B737-900,188,"A,B,C,D"
출발,인천,대한항공,KE169,마카오,20250913,10:20,10:37,11:00,여객,지연,운항 기준 및 승무원 관련 지연,A321neo,182,"A,B,C,D"
출발,인천,대한항공,KE093,워싱톤,20250913,10:25,10:25,10:49,여객,출발,,B777-300ER,277,"A,B,C,D"
출발,인천,대한항공,KE185,타오위안,20250913,10:30,10:30,11:08,여객,출발,,A321neo,182,"A,B,C,D"
출발,인천,대한항공,KE741,나고야,20250913,10:35,10:35,10:54,여객,출발,,A321neo,182,"A,B,C,D"
출발,인천,가루다인도네시아,GA879,자카르타(수카르노 하타),20250913,10:35,10:54,11:16,여객,지연,공항 및 출입국 절차에 의한 지연,A330-900neo,301,"J,F,G,L"
출발,인천,대한항공,KE037,시카고,20250913,10:40,10:40,10:57,여객,출발,,B777-300ER,277,"A,B,C,D"
출발,인천,대한항공,KE969,프라하,20250913,10:45,10:45,11:51,여객,지연,여객 및 화물처리에 의한 지연,B787-9,269,"A,B,C,D"
출발,인천,대한항공,KE457,다낭,20250913,10:55,10:55,11:24,여객,출발,,B737-900,188,"A,B,C,D"
출발,인천,대한항공,KE907,런던히드로,20250913,10:55,12:13,12:32,여객,지연,항공교통흐름에 의한 지연,A380-800,407,"A,B,C,D"
출발,인천,대한항공,KE917,취리히,20250913,11:05,12:48,13:01,여객,지연,항공교통흐름에 의한 지연,B787-9,269,"A,B,C,D"
출발,인천,대한항공,KE897,푸동,20250913,11:10,11:10,11:41,여객,출발,,B777-300ER,277,"A,B,C,D"
출발,인천,대한항공,KE901,파리,20250913,11:10,13:10,13:33,여객,지연,항공교통흐름에 의한 지연,B777-300ER,277,"A,B,C,D"
출발,인천,에어부산,BX158,후쿠오카,20250913,11:25,11:25,11:41,여객,출발,,A321,195,"E,F,G,L"
출발,인천,가루다인도네시아,GA871,덴파사(응우라 라이),20250913,11:25,11:25,11:38,여객,출발,,A330-300,251,"J,F,G,L"
출발,인천,아에로멕시코,AM091,멕시코시티,20250913,11:40,11:40,11:57,여객,출발,,B787-9,274,"H,F,G,L"
출발,인천,대한항공,KE925,암스테르담,20250913,11:55,12:10,12:51,여객,지연,항공기 연결에 의한 지연,B777-300ER,277,"A,B,C,D"
출발,인천,중화항공,CI165,가오슝,20250913,12:05,12:05,12:16,여객,출발,,A321neo,180,"J,F,G,L"
출발,인천,진에어,LJ263,후쿠오카,20250913,12:10,12:10,12:24,여객,출발,,B737-800,189,"H,F,G,L"
출발,인천,에어서울,RS811,장가계,20250913,12:20,13:35,14:16,여객,지연,항공기 연결에 의한 지연,A321,195,"E,F,G,L"
출발,인천,대한항공,KE769,삿포로,20250913,12:35,12:35,12:57,여객,출발,,B737-900,188,"A,B,C,D"
출발,인천,대한항공,KE803,천진,20250913,12:35,14:30,14:52,여객,지연,항공교통흐름에 의한 지연,B737-900,188,"A,B,C,D"
출발,인천,대한항공,KE963,부다페스트,20250913,12:35,14:35,15:00,여객,지연,항공교통흐름에 의한 지연,B787-9,269,"A,B,C,D"
출발,인천,중화항공,CI161,타오위안,20250913,12:35,12:35,13:09,여객,출발,,A330-300,277,"J,F,G,L"
출발,인천,에어부산,BX174,간사이,20250913,12:40,13:05,13:44,여객,지연,항공기 연결에 의한 지연,A321,195,"E,F,G,L"
출발,인천,대한항공,KE711,도쿄/나리타,20250913,13:00,13:27,13:56,여객,지연,항공교통흐름에 의한 지연,A321neo,182,"A,B,C,D"
출발,인천,대한항공,KE869,대련,20250913,13:00,13:00,13:37,여객,출발,,B737-900,188,"A,B,C,D"
출발,인천,대한항공,KE843,청도,20250913,13:05,13:05,13:28,여객,출발,,B737-900,188,"A,B,C,D"
출발,인천,대한항공,KE931,로마,20250913,13:20,15:15,15:33,여객,지연,항공교통흐름에 의한 지연,B777-300ER,277,"A,B,C,D"
출발,인천,대한항공,KE175,홍콩,20250913,13:25,13:25,14:02,여객,출발,,A321neo,182,"A,B,C,D"
출발,인천,대한항공,KE135,허페이,20250913,13:25,13:45,14:05,여객,지연,항공교통흐름에 의한 지연,B737-900,188,"A,B,C,D"
출발,인천,대한항공,KE951,두바이,20250913,13:25,13:45,14:29,여객,지연,항공기 연결에 의한 지연,B777-300ER,277,"A,B,C,D"
출발,인천,샤먼항공,MF872,샤먼 가오치,20250913,13:30,13:30,14:00,여객,출발,,B737-800,168,"J,F,G,L"
출발,인천,대한항공,KE955,이스탄불,20250913,13:40,15:30,15:55,여객,지연,항공교통흐름에 의한 지연,B777-300ER,277,"A,B,C,D"
출발,인천,대한항공,KE789,후쿠오카,20250913,13:45,13:45,14:33,여객,지연,항공교통흐름에 의한 지연,B737-900,188,"A,B,C,D"
출발,인천,진에어,LJ861,청도,20250913,13:50,13:50,14:20,여객,출발,,B737-800,189,"H,F,G,L"
출발,인천,에어서울,RS723,후쿠오카,20250913,14:25,14:25,15:04,여객,지연,여객 및 화물처리에 의한 지연,A321,195,"E,F,G,L"
출발,인천,대한항공,KE017,로스앤젤레스,20250913,14:30,14:50,15:52,여객,지연,항공기 연결에 의한 지연,B747-8i,368,"A,B,C,D"
출발,인천,진에어,LJ359,다카마쓰,20250913,14:30,14:30,14:58,여객,출발,,B737-800,189,"H,F,G,L"
출발,인천,대한항공,KE833,심양,20250913,14:35,14:35,15:02,여객,출발,,B737-900,188,"A,B,C,D"
출발,인천,대한항공,KE643,싱가포르,20250913,14:45,14:45,15:14,여객,출발,,A330-300,272,"A,B,C,D"
출발,인천,진에어,LJ209,도쿄/나리타,20250913,14:45,15:08,15:31,여객,지연,공항 및 출입국 절차에 의한 지연,B737-800,189,"H,F,G,L"
출발,인천,대한항공,KE725,간사이,20250913,15:05,15:05,15:35,여객,출발,,A321neo,182,"A,B,C,D"
출발,인천,대한항공,KE627,자카르타(수카르노 하타),20250913,15:10,15:10,15:49,여객,지연,항공교통흐름에 의한 지연,A330-300,272,"A,B,C,D"
출발,인천,대한항공,KE189,타이중,20250913,15:15,15:40,16:11,여객,지연,항공교통흐름에 의한 지연,A321neo,182,"A,B,C,D"
출발,인천,에어서울,RS715,간사이,20250913,15:20,15:20,16:00,여객,출발,,A321,195,"E,F,G,L"
출발,인천,에어부산,BX176,간사이,20250913,15:25,15:25,16:26,여객,지연,항공교통흐름에 의한 지연,A321,195,"E,F,G,L"
출발,인천,진에어,LJ211,도쿄/나리타,20250913,15:35,15:59,16:24,여객,지연,공항 및 출입국 절차에 의한 지연,B737-800,189,"H,F,G,L"
출발,인천,대한항공,KE733,고베,20250913,15:50,15:50,16:28,여객,출발,,A321neo,182,"A,B,C,D"
출발,인천,에어부산,BX166,도쿄/나리타,20250913,15:50,15:50,16:14,여객,출발,,A321,195,"E,F,G,L"
출발,인천,진에어,LJ265,후쿠오카,20250913,15:50,15:50,16:18,여객,출발,,B737-800,189,"H,F,G,L"
출발,인천,대한항공,KE023,샌프란시스코,20250913,16:00,16:00,16:31,여객,출발,,B777-300ER,277,"A,B,C,D"
출발,인천,진에어,LJ347,나고야,20250913,16:05,16:05,16:34,여객,출발,,B737-800,189,"H,F,G,L"
출발,인천,진에어,LJ239,간사이,20250913,16:05,16:29,16:56,여객,지연,항공교통흐름에 의한 지연,B737-800,189,"H,F,G,L"
출발,인천,대한항공,KE187,타오위안,20250913,16:10,16:10,16:42,여객,출발,,A321neo,182,"A,B,C,D"
출발,인천,대한항공,KE633,덴파사(응우라 라이),20250913,16:10,16:10,16:39,여객,출발,,A330-300,272,"A,B,C,D"
출발,인천,진에어,LJ351,기타규슈,20250913,16:15,16:30,16:54,여객,지연,공항 및 출입국 절차에 의한 지연,B737-800,189,"H,F,G,L"
출발,인천,대한항공,KE671,쿠알라룸푸르,20250913,16:20,16:20,17:07,여객,지연,항공교통흐름에 의한 지연,A330-300,272,"A,B,C,D"
출발,인천,델타항공,DL188,애틀랜타,20250913,16:25,16:25,16:36,여객,출발,,A350-900,306,"K,F,G,L"
출발,인천,대한항공,KE041,시애틀,20250913,16:40,16:40,17:12,여객,출발,,A330-300,272,"A,B,C,D"
출발,인천,에어서울,RS703,도쿄/나리타,20250913,16:45,16:45,17:23,여객,지연,공항 및 출입국 절차에 의한 지연,A321,195,"E,F,G,L"
출발,인천,대한항공,KE713,도쿄/나리타,20250913,17:05,17:05,17:30,여객,출발,,A321neo,182,"A,B,C,D"
출발,인천,대한항공,KE1405,김해,20250913,17:10,17:10,17:43,여객,출발,,B737-900,188,
출발,인천,진에어,LJ009,치앙마이,20250913,17:10,17:10,17:34,여객,출발,,B737-800,189,"H,F,G,L"
출발,인천,에어부산,BX747,수안나폼(방콕),20250913,17:15,17:15,17:46,여객,출발,,A321,195,"E,F,G,L"
출발,인천,대한항공,KE8425,괌,20250913,17:15,17:15,17:40,여객,출발,,B737-900,188,"A,B,C,D"
출발,인천,진에어,LJ919,괌,20250913,17:35,17:35,18:03,여객,출발,,B737-800,189,"H,F,G,L"
출발,인천,대한항공,KE629,덴파사(응우라 라이),20250913,17:45,17:45,18:10,여객,출발,,A330-300,272,"A,B,C,D"
출발,인천,대한항공,KE663,푸껫,20250913,17:50,17:50,18:12,여객,출발,,B737-900,188,"A,B,C,D"
출발,인천,대한항공,KE651,수안나폼(방콕),20250913,18:05,18:05,18:44,여객,지연,운항 기준 및 승무원 관련 지연,A330-300,272,"A,B,C,D"
출발,인천,대한항공,KE461,다낭,20250913,18:20,18:20,18:40,여객,출발,,B737-900,188,"A,B,C,D"
출발,인천,대한항공,KE667,치앙마이,20250913,18:25,18:25,18:59,여객,출발,,B737-900,188,"A,B,C,D"
출발,인천,대한항공,KE1407,김해,20250913,18:25,18:25,18:42,여객,출발,,B737-900,188,
출발,인천,대한항공,KE705,도쿄/나리타,20250913,18:35,18:35,18:55,여객,출발,,A321neo,182,"A,B,C,D"
출발,인천,대한항공,KE781,후쿠오카,20250913,18:40,18:40,19:31,여객,지연,항공교통흐름에 의한 지연,B737-900,188,"A,B,C,D"
출발,인천,대한항공,KE645,싱가포르,20250913,18:40,18:40,19:10,여객,출발,,A330-300,272,"A,B,C,D"
출발,인천,델타항공,DL170,미니애폴리스,20250913,18:40,18:40,19:11,여객,출발,,A350-900,306,"K,F,G,L"
출발,인천,대한항공,KE423,괌,20250913,18:40,18:40,19:17,여객,출발,,B737-900,188,"A,B,C,D"
출발,인천,대한항공,KE071,밴쿠버,20250913,18:45,19:00,20:09,여객,지연,기타 원인에 의한 지연,B787-9,269,"A,B,C,D"
출발,인천,대한항공,KE453,노이바이(하노이),20250913,18:45,19:06,19:33,여객,지연,항공교통흐름에 의한 지연,B737-900,188,"A,B,C,D"
출발,인천,대한항공,KE475,떤 선녓(호찌민),20250913,18:45,19:06,19:29,여객,지연,항공교통흐름에 의한 지연,B737-900,188,"A,B,C,D"
출발,인천,대한항공,KE623,마닐라,20250913,18:50,18:50,19:25,여객,출발,,B737-900,188,"A,B,C,D"
출발,인천,대한항공,KE743,나고야,20250913,18:50,20:10,20:39,여객,지연,항공기 연결에 의한 지연,A321neo,182,"A,B,C,D"
출발,인천,델타항공,DL26,애틀랜타,20250913,18:50,18:50,19:21,여객,출발,,A350-900,306,"K,F,G,L"
출발,인천,대한항공,KE689,프놈펜,20250913,18:50,18:50,19:23,여객,출발,,B737-900,188,"A,B,C,D"
출발,인천,대한항공,KE895,푸동,20250913,18:55,19:21,19:43,여객,지연,항공교통흐름에 의한 지연,A330-300,272,"A,B,C,D"
출발,인천,대한항공,KE721,간사이,20250913,19:00,19:00,19:27,여객,출발,,A321neo,182,"A,B,C,D"
출발,인천,대한항공,KE401,시드니,20250913,19:10,19:10,19:47,여객,출발,,A380-800,407,"A,B,C,D"
출발,인천,진에어,LJ131,코타키나발루,20250913,19:10,19:10,19:46,여객,출발,,B737-800,189,"H,F,G,L"
출발,인천,델타항공,DL196,시애틀,20250913,19:20,21:15,21:39,여객,지연,항공기 연결에 의한 지연,A330-900neo,281,"K,F,G,L"
출발,인천,대한항공,KE163,장가계,20250913,19:25,19:25,19:57,여객,출발,,B737-900,188,"A,B,C,D"
출발,인천,대한항공,KE085,뉴욕,20250913,19:30,20:45,21:15,여객,지연,기타 원인에 의한 지연,B747-8i,368,"A,B,C,D"
출발,인천,대한항공,KE195,칭기즈칸(신 울란바토르) 국제공항,20250913,19:30,20:58,21:18,여객,지연,여객 및 화물처리에 의한 지연,B737-900,188,"A,B,C,D"
출발,인천,대한항공,KE1431,대구,20250913,19:30,19:30,20:12,여객,지연,항공교통흐름에 의한 지연,B737-900,188,
출발,인천,대한항공,KE1409,김해,20250913,19:35,19:35,20:11,여객,출발,,B737-900,188,
출발,인천,델타항공,DL172,솔트레이크시티,20250913,19:40,19:40,19:55,여객,출발,,A350-900,306,"K,F,G,L"
출발,인천,대한항공,KE177,홍콩,20250913,19:45,19:45,20:17,여객,출발,,A321neo,182,"A,B,C,D"
출발,인천,대한항공,KE477,떤 선녓(호찌민),20250913,19:45,19:45,20:22,여객,출발,,B737-900,188,"A,B,C,D"
출발,인천,대한항공,KE659,수안나폼(방콕),20250913,19:45,19:45,20:29,여객,지연,항공교통흐름에 의한 지연,B737-900,188,"A,B,C,D"
출발,인천,에어서울,RS527,깜라인(나트랑),20250913,19:50,19:50,20:34,여객,지연,공항 및 출입국 절차에 의한 지연,A321,195,"E,F,G,L"
출발,인천,진에어,LJ001,수안나폼(방콕),20250913,19:55,19:55,20:38,여객,지연,,B737-800,189,"H,F,G,L"
출발,인천,대한항공,KE853,베이징,20250913,20:00,20:45,21:27,여객,지연,항공기 연결에 의한 지연,A330-300,272,"A,B,C,D"
출발,인천,대한항공,KE467,깜라인(나트랑),20250913,20:00,20:35,21:25,여객,지연,항공기 연결에 의한 지연,B737-900,188,"A,B,C,D"
출발,인천,대한항공,KE615,세부,20250913,20:05,20:05,20:27,여객,출발,,B737-900,188,"A,B,C,D"
출발,인천,대한항공,KE407,브리즈번,20250913,20:05,20:05,20:19,여객,출발,,A330-300,272,"A,B,C,D"
출발,인천,대한항공,KE625,마닐라,20250913,20:15,20:30,21:03,여객,지연,항공기 연결에 의한 지연,B737-900,188,"A,B,C,D"
출발,인천,대한항공,KE011,로스앤젤레스,20250913,20:25,20:25,21:05,여객,출발,,A380-800,407,"A,B,C,D"
출발,인천,진에어,LJ081,다낭,20250913,20:25,20:25,20:49,여객,출발,,B737-800,189,"H,F,G,L"
출발,인천,대한항공,KE719,하네다,20250913,20:30,20:30,21:09,여객,출발,,A321neo,182,"A,B,C,D"
출발,인천,중화항공,CI163,타오위안,20250913,20:35,20:35,21:06,여객,출발,,A330-300,277,"J,F,G,L"
출발,인천,샤먼항공,MF878,푸저우(복주),20250913,20:35,20:35,20:51,여객,출발,,B737-800,168,"J,F,G,L"
출발,인천,진에어,LJ087,깜라인(나트랑),20250913,20:40,20:40,21:11,여객,출발,,B737-800,189,"H,F,G,L"
출발,인천,진에어,LJ043,팡라로,20250913,20:50,21:34,21:57,여객,지연,항공기 연결에 의한 지연,B737-800,189,"H,F,G,L"
출발,인천,진에어,LJ917,괌,20250913,20:50,21:40,22:20,여객,지연,공항 및 출입국 절차에 의한 지연,B737-800,189,"H,F,G,L"
출발,인천,에어서울,RS581,팡라로,20250913,20:55,21:20,22:06,여객,지연,항공기 연결에 의한 지연,A321,195,"E,F,G,L"
출발,인천,대한항공,KE005,라스베이거스,20250913,21:00,21:00,21:29,여객,출발,,B777-300ER,277,"A,B,C,D"
출발,인천,대한항공,KE053,호놀룰루,20250913,21:05,21:30,22:03,여객,지연,여객 및 화물처리에 의한 지연,A330-300,272,"A,B,C,D"
출발,인천,대한항공,KE655,수안나폼(방콕),20250913,21:15,21:35,22:10,여객,지연,기타 원인에 의한 지연,A330-300,272,"A,B,C,D"
출발,인천,에어부산,BX787,깜라인(나트랑),20250913,21:30,21:30,22:03,여객,출발,,A321,195,"E,F,G,L"
출발,인천,네덜란드항공,KL856,암스테르담,20250913,22:25,22:25,22:58,여객,출발,,B787-9,294,"M,F,G,L"
출발,인천,대한항공,KE619,마닐라,20250913,22:35,22:35,22:42,여객,출발,,A330-300,272,"A,B,C,D"
출발,인천,대한항공,KE075,밴쿠버,20250913,22:40,22:40,23:08,여객,출발,,B787-9,269,"A,B,C,D"
출발,인천,대한항공,KE647,싱가포르,20250913,23:35,23:35,23:53,여객,출발,,B777-300ER,277,"A,B,C,D"
출발,인천,스칸디나비아항공,SK988,코펜하겐,20250914,0:05,23:45,0:11,여객,출발,,A350-900,300,"K,F,G,L"
출발,인천,대한항공,KE1401,김해,20250914,6:35,6:35,6:50,여객,출발,,B737-900,188,
출발,인천,에어서울,RS711,간사이,20250914,7:15,7:35,8:20,여객,지연,공항 및 출입국 절차에 의한 지연,A321,195,"E,F,G,L"
출발,인천,에어부산,BX164,도쿄/나리타,20250914,7:15,7:15,7:23,여객,출발,,A321,195,"E,F,G,L"
출발,인천,진에어,LJ261,후쿠오카,20250914,7:15,7:15,7:41,여객,출발,,B737-800,189,"H,F,G,L"
출발,인천,에어부산,BX156,후쿠오카,20250914,7:20,7:20,7:45,여객,출발,,A321,195,"E,F,G,L"
출발,인천,대한항공,KE787,후쿠오카,20250914,7:25,7:25,7:37,여객,출발,,B737-900,188,"A,B,C,D"
출발,인천,진에어,LJ201,도쿄/나리타,20250914,7:25,7:25,7:57,여객,출발,,B737-800,189,"H,F,G,L"
출발,인천,대한항공,KE771,오카야마,20250914,7:30,7:30,7:54,여객,출발,,B737-900,188,"A,B,C,D"
출발,인천,진에어,LJ345,나고야,20250914,7:30,7:30,7:48,여객,출발,,B737-800,189,"H,F,G,L"
출발,인천,진에어,LJ231,간사이,20250914,7:40,7:40,8:12,여객,출발,,B737-800,189,"H,F,G,L"
출발,인천,대한항공,KE173,홍콩,20250914,7:45,7:45,8:14,여객,출발,,A321neo,182,"A,B,C,D"
출발,인천,대한항공,KE621,마닐라,20250914,7:50,7:50,8:18,여객,출발,,B737-900,188,"A,B,C,D"
출발,인천,진에어,LJ731,타오위안,20250914,7:50,8:06,8:31,여객,지연,공항 및 출입국 절차에 의한 지연,B737-800,189,"H,F,G,L"
출발,인천,대한항공,KE845,청도,20250914,7:50,7:50,8:16,여객,출발,,B737-900,188,"A,B,C,D"
출발,인천,대한항공,KE131,정저우,20250914,8:00,8:00,8:20,여객,출발,,B737-900,188,"A,B,C,D"
출발,인천,대한항공,KE441,노이바이(하노이),20250914,8:00,8:00,8:26,여객,출발,,A330-300,272,"A,B,C,D"
출발,인천,대한항공,KE197,칭기즈칸(신 울란바토르) 국제공항,20250914,8:10,8:10,8:25,여객,출발,,B737-900,188,"A,B,C,D"
출발,인천,에어서울,RS705,도쿄/나리타,20250914,8:10,8:30,8:53,여객,지연,항공기 연결에 의한 지연,A321,195,"E,F,G,L"
출발,인천,진에어,LJ241,간사이,20250914,8:10,8:26,8:42,여객,지연,공항 및 출입국 절차에 의한 지연,B737-800,189,"H,F,G,L"
출발,인천,진에어,LJ357,시모지시마,20250914,8:10,8:10,8:35,여객,출발,,B737-800,189,"H,F,G,L"
출발,인천,대한항공,KE859,베이징,20250914,8:15,8:15,8:52,여객,출발,,B777-300ER,277,"A,B,C,D"
출발,인천,진에어,LJ203,도쿄/나리타,20250914,8:15,8:32,8:57,여객,지연,공항 및 출입국 절차에 의한 지연,B737-800,189,"H,F,G,L"
출발,인천,대한항공,KE127,푸저우(복주),20250914,8:20,8:20,8:47,여객,출발,,B737-900,188,"A,B,C,D"
출발,인천,대한항공,KE1403,김해,20250914,8:20,8:20,8:38,여객,출발,,B737-900,188,
출발,인천,진에어,LJ301,삿포로,20250914,8:20,8:20,8:45,여객,출발,,B737-800,189,"H,F,G,L"
출발,인천,대한항공,KE893,푸동,20250914,8:25,8:25,9:01,여객,출발,,A330-300,272,"A,B,C,D"
출발,인천,대한항공,KE731,고베,20250914,8:25,8:25,8:50,여객,출발,,A321neo,182,"A,B,C,D"
출발,인천,에어 프랑스,AF267,파리,20250914,8:30,8:30,8:59,여객,출발,,B777-300ER,296,"M,F,G,L"
출발,인천,대한항공,KE775,고마쓰,20250914,8:35,8:35,9:03,여객,출발,,B737-900,188,"A,B,C,D"
출발,인천,에어서울,RS741,다카마쓰,20250914,8:45,9:30,10:04,여객,지연,항공기 정비에 의한 지연,A321,195,"E,F,G,L"
출발,인천,대한항공,KE831,심양,20250914,8:45,8:05,8:37,여객,출발,,B737-900,188,"A,B,C,D"
출발,인천,대한항공,KE865,광저우,20250914,8:50,8:50,9:20,여객,출발,,A330-300,272,"A,B,C,D"
출발,인천,대한항공,KE137,우한,20250914,8:50,8:50,9:06,여객,출발,,B737-900,188,"A,B,C,D"
출발,인천,대한항공,KE819,창사(장사),20250914,9:00,9:00,9:15,여객,출발,,B737-900,188,"A,B,C,D"
출발,인천,대한항공,KE469,떤 선녓(호찌민),20250914,9:05,9:05,9:42,여객,지연,기타 원인에 의한 지연,A330-300,272,"A,B,C,D"
출발,인천,진에어,LJ361,이시가키,20250914,9:05,9:05,9:31,여객,출발,,B737-800,189,"H,F,G,L"
출발,인천,대한항공,KE811,시안,20250914,9:10,9:10,9:37,여객,출발,,B737-900,188,"A,B,C,D"
출발,인천,대한항공,KE805,천진,20250914,9:10,9:10,9:41,여객,출발,,B737-900,188,"A,B,C,D"
출발,인천,에어부산,BX172,간사이,20250914,9:15,9:15,9:26,여객,출발,,A321,195,"E,F,G,L"
출발,인천,대한항공,KE035,애틀랜타,20250914,9:20,9:20,9:34,여객,출발,,B777-300ER,277,"A,B,C,D"
출발,인천,진에어,LJ913,괌,20250914,9:20,9:20,9:48,여객,출발,,B737-800,189,"H,F,G,L"
출발,인천,에어서울,RS701,도쿄/나리타,20250914,9:25,9:25,9:50,여객,출발,,A321,195,"E,F,G,L"
출발,인천,대한항공,KE031,댈러스,20250914,9:30,9:30,9:40,여객,출발,,B787-9,269,"A,B,C,D"
출발,인천,대한항공,KE091,보스턴,20250914,9:30,9:30,10:00,여객,출발,,B787-9,269,"A,B,C,D"
출발,인천,대한항공,KE777,구마모토,20250914,9:30,9:30,9:51,여객,출발,,B737-900,188,"A,B,C,D"
출발,인천,대한항공,KE755,오키나와,20250914,9:30,9:30,9:54,여객,출발,,B737-900,188,"A,B,C,D"
출발,인천,대한항공,KE657,수안나폼(방콕),20250914,9:30,9:30,9:57,여객,출발,,A330-300,272,"A,B,C,D"
출발,인천,대한항공,KE073,토론토,20250914,9:35,9:35,10:07,여객,출발,,B777-300ER,277,"A,B,C,D"
출발,인천,대한항공,KE723,간사이,20250914,9:35,9:35,10:10,여객,출발,,A321neo,182,"A,B,C,D"
출발,인천,대한항공,KE421,괌,20250914,9:45,9:45,10:02,여객,출발,,B737-900,188,"A,B,C,D"
출발,인천,진에어,LJ205,도쿄/나리타,20250914,9:45,9:45,10:14,여객,출발,,B737-800,189,"H,F,G,L"
출발,인천,대한항공,KE913,마드리드,20250914,9:55,9:55,10:14,여객,출발,,B787-9,269,"A,B,C,D"
출발,인천,진에어,LJ341,오키나와,20250914,9:55,9:55,10:29,여객,출발,,B737-800,189,"H,F,G,L"
출발,인천,대한항공,KE081,뉴욕,20250914,10:00,10:00,10:24,여객,출발,,A380-800,407,"A,B,C,D"
출발,인천,대한항공,KE765,삿포로,20250914,10:05,10:05,10:30,여객,출발,,B737-900,188,"A,B,C,D"
출발,인천,대한항공,KE703,도쿄/나리타,20250914,10:10,10:10,10:36,여객,출발,,A321neo,182,"A,B,C,D"
출발,인천,델타항공,DL158,디트로이트,20250914,10:15,10:15,10:18,여객,출발,,A350-900,306,"K,F,G,L"
출발,인천,대한항공,KE125,샤먼 가오치,20250914,10:20,10:20,10:43,여객,출발,,B737-900,188,"A,B,C,D"
출발,인천,대한항공,KE169,마카오,20250914,10:20,10:20,10:45,여객,출발,,A321neo,182,"A,B,C,D"
출발,인천,대한항공,KE093,워싱톤,20250914,10:25,10:25,10:53,여객,출발,,B777-300ER,277,"A,B,C,D"
출발,인천,대한항공,KE101,남경,20250914,10:25,10:25,10:52,여객,출발,,A321neo,182,"A,B,C,D"
출발,인천,대한항공,KE937,비엔나,20250914,10:25,10:25,10:47,여객,출발,,B787-9,269,"A,B,C,D"
출발,인천,대한항공,KE185,타오위안,20250914,10:30,10:30,10:57,여객,출발,,A321neo,182,"A,B,C,D"
출발,인천,대한항공,KE741,나고야,20250914,10:35,10:35,11:11,여객,출발,,A321neo,182,"A,B,C,D"
출발,인천,대한항공,KE037,시카고,20250914,10:40,10:40,11:07,여객,출발,,B777-300ER,277,"A,B,C,D"
출발,인천,대한항공,KE855,베이징,20250914,10:40,11:10,11:41,여객,지연,항공기 연결에 의한 지연,A330-300,272,"A,B,C,D"
출발,인천,대한항공,KE457,다낭,20250914,10:55,10:55,11:24,여객,출발,,B737-900,188,"A,B,C,D"
출발,인천,대한항공,KE907,런던히드로,20250914,10:55,10:55,11:33,여객,지연,여객 및 화물처리에 의한 지연,A380-800,407,"A,B,C,D"
출발,인천,대한항공,KE945,프랑크푸르트,20250914,11:05,11:29,11:52,여객,지연,항공교통흐름에 의한 지연,A380-800,407,"A,B,C,D"
출발,인천,대한항공,KE791,후쿠오카,20250914,11:05,11:23,11:43,여객,지연,항공교통흐름에 의한 지연,B737-900,188,"A,B,C,D"
출발,인천,대한항공,KE897,푸동,20250914,11:10,11:27,11:50,여객,지연,여객 및 화물처리에 의한 지연,B777-300ER,277,"A,B,C,D"
출발,인천,에어부산,BX158,후쿠오카,20250914,11:25,11:25,12:11,여객,출발,,A321,195,"E,F,G,L"
출발,인천,가루다인도네시아,GA871,덴파사(응우라 라이),20250914,11:25,11:43,12:16,여객,지연,항공기 연결에 의한 지연,A330-300,251,"J,F,G,L"
출발,인천,아에로멕시코,AM091,멕시코시티,20250914,11:40,11:40,12:23,여객,지연,항공기 연결에 의한 지연,B787-9,274,"H,F,G,L"
출발,인천,대한항공,KE925,암스테르담,20250914,11:55,11:55,12:13,여객,출발,,B777-300ER,277,"A,B,C,D"
출발,인천,중화항공,CI165,가오슝,20250914,12:05,12:05,12:24,여객,출발,,A321neo,180,"J,F,G,L"
출발,인천,진에어,LJ263,후쿠오카,20250914,12:10,12:10,12:30,여객,출발,,B737-800,189,"H,F,G,L"
출발,인천,대한항공,KE769,삿포로,20250914,12:35,12:35,12:47,여객,출발,,B737-900,188,"A,B,C,D"
출발,인천,대한항공,KE803,천진,20250914,12:35,13:10,13:30,여객,지연,항공기 연결에 의한 지연,B737-900,188,"A,B,C,D"
출발,인천,중화항공,CI161,타오위안,20250914,12:35,12:50,13:09,여객,지연,항공교통흐름에 의한 지연,A330-300,277,"J,F,G,L"
출발,인천,에어부산,BX174,간사이,20250914,12:40,12:40,12:56,여객,출발,,A321,195,"E,F,G,L"
출발,인천,대한항공,KE497,델리,20250914,12:55,12:55,13:13,여객,출발,,B787-9,269,"A,B,C,D"
출발,인천,대한항공,KE711,도쿄/나리타,20250914,13:00,14:00,14:24,여객,지연,항공기 연결에 의한 지연,A321neo,182,"A,B,C,D"
출발,인천,대한항공,KE869,대련,20250914,13:00,13:00,13:17,여객,출발,,B737-900,188,"A,B,C,D"
출발,인천,대한항공,KE921,리스본,20250914,13:00,13:00,13:33,여객,출발,,B787-9,269,"A,B,C,D"
출발,인천,대한항공,KE843,청도,20250914,13:05,13:05,13:20,여객,출발,,B737-900,188,"A,B,C,D"
출발,인천,대한항공,KE175,홍콩,20250914,13:25,13:25,13:47,여객,출발,,A321neo,182,"A,B,C,D"
출발,인천,에어서울,RS745,요나고,20250914,13:25,13:25,13:41,여객,출발,,A321,195,"E,F,G,L"
출발,인천,대한항공,KE951,두바이,20250914,13:25,13:40,14:06,여객,출발,,B777-300ER,277,"A,B,C,D"
출발,인천,샤먼항공,MF872,샤먼 가오치,20250914,13:30,13:30,13:43,여객,출발,,B737-800,168,"J,F,G,L"
출발,인천,대한항공,KE927,밀라노,20250914,13:40,13:40,14:02,여객,출발,,B787-9,269,"A,B,C,D"
출발,인천,대한항공,KE789,후쿠오카,20250914,13:45,13:45,13:59,여객,출발,,B737-900,188,"A,B,C,D"
출발,인천,진에어,LJ861,청도,20250914,13:50,14:32,14:54,여객,지연,항공기 연결에 의한 지연,B737-800,189,"H,F,G,L"
출발,인천,에어서울,RS723,후쿠오카,20250914,14:25,14:45,15:11,여객,지연,항공기 연결에 의한 지연,A321,195,"E,F,G,L"
출발,인천,대한항공,KE017,로스앤젤레스,20250914,14:30,14:30,14:56,여객,출발,,B747-8i,368,"A,B,C,D"
출발,인천,진에어,LJ359,다카마쓰,20250914,14:30,14:30,14:38,여객,출발,,B737-800,189,"H,F,G,L"
출발,인천,대한항공,KE833,심양,20250914,14:35,14:35,15:15,여객,지연,항공교통흐름에 의한 지연,B737-900,188,"A,B,C,D"
출발,인천,대한항공,KE643,싱가포르,20250914,14:45,14:45,15:08,여객,출발,,A330-300,272,"A,B,C,D"
출발,인천,진에어,LJ209,도쿄/나리타,20250914,14:45,14:45,15:17,여객,출발,,B737-800,189,"H,F,G,L"
출발,인천,대한항공,KE725,간사이,20250914,15:05,15:05,15:29,여객,출발,,A321neo,182,"A,B,C,D"
출발,인천,대한항공,KE627,자카르타(수카르노 하타),20250914,15:10,15:50,16:19,여객,지연,항공기 연결에 의한 지연,A330-300,272,"A,B,C,D"
출발,인천,대한항공,KE189,타이중,20250914,15:15,15:37,15:59,여객,지연,항공교통흐름에 의한 지연,A321neo,182,"A,B,C,D"
출발,인천,에어서울,RS715,간사이,20250914,15:20,15:20,16:13,여객,지연,공항 및 출입국 절차에 의한 지연,A321,195,"E,F,G,L"
출발,인천,에어부산,BX176,간사이,20250914,15:25,15:25,16:11,여객,지연,공항 및 출입국 절차에 의한 지연,A321,195,"E,F,G,L"
출발,인천,진에어,LJ211,도쿄/나리타,20250914,15:35,15:57,16:15,여객,지연,공항 및 출입국 절차에 의한 지연,B737-800,189,"H,F,G,L"
출발,인천,대한항공,KE733,고베,20250914,15:50,15:50,16:30,여객,출발,,A321neo,182,"A,B,C,D"
출발,인천,에어부산,BX166,도쿄/나리타,20250914,15:50,15:50,16:42,여객,지연,공항 및 출입국 절차에 의한 지연,A321,195,"E,F,G,L"
출발,인천,진에어,LJ265,후쿠오카,20250914,15:50,15:50,16:32,여객,출발,,B737-800,189,"H,F,G,L"
출발,인천,대한항공,KE023,샌프란시스코,20250914,16:00,16:55,17:27,여객,지연,항공기 연결에 의한 지연,B777-300ER,277,"A,B,C,D"
출발,인천,진에어,LJ347,나고야,20250914,16:05,16:26,16:50,여객,지연,공항 및 출입국 절차에 의한 지연,B737-800,189,"H,F,G,L"
출발,인천,진에어,LJ239,간사이,20250914,16:05,16:23,16:46,여객,지연,공항 및 출입국 절차에 의한 지연,B737-800,189,"H,F,G,L"
출발,인천,대한항공,KE187,타오위안,20250914,16:10,16:10,16:49,여객,출발,,A321neo,182,"A,B,C,D"
출발,인천,대한항공,KE633,덴파사(응우라 라이),20250914,16:10,16:10,16:39,여객,출발,,A330-300,272,"A,B,C,D"
출발,인천,대한항공,KE671,쿠알라룸푸르,20250914,16:20,16:20,17:08,여객,지연,항공교통흐름에 의한 지연,A330-300,272,"A,B,C,D"
출발,인천,델타항공,DL188,애틀랜타,20250914,16:25,16:44,17:06,여객,지연,공항 및 출입국 절차에 의한 지연,A350-900,306,"K,F,G,L"
출발,인천,대한항공,KE041,시애틀,20250914,16:40,17:20,17:53,여객,지연,항공기 연결에 의한 지연,A330-300,272,"A,B,C,D"
출발,인천,에어서울,RS703,도쿄/나리타,20250914,16:45,16:45,17:21,여객,출발,,A321,195,"E,F,G,L"
출발,인천,대한항공,KE713,도쿄/나리타,20250914,17:05,17:05,17:35,여객,출발,,A321neo,182,"A,B,C,D"
출발,인천,대한항공,KE1405,김해,20250914,17:10,17:10,17:42,여객,출발,,B737-900,188,
출발,인천,진에어,LJ009,치앙마이,20250914,17:10,17:10,17:36,여객,출발,,B737-800,189,"H,F,G,L"
출발,인천,에어부산,BX747,수안나폼(방콕),20250914,17:15,17:15,17:46,여객,출발,,A321,195,"E,F,G,L"
출발,인천,대한항공,KE8425,괌,20250914,17:15,17:15,17:40,여객,출발,,B737-900,188,"A,B,C,D"
출발,인천,진에어,LJ919,괌,20250914,17:35,17:35,17:55,여객,출발,,B737-800,189,"H,F,G,L"
출발,인천,대한항공,KE629,덴파사(응우라 라이),20250914,17:45,17:45,18:05,여객,출발,,A330-300,272,"A,B,C,D"
출발,인천,대한항공,KE663,푸껫,20250914,17:50,17:50,18:16,여객,출발,,B737-900,188,"A,B,C,D"
출발,인천,대한항공,KE411,오클랜드,20250914,18:00,18:20,18:48,여객,지연,항공기 연결에 의한 지연,B787-9,269,"A,B,C,D"
출발,인천,대한항공,KE651,수안나폼(방콕),20250914,18:05,18:05,18:32,여객,출발,,A330-300,272,"A,B,C,D"
출발,인천,대한항공,KE461,다낭,20250914,18:20,18:20,18:45,여객,출발,,B737-900,188,"A,B,C,D"
출발,인천,대한항공,KE667,치앙마이,20250914,18:25,18:25,18:50,여객,출발,,B737-900,188,"A,B,C,D"
출발,인천,대한항공,KE1407,김해,20250914,18:25,18:25,18:54,여객,출발,,B737-900,188,
출발,인천,대한항공,KE705,도쿄/나리타,20250914,18:35,18:35,19:02,여객,출발,,A321neo,182,"A,B,C,D"
출발,인천,대한항공,KE871,대련,20250914,18:35,18:35,19:03,여객,출발,,B737-900,188,"A,B,C,D"
출발,인천,대한항공,KE161,쿤밍,20250914,18:40,19:00,19:27,여객,지연,항공기 연결에 의한 지연,B737-900,188,"A,B,C,D"
출발,인천,대한항공,KE645,싱가포르,20250914,18:40,18:40,19:17,여객,지연,항공교통흐름에 의한 지연,A330-300,272,"A,B,C,D"
출발,인천,대한항공,KE781,후쿠오카,20250914,18:40,18:40,19:11,여객,출발,,B737-900,188,"A,B,C,D"
출발,인천,델타항공,DL170,미니애폴리스,20250914,18:40,18:40,19:05,여객,출발,,A350-900,306,"K,F,G,L"
출발,인천,대한항공,KE423,괌,20250914,18:40,18:40,19:06,여객,출발,,B737-900,188,"A,B,C,D"
출발,인천,대한항공,KE071,밴쿠버,20250914,18:45,18:45,19:30,여객,지연,항공교통흐름에 의한 지연,B787-9,269,"A,B,C,D"
출발,인천,대한항공,KE453,노이바이(하노이),20250914,18:45,19:00,19:22,여객,지연,항공교통흐름에 의한 지연,B737-900,188,"A,B,C,D"
출발,인천,대한항공,KE475,떤 선녓(호찌민),20250914,18:45,18:45,19:32,여객,지연,항공교통흐름에 의한 지연,B737-900,188,"A,B,C,D"
출발,인천,대한항공,KE623,마닐라,20250914,18:50,18:50,19:28,여객,지연,항공교통흐름에 의한 지연,B737-900,188,"A,B,C,D"
출발,인천,대한항공,KE743,나고야,20250914,18:50,18:50,19:24,여객,출발,,A321neo,182,"A,B,C,D"
출발,인천,델타항공,DL26,애틀랜타,20250914,18:50,18:50,19:14,여객,출발,,A350-900,306,"K,F,G,L"
출발,인천,대한항공,KE689,프놈펜,20250914,18:50,19:46,20:10,여객,지연,항공교통흐름에 의한 지연,B737-900,188,"A,B,C,D"
출발,인천,대한항공,KE895,푸동,20250914,18:55,19:25,19:49,여객,지연,항공기 연결에 의한 지연,A330-300,272,"A,B,C,D"
출발,인천,대한항공,KE721,간사이,20250914,19:00,19:00,19:34,여객,출발,,A321neo,182,"A,B,C,D"
출발,인천,대한항공,KE401,시드니,20250914,19:10,19:10,19:36,여객,출발,,A380-800,407,"A,B,C,D"
출발,인천,진에어,LJ131,코타키나발루,20250914,19:10,19:37,19:58,여객,지연,공항 및 출입국 절차에 의한 지연,B737-800,189,"H,F,G,L"
출발,인천,델타항공,DL196,시애틀,20250914,19:20,20:49,21:09,여객,지연,항공기 연결에 의한 지연,A330-900neo,281,"K,F,G,L"
출발,인천,에어서울,RS581,팡라로,20250914,19:25,19:25,20:20,여객,지연,항공교통흐름에 의한 지연,A321,195,"E,F,G,L"
출발,인천,대한항공,KE085,뉴욕,20250914,19:30,19:50,20:07,여객,지연,기타 원인에 의한 지연,B747-8i,368,"A,B,C,D"
출발,인천,대한항공,KE1431,대구,20250914,19:30,19:30,19:48,여객,출발,,B737-900,188,
출발,인천,대한항공,KE1409,김해,20250914,19:35,19:35,19:56,여객,출발,,B737-900,188,
출발,인천,델타항공,DL172,솔트레이크시티,20250914,19:40,19:40,20:00,여객,출발,,A350-900,306,"K,F,G,L"
출발,인천,대한항공,KE177,홍콩,20250914,19:45,19:45,20:40,여객,지연,항공교통흐름에 의한 지연,A321neo,182,"A,B,C,D"
출발,인천,대한항공,KE477,떤 선녓(호찌민),20250914,19:45,19:45,20:36,여객,지연,항공교통흐름에 의한 지연,B737-900,188,"A,B,C,D"
출발,인천,대한항공,KE659,수안나폼(방콕),20250914,19:45,19:45,20:44,여객,지연,항공교통흐름에 의한 지연,B737-900,188,"A,B,C,D"
출발,인천,에어서울,RS527,깜라인(나트랑),20250914,19:50,19:50,20:48,여객,지연,항공교통흐름에 의한 지연,A321,195,"E,F,G,L"
출발,인천,진에어,LJ001,수안나폼(방콕),20250914,19:55,20:29,20:56,여객,지연,공항 및 출입국 절차에 의한 지연,B737-800,189,"H,F,G,L"
출발,인천,대한항공,KE853,베이징,20250914,20:00,20:00,20:26,여객,출발,,A330-300,272,"A,B,C,D"
출발,인천,대한항공,KE467,깜라인(나트랑),20250914,20:00,20:00,21:12,여객,지연,여객 및 화물처리에 의한 지연,B737-900,188,"A,B,C,D"
출발,인천,대한항공,KE615,세부,20250914,20:05,20:05,21:31,여객,지연,항공기 연결에 의한 지연,B737-900,188,"A,B,C,D"
출발,인천,대한항공,KE625,마닐라,20250914,20:15,21:30,21:51,여객,지연,항공교통흐름에 의한 지연,B737-900,188,"A,B,C,D"
출발,인천,대한항공,KE011,로스앤젤레스,20250914,20:25,20:25,20:52,여객,출발,,A380-800,407,"A,B,C,D"
출발,인천,진에어,LJ081,다낭,20250914,20:25,20:25,21:02,여객,출발,,B737-800,189,"H,F,G,L"
출발,인천,대한항공,KE719,하네다,20250914,20:30,20:30,20:49,여객,출발,,A321neo,182,"A,B,C,D"
출발,인천,중화항공,CI163,타오위안,20250914,20:35,21:47,22:14,여객,지연,항공기 연결에 의한 지연,A330-300,277,"J,F,G,L"
출발,인천,샤먼항공,MF878,푸저우(복주),20250914,20:35,21:25,21:43,여객,지연,공항 및 출입국 절차에 의한 지연,B737-800,168,"J,F,G,L"
출발,인천,진에어,LJ087,깜라인(나트랑),20250914,20:40,20:40,21:04,여객,출발,,B737-800,189,"H,F,G,L"
출발,인천,진에어,LJ043,팡라로,20250914,20:50,21:44,22:11,여객,지연,공항 및 출입국 절차에 의한 지연,B737-800,189,"H,F,G,L"
출발,인천,진에어,LJ917,괌,20250914,20:50,20:50,21:10,여객,출발,,B737-800,189,"H,F,G,L"
출발,인천,대한항공,KE005,라스베이거스,20250914,21:00,21:00,21:15,여객,출발,,B777-300ER,277,"A,B,C,D"
출발,인천,대한항공,KE053,호놀룰루,20250914,21:05,21:05,21:24,여객,출발,,A330-300,272,"A,B,C,D"
출발,인천,대한항공,KE655,수안나폼(방콕),20250914,21:15,21:15,22:25,여객,지연,항공교통흐름에 의한 지연,A330-300,272,"A,B,C,D"
출발,인천,에어부산,BX787,깜라인(나트랑),20250914,21:30,21:30,22:07,여객,출발,,A321,195,"E,F,G,L"
출발,인천,진에어,LJ885,엔스 쉬자핑,20250914,21:45,22:14,22:39,여객,지연,공항 및 출입국 절차에 의한 지연,B737-800,189,"H,F,G,L"
출발,인천,네덜란드항공,KL856,암스테르담,20250914,22:25,22:25,23:06,여객,지연,항공교통흐름에 의한 지연,B787-9,294,"M,F,G,L"
출발,인천,대한항공,KE619,마닐라,20250914,22:35,22:35,23:05,여객,출발,,A330-300,272,"A,B,C,D"
출발,인천,대한항공,KE647,싱가포르,20250914,23:35,23:35,23:50,여객,출발,,B777-300ER,277,"A,B,C,D"
출발,인천,대한항공,KE1401,김해,20250915,06:35,06:35,07:02,여객,출발,,B737-900,188,
출발,인천,에어부산,BX164,도쿄/나리타,20250915,07:15,07:15,07:31,여객,출발,,A321,195,"E,F,G,L"
출발,인천,진에어,LJ261,후쿠오카,20250915,07:15,07:15,07:37,여객,출발,,B737-800,189,"H,F,G,L"
출발,인천,에어부산,BX156,후쿠오카,20250915,07:20,07:20,07:41,여객,출발,,A321,195,"E,F,G,L"
출발,인천,대한항공,KE787,후쿠오카,20250915,07:25,07:42,08:04,여객,지연,여객 및 화물처리에 의한 지연,B737-900,188,"A,B,C,D"
출발,인천,진에어,LJ201,도쿄/나리타,20250915,07:25,07:25,07:58,여객,출발,,B737-800,189,"H,F,G,L"
출발,인천,대한항공,KE795,나가사키,20250915,07:30,07:30,07:54,여객,출발,,B737-900,188,"A,B,C,D"
출발,인천,진에어,LJ345,나고야,20250915,07:30,08:02,08:24,여객,지연,공항 및 출입국 절차에 의한 지연,B737-800,189,"H,F,G,L"
출발,인천,진에어,LJ231,간사이,20250915,07:40,08:08,08:17,여객,지연,공항 및 출입국 절차에 의한 지연,B737-800,189,"H,F,G,L"
출발,인천,대한항공,KE173,홍콩,20250915,07:45,07:45,08:14,여객,출발,,A321neo,182,"A,B,C,D"
출발,인천,대한항공,KE621,마닐라,20250915,07:50,07:50,08:18,여객,출발,,B737-900,188,"A,B,C,D"
출발,인천,진에어,LJ731,타오위안,20250915,07:50,08:08,08:28,여객,지연,공항 및 출입국 절차에 의한 지연,B737-800,189,"H,F,G,L"
출발,인천,대한항공,KE845,청도,20250915,07:50,07:50,08:16,여객,출발,,B737-900,188,"A,B,C,D"
출발,인천,대한항공,KE131,정저우,20250915,08:00,08:00,08:26,여객,출발,,B737-900,188,"A,B,C,D"
출발,인천,대한항공,KE441,노이바이(하노이),20250915,08:00,08:00,08:20,여객,출발,,A330-300,272,"A,B,C,D"
출발,인천,에어서울,RS705,도쿄/나리타,20250915,08:05,08:05,08:39,여객,지연,여객 및 화물처리에 의한 지연,A321,195,"E,F,G,L"
출발,인천,대한항공,KE197,칭기즈칸(신 울란바토르) 국제공항,20250915,08:10,08:26,08:46,여객,지연,운항 기준 및 승무원 관련 지연,B737-900,188,"A,B,C,D"
출발,인천,대한항공,KE767,아오모리,20250915,08:10,08:10,08:31,여객,출발,,B737-900,188,"A,B,C,D"
출발,인천,진에어,LJ357,시모지시마,20250915,08:10,08:40,09:10,여객,지연,항공기 연결에 의한 지연,B737-800,189,"H,F,G,L"
출발,인천,진에어,LJ241,간사이,20250915,08:10,08:44,08:57,여객,지연,공항 및 출입국 절차에 의한 지연,B737-800,189,"H,F,G,L"
출발,인천,대한항공,KE859,베이징,20250915,08:15,08:31,08:50,여객,지연,항공교통흐름에 의한 지연,B777-300ER,277,"A,B,C,D"
출발,인천,진에어,LJ203,도쿄/나리타,20250915,08:15,08:31,08:48,여객,지연,공항 및 출입국 절차에 의한 지연,B737-800,189,"H,F,G,L"
출발,인천,대한항공,KE1403,김해,20250915,08:20,08:35,08:55,여객,출발,,B737-900,188,
출발,인천,진에어,LJ301,삿포로,20250915,08:20,08:20,08:45,여객,출발,,B737-800,189,"H,F,G,L"
출발,인천,대한항공,KE893,푸동,20250915,08:25,08:25,08:48,여객,출발,,A330-300,272,"A,B,C,D"
출발,인천,대한항공,KE731,고베,20250915,08:25,08:25,08:42,여객,출발,,A321neo,182,"A,B,C,D"
출발,인천,에어서울,RS727,후쿠오카,20250915,08:25,08:45,08:59,여객,지연,기타 원인에 의한 지연,A321,195,"E,F,G,L"
출발,인천,에어 프랑스,AF267,파리,20250915,08:30,09:17,09:54,여객,지연,항공교통흐름에 의한 지연,B777-300ER,296,"M,F,G,L"
출발,인천,대한항공,KE827,선전(심천),20250915,08:40,08:40,09:07,여객,출발,,B737-900,188,"A,B,C,D"
출발,인천,에어서울,RS741,다카마쓰,20250915,08:45,08:45,09:06,여객,출발,,A321,195,"E,F,G,L"
출발,인천,대한항공,KE831,심양,20250915,08:45,08:20,08:31,여객,출발,,B737-900,188,"A,B,C,D"
출발,인천,대한항공,KE865,광저우,20250915,08:50,08:50,09:17,여객,출발,,A330-300,272,"A,B,C,D"
출발,인천,대한항공,KE819,창사(장사),20250915,09:00,09:20,09:45,여객,지연,공항 및 출입국 절차에 의한 지연,B737-900,188,"A,B,C,D"
출발,인천,대한항공,KE469,떤 선녓(호찌민),20250915,09:05,09:05,09:28,여객,출발,,A330-300,272,"A,B,C,D"
출발,인천,진에어,LJ361,이시가키,20250915,09:05,09:22,09:42,여객,지연,공항 및 출입국 절차에 의한 지연,B737-800,189,"H,F,G,L"
출발,인천,대한항공,KE811,시안,20250915,09:10,09:46,10:03,여객,지연,여객 및 화물처리에 의한 지연,B737-900,188,"A,B,C,D"
출발,인천,대한항공,KE805,천진,20250915,09:10,09:10,09:34,여객,출발,,B737-900,188,"A,B,C,D"
출발,인천,에어부산,BX172,간사이,20250915,09:15,09:15,09:44,여객,지연,공항 및 출입국 절차에 의한 지연,A321,195,"E,F,G,L"
출발,인천,대한항공,KE035,애틀랜타,20250915,09:20,09:20,09:33,여객,출발,,B777-300ER,277,"A,B,C,D"
출발,인천,대한항공,KE785,가고시마,20250915,09:20,09:20,09:42,여객,출발,,B737-900,188,"A,B,C,D"
출발,인천,진에어,LJ913,괌,20250915,09:20,09:20,10:01,여객,출발,,B737-800,189,"H,F,G,L"
출발,인천,에어서울,RS701,도쿄/나리타,20250915,09:25,09:25,09:55,여객,출발,,A321,195,"E,F,G,L"
출발,인천,대한항공,KE031,댈러스,20250915,09:30,09:30,10:03,여객,출발,,B787-9,269,"A,B,C,D"
출발,인천,대한항공,KE091,보스턴,20250915,09:30,09:30,09:58,여객,출발,,B787-9,269,"A,B,C,D"
출발,인천,대한항공,KE755,오키나와,20250915,09:30,09:30,09:59,여객,출발,,B737-900,188,"A,B,C,D"
출발,인천,대한항공,KE657,수안나폼(방콕),20250915,09:30,09:30,10:01,여객,출발,,A330-300,272,"A,B,C,D"
출발,인천,대한항공,KE073,토론토,20250915,09:35,09:35,10:11,여객,출발,,B777-300ER,277,"A,B,C,D"
출발,인천,대한항공,KE723,간사이,20250915,09:35,09:35,10:15,여객,지연,운항 기준 및 승무원 관련 지연,A321neo,182,"A,B,C,D"
출발,인천,대한항공,KE421,괌,20250915,09:45,09:45,10:17,여객,출발,,B737-900,188,"A,B,C,D"
출발,인천,진에어,LJ205,도쿄/나리타,20250915,09:45,10:01,10:22,여객,지연,공항 및 출입국 절차에 의한 지연,B737-800,189,"H,F,G,L"
출발,인천,진에어,LJ341,오키나와,20250915,09:55,10:15,10:34,여객,지연,공항 및 출입국 절차에 의한 지연,B737-800,189,"H,F,G,L"
출발,인천,대한항공,KE081,뉴욕,20250915,10:00,10:00,10:42,여객,지연,여객 및 화물처리에 의한 지연,A380-800,407,"A,B,C,D"
출발,인천,대한항공,KE703,도쿄/나리타,20250915,10:05,10:05,10:26,여객,출발,,A321neo,182,"A,B,C,D"
출발,인천,대한항공,KE765,삿포로,20250915,10:05,10:05,10:39,여객,출발,,B737-900,188,"A,B,C,D"
출발,인천,델타항공,DL158,디트로이트,20250915,10:15,10:15,10:29,여객,출발,,A350-900,306,"K,F,G,L"
출발,인천,대한항공,KE125,샤먼 가오치,20250915,10:20,10:20,10:39,여객,출발,,B737-900,188,"A,B,C,D"
출발,인천,대한항공,KE169,마카오,20250915,10:20,10:20,10:42,여객,출발,,A321neo,182,"A,B,C,D"
출발,인천,대한항공,KE093,워싱톤,20250915,10:25,10:25,11:01,여객,지연,여객 및 화물처리에 의한 지연,B777-300ER,277,"A,B,C,D"
출발,인천,대한항공,KE101,남경,20250915,10:25,11:19,11:40,여객,지연,항공교통흐름에 의한 지연,A321neo,182,"A,B,C,D"
출발,인천,대한항공,KE937,비엔나,20250915,10:25,11:21,11:43,여객,지연,항공교통흐름에 의한 지연,B787-9,269,"A,B,C,D"
출발,인천,대한항공,KE185,타오위안,20250915,10:30,10:30,10:47,여객,출발,,A321neo,182,"A,B,C,D"
출발,인천,대한항공,KE741,나고야,20250915,10:35,10:50,11:12,여객,지연,항공기 연결에 의한 지연,A321neo,182,"A,B,C,D"
출발,인천,가루다인도네시아,GA879,자카르타(수카르노 하타),20250915,10:35,10:35,10:58,여객,출발,,A330-900neo,301,"J,F,G,L"
출발,인천,대한항공,KE037,시카고,20250915,10:40,10:40,10:55,여객,출발,,B777-300ER,277,"A,B,C,D"
출발,인천,대한항공,KE855,베이징,20250915,10:40,11:29,11:52,여객,지연,항공교통흐름에 의한 지연,A330-300,272,"A,B,C,D"
출발,인천,대한항공,KE969,프라하,20250915,10:45,11:36,11:55,여객,지연,항공교통흐름에 의한 지연,B787-9,269,"A,B,C,D"
출발,인천,대한항공,KE457,다낭,20250915,10:55,10:55,11:14,여객,출발,,B737-900,188,"A,B,C,D"
출발,인천,대한항공,KE907,런던히드로,20250915,10:55,11:40,12:06,여객,지연,항공교통흐름에 의한 지연,A380-800,407,"A,B,C,D"
출발,인천,대한항공,KE791,후쿠오카,20250915,11:05,11:22,11:50,여객,지연,항공기 연결에 의한 지연,B737-900,188,"A,B,C,D"
출발,인천,대한항공,KE901,파리,20250915,11:10,11:47,12:11,여객,지연,항공교통흐름에 의한 지연,B777-300ER,277,"A,B,C,D"
출발,인천,에어부산,BX158,후쿠오카,20250915,11:25,11:25,11:42,여객,출발,,A321,195,"E,F,G,L"
출발,인천,가루다인도네시아,GA871,덴파사(응우라 라이),20250915,11:25,11:25,11:46,여객,출발,,A330-300,251,"J,F,G,L"
출발,인천,아에로멕시코,AM091,멕시코시티,20250915,11:40,11:40,12:01,여객,출발,,B787-9,274,"H,F,G,L"
출발,인천,대한항공,KE925,암스테르담,20250915,11:55,11:55,12:17,여객,출발,,B777-300ER,277,"A,B,C,D"
출발,인천,대한항공,KE107,항저우,20250915,12:00,12:00,12:18,여객,출발,,A321neo,182,"A,B,C,D"
출발,인천,중화항공,CI165,가오슝,20250915,12:05,12:05,12:21,여객,출발,,A321neo,180,"J,F,G,L"
출발,인천,진에어,LJ263,후쿠오카,20250915,12:10,12:10,12:44,여객,출발,,B737-800,189,"H,F,G,L"
출발,인천,대한항공,KE769,삿포로,20250915,12:35,12:35,12:50,여객,출발,,B737-900,188,"A,B,C,D"
출발,인천,대한항공,KE803,천진,20250915,12:35,13:10,13:28,여객,지연,항공교통흐름에 의한 지연,B737-900,188,"A,B,C,D"
출발,인천,대한항공,KE963,부다페스트,20250915,12:35,13:28,13:51,여객,지연,항공교통흐름에 의한 지연,B787-9,269,"A,B,C,D"
출발,인천,중화항공,CI161,타오위안,20250915,12:35,12:35,13:00,여객,출발,,A330-300,277,"J,F,G,L"
출발,인천,에어부산,BX174,간사이,20250915,12:40,12:40,13:04,여객,출발,,A321,195,"E,F,G,L"
출발,인천,대한항공,KE869,대련,20250915,13:00,13:00,13:37,여객,출발,,B737-900,188,"A,B,C,D"
출발,인천,대한항공,KE843,청도,20250915,13:05,13:39,14:04,여객,지연,항공교통흐름에 의한 지연,B737-900,188,"A,B,C,D"
출발,인천,대한항공,KE931,로마,20250915,13:20,14:09,14:33,여객,지연,항공교통흐름에 의한 지연,B777-300ER,277,"A,B,C,D"
출발,인천,대한항공,KE175,홍콩,20250915,13:25,13:25,13:42,여객,출발,,A321neo,182,"A,B,C,D"
출발,인천,대한항공,KE135,허페이,20250915,13:25,13:25,13:54,여객,출발,,B737-900,188,"A,B,C,D"
출발,인천,대한항공,KE951,두바이,20250915,13:25,13:50,14:21,여객,지연,항공기 연결에 의한 지연,B777-300ER,277,"A,B,C,D"
출발,인천,샤먼항공,MF872,샤먼 가오치,20250915,13:30,13:30,13:46,여객,출발,,B737-800,168,"J,F,G,L"
출발,인천,대한항공,KE695,카트만두,20250915,13:35,13:35,14:11,여객,출발,,A330-300,272,"A,B,C,D"
출발,인천,에어서울,RS745,요나고,20250915,13:35,13:35,14:09,여객,출발,,A321,195,"E,F,G,L"
출발,인천,대한항공,KE927,밀라노,20250915,13:40,14:27,14:49,여객,지연,항공교통흐름에 의한 지연,B787-9,269,"A,B,C,D"
출발,인천,대한항공,KE955,이스탄불,20250915,13:40,14:19,14:45,여객,지연,항공기 연결에 의한 지연,B777-300ER,277,"A,B,C,D"
출발,인천,대한항공,KE789,후쿠오카,20250915,13:45,13:45,14:16,여객,출발,,B737-900,188,"A,B,C,D"
출발,인천,진에어,LJ861,청도,20250915,13:50,13:50,14:29,여객,출발,,B737-800,189,"H,F,G,L"
출발,인천,에어서울,RS713,간사이,20250915,14:20,14:20,14:52,여객,출발,,A321,195,"E,F,G,L"
출발,인천,대한항공,KE017,로스앤젤레스,20250915,14:30,14:30,15:05,여객,출발,,B747-8i,368,"A,B,C,D"
출발,인천,진에어,LJ359,다카마쓰,20250915,14:30,14:30,15:00,여객,출발,,B737-800,189,"H,F,G,L"
출발,인천,대한항공,KE833,심양,20250915,14:35,14:35,15:02,여객,출발,,B737-900,188,"A,B,C,D"
출발,인천,진에어,LJ237,간사이,20250915,14:40,14:40,15:17,여객,출발,,B737-800,189,"H,F,G,L"
출발,인천,대한항공,KE643,싱가포르,20250915,14:45,14:45,15:15,여객,출발,,A330-300,272,"A,B,C,D"
출발,인천,진에어,LJ209,도쿄/나리타,20250915,14:45,14:45,15:11,여객,출발,,B737-800,189,"H,F,G,L"
출발,인천,대한항공,KE725,간사이,20250915,14:55,14:55,15:20,여객,출발,,A321neo,182,"A,B,C,D"
출발,인천,대한항공,KE627,자카르타(수카르노 하타),20250915,15:10,15:10,15:45,여객,출발,,A330-300,272,"A,B,C,D"
출발,인천,대한항공,KE189,타이중,20250915,15:15,15:15,16:04,여객,지연,항공교통흐름에 의한 지연,A321neo,182,"A,B,C,D"
출발,인천,에어서울,RS715,간사이,20250915,15:20,15:20,15:57,여객,출발,,A321,195,"E,F,G,L"
출발,인천,에어부산,BX176,간사이,20250915,15:25,15:25,16:06,여객,지연,공항 및 출입국 절차에 의한 지연,A321,195,"E,F,G,L"
출발,인천,진에어,LJ211,도쿄/나리타,20250915,15:35,15:52,16:16,여객,지연,공항 및 출입국 절차에 의한 지연,B737-800,189,"H,F,G,L"
출발,인천,대한항공,KE733,고베,20250915,15:50,15:50,16:22,여객,출발,,A321neo,182,"A,B,C,D"
출발,인천,에어부산,BX166,도쿄/나리타,20250915,15:50,16:30,17:09,여객,지연,항공기 정비에 의한 지연,A321,195,"E,F,G,L"
출발,인천,진에어,LJ265,후쿠오카,20250915,15:50,16:24,16:46,여객,지연,공항 및 출입국 절차에 의한 지연,B737-800,189,"H,F,G,L"
출발,인천,대한항공,KE023,샌프란시스코,20250915,16:00,17:00,17:36,여객,지연,항공기 연결에 의한 지연,B777-300ER,277,"A,B,C,D"
출발,인천,진에어,LJ347,나고야,20250915,16:05,16:34,16:58,여객,지연,기타 원인에 의한 지연,B737-800,189,"H,F,G,L"
출발,인천,진에어,LJ239,간사이,20250915,16:05,16:37,17:02,여객,지연,공항 및 출입국 절차에 의한 지연,B737-800,189,"H,F,G,L"
출발,인천,대한항공,KE187,타오위안,20250915,16:10,16:10,17:00,여객,지연,여객 및 화물처리에 의한 지연,A321neo,182,"A,B,C,D"
출발,인천,대한항공,KE633,덴파사(응우라 라이),20250915,16:10,16:10,16:44,여객,출발,,A330-300,272,"A,B,C,D"
출발,인천,진에어,LJ351,기타규슈,20250915,16:15,16:45,17:19,여객,지연,항공기 연결에 의한 지연,B737-800,189,"H,F,G,L"
출발,인천,대한항공,KE671,쿠알라룸푸르,20250915,16:20,16:20,17:11,여객,지연,항공교통흐름에 의한 지연,A330-300,272,"A,B,C,D"
출발,인천,델타항공,DL188,애틀랜타,20250915,16:25,16:44,17:06,여객,지연,공항 및 출입국 절차에 의한 지연,A350-900,306,"K,F,G,L"
출발,인천,대한항공,KE041,시애틀,20250915,16:40,17:20,17:48,여객,지연,항공기 연결에 의한 지연,A330-300,272,"A,B,C,D"
출발,인천,에어서울,RS703,도쿄/나리타,20250915,16:45,16:45,17:18,여객,출발,,A321,195,"E,F,G,L"
출발,인천,대한항공,KE713,도쿄/나리타,20250915,17:05,20:00,20:38,여객,지연,항공기 정비에 의한 지연,A321neo,182,"A,B,C,D"
출발,인천,대한항공,KE1405,김해,20250915,17:10,17:10,17:27,여객,출발,,B737-900,188,
출발,인천,진에어,LJ009,치앙마이,20250915,17:10,17:10,17:44,여객,출발,,B737-800,189,"H,F,G,L"
출발,인천,대한항공,KE485,푸꾸옥,20250915,17:10,17:10,17:42,여객,출발,,B737-900,188,"A,B,C,D"
출발,인천,대한항공,KE489,양곤,20250915,17:15,17:15,17:50,여객,출발,,B737-900,188,"A,B,C,D"
출발,인천,에어부산,BX747,수안나폼(방콕),20250915,17:15,19:03,19:30,여객,지연,항공기 정비에 의한 지연,A321,195,"E,F,G,L"
출발,인천,대한항공,KE8425,괌,20250915,17:15,17:15,17:23,여객,출발,,B737-900,188,"A,B,C,D"
출발,인천,진에어,LJ919,괌,20250915,17:35,17:35,17:56,여객,출발,,B737-800,189,"H,F,G,L"
출발,인천,대한항공,KE629,덴파사(응우라 라이),20250915,17:45,17:45,18:25,여객,지연,여객 및 화물처리에 의한 지연,A330-300,272,"A,B,C,D"
출발,인천,대한항공,KE411,오클랜드,20250915,18:00,18:00,18:18,여객,출발,,B787-9,269,"A,B,C,D"
출발,인천,대한항공,KE651,수안나폼(방콕),20250915,18:05,18:20,18:49,여객,지연,항공기 연결에 의한 지연,A330-300,272,"A,B,C,D"
출발,인천,대한항공,KE461,다낭,20250915,18:20,18:20,18:41,여객,출발,,B737-900,188,"A,B,C,D"
출발,인천,대한항공,KE667,치앙마이,20250915,18:25,18:25,18:52,여객,출발,,B737-900,188,"A,B,C,D"
출발,인천,대한항공,KE1407,김해,20250915,18:25,18:25,18:50,여객,출발,,B737-900,188,
출발,인천,대한항공,KE705,도쿄/나리타,20250915,18:35,18:35,19:15,여객,지연,항공교통흐름에 의한 지연,A321neo,182,"A,B,C,D"
출발,인천,대한항공,KE871,대련,20250915,18:35,18:35,19:01,여객,출발,,B737-900,188,"A,B,C,D"
출발,인천,대한항공,KE161,쿤밍,20250915,18:40,18:40,19:24,여객,지연,항공교통흐름에 의한 지연,B737-900,188,"A,B,C,D"
출발,인천,대한항공,KE645,싱가포르,20250915,18:40,18:40,19:06,여객,출발,,A330-300,272,"A,B,C,D"
출발,인천,대한항공,KE781,후쿠오카,20250915,18:40,18:40,19:08,여객,출발,,B737-900,188,"A,B,C,D"
출발,인천,델타항공,DL170,미니애폴리스,20250915,18:40,18:40,19:03,여객,출발,,A350-900,306,"K,F,G,L"
출발,인천,대한항공,KE423,괌,20250915,18:40,18:40,19:04,여객,출발,,B737-900,188,"A,B,C,D"
출발,인천,대한항공,KE071,밴쿠버,20250915,18:45,18:45,19:19,여객,출발,,B787-9,269,"A,B,C,D"
출발,인천,대한항공,KE453,노이바이(하노이),20250915,18:45,18:45,19:17,여객,출발,,B737-900,188,"A,B,C,D"
출발,인천,대한항공,KE475,떤 선녓(호찌민),20250915,18:45,18:45,19:11,여객,출발,,B737-900,188,"A,B,C,D"
출발,인천,대한항공,KE623,마닐라,20250915,18:50,18:50,19:21,여객,출발,,B737-900,188,"A,B,C,D"
출발,인천,대한항공,KE743,나고야,20250915,18:50,18:50,19:28,여객,지연,항공교통흐름에 의한 지연,A321neo,182,"A,B,C,D"
출발,인천,델타항공,DL26,애틀랜타,20250915,18:50,18:50,19:25,여객,출발,,A350-900,306,"K,F,G,L"
출발,인천,대한항공,KE689,프놈펜,20250915,18:50,18:50,19:38,여객,지연,항공교통흐름에 의한 지연,B737-900,188,"A,B,C,D"
출발,인천,대한항공,KE895,푸동,20250915,18:55,19:27,19:49,여객,지연,항공교통흐름에 의한 지연,A330-300,272,"A,B,C,D"
출발,인천,대한항공,KE721,간사이,20250915,19:00,19:00,19:36,여객,출발,,A321neo,182,"A,B,C,D"
출발,인천,대한항공,KE401,시드니,20250915,19:10,19:10,19:43,여객,출발,,A380-800,407,"A,B,C,D"
출발,인천,델타항공,DL196,시애틀,20250915,19:20,19:20,19:45,여객,출발,,A330-900neo,281,"K,F,G,L"
출발,인천,에어서울,RS581,팡라로,20250915,19:25,19:25,19:47,여객,출발,,A321,195,"E,F,G,L"
출발,인천,대한항공,KE085,뉴욕,20250915,19:30,19:30,19:56,여객,출발,,B747-8i,368,"A,B,C,D"
출발,인천,대한항공,KE1431,대구,20250915,19:30,19:30,19:58,여객,출발,,B737-900,188,
출발,인천,대한항공,KE1409,김해,20250915,19:35,19:35,20:11,여객,출발,,B737-900,188,
출발,인천,델타항공,DL172,솔트레이크시티,20250915,19:40,19:40,20:05,여객,출발,,A350-900,306,"K,F,G,L"
출발,인천,대한항공,KE177,홍콩,20250915,19:45,20:10,20:59,여객,지연,항공기 연결에 의한 지연,A321neo,182,"A,B,C,D"
출발,인천,대한항공,KE477,떤 선녓(호찌민),20250915,19:45,19:45,20:09,여객,출발,,B737-900,188,"A,B,C,D"
출발,인천,대한항공,KE659,수안나폼(방콕),20250915,19:45,19:45,20:22,여객,지연,여객 및 화물처리에 의한 지연,B737-900,188,"A,B,C,D"
출발,인천,에어서울,RS527,깜라인(나트랑),20250915,19:50,19:50,20:41,여객,지연,항공교통흐름에 의한 지연,A321,195,"E,F,G,L"
출발,인천,대한항공,KE853,베이징,20250915,20:00,20:18,20:43,여객,지연,운항 기준 및 승무원 관련 지연,A330-300,272,"A,B,C,D"
출발,인천,대한항공,KE467,깜라인(나트랑),20250915,20:00,20:00,20:31,여객,출발,,B737-900,188,"A,B,C,D"
출발,인천,대한항공,KE615,세부,20250915,20:05,20:05,20:34,여객,출발,,B737-900,188,"A,B,C,D"
출발,인천,대한항공,KE407,브리즈번,20250915,20:05,20:05,20:24,여객,출발,,A330-300,272,"A,B,C,D"
출발,인천,대한항공,KE625,마닐라,20250915,20:15,20:41,21:03,여객,지연,항공교통흐름에 의한 지연,B737-900,188,"A,B,C,D"
출발,인천,대한항공,KE011,로스앤젤레스,20250915,20:25,20:25,21:20,여객,지연,항공교통흐름에 의한 지연,A380-800,407,"A,B,C,D"
출발,인천,진에어,LJ081,다낭,20250915,20:25,20:25,20:50,여객,출발,,B737-800,189,"H,F,G,L"
출발,인천,대한항공,KE719,하네다,20250915,20:30,20:30,21:09,여객,지연,항공기 연결에 의한 지연,A321neo,182,"A,B,C,D"
출발,인천,중화항공,CI163,타오위안,20250915,20:35,20:54,21:19,여객,지연,항공교통흐름에 의한 지연,A330-300,277,"J,F,G,L"
출발,인천,샤먼항공,MF878,푸저우(복주),20250915,20:35,20:35,21:01,여객,출발,,B737-800,168,"J,F,G,L"
출발,인천,진에어,LJ087,깜라인(나트랑),20250915,20:40,20:40,21:09,여객,출발,,B737-800,189,"H,F,G,L"
출발,인천,진에어,LJ917,괌,20250915,20:50,20:50,21:14,여객,출발,,B737-800,189,"H,F,G,L"
출발,인천,에어서울,RS511,다낭,20250915,20:55,20:55,21:21,여객,출발,,A321,195,"E,F,G,L"
출발,인천,대한항공,KE005,라스베이거스,20250915,21:00,21:00,21:28,여객,출발,,B777-300ER,277,"A,B,C,D"
출발,인천,대한항공,KE053,호놀룰루,20250915,21:05,21:05,21:32,여객,출발,,A330-300,272,"A,B,C,D"
출발,인천,대한항공,KE655,수안나폼(방콕),20250915,21:15,21:15,21:37,여객,출발,,A330-300,272,"A,B,C,D"
출발,인천,네덜란드항공,KL856,암스테르담,20250915,22:25,22:25,22:45,여객,출발,,B787-9,294,"M,F,G,L"
출발,인천,대한항공,KE619,마닐라,20250915,22:35,22:35,23:00,여객,출발,,A330-300,272,"A,B,C,D"
출발,인천,대한항공,KE075,밴쿠버,20250915,22:40,22:40,23:06,여객,출발,,B787-9,269,"A,B,C,D"
출발,인천,스칸디나비아항공,SK988,코펜하겐,20250916,00:05,23:45,00:07,여객,출발,,A350-900,300,"K,F,G,L"
출발,인천,대한항공,KE1401,김해,20250916,06:35,06:35,06:40,여객,출발,,B737-900,188,
출발,인천,에어서울,RS711,간사이,20250916,07:15,07:15,08:04,여객,지연,여객 및 화물처리에 의한 지연,A321,195,"E,F,G,L"
출발,인천,에어부산,BX164,도쿄/나리타,20250916,07:15,07:15,07:30,여객,출발,,A321,195,"E,F,G,L"
출발,인천,진에어,LJ261,후쿠오카,20250916,07:15,07:15,07:33,여객,출발,,B737-800,189,"H,F,G,L"
출발,인천,에어부산,BX156,후쿠오카,20250916,07:20,07:20,07:43,여객,출발,,A321,195,"E,F,G,L"
출발,인천,에어서울,RS727,후쿠오카,20250916,07:20,07:20,07:47,여객,출발,,A321,195,"E,F,G,L"
출발,인천,대한항공,KE787,후쿠오카,20250916,07:25,07:25,08:06,여객,출발,,B737-900,188,"A,B,C,D"
출발,인천,진에어,LJ201,도쿄/나리타,20250916,07:25,07:25,07:49,여객,출발,,B737-800,189,"H,F,G,L"
출발,인천,대한항공,KE771,오카야마,20250916,07:30,07:30,08:00,여객,출발,,B737-900,188,"A,B,C,D"
출발,인천,진에어,LJ345,나고야,20250916,07:30,07:30,07:54,여객,출발,,B737-800,189,"H,F,G,L"
출발,인천,진에어,LJ231,간사이,20250916,07:40,07:40,08:13,여객,출발,,B737-800,189,"H,F,G,L"
출발,인천,대한항공,KE173,홍콩,20250916,07:45,07:45,08:30,여객,지연,여객 및 화물처리에 의한 지연,A321neo,182,"A,B,C,D"
출발,인천,대한항공,KE621,마닐라,20250916,07:50,07:50,08:19,여객,출발,,B737-900,188,"A,B,C,D"
출발,인천,진에어,LJ731,타오위안,20250916,07:50,08:18,08:44,여객,지연,운항 기준 및 승무원 관련 지연,B737-800,189,"H,F,G,L"
출발,인천,대한항공,KE845,청도,20250916,07:50,07:50,08:28,여객,지연,기상에 의한 지연,B737-900,188,"A,B,C,D"
출발,인천,대한항공,KE131,정저우,20250916,08:00,08:00,08:35,여객,출발,,B737-900,188,"A,B,C,D"
출발,인천,대한항공,KE441,노이바이(하노이),20250916,08:00,08:00,08:32,여객,출발,,A330-300,272,"A,B,C,D"
출발,인천,대한항공,KE197,칭기즈칸(신 울란바토르) 국제공항,20250916,08:10,08:10,08:48,여객,지연,항공교통흐름에 의한 지연,B737-900,188,"A,B,C,D"
출발,인천,에어서울,RS705,도쿄/나리타,20250916,08:10,08:10,08:36,여객,출발,,A321,195,"E,F,G,L"
출발,인천,진에어,LJ241,간사이,20250916,08:10,08:10,08:31,여객,출발,,B737-800,189,"H,F,G,L"
출발,인천,대한항공,KE859,베이징,20250916,08:15,08:15,08:51,여객,출발,,B777-300ER,277,"A,B,C,D"
출발,인천,진에어,LJ203,도쿄/나리타,20250916,08:15,08:36,08:58,여객,지연,공항 및 출입국 절차에 의한 지연,B737-800,189,"H,F,G,L"
출발,인천,대한항공,KE127,푸저우(복주),20250916,08:20,08:20,08:47,여객,출발,,B737-900,188,"A,B,C,D"
출발,인천,대한항공,KE1403,김해,20250916,08:20,08:20,08:38,여객,출발,,B737-900,188,
출발,인천,진에어,LJ301,삿포로,20250916,08:20,08:20,08:44,여객,출발,,B737-800,189,"H,F,G,L"
출발,인천,대한항공,KE893,푸동,20250916,08:25,08:25,08:52,여객,출발,,A330-300,272,"A,B,C,D"
출발,인천,대한항공,KE731,고베,20250916,08:25,08:25,08:52,여객,출발,,A321neo,182,"A,B,C,D"
출발,인천,에어 프랑스,AF267,파리,20250916,08:30,10:10,10:36,여객,지연,항공기 연결에 의한 지연,B777-300ER,296,"M,F,G,L"
출발,인천,대한항공,KE827,선전(심천),20250916,08:40,08:40,09:05,여객,출발,,B737-900,188,"A,B,C,D"
출발,인천,에어서울,RS741,다카마쓰,20250916,08:45,09:05,09:16,여객,지연,항공기 연결에 의한 지연,A321,195,"E,F,G,L"
출발,인천,대한항공,KE831,심양,20250916,08:45,08:35,09:07,여객,지연,기타 원인에 의한 지연,B737-900,188,"A,B,C,D"
출발,인천,대한항공,KE865,광저우,20250916,08:50,09:10,09:32,여객,지연,항공기 연결에 의한 지연,A330-300,272,"A,B,C,D"
출발,인천,대한항공,KE137,우한,20250916,08:50,08:50,09:10,여객,출발,,B737-900,188,"A,B,C,D"
출발,인천,대한항공,KE469,떤 선녓(호찌민),20250916,09:05,09:28,09:55,여객,지연,항공교통흐름에 의한 지연,A330-300,272,"A,B,C,D"
출발,인천,아에로멕시코,AM091,멕시코시티,20250916,09:05,09:05,09:22,여객,출발,,B787-9,274,"H,F,G,L"
출발,인천,진에어,LJ361,이시가키,20250916,09:05,09:05,09:24,여객,출발,,B737-800,189,"H,F,G,L"
출발,인천,대한항공,KE811,시안,20250916,09:10,09:10,09:31,여객,출발,,B737-900,188,"A,B,C,D"
출발,인천,대한항공,KE805,천진,20250916,09:10,09:10,09:38,여객,출발,,B737-900,188,"A,B,C,D"
출발,인천,에어부산,BX172,간사이,20250916,09:15,09:45,10:05,여객,지연,공항 및 출입국 절차에 의한 지연,A321,195,"E,F,G,L"
출발,인천,대한항공,KE035,애틀랜타,20250916,09:20,09:20,10:01,여객,출발,,B777-300ER,277,"A,B,C,D"
출발,인천,진에어,LJ913,괌,20250916,09:20,09:20,09:41,여객,출발,,B737-800,189,"H,F,G,L"
출발,인천,에어서울,RS701,도쿄/나리타,20250916,09:25,09:40,10:15,여객,지연,공항 및 출입국 절차에 의한 지연,A321,195,"E,F,G,L"
출발,인천,대한항공,KE031,댈러스,20250916,09:30,09:30,09:54,여객,출발,,B787-9,269,"A,B,C,D"
출발,인천,대한항공,KE091,보스턴,20250916,09:30,09:30,09:51,여객,출발,,B787-9,269,"A,B,C,D"
출발,인천,대한항공,KE777,구마모토,20250916,09:30,09:30,10:07,여객,출발,,B737-900,188,"A,B,C,D"
출발,인천,대한항공,KE755,오키나와,20250916,09:30,09:30,10:03,여객,출발,,B737-900,188,"A,B,C,D"
출발,인천,대한항공,KE657,수안나폼(방콕),20250916,09:30,09:30,10:01,여객,출발,,A330-300,272,"A,B,C,D"
출발,인천,대한항공,KE073,토론토,20250916,09:35,09:35,10:18,여객,지연,항공교통흐름에 의한 지연,B777-300ER,277,"A,B,C,D"
출발,인천,대한항공,KE723,간사이,20250916,09:35,09:35,10:09,여객,출발,,A321neo,182,"A,B,C,D"
출발,인천,대한항공,KE763,니가타,20250916,09:40,09:40,10:12,여객,출발,,B737-900,188,"A,B,C,D"
출발,인천,대한항공,KE421,괌,20250916,09:45,09:45,10:10,여객,출발,,B737-900,188,"A,B,C,D"
출발,인천,진에어,LJ205,도쿄/나리타,20250916,09:45,10:35,10:53,여객,지연,운항 기준 및 승무원 관련 지연,B737-800,189,"H,F,G,L"
출발,인천,대한항공,KE913,마드리드,20250916,09:55,10:33,10:57,여객,지연,항공교통흐름에 의한 지연,B787-9,269,"A,B,C,D"
출발,인천,진에어,LJ341,오키나와,20250916,09:55,09:55,10:21,여객,출발,,B737-800,189,"H,F,G,L"
출발,인천,대한항공,KE081,뉴욕,20250916,10:00,10:00,10:35,여객,지연,운항 기준 및 승무원 관련 지연,A380-800,407,"A,B,C,D"
출발,인천,대한항공,KE765,삿포로,20250916,10:05,10:05,10:32,여객,출발,,B737-900,188,"A,B,C,D"
출발,인천,대한항공,KE703,도쿄/나리타,20250916,10:10,10:10,10:41,여객,지연,공항 및 출입국 절차에 의한 지연,A321neo,182,"A,B,C,D"
출발,인천,델타항공,DL158,디트로이트,20250916,10:15,10:15,10:26,여객,출발,,A350-900,306,"K,F,G,L"
출발,인천,대한항공,KE125,샤먼 가오치,20250916,10:20,10:20,10:49,여객,출발,,B737-900,188,"A,B,C,D"
출발,인천,대한항공,KE169,마카오,20250916,10:20,10:20,10:55,여객,출발,,A321neo,182,"A,B,C,D"
출발,인천,대한항공,KE093,워싱톤,20250916,10:25,10:25,10:56,여객,출발,,B777-300ER,277,"A,B,C,D"
출발,인천,대한항공,KE185,타오위안,20250916,10:30,10:30,11:12,여객,출발,,A321neo,182,"A,B,C,D"
출발,인천,대한항공,KE741,나고야,20250916,10:35,10:35,11:05,여객,출발,,A321neo,182,"A,B,C,D"
출발,인천,가루다인도네시아,GA879,자카르타(수카르노 하타),20250916,10:35,10:35,11:06,여객,출발,,A330-900neo,301,"J,F,G,L"
출발,인천,대한항공,KE037,시카고,20250916,10:40,10:40,11:02,여객,출발,,B777-300ER,277,"A,B,C,D"
출발,인천,대한항공,KE457,다낭,20250916,10:55,10:55,11:28,여객,출발,,B737-900,188,"A,B,C,D"
출발,인천,대한항공,KE907,런던히드로,20250916,10:55,10:55,11:21,여객,출발,,A380-800,407,"A,B,C,D"
출발,인천,대한항공,KE917,취리히,20250916,11:05,11:05,11:34,여객,출발,,B787-9,269,"A,B,C,D"
출발,인천,대한항공,KE791,후쿠오카,20250916,11:05,11:05,11:35,여객,출발,,B737-900,188,"A,B,C,D"
출발,인천,대한항공,KE945,프랑크푸르트,20250916,11:05,11:05,11:39,여객,출발,,A380-800,407,"A,B,C,D"
출발,인천,대한항공,KE897,푸동,20250916,11:10,11:10,12:02,여객,지연,항공교통흐름에 의한 지연,B777-300ER,277,"A,B,C,D"
출발,인천,대한항공,KE901,파리,20250916,11:10,11:10,11:49,여객,출발,,B777-300ER,277,"A,B,C,D"
출발,인천,에어부산,BX158,후쿠오카,20250916,11:25,11:25,12:00,여객,지연,공항 및 출입국 절차에 의한 지연,A321,195,"E,F,G,L"
출발,인천,가루다인도네시아,GA871,덴파사(응우라 라이),20250916,11:25,11:25,11:54,여객,출발,,A330-300,251,"J,F,G,L"
출발,인천,대한항공,KE925,암스테르담,20250916,11:55,11:55,12:47,여객,지연,항공교통흐름에 의한 지연,B777-300ER,277,"A,B,C,D"
출발,인천,중화항공,CI165,가오슝,20250916,12:05,12:05,12:19,여객,출발,,A321neo,180,"J,F,G,L"
출발,인천,진에어,LJ263,후쿠오카,20250916,12:10,12:10,12:26,여객,출발,,B737-800,189,"H,F,G,L"
출발,인천,에어서울,RS811,장가계,20250916,12:20,12:20,12:45,여객,출발,,A321,195,"E,F,G,L"
출발,인천,대한항공,KE769,삿포로,20250916,12:35,12:35,12:56,여객,출발,,B737-900,188,"A,B,C,D"
출발,인천,대한항공,KE803,천진,20250916,12:35,12:35,13:31,여객,지연,항공교통흐름에 의한 지연,B737-900,188,"A,B,C,D"
출발,인천,대한항공,KE963,부다페스트,20250916,12:35,12:35,13:38,여객,지연,항공교통흐름에 의한 지연,B787-9,269,"A,B,C,D"
출발,인천,중화항공,CI161,타오위안,20250916,12:35,12:35,12:51,여객,출발,,A330-300,277,"J,F,G,L"
출발,인천,에어부산,BX174,간사이,20250916,12:40,15:36,16:05,여객,지연,항공기 정비에 의한 지연,A321,195,"E,F,G,L"
출발,인천,대한항공,KE497,델리,20250916,12:55,14:32,14:53,여객,지연,기상에 의한 지연,B787-9,269,"A,B,C,D"
출발,인천,대한항공,KE711,도쿄/나리타,20250916,13:00,13:00,13:55,여객,지연,항공교통흐름에 의한 지연,A321neo,182,"A,B,C,D"
출발,인천,대한항공,KE869,대련,20250916,13:00,13:00,14:49,여객,지연,기상에 의한 지연,B737-900,188,"A,B,C,D"
출발,인천,대한항공,KE843,청도,20250916,13:05,14:33,14:55,여객,지연,기상에 의한 지연,B737-900,188,"A,B,C,D"
출발,인천,에어서울,RS713,간사이,20250916,13:15,13:15,14:57,여객,지연,기상에 의한 지연,A321,195,"E,F,G,L"
출발,인천,대한항공,KE175,홍콩,20250916,13:25,13:25,15:25,여객,지연,기상에 의한 지연,A321neo,182,"A,B,C,D"
출발,인천,대한항공,KE951,두바이,20250916,13:25,13:25,15:02,여객,지연,기상에 의한 지연,B777-300ER,277,"A,B,C,D"
출발,인천,샤먼항공,MF872,샤먼 가오치,20250916,13:30,14:57,15:18,여객,지연,기상에 의한 지연,B737-800,168,"J,F,G,L"
출발,인천,대한항공,KE789,후쿠오카,20250916,13:45,14:00,15:30,여객,지연,항공기 연결에 의한 지연,B737-900,188,"A,B,C,D"
출발,인천,진에어,LJ861,청도,20250916,13:50,14:45,15:04,여객,지연,기상에 의한 지연,B737-800,189,"H,F,G,L"
출발,인천,에어서울,RS723,후쿠오카,20250916,14:25,15:10,15:42,여객,지연,기상에 의한 지연,A321,195,"E,F,G,L"
출발,인천,대한항공,KE017,로스앤젤레스,20250916,14:30,17:10,17:59,여객,지연,기상에 의한 지연,B747-8i,368,"A,B,C,D"
출발,인천,진에어,LJ359,다카마쓰,20250916,14:30,14:55,15:15,여객,지연,공항 및 출입국 절차에 의한 지연,B737-800,189,"H,F,G,L"
출발,인천,대한항공,KE833,심양,20250916,14:35,15:37,15:56,여객,지연,기상에 의한 지연,B737-900,188,"A,B,C,D"
출발,인천,대한항공,KE643,싱가포르,20250916,14:45,15:10,15:54,여객,지연,기상에 의한 지연,A330-300,272,"A,B,C,D"
출발,인천,진에어,LJ209,도쿄/나리타,20250916,14:45,15:16,15:38,여객,지연,공항 및 출입국 절차에 의한 지연,B737-800,189,"H,F,G,L"
출발,인천,대한항공,KE725,간사이,20250916,14:55,15:15,16:40,여객,지연,기상에 의한 지연,A321neo,182,"A,B,C,D"
출발,인천,대한항공,KE627,자카르타(수카르노 하타),20250916,15:10,17:13,17:35,여객,지연,기상에 의한 지연,A330-300,272,"A,B,C,D"
출발,인천,대한항공,KE189,타이중,20250916,15:15,16:19,16:42,여객,지연,기상에 의한 지연,A321neo,182,"A,B,C,D"
출발,인천,에어서울,RS715,간사이,20250916,15:20,15:20,16:37,여객,지연,항공교통흐름에 의한 지연,A321,195,"E,F,G,L"
출발,인천,에어부산,BX176,간사이,20250916,15:25,15:25,16:30,여객,지연,공항 및 출입국 절차에 의한 지연,A321,195,"E,F,G,L"
출발,인천,대한항공,KE733,고베,20250916,15:50,15:50,17:04,여객,지연,여객 및 화물처리에 의한 지연,A321neo,182,"A,B,C,D"
출발,인천,에어부산,BX166,도쿄/나리타,20250916,15:50,15:50,16:43,여객,지연,공항 및 출입국 절차에 의한 지연,A321,195,"E,F,G,L"
출발,인천,진에어,LJ265,후쿠오카,20250916,15:50,16:56,17:16,여객,지연,공항 및 출입국 절차에 의한 지연,B737-800,189,"H,F,G,L"
출발,인천,대한항공,KE023,샌프란시스코,20250916,16:00,16:40,17:45,여객,지연,항공기 연결에 의한 지연,B777-300ER,277,"A,B,C,D"
출발,인천,진에어,LJ239,간사이,20250916,16:05,17:05,17:28,여객,지연,항공기 연결에 의한 지연,B737-800,189,"H,F,G,L"
출발,인천,진에어,LJ347,나고야,20250916,16:05,16:56,17:23,여객,지연,공항 및 출입국 절차에 의한 지연,B737-800,189,"H,F,G,L"
출발,인천,대한항공,KE187,타오위안,20250916,16:10,16:10,17:25,여객,지연,여객 및 화물처리에 의한 지연,A321neo,182,"A,B,C,D"
출발,인천,대한항공,KE633,덴파사(응우라 라이),20250916,16:10,16:10,17:29,여객,지연,항공교통흐름에 의한 지연,A330-300,272,"A,B,C,D"
출발,인천,진에어,LJ351,기타규슈,20250916,16:15,17:07,17:33,여객,지연,항공교통흐름에 의한 지연,B737-800,189,"H,F,G,L"
출발,인천,대한항공,KE671,쿠알라룸푸르,20250916,16:20,16:20,16:46,여객,출발,,A330-300,272,"A,B,C,D"
출발,인천,델타항공,DL188,애틀랜타,20250916,16:25,17:03,17:31,여객,지연,공항 및 출입국 절차에 의한 지연,A350-900,306,"K,F,G,L"
출발,인천,대한항공,KE041,시애틀,20250916,16:40,16:40,18:06,여객,지연,항공교통흐름에 의한 지연,A330-300,272,"A,B,C,D"
출발,인천,에어서울,RS703,도쿄/나리타,20250916,16:45,17:05,18:20,여객,지연,공항 및 출입국 절차에 의한 지연,A321,195,"E,F,G,L"
출발,인천,대한항공,KE713,도쿄/나리타,20250916,17:05,17:05,18:14,여객,지연,여객 및 화물처리에 의한 지연,A321neo,182,"A,B,C,D"
출발,인천,대한항공,KE1405,김해,20250916,17:10,17:10,18:09,여객,지연,항공교통흐름에 의한 지연,B737-900,188,
출발,인천,진에어,LJ009,치앙마이,20250916,17:10,17:57,18:26,여객,지연,항공교통흐름에 의한 지연,B737-800,189,"H,F,G,L"
출발,인천,대한항공,KE485,푸꾸옥,20250916,17:10,17:10,17:39,여객,출발,,B737-900,188,"A,B,C,D"
출발,인천,에어부산,BX747,수안나폼(방콕),20250916,17:15,17:15,18:19,여객,지연,공항 및 출입국 절차에 의한 지연,A321,195,"E,F,G,L"
출발,인천,대한항공,KE8425,괌,20250916,17:15,17:15,18:27,여객,지연,항공교통흐름에 의한 지연,B737-900,188,"A,B,C,D"
출발,인천,진에어,LJ919,괌,20250916,17:35,18:13,18:31,여객,지연,항공교통흐름에 의한 지연,B737-800,189,"H,F,G,L"
출발,인천,대한항공,KE629,덴파사(응우라 라이),20250916,17:45,18:20,18:42,여객,지연,항공교통흐름에 의한 지연,A330-300,272,"A,B,C,D"
출발,인천,대한항공,KE663,푸껫,20250916,17:50,18:16,18:34,여객,지연,여객 및 화물처리에 의한 지연,B737-900,188,"A,B,C,D"
출발,인천,대한항공,KE651,수안나폼(방콕),20250916,18:05,18:36,19:01,여객,지연,항공교통흐름에 의한 지연,A330-300,272,"A,B,C,D"
출발,인천,대한항공,KE461,다낭,20250916,18:20,18:35,18:57,여객,지연,항공기 연결에 의한 지연,B737-900,188,"A,B,C,D"
출발,인천,대한항공,KE667,치앙마이,20250916,18:25,18:25,19:05,여객,지연,항공교통흐름에 의한 지연,B737-900,188,"A,B,C,D"
출발,인천,대한항공,KE1407,김해,20250916,18:25,18:25,18:48,여객,출발,,B737-900,188,
출발,인천,대한항공,KE705,도쿄/나리타,20250916,18:35,18:35,19:07,여객,지연,항공교통흐름에 의한 지연,A321neo,182,"A,B,C,D"
출발,인천,대한항공,KE781,후쿠오카,20250916,18:40,18:40,19:18,여객,지연,여객 및 화물처리에 의한 지연,B737-900,188,"A,B,C,D"
출발,인천,대한항공,KE645,싱가포르,20250916,18:40,18:40,19:14,여객,출발,,A330-300,272,"A,B,C,D"
출발,인천,델타항공,DL170,미니애폴리스,20250916,18:40,19:03,19:22,여객,지연,공항 및 출입국 절차에 의한 지연,A350-900,306,"K,F,G,L"
출발,인천,대한항공,KE423,괌,20250916,18:40,18:40,19:31,여객,지연,항공교통흐름에 의한 지연,B737-900,188,"A,B,C,D"
출발,인천,대한항공,KE071,밴쿠버,20250916,18:45,19:10,19:57,여객,지연,공항 및 출입국 절차에 의한 지연,B787-9,269,"A,B,C,D"
출발,인천,대한항공,KE453,노이바이(하노이),20250916,18:45,19:37,19:59,여객,지연,항공교통흐름에 의한 지연,B737-900,188,"A,B,C,D"
출발,인천,대한항공,KE475,떤 선녓(호찌민),20250916,18:45,19:20,20:27,여객,지연,공항 및 출입국 절차에 의한 지연,B737-900,188,"A,B,C,D"
출발,인천,대한항공,KE623,마닐라,20250916,18:50,18:50,19:32,여객,지연,항공기 연결에 의한 지연,B737-900,188,"A,B,C,D"
출발,인천,대한항공,KE743,나고야,20250916,18:50,19:10,20:01,여객,지연,항공기 연결에 의한 지연,A321neo,182,"A,B,C,D"
출발,인천,델타항공,DL26,애틀랜타,20250916,18:50,19:10,19:34,여객,지연,공항 및 출입국 절차에 의한 지연,A350-900,306,"K,F,G,L"
출발,인천,대한항공,KE689,프놈펜,20250916,18:50,18:50,19:48,여객,지연,항공기 연결에 의한 지연,B737-900,188,"A,B,C,D"
출발,인천,대한항공,KE895,푸동,20250916,18:55,19:10,19:40,여객,지연,항공기 연결에 의한 지연,A330-300,272,"A,B,C,D"
출발,인천,대한항공,KE721,간사이,20250916,19:00,19:00,19:46,여객,지연,항공교통흐름에 의한 지연,A321neo,182,"A,B,C,D"
출발,인천,대한항공,KE401,시드니,20250916,19:10,19:31,19:54,여객,지연,항공교통흐름에 의한 지연,A380-800,407,"A,B,C,D"
출발,인천,델타항공,DL196,시애틀,20250916,19:20,19:42,20:06,여객,지연,공항 및 출입국 절차에 의한 지연,A330-900neo,281,"K,F,G,L"
출발,인천,대한항공,KE163,장가계,20250916,19:25,19:25,20:04,여객,지연,항공교통흐름에 의한 지연,B737-900,188,"A,B,C,D"
출발,인천,에어서울,RS581,팡라로,20250916,19:25,19:55,20:57,여객,지연,공항 및 출입국 절차에 의한 지연,A321,195,"E,F,G,L"
출발,인천,대한항공,KE085,뉴욕,20250916,19:30,19:30,20:26,여객,지연,운항 기준 및 승무원 관련 지연,B747-8i,368,"A,B,C,D"
출발,인천,대한항공,KE1431,대구,20250916,19:30,19:30,20:13,여객,지연,항공교통흐름에 의한 지연,B737-900,188,
출발,인천,대한항공,KE1409,김해,20250916,19:35,20:06,20:30,여객,지연,항공교통흐름에 의한 지연,B737-900,188,
출발,인천,델타항공,DL172,솔트레이크시티,20250916,19:40,19:40,20:17,여객,출발,,A350-900,306,"K,F,G,L"
출발,인천,대한항공,KE177,홍콩,20250916,19:45,20:11,20:37,여객,지연,항공교통흐름에 의한 지연,A321neo,182,"A,B,C,D"
출발,인천,대한항공,KE477,떤 선녓(호찌민),20250916,19:45,20:45,21:06,여객,지연,항공교통흐름에 의한 지연,B737-900,188,"A,B,C,D"
출발,인천,대한항공,KE659,수안나폼(방콕),20250916,19:45,20:52,21:12,여객,지연,운항 기준 및 승무원 관련 지연,B737-900,188,"A,B,C,D"
출발,인천,에어서울,RS527,깜라인(나트랑),20250916,19:50,21:00,21:50,여객,지연,기타 원인에 의한 지연,A321,195,"E,F,G,L"
출발,인천,대한항공,KE853,베이징,20250916,20:00,20:22,20:47,여객,지연,항공교통흐름에 의한 지연,A330-300,272,"A,B,C,D"
출발,인천,대한항공,KE467,깜라인(나트랑),20250916,20:00,21:03,21:15,여객,지연,항공교통흐름에 의한 지연,B737-900,188,"A,B,C,D"
출발,인천,대한항공,KE615,세부,20250916,20:05,21:17,21:22,여객,지연,여객 및 화물처리에 의한 지연,B737-900,188,"A,B,C,D"
출발,인천,대한항공,KE625,마닐라,20250916,20:15,20:15,21:40,여객,지연,기타 원인에 의한 지연,B737-900,188,"A,B,C,D"
출발,인천,대한항공,KE011,로스앤젤레스,20250916,20:25,20:25,21:04,여객,지연,운항 기준 및 승무원 관련 지연,A380-800,407,"A,B,C,D"
출발,인천,진에어,LJ081,다낭,20250916,20:25,20:25,20:48,여객,출발,,B737-800,189,"H,F,G,L"
출발,인천,대한항공,KE719,하네다,20250916,20:30,20:30,21:00,여객,출발,,A321neo,182,"A,B,C,D"
출발,인천,중화항공,CI163,타오위안,20250916,20:35,21:37,21:27,여객,지연,항공교통흐름에 의한 지연,A330-300,277,"J,F,G,L"
출발,인천,샤먼항공,MF878,푸저우(복주),20250916,20:35,21:24,21:34,여객,지연,공항 및 출입국 절차에 의한 지연,B737-800,168,"J,F,G,L"
출발,인천,진에어,LJ087,깜라인(나트랑),20250916,20:40,20:40,21:02,여객,출발,,B737-800,189,"H,F,G,L"
출발,인천,진에어,LJ917,괌,20250916,20:50,21:07,21:20,여객,지연,공항 및 출입국 절차에 의한 지연,B737-800,189,"H,F,G,L"
출발,인천,에어서울,RS511,다낭,20250916,20:55,22:30,22:54,여객,지연,항공기 연결에 의한 지연,A321,195,"E,F,G,L"
출발,인천,대한항공,KE005,라스베이거스,20250916,21:00,21:00,21:24,여객,출발,,B777-300ER,277,"A,B,C,D"
출발,인천,대한항공,KE053,호놀룰루,20250916,21:05,21:05,21:27,여객,출발,,A330-300,272,"A,B,C,D"
출발,인천,대한항공,KE655,수안나폼(방콕),20250916,21:15,21:15,21:59,여객,지연,여객 및 화물처리에 의한 지연,A330-300,272,"A,B,C,D"
출발,인천,네덜란드항공,KL856,암스테르담,20250916,22:25,22:25,23:03,여객,지연,항공교통흐름에 의한 지연,B787-9,294,"M,F,G,L"
출발,인천,대한항공,KE619,마닐라,20250916,22:35,22:35,23:09,여객,출발,,A330-300,272,"A,B,C,D"
출발,인천,대한항공,KE647,싱가포르,20250916,23:35,23:35,23:58,여객,출발,,B777-300ER,277,"A,B,C,D"
출발,인천,대한항공,KE1401,김해,20250917,06:35,06:35,06:54,여객,출발,,B737-900,188,
출발,인천,에어서울,RS711,간사이,20250917,07:15,07:15,07:41,여객,출발,,A321,195,"E,F,G,L"
출발,인천,에어부산,BX164,도쿄/나리타,20250917,07:15,07:15,07:27,여객,출발,,A321,195,"E,F,G,L"
출발,인천,진에어,LJ261,후쿠오카,20250917,07:15,07:15,07:45,여객,출발,,B737-800,189,"H,F,G,L"
출발,인천,에어부산,BX156,후쿠오카,20250917,07:20,07:20,07:57,여객,출발,,A321,195,"E,F,G,L"
출발,인천,대한항공,KE787,후쿠오카,20250917,07:25,07:25,07:49,여객,출발,,B737-900,188,"A,B,C,D"
출발,인천,진에어,LJ201,도쿄/나리타,20250917,07:25,07:25,08:00,여객,출발,,B737-800,189,"H,F,G,L"
출발,인천,대한항공,KE771,오카야마,20250917,07:30,07:30,07:47,여객,출발,,B737-900,188,"A,B,C,D"
출발,인천,진에어,LJ345,나고야,20250917,07:30,07:30,08:07,여객,출발,,B737-800,189,"H,F,G,L"
출발,인천,진에어,LJ231,간사이,20250917,07:40,07:57,08:15,여객,지연,공항 및 출입국 절차에 의한 지연,B737-800,189,"H,F,G,L"
출발,인천,대한항공,KE173,홍콩,20250917,07:45,07:45,08:28,여객,지연,여객 및 화물처리에 의한 지연,A321neo,182,"A,B,C,D"
출발,인천,대한항공,KE621,마닐라,20250917,07:50,07:50,08:17,여객,출발,,B737-900,188,"A,B,C,D"
출발,인천,진에어,LJ731,타오위안,20250917,07:50,08:09,08:32,여객,지연,공항 및 출입국 절차에 의한 지연,B737-800,189,"H,F,G,L"
출발,인천,대한항공,KE845,청도,20250917,07:50,07:50,08:26,여객,지연,항공교통흐름에 의한 지연,B737-900,188,"A,B,C,D"
출발,인천,대한항공,KE131,정저우,20250917,08:00,08:00,08:31,여객,출발,,B737-900,188,"A,B,C,D"
출발,인천,대한항공,KE441,노이바이(하노이),20250917,08:00,08:00,08:34,여객,출발,,A330-300,272,"A,B,C,D"
출발,인천,에어서울,RS727,후쿠오카,20250917,08:05,08:20,08:45,여객,지연,항공기 연결에 의한 지연,A321,195,"E,F,G,L"
출발,인천,대한항공,KE197,칭기즈칸(신 울란바토르) 국제공항,20250917,08:10,08:10,08:40,여객,출발,,B737-900,188,"A,B,C,D"
출발,인천,에어서울,RS705,도쿄/나리타,20250917,08:10,08:45,09:16,여객,지연,항공기 정비에 의한 지연,A321,195,"E,F,G,L"
출발,인천,진에어,LJ357,시모지시마,20250917,08:10,08:10,08:38,여객,출발,,B737-800,189,"H,F,G,L"
출발,인천,진에어,LJ241,간사이,20250917,08:10,08:10,08:40,여객,출발,,B737-800,189,"H,F,G,L"
출발,인천,대한항공,KE859,베이징,20250917,08:15,08:15,08:47,여객,출발,,B777-300ER,277,"A,B,C,D"
출발,인천,대한항공,KE1403,김해,20250917,08:20,08:40,09:02,여객,지연,항공기 연결에 의한 지연,B737-900,188,
출발,인천,진에어,LJ301,삿포로,20250917,08:20,08:20,08:49,여객,출발,,B737-800,189,"H,F,G,L"
출발,인천,대한항공,KE893,푸동,20250917,08:25,08:25,08:49,여객,출발,,A330-300,272,"A,B,C,D"
출발,인천,대한항공,KE731,고베,20250917,08:25,08:25,08:52,여객,출발,,A321neo,182,"A,B,C,D"
출발,인천,에어 프랑스,AF267,파리,20250917,08:30,08:30,08:55,여객,출발,,B777-300ER,296,"M,F,G,L"
출발,인천,대한항공,KE775,고마쓰,20250917,08:35,08:35,09:04,여객,출발,,B737-900,188,"A,B,C,D"
출발,인천,대한항공,KE827,선전(심천),20250917,08:40,08:40,09:05,여객,출발,,B737-900,188,"A,B,C,D"
출발,인천,에어서울,RS741,다카마쓰,20250917,08:45,10:05,10:52,여객,지연,항공기 연결에 의한 지연,A321,195,"E,F,G,L"
출발,인천,대한항공,KE831,심양,20250917,08:45,08:05,08:36,여객,출발,,B737-900,188,"A,B,C,D"
출발,인천,대한항공,KE865,광저우,20250917,08:50,08:50,09:27,여객,출발,,A330-300,272,"A,B,C,D"
출발,인천,대한항공,KE137,우한,20250917,08:50,08:50,09:10,여객,출발,,B737-900,188,"A,B,C,D"
출발,인천,대한항공,KE819,창사(장사),20250917,09:00,09:00,09:17,여객,출발,,B737-900,188,"A,B,C,D"
출발,인천,대한항공,KE469,떤 선녓(호찌민),20250917,09:05,09:05,09:39,여객,출발,,A330-300,272,"A,B,C,D"
출발,인천,대한항공,KE811,시안,20250917,09:10,09:10,09:48,여객,출발,,B737-900,188,"A,B,C,D"
출발,인천,대한항공,KE805,천진,20250917,09:10,09:10,09:43,여객,출발,,B737-900,188,"A,B,C,D"
출발,인천,에어부산,BX172,간사이,20250917,09:15,09:15,09:27,여객,출발,,A321,195,"E,F,G,L"
출발,인천,대한항공,KE035,애틀랜타,20250917,09:20,10:10,10:49,여객,지연,기상에 의한 지연,B777-300ER,277,"A,B,C,D"
출발,인천,대한항공,KE785,가고시마,20250917,09:20,09:20,09:49,여객,출발,,B737-900,188,"A,B,C,D"
출발,인천,진에어,LJ913,괌,20250917,09:20,09:20,09:42,여객,출발,,B737-800,189,"H,F,G,L"
출발,인천,에어서울,RS701,도쿄/나리타,20250917,09:25,10:30,11:32,여객,지연,항공기 연결에 의한 지연,A321,195,"E,F,G,L"
출발,인천,대한항공,KE031,댈러스,20250917,09:30,09:50,10:15,여객,지연,항공기 연결에 의한 지연,B787-9,269,"A,B,C,D"
출발,인천,대한항공,KE091,보스턴,20250917,09:30,10:10,11:06,여객,지연,기상에 의한 지연,B787-9,269,"A,B,C,D"
출발,인천,대한항공,KE755,오키나와,20250917,09:30,09:30,10:13,여객,지연,항공기 정비에 의한 지연,B737-900,188,"A,B,C,D"
출발,인천,대한항공,KE657,수안나폼(방콕),20250917,09:30,09:30,09:58,여객,출발,,A330-300,272,"A,B,C,D"
출발,인천,대한항공,KE073,토론토,20250917,09:35,10:10,11:25,여객,지연,기상에 의한 지연,B777-300ER,277,"A,B,C,D"
출발,인천,대한항공,KE723,간사이,20250917,09:35,09:35,09:57,여객,출발,,A321neo,182,"A,B,C,D"
출발,인천,대한항공,KE421,괌,20250917,09:45,09:45,10:12,여객,출발,,B737-900,188,"A,B,C,D"
출발,인천,진에어,LJ205,도쿄/나리타,20250917,09:45,09:45,10:10,여객,출발,,B737-800,189,"H,F,G,L"
출발,인천,진에어,LJ341,오키나와,20250917,09:55,09:55,10:18,여객,출발,,B737-800,189,"H,F,G,L"
출발,인천,대한항공,KE081,뉴욕,20250917,10:00,10:00,10:29,여객,출발,,A380-800,407,"A,B,C,D"
출발,인천,대한항공,KE765,삿포로,20250917,10:05,10:05,10:58,여객,지연,항공교통흐름에 의한 지연,B737-900,188,"A,B,C,D"
출발,인천,대한항공,KE703,도쿄/나리타,20250917,10:10,10:10,11:03,여객,출발,,A321neo,182,"A,B,C,D"
출발,인천,델타항공,DL158,디트로이트,20250917,10:15,10:15,10:42,여객,출발,,A350-900,306,"K,F,G,L"
출발,인천,대한항공,KE125,샤먼 가오치,20250917,10:20,10:20,11:08,여객,지연,항공교통흐름에 의한 지연,B737-900,188,"A,B,C,D"
출발,인천,대한항공,KE169,마카오,20250917,10:20,10:20,10:53,여객,출발,,A321neo,182,"A,B,C,D"
출발,인천,대한항공,KE093,워싱톤,20250917,10:25,10:25,11:14,여객,지연,항공교통흐름에 의한 지연,B777-300ER,277,"A,B,C,D"
출발,인천,대한항공,KE101,남경,20250917,10:25,10:25,11:26,여객,지연,기상에 의한 지연,A321neo,182,"A,B,C,D"
출발,인천,대한항공,KE937,비엔나,20250917,10:25,10:25,11:19,여객,지연,항공교통흐름에 의한 지연,B787-9,269,"A,B,C,D"
출발,인천,대한항공,KE185,타오위안,20250917,10:30,10:30,11:28,여객,지연,항공교통흐름에 의한 지연,A321neo,182,"A,B,C,D"
출발,인천,대한항공,KE741,나고야,20250917,10:35,10:35,11:29,여객,지연,항공교통흐름에 의한 지연,A321neo,182,"A,B,C,D"
출발,인천,대한항공,KE037,시카고,20250917,10:40,10:40,11:21,여객,출발,,B777-300ER,277,"A,B,C,D"
출발,인천,대한항공,KE855,베이징,20250917,10:40,10:40,11:11,여객,출발,,A330-300,272,"A,B,C,D"
출발,인천,대한항공,KE969,프라하,20250917,10:45,10:45,11:33,여객,지연,항공교통흐름에 의한 지연,B787-9,269,"A,B,C,D"
출발,인천,대한항공,KE457,다낭,20250917,10:55,10:55,11:23,여객,출발,,B737-900,188,"A,B,C,D"
출발,인천,대한항공,KE907,런던히드로,20250917,10:55,10:55,12:19,여객,지연,항공교통흐름에 의한 지연,A380-800,407,"A,B,C,D"
출발,인천,대한항공,KE945,프랑크푸르트,20250917,11:05,11:05,12:03,여객,지연,항공교통흐름에 의한 지연,A380-800,407,"A,B,C,D"
출발,인천,대한항공,KE791,후쿠오카,20250917,11:05,11:05,11:33,여객,출발,,B737-900,188,"A,B,C,D"
출발,인천,대한항공,KE901,파리,20250917,11:10,11:10,12:15,여객,지연,항공교통흐름에 의한 지연,B777-300ER,277,"A,B,C,D"
출발,인천,에어부산,BX158,후쿠오카,20250917,11:25,11:25,11:51,여객,출발,,A321,195,"E,F,G,L"
출발,인천,가루다인도네시아,GA871,덴파사(응우라 라이),20250917,11:25,11:25,11:52,여객,출발,,A330-300,251,"J,F,G,L"
출발,인천,아에로멕시코,AM091,멕시코시티,20250917,11:40,11:40,12:13,여객,출발,,B787-9,274,"H,F,G,L"
출발,인천,대한항공,KE107,항저우,20250917,12:00,12:00,12:32,여객,출발,,A321neo,182,"A,B,C,D"
출발,인천,중화항공,CI165,가오슝,20250917,12:05,12:05,12:41,여객,출발,,A321neo,180,"J,F,G,L"
출발,인천,진에어,LJ263,후쿠오카,20250917,12:10,12:10,12:48,여객,출발,,B737-800,189,"H,F,G,L"
출발,인천,대한항공,KE769,삿포로,20250917,12:35,12:35,13:13,여객,출발,,B737-900,188,"A,B,C,D"
출발,인천,대한항공,KE803,천진,20250917,12:35,12:35,13:23,여객,지연,항공교통흐름에 의한 지연,B737-900,188,"A,B,C,D"
출발,인천,중화항공,CI161,타오위안,20250917,12:35,13:00,13:25,여객,지연,항공교통흐름에 의한 지연,A330-300,277,"J,F,G,L"
출발,인천,에어부산,BX174,간사이,20250917,12:40,12:40,13:27,여객,지연,항공교통흐름에 의한 지연,A321,195,"E,F,G,L"
출발,인천,대한항공,KE711,도쿄/나리타,20250917,13:00,13:00,13:52,여객,지연,항공교통흐름에 의한 지연,A321neo,182,"A,B,C,D"
출발,인천,대한항공,KE869,대련,20250917,13:00,13:00,14:02,여객,지연,항공교통흐름에 의한 지연,B737-900,188,"A,B,C,D"
출발,인천,대한항공,KE921,리스본,20250917,13:00,13:00,13:50,여객,지연,항공교통흐름에 의한 지연,B787-9,269,"A,B,C,D"
출발,인천,대한항공,KE843,청도,20250917,13:05,13:05,14:42,여객,지연,항공기 연결에 의한 지연,B737-900,188,"A,B,C,D"
출발,인천,에어서울,RS713,간사이,20250917,13:15,13:15,14:04,여객,지연,항공교통흐름에 의한 지연,A321,195,"E,F,G,L"
출발,인천,대한항공,KE931,로마,20250917,13:20,13:20,13:59,여객,지연,항공교통흐름에 의한 지연,B777-300ER,277,"A,B,C,D"
출발,인천,대한항공,KE175,홍콩,20250917,13:25,13:25,14:24,여객,지연,항공교통흐름에 의한 지연,A321neo,182,"A,B,C,D"
출발,인천,에어서울,RS745,요나고,20250917,13:25,13:25,14:11,여객,지연,항공교통흐름에 의한 지연,A321,195,"E,F,G,L"
출발,인천,대한항공,KE951,두바이,20250917,13:25,13:25,14:00,여객,출발,,B777-300ER,277,"A,B,C,D"
출발,인천,샤먼항공,MF872,샤먼 가오치,20250917,13:30,14:00,14:28,여객,지연,공항 및 출입국 절차에 의한 지연,B737-800,168,"J,F,G,L"
출발,인천,대한항공,KE927,밀라노,20250917,13:40,13:55,14:20,여객,지연,항공기 연결에 의한 지연,B787-9,269,"A,B,C,D"
출발,인천,대한항공,KE955,이스탄불,20250917,13:40,13:40,14:05,여객,출발,,B777-300ER,277,"A,B,C,D"
출발,인천,대한항공,KE789,후쿠오카,20250917,13:45,13:45,14:13,여객,출발,,B737-900,188,"A,B,C,D"
출발,인천,진에어,LJ861,청도,20250917,13:50,14:34,15:02,여객,지연,공항 및 출입국 절차에 의한 지연,B737-800,189,"H,F,G,L"
출발,인천,에어서울,RS723,후쿠오카,20250917,14:25,15:35,16:08,여객,지연,항공기 연결에 의한 지연,A321,195,"E,F,G,L"
출발,인천,대한항공,KE017,로스앤젤레스,20250917,14:30,14:30,15:05,여객,출발,,B747-8i,368,"A,B,C,D"
출발,인천,진에어,LJ359,다카마쓰,20250917,14:30,14:50,15:09,여객,지연,공항 및 출입국 절차에 의한 지연,B737-800,189,"H,F,G,L"
출발,인천,대한항공,KE833,심양,20250917,14:35,14:55,15:22,여객,지연,항공기 연결에 의한 지연,B737-900,188,"A,B,C,D"
출발,인천,대한항공,KE643,싱가포르,20250917,14:45,14:45,15:10,여객,출발,,A330-300,272,"A,B,C,D"
출발,인천,진에어,LJ209,도쿄/나리타,20250917,14:45,15:08,15:31,여객,지연,공항 및 출입국 절차에 의한 지연,B737-800,189,"H,F,G,L"
출발,인천,대한항공,KE725,간사이,20250917,14:55,14:55,15:45,여객,지연,항공교통흐름에 의한 지연,A321neo,182,"A,B,C,D"
출발,인천,대한항공,KE627,자카르타(수카르노 하타),20250917,15:10,15:10,15:33,여객,출발,,A330-300,272,"A,B,C,D"
출발,인천,대한항공,KE189,타이중,20250917,15:15,15:15,15:48,여객,출발,,A321neo,182,"A,B,C,D"
출발,인천,에어서울,RS715,간사이,20250917,15:20,17:20,17:45,여객,지연,항공교통흐름에 의한 지연,A321,195,"E,F,G,L"
출발,인천,에어부산,BX176,간사이,20250917,15:25,16:43,17:04,여객,지연,항공교통흐름에 의한 지연,A321,195,"E,F,G,L"
출발,인천,대한항공,KE671,쿠알라룸푸르,20250917,15:40,15:40,16:20,여객,지연,지상조업 관련 지연,A330-300,272,"A,B,C,D"
출발,인천,대한항공,KE733,고베,20250917,15:50,15:50,16:24,여객,출발,,A321neo,182,"A,B,C,D"
출발,인천,에어부산,BX166,도쿄/나리타,20250917,15:50,15:50,17:09,여객,지연,항공교통흐름에 의한 지연,A321,195,"E,F,G,L"
출발,인천,진에어,LJ265,후쿠오카,20250917,15:50,15:50,16:14,여객,출발,,B737-800,189,"H,F,G,L"
출발,인천,대한항공,KE023,샌프란시스코,20250917,16:00,16:00,17:24,여객,지연,항공교통흐름에 의한 지연,B777-300ER,277,"A,B,C,D"
출발,인천,진에어,LJ239,간사이,20250917,16:05,16:43,17:01,여객,지연,공항 및 출입국 절차에 의한 지연,B737-800,189,"H,F,G,L"
출발,인천,진에어,LJ347,나고야,20250917,16:05,16:44,17:32,여객,지연,공항 및 출입국 절차에 의한 지연,B737-800,189,"H,F,G,L"
출발,인천,대한항공,KE187,타오위안,20250917,16:10,16:10,16:36,여객,출발,,A321neo,182,"A,B,C,D"
출발,인천,대한항공,KE633,덴파사(응우라 라이),20250917,16:10,16:10,16:30,여객,출발,,A330-300,272,"A,B,C,D"
출발,인천,진에어,LJ351,기타규슈,20250917,16:15,16:15,16:32,여객,출발,,B737-800,189,"H,F,G,L"
출발,인천,델타항공,DL188,애틀랜타,20250917,16:25,17:05,17:36,여객,지연,항공교통흐름에 의한 지연,A350-900,306,"K,F,G,L"
출발,인천,대한항공,KE041,시애틀,20250917,16:40,16:40,17:53,여객,지연,항공교통흐름에 의한 지연,A330-300,272,"A,B,C,D"
출발,인천,에어서울,RS703,도쿄/나리타,20250917,16:45,18:55,19:35,여객,지연,항공기 연결에 의한 지연,A321,195,"E,F,G,L"
출발,인천,대한항공,KE713,도쿄/나리타,20250917,17:05,17:05,17:40,여객,출발,,A321neo,182,"A,B,C,D"
출발,인천,대한항공,KE1405,김해,20250917,17:10,17:30,18:03,여객,지연,기타 원인에 의한 지연,B737-900,188,
출발,인천,진에어,LJ009,치앙마이,20250917,17:10,17:10,17:35,여객,출발,,B737-800,189,"H,F,G,L"
출발,인천,대한항공,KE485,푸꾸옥,20250917,17:10,17:10,17:43,여객,출발,,B737-900,188,"A,B,C,D"
출발,인천,에어부산,BX747,수안나폼(방콕),20250917,17:15,17:15,17:51,여객,출발,,A321,195,"E,F,G,L"
출발,인천,대한항공,KE8425,괌,20250917,17:15,17:15,17:30,여객,출발,,B737-900,188,"A,B,C,D"
출발,인천,진에어,LJ919,괌,20250917,17:35,17:35,18:06,여객,출발,,B737-800,189,"H,F,G,L"
출발,인천,대한항공,KE629,덴파사(응우라 라이),20250917,17:45,17:45,18:17,여객,출발,,A330-300,272,"A,B,C,D"
출발,인천,대한항공,KE411,오클랜드,20250917,18:00,18:45,19:23,여객,지연,항공기 연결에 의한 지연,B787-9,269,"A,B,C,D"
출발,인천,대한항공,KE651,수안나폼(방콕),20250917,18:05,18:30,19:05,여객,지연,항공기 연결에 의한 지연,A330-300,272,"A,B,C,D"
출발,인천,대한항공,KE461,다낭,20250917,18:20,18:20,18:44,여객,출발,,B737-900,188,"A,B,C,D"
출발,인천,대한항공,KE667,치앙마이,20250917,18:25,18:25,18:50,여객,출발,,B737-900,188,"A,B,C,D"
출발,인천,대한항공,KE1407,김해,20250917,18:25,18:25,18:46,여객,출발,,B737-900,188,
출발,인천,대한항공,KE705,도쿄/나리타,20250917,18:35,18:56,19:29,여객,지연,항공교통흐름에 의한 지연,A321neo,182,"A,B,C,D"
출발,인천,대한항공,KE871,대련,20250917,18:35,18:35,18:51,여객,출발,,B737-900,188,"A,B,C,D"
출발,인천,대한항공,KE161,쿤밍,20250917,18:40,18:40,19:22,여객,출발,,B737-900,188,"A,B,C,D"
출발,인천,대한항공,KE645,싱가포르,20250917,18:40,18:40,19:15,여객,출발,,A330-300,272,"A,B,C,D"
출발,인천,대한항공,KE781,후쿠오카,20250917,18:40,18:40,19:07,여객,출발,,B737-900,188,"A,B,C,D"
출발,인천,델타항공,DL170,미니애폴리스,20250917,18:40,18:40,18:58,여객,출발,,A350-900,306,"K,F,G,L"
출발,인천,대한항공,KE423,괌,20250917,18:40,18:40,19:13,여객,출발,,B737-900,188,"A,B,C,D"
출발,인천,대한항공,KE071,밴쿠버,20250917,18:45,18:45,19:41,여객,지연,운항 기준 및 승무원 관련 지연,B787-9,269,"A,B,C,D"
출발,인천,대한항공,KE453,노이바이(하노이),20250917,18:45,19:03,19:27,여객,지연,항공교통흐름에 의한 지연,B737-900,188,"A,B,C,D"
출발,인천,대한항공,KE475,떤 선녓(호찌민),20250917,18:45,19:22,19:41,여객,지연,항공기 연결에 의한 지연,B737-900,188,"A,B,C,D"
출발,인천,대한항공,KE623,마닐라,20250917,18:50,18:50,19:31,여객,지연,항공기 연결에 의한 지연,B737-900,188,"A,B,C,D"
출발,인천,대한항공,KE743,나고야,20250917,18:50,19:08,19:32,여객,지연,항공교통흐름에 의한 지연,A321neo,182,"A,B,C,D"
출발,인천,델타항공,DL26,애틀랜타,20250917,18:50,18:50,19:17,여객,출발,,A350-900,306,"K,F,G,L"
출발,인천,대한항공,KE689,프놈펜,20250917,18:50,18:50,19:29,여객,지연,여객 및 화물처리에 의한 지연,B737-900,188,"A,B,C,D"
출발,인천,대한항공,KE895,푸동,20250917,18:55,19:20,20:02,여객,지연,항공기 연결에 의한 지연,A330-300,272,"A,B,C,D"
출발,인천,대한항공,KE721,간사이,20250917,19:00,19:16,19:44,여객,지연,항공교통흐름에 의한 지연,A321neo,182,"A,B,C,D"
출발,인천,대한항공,KE401,시드니,20250917,19:10,19:10,19:49,여객,출발,,A380-800,407,"A,B,C,D"
출발,인천,진에어,LJ131,코타키나발루,20250917,19:10,19:10,19:33,여객,출발,,B737-800,189,"H,F,G,L"
출발,인천,델타항공,DL196,시애틀,20250917,19:20,19:20,19:50,여객,출발,,A330-900neo,281,"K,F,G,L"
출발,인천,대한항공,KE163,장가계,20250917,19:25,19:25,19:46,여객,출발,,B737-900,188,"A,B,C,D"
출발,인천,에어서울,RS581,팡라로,20250917,19:25,19:25,19:50,여객,출발,,A321,195,"E,F,G,L"
출발,인천,대한항공,KE085,뉴욕,20250917,19:30,19:45,20:06,여객,지연,기타 원인에 의한 지연,B747-8i,368,"A,B,C,D"
출발,인천,대한항공,KE1431,대구,20250917,19:30,19:30,20:01,여객,출발,,B737-900,188,
출발,인천,대한항공,KE1409,김해,20250917,19:35,19:35,20:03,여객,출발,,B737-900,188,
출발,인천,델타항공,DL172,솔트레이크시티,20250917,19:40,19:40,19:58,여객,출발,,A350-900,306,"K,F,G,L"
출발,인천,대한항공,KE177,홍콩,20250917,19:45,19:45,20:23,여객,출발,,A321neo,182,"A,B,C,D"
출발,인천,대한항공,KE477,떤 선녓(호찌민),20250917,19:45,19:45,20:27,여객,출발,,B737-900,188,"A,B,C,D"
출발,인천,대한항공,KE659,수안나폼(방콕),20250917,19:45,19:45,20:19,여객,출발,,B737-900,188,"A,B,C,D"
출발,인천,에어서울,RS527,깜라인(나트랑),20250917,19:50,19:50,20:46,여객,지연,항공교통흐름에 의한 지연,A321,195,"E,F,G,L"
출발,인천,대한항공,KE853,베이징,20250917,20:00,20:00,20:25,여객,출발,,A330-300,272,"A,B,C,D"
출발,인천,대한항공,KE467,깜라인(나트랑),20250917,20:00,20:47,21:08,여객,지연,항공교통흐름에 의한 지연,B737-900,188,"A,B,C,D"
출발,인천,대한항공,KE615,세부,20250917,20:05,20:05,20:41,여객,출발,,B737-900,188,"A,B,C,D"
출발,인천,대한항공,KE407,브리즈번,20250917,20:05,20:05,20:34,여객,출발,,A330-300,272,"A,B,C,D"
출발,인천,대한항공,KE625,마닐라,20250917,20:15,20:36,21:00,여객,지연,항공교통흐름에 의한 지연,B737-900,188,"A,B,C,D"
출발,인천,대한항공,KE011,로스앤젤레스,20250917,20:25,22:09,22:38,여객,지연,항공기 연결에 의한 지연,A380-800,407,"A,B,C,D"
출발,인천,진에어,LJ081,다낭,20250917,20:25,20:25,20:50,여객,출발,,B737-800,189,"H,F,G,L"
출발,인천,대한항공,KE719,하네다,20250917,20:30,20:30,21:07,여객,지연,항공기 연결에 의한 지연,A321neo,182,"A,B,C,D"
출발,인천,중화항공,CI163,타오위안,20250917,20:35,20:50,21:11,여객,지연,항공교통흐름에 의한 지연,A330-300,277,"J,F,G,L"
출발,인천,샤먼항공,MF878,푸저우(복주),20250917,20:35,20:35,20:55,여객,출발,,B737-800,168,"J,F,G,L"
출발,인천,진에어,LJ087,깜라인(나트랑),20250917,20:40,20:40,21:15,여객,출발,,B737-800,189,"H,F,G,L"
출발,인천,진에어,LJ043,팡라로,20250917,20:50,20:50,21:19,여객,출발,,B737-800,189,"H,F,G,L"
출발,인천,진에어,LJ917,괌,20250917,20:50,21:22,21:46,여객,지연,공항 및 출입국 절차에 의한 지연,B737-800,189,"H,F,G,L"
출발,인천,에어서울,RS511,다낭,20250917,20:55,21:40,22:51,여객,지연,항공교통흐름에 의한 지연,A321,195,"E,F,G,L"
출발,인천,대한항공,KE005,라스베이거스,20250917,21:00,21:00,21:17,여객,출발,,B777-300ER,277,"A,B,C,D"
출발,인천,대한항공,KE053,호놀룰루,20250917,21:05,21:05,21:23,여객,출발,,A330-300,272,"A,B,C,D"
출발,인천,대한항공,KE655,수안나폼(방콕),20250917,21:15,21:15,21:40,여객,출발,,A330-300,272,"A,B,C,D"
출발,인천,에어부산,BX787,깜라인(나트랑),20250917,21:30,21:30,22:41,여객,지연,항공교통흐름에 의한 지연,A321,195,"E,F,G,L"
출발,인천,네덜란드항공,KL856,암스테르담,20250917,22:25,22:25,22:58,여객,출발,,B787-9,294,"M,F,G,L"
출발,인천,대한항공,KE619,마닐라,20250917,22:35,22:50,23:11,여객,지연,항공교통흐름에 의한 지연,A330-300,272,"A,B,C,D"
출발,인천,대한항공,KE075,밴쿠버,20250917,22:40,22:40,23:16,여객,출발,,B787-9,269,"A,B,C,D"
출발,인천,대한항공,KE647,싱가포르,20250917,23:35,23:35,23:58,여객,출발,,B777-300ER,277,"A,B,C,D"
출발,인천,스칸디나비아항공,SK988,코펜하겐,20250917,23:45,23:45,23:52,여객,출발,,A350-900,300,"K,F,G,L"
출발,인천,대한항공,KE1401,김해,20250918,06:35,06:35,06:47,여객,출발,,B737-900,188,
출발,인천,에어서울,RS711,간사이,20250918,07:15,07:15,08:04,여객,지연,여객 및 화물처리에 의한 지연,A321,195,"E,F,G,L"
출발,인천,에어부산,BX164,도쿄/나리타,20250918,07:15,07:15,07:50,여객,출발,,A321,195,"E,F,G,L"
출발,인천,진에어,LJ261,후쿠오카,20250918,07:15,07:15,07:32,여객,출발,,B737-800,189,"H,F,G,L"
출발,인천,에어부산,BX156,후쿠오카,20250918,07:20,07:20,07:44,여객,출발,,A321,195,"E,F,G,L"
출발,인천,에어서울,RS727,후쿠오카,20250918,07:20,07:20,08:06,여객,지연,여객 및 화물처리에 의한 지연,A321,195,"E,F,G,L"
출발,인천,대한항공,KE787,후쿠오카,20250918,07:25,07:25,07:51,여객,출발,,B737-900,188,"A,B,C,D"
출발,인천,진에어,LJ201,도쿄/나리타,20250918,07:25,07:25,07:46,여객,출발,,B737-800,189,"H,F,G,L"
출발,인천,대한항공,KE795,나가사키,20250918,07:30,07:30,08:02,여객,출발,,B737-900,188,"A,B,C,D"
출발,인천,진에어,LJ345,나고야,20250918,07:30,07:30,08:00,여객,출발,,B737-800,189,"H,F,G,L"
출발,인천,진에어,LJ231,간사이,20250918,07:40,07:40,08:11,여객,출발,,B737-800,189,"H,F,G,L"
출발,인천,대한항공,KE173,홍콩,20250918,07:45,07:45,08:08,여객,출발,,A321neo,182,"A,B,C,D"
출발,인천,대한항공,KE621,마닐라,20250918,07:50,07:50,08:24,여객,지연,항공기 정비에 의한 지연,B737-900,188,"A,B,C,D"
출발,인천,진에어,LJ731,타오위안,20250918,07:50,08:07,08:28,여객,지연,공항 및 출입국 절차에 의한 지연,B737-800,189,"H,F,G,L"
출발,인천,대한항공,KE845,청도,20250918,07:50,07:50,08:15,여객,출발,,B737-900,188,"A,B,C,D"
출발,인천,대한항공,KE131,정저우,20250918,08:00,08:00,08:19,여객,출발,,B737-900,188,"A,B,C,D"
출발,인천,대한항공,KE441,노이바이(하노이),20250918,08:00,08:00,08:21,여객,출발,,A330-300,272,"A,B,C,D"
출발,인천,대한항공,KE197,칭기즈칸(신 울란바토르) 국제공항,20250918,08:10,08:10,08:33,여객,출발,,B737-900,188,"A,B,C,D"
출발,인천,대한항공,KE767,아오모리,20250918,08:10,08:10,08:33,여객,출발,,B737-900,188,"A,B,C,D"
출발,인천,진에어,LJ357,시모지시마,20250918,08:10,08:10,08:39,여객,출발,,B737-800,189,"H,F,G,L"
출발,인천,대한항공,KE859,베이징,20250918,08:15,08:15,08:37,여객,출발,,B777-300ER,277,"A,B,C,D"
출발,인천,대한항공,KE127,푸저우(복주),20250918,08:20,08:20,08:52,여객,출발,,B737-900,188,"A,B,C,D"
출발,인천,대한항공,KE1403,김해,20250918,08:20,08:40,09:04,여객,지연,항공기 연결에 의한 지연,B737-900,188,
출발,인천,진에어,LJ301,삿포로,20250918,08:20,08:20,08:45,여객,출발,,B737-800,189,"H,F,G,L"
출발,인천,대한항공,KE893,푸동,20250918,08:25,08:25,08:44,여객,출발,,A330-300,272,"A,B,C,D"
출발,인천,대한항공,KE731,고베,20250918,08:25,08:25,08:42,여객,출발,,A321neo,182,"A,B,C,D"
출발,인천,에어 프랑스,AF267,파리,20250918,08:30,08:30,09:04,여객,출발,,B777-300ER,296,"M,F,G,L"
출발,인천,에어서울,RS741,다카마쓰,20250918,08:45,09:35,09:55,여객,지연,항공기 연결에 의한 지연,A321,195,"E,F,G,L"
출발,인천,대한항공,KE831,심양,20250918,08:45,08:05,08:27,여객,출발,,B737-900,188,"A,B,C,D"
출발,인천,대한항공,KE865,광저우,20250918,08:50,08:50,09:21,여객,출발,,A330-300,272,"A,B,C,D"
출발,인천,대한항공,KE137,우한,20250918,08:50,08:50,09:10,여객,출발,,B737-900,188,"A,B,C,D"
출발,인천,대한항공,KE819,창사(장사),20250918,09:00,09:00,09:16,여객,출발,,B737-900,188,"A,B,C,D"
출발,인천,대한항공,KE469,떤 선녓(호찌민),20250918,09:05,09:05,09:36,여객,출발,,A330-300,272,"A,B,C,D"
출발,인천,진에어,LJ361,이시가키,20250918,09:05,09:05,09:28,여객,출발,,B737-800,189,"H,F,G,L"
출발,인천,대한항공,KE811,시안,20250918,09:10,09:10,09:34,여객,출발,,B737-900,188,"A,B,C,D"
출발,인천,대한항공,KE805,천진,20250918,09:10,09:10,09:40,여객,출발,,B737-900,188,"A,B,C,D"
출발,인천,에어부산,BX172,간사이,20250918,09:15,09:15,09:27,여객,출발,,A321,195,"E,F,G,L"
출발,인천,대한항공,KE035,애틀랜타,20250918,09:20,09:20,09:53,여객,출발,,B777-300ER,277,"A,B,C,D"
출발,인천,진에어,LJ913,괌,20250918,09:20,09:20,09:41,여객,출발,,B737-800,189,"H,F,G,L"
출발,인천,에어서울,RS701,도쿄/나리타,20250918,09:25,09:50,10:17,여객,지연,여객 및 화물처리에 의한 지연,A321,195,"E,F,G,L"
출발,인천,대한항공,KE031,댈러스,20250918,09:30,09:30,09:58,여객,출발,,B787-9,269,"A,B,C,D"
출발,인천,대한항공,KE091,보스턴,20250918,09:30,09:30,10:04,여객,출발,,B787-9,269,"A,B,C,D"
출발,인천,대한항공,KE777,구마모토,20250918,09:30,09:30,10:00,여객,출발,,B737-900,188,"A,B,C,D"
출발,인천,에어서울,RS745,요나고,20250918,09:30,09:30,09:47,여객,출발,,A321,195,"E,F,G,L"
출발,인천,대한항공,KE755,오키나와,20250918,09:30,10:50,11:19,여객,지연,항공기 정비에 의한 지연,B737-900,188,"A,B,C,D"
출발,인천,대한항공,KE657,수안나폼(방콕),20250918,09:30,09:30,10:09,여객,지연,운항 기준 및 승무원 관련 지연,A330-300,272,"A,B,C,D"
출발,인천,대한항공,KE073,토론토,20250918,09:35,09:35,10:22,여객,지연,여객 및 화물처리에 의한 지연,B777-300ER,277,"A,B,C,D"
출발,인천,대한항공,KE723,간사이,20250918,09:35,09:35,10:02,여객,출발,,A321neo,182,"A,B,C,D"
출발,인천,대한항공,KE763,니가타,20250918,09:40,09:40,10:07,여객,출발,,B737-900,188,"A,B,C,D"
출발,인천,대한항공,KE421,괌,20250918,09:45,09:45,10:15,여객,출발,,B737-900,188,"A,B,C,D"
출발,인천,진에어,LJ205,도쿄/나리타,20250918,09:45,09:45,10:20,여객,출발,,B737-800,189,"H,F,G,L"
출발,인천,대한항공,KE913,마드리드,20250918,09:55,09:55,10:14,여객,출발,,B787-9,269,"A,B,C,D"
출발,인천,진에어,LJ341,오키나와,20250918,09:55,09:55,10:19,여객,출발,,B737-800,189,"H,F,G,L"
출발,인천,대한항공,KE081,뉴욕,20250918,10:00,10:00,11:06,여객,지연,여객 및 화물처리에 의한 지연,A380-800,407,"A,B,C,D"
출발,인천,대한항공,KE765,삿포로,20250918,10:05,10:05,10:37,여객,출발,,B737-900,188,"A,B,C,D"
출발,인천,대한항공,KE703,도쿄/나리타,20250918,10:10,10:10,10:46,여객,출발,,A321neo,182,"A,B,C,D"
출발,인천,델타항공,DL158,디트로이트,20250918,10:15,10:15,10:34,여객,출발,,A350-900,306,"K,F,G,L"
출발,인천,대한항공,KE125,샤먼 가오치,20250918,10:20,10:20,10:40,여객,출발,,B737-900,188,"A,B,C,D"
출발,인천,대한항공,KE169,마카오,20250918,10:20,10:20,10:38,여객,출발,,A321neo,182,"A,B,C,D"
출발,인천,대한항공,KE093,워싱톤,20250918,10:25,10:25,11:00,여객,출발,,B777-300ER,277,"A,B,C,D"
출발,인천,대한항공,KE185,타오위안,20250918,10:30,10:30,10:48,여객,출발,,A321neo,182,"A,B,C,D"
출발,인천,대한항공,KE741,나고야,20250918,10:35,10:35,10:55,여객,출발,,A321neo,182,"A,B,C,D"
출발,인천,가루다인도네시아,GA879,자카르타(수카르노 하타),20250918,10:35,10:35,10:56,여객,출발,,A330-900neo,301,"J,F,G,L"
출발,인천,대한항공,KE037,시카고,20250918,10:40,10:40,11:17,여객,출발,,B777-300ER,277,"A,B,C,D"
출발,인천,대한항공,KE457,다낭,20250918,10:55,10:55,11:23,여객,출발,,B737-900,188,"A,B,C,D"
출발,인천,대한항공,KE907,런던히드로,20250918,10:55,10:55,11:12,여객,출발,,A380-800,407,"A,B,C,D"
출발,인천,대한항공,KE917,취리히,20250918,11:05,11:05,11:35,여객,출발,,B787-9,269,"A,B,C,D"
출발,인천,대한항공,KE791,후쿠오카,20250918,11:05,11:05,11:30,여객,출발,,B737-900,188,"A,B,C,D"
출발,인천,대한항공,KE897,푸동,20250918,11:10,11:10,11:49,여객,출발,,B777-300ER,277,"A,B,C,D"
출발,인천,대한항공,KE901,파리,20250918,11:10,11:10,11:50,여객,지연,항공교통흐름에 의한 지연,B777-300ER,277,"A,B,C,D"
출발,인천,에어부산,BX158,후쿠오카,20250918,11:25,11:25,12:04,여객,출발,,A321,195,"E,F,G,L"
출발,인천,가루다인도네시아,GA871,덴파사(응우라 라이),20250918,11:25,11:25,11:56,여객,출발,,A330-300,251,"J,F,G,L"
출발,인천,아에로멕시코,AM091,멕시코시티,20250918,11:40,11:40,12:21,여객,지연,항공기 연결에 의한 지연,B787-9,274,"H,F,G,L"
출발,인천,대한항공,KE925,암스테르담,20250918,11:55,11:55,12:35,여객,지연,항공교통흐름에 의한 지연,B777-300ER,277,"A,B,C,D"
출발,인천,중화항공,CI165,가오슝,20250918,12:05,12:05,12:19,여객,출발,,A321neo,180,"J,F,G,L"
출발,인천,진에어,LJ263,후쿠오카,20250918,12:10,12:10,12:29,여객,출발,,B737-800,189,"H,F,G,L"
출발,인천,에어서울,RS811,장가계,20250918,12:20,12:20,12:33,여객,출발,,A321,195,"E,F,G,L"
출발,인천,대한항공,KE769,삿포로,20250918,12:35,12:35,12:53,여객,출발,,B737-900,188,"A,B,C,D"
출발,인천,대한항공,KE803,천진,20250918,12:35,12:35,13:13,여객,지연,항공교통흐름에 의한 지연,B737-900,188,"A,B,C,D"
출발,인천,대한항공,KE963,부다페스트,20250918,12:35,12:35,13:23,여객,지연,여객 및 화물처리에 의한 지연,B787-9,269,"A,B,C,D"
출발,인천,중화항공,CI161,타오위안,20250918,12:35,12:35,12:51,여객,출발,,A330-300,277,"J,F,G,L"
출발,인천,에어부산,BX174,간사이,20250918,12:40,13:00,13:25,여객,지연,항공기 정비에 의한 지연,A321,195,"E,F,G,L"
출발,인천,대한항공,KE497,델리,20250918,12:55,12:55,13:33,여객,지연,항공교통흐름에 의한 지연,B787-9,269,"A,B,C,D"
출발,인천,대한항공,KE869,대련,20250918,13:00,13:00,13:43,여객,지연,항공교통흐름에 의한 지연,B737-900,188,"A,B,C,D"
출발,인천,대한항공,KE843,청도,20250918,13:05,13:05,13:47,여객,지연,항공교통흐름에 의한 지연,B737-900,188,"A,B,C,D"
출발,인천,에어서울,RS713,간사이,20250918,13:15,13:15,13:48,여객,출발,,A321,195,"E,F,G,L"
출발,인천,대한항공,KE175,홍콩,20250918,13:25,13:25,13:57,여객,지연,항공교통흐름에 의한 지연,A321neo,182,"A,B,C,D"
출발,인천,대한항공,KE135,허페이,20250918,13:25,13:25,13:59,여객,지연,항공교통흐름에 의한 지연,B737-900,188,"A,B,C,D"
출발,인천,대한항공,KE951,두바이,20250918,13:25,13:25,14:10,여객,지연,항공교통흐름에 의한 지연,B777-300ER,277,"A,B,C,D"
출발,인천,샤먼항공,MF872,샤먼 가오치,20250918,13:30,13:30,14:05,여객,출발,,B737-800,168,"J,F,G,L"
출발,인천,대한항공,KE789,후쿠오카,20250918,13:45,13:45,14:20,여객,지연,여객 및 화물처리에 의한 지연,B737-900,188,"A,B,C,D"
출발,인천,에어서울,RS723,후쿠오카,20250918,14:25,14:45,15:12,여객,지연,여객 및 화물처리에 의한 지연,A321,195,"E,F,G,L"
출발,인천,대한항공,KE017,로스앤젤레스,20250918,14:30,14:30,14:53,여객,출발,,B747-8i,368,"A,B,C,D"
출발,인천,대한항공,KE833,심양,20250918,14:35,14:35,14:55,여객,출발,,B737-900,188,"A,B,C,D"
출발,인천,대한항공,KE643,싱가포르,20250918,14:45,14:45,15:08,여객,출발,,A330-300,272,"A,B,C,D"
출발,인천,진에어,LJ209,도쿄/나리타,20250918,14:45,15:03,15:20,여객,지연,공항 및 출입국 절차에 의한 지연,B737-800,189,"H,F,G,L"
출발,인천,대한항공,KE725,간사이,20250918,14:55,14:55,15:27,여객,출발,,A321neo,182,"A,B,C,D"
출발,인천,대한항공,KE627,자카르타(수카르노 하타),20250918,15:10,15:10,16:10,여객,지연,항공기 정비에 의한 지연,A330-300,272,"A,B,C,D"
출발,인천,대한항공,KE189,타이중,20250918,15:15,15:15,15:41,여객,출발,,A321neo,182,"A,B,C,D"
출발,인천,에어서울,RS715,간사이,20250918,15:20,15:20,15:48,여객,출발,,A321,195,"E,F,G,L"
출발,인천,에어부산,BX176,간사이,20250918,15:25,15:25,16:12,여객,지연,항공교통흐름에 의한 지연,A321,195,"E,F,G,L"
출발,인천,대한항공,KE671,쿠알라룸푸르,20250918,15:40,15:40,16:00,여객,출발,,A330-300,272,"A,B,C,D"
출발,인천,대한항공,KE733,고베,20250918,15:50,15:50,16:29,여객,출발,,A321neo,182,"A,B,C,D"
출발,인천,에어부산,BX166,도쿄/나리타,20250918,15:50,15:50,16:21,여객,출발,,A321,195,"E,F,G,L"
출발,인천,진에어,LJ265,후쿠오카,20250918,15:50,15:50,16:14,여객,출발,,B737-800,189,"H,F,G,L"
출발,인천,대한항공,KE023,샌프란시스코,20250918,16:00,16:00,16:57,여객,지연,항공기 연결에 의한 지연,B777-300ER,277,"A,B,C,D"
출발,인천,진에어,LJ239,간사이,20250918,16:05,16:38,16:59,여객,지연,공항 및 출입국 절차에 의한 지연,B737-800,189,"H,F,G,L"
출발,인천,진에어,LJ347,나고야,20250918,16:05,16:05,16:38,여객,출발,,B737-800,189,"H,F,G,L"
출발,인천,대한항공,KE187,타오위안,20250918,16:10,16:10,16:47,여객,출발,,A321neo,182,"A,B,C,D"
출발,인천,대한항공,KE633,덴파사(응우라 라이),20250918,16:10,16:10,17:18,여객,지연,여객 및 화물처리에 의한 지연,A330-300,272,"A,B,C,D"
출발,인천,진에어,LJ351,기타규슈,20250918,16:15,16:33,16:55,여객,지연,공항 및 출입국 절차에 의한 지연,B737-800,189,"H,F,G,L"
출발,인천,델타항공,DL188,애틀랜타,20250918,16:25,16:40,17:03,여객,출발,,A350-900,306,"K,F,G,L"
출발,인천,대한항공,KE041,시애틀,20250918,16:40,16:40,17:24,여객,지연,항공기 연결에 의한 지연,A330-300,272,"A,B,C,D"
출발,인천,에어서울,RS703,도쿄/나리타,20250918,16:45,16:45,17:10,여객,출발,,A321,195,"E,F,G,L"
출발,인천,대한항공,KE713,도쿄/나리타,20250918,17:05,17:05,17:36,여객,출발,,A321neo,182,"A,B,C,D"
출발,인천,대한항공,KE1405,김해,20250918,17:10,17:10,17:32,여객,출발,,B737-900,188,
출발,인천,진에어,LJ009,치앙마이,20250918,17:10,17:36,17:53,여객,지연,항공기 연결에 의한 지연,B737-800,189,"H,F,G,L"
출발,인천,에어부산,BX747,수안나폼(방콕),20250918,17:15,17:15,17:42,여객,출발,,A321,195,"E,F,G,L"
출발,인천,대한항공,KE8425,괌,20250918,17:15,17:15,17:34,여객,출발,,B737-900,188,"A,B,C,D"
출발,인천,진에어,LJ919,괌,20250918,17:35,17:35,17:55,여객,출발,,B737-800,189,"H,F,G,L"
출발,인천,대한항공,KE629,덴파사(응우라 라이),20250918,17:45,18:25,18:45,여객,지연,항공기 연결에 의한 지연,A330-300,272,"A,B,C,D"
출발,인천,대한항공,KE663,푸껫,20250918,17:50,17:50,18:19,여객,출발,,B737-900,188,"A,B,C,D"
출발,인천,대한항공,KE651,수안나폼(방콕),20250918,18:05,18:05,18:38,여객,출발,,A330-300,272,"A,B,C,D"
출발,인천,대한항공,KE461,다낭,20250918,18:20,18:20,19:17,여객,지연,항공교통흐름에 의한 지연,B737-900,188,"A,B,C,D"
출발,인천,대한항공,KE667,치앙마이,20250918,18:25,18:25,18:53,여객,출발,,B737-900,188,"A,B,C,D"
출발,인천,대한항공,KE1407,김해,20250918,18:25,18:45,19:16,여객,지연,항공기 연결에 의한 지연,B737-900,188,
출발,인천,대한항공,KE705,도쿄/나리타,20250918,18:35,18:35,18:56,여객,출발,,A321neo,182,"A,B,C,D"
출발,인천,대한항공,KE781,후쿠오카,20250918,18:40,18:40,19:04,여객,출발,,B737-900,188,"A,B,C,D"
출발,인천,대한항공,KE645,싱가포르,20250918,18:40,18:40,19:09,여객,출발,,A330-300,272,"A,B,C,D"
출발,인천,델타항공,DL170,미니애폴리스,20250918,18:40,18:40,18:46,여객,출발,,A350-900,306,"K,F,G,L"
출발,인천,대한항공,KE423,괌,20250918,18:40,18:40,19:03,여객,출발,,B737-900,188,"A,B,C,D"
출발,인천,대한항공,KE071,밴쿠버,20250918,18:45,19:15,19:47,여객,지연,항공기 연결에 의한 지연,B787-9,269,"A,B,C,D"
출발,인천,대한항공,KE453,노이바이(하노이),20250918,18:45,19:25,20:09,여객,지연,항공기 연결에 의한 지연,B737-900,188,"A,B,C,D"
출발,인천,대한항공,KE475,떤 선녓(호찌민),20250918,18:45,19:05,19:38,여객,지연,항공교통흐름에 의한 지연,B737-900,188,"A,B,C,D"
출발,인천,대한항공,KE623,마닐라,20250918,18:50,19:30,20:06,여객,지연,항공교통흐름에 의한 지연,B737-900,188,"A,B,C,D"
출발,인천,대한항공,KE743,나고야,20250918,18:50,18:50,19:22,여객,지연,항공교통흐름에 의한 지연,A321neo,182,"A,B,C,D"
출발,인천,델타항공,DL26,애틀랜타,20250918,18:50,18:50,19:19,여객,출발,,A350-900,306,"K,F,G,L"
출발,인천,대한항공,KE689,프놈펜,20250918,18:50,18:50,19:43,여객,지연,항공교통흐름에 의한 지연,B737-900,188,"A,B,C,D"
출발,인천,대한항공,KE895,푸동,20250918,18:55,19:15,19:49,여객,지연,항공기 연결에 의한 지연,A330-300,272,"A,B,C,D"
출발,인천,대한항공,KE721,간사이,20250918,19:00,19:00,19:26,여객,출발,,A321neo,182,"A,B,C,D"
출발,인천,대한항공,KE401,시드니,20250918,19:10,19:10,19:32,여객,출발,,A380-800,407,"A,B,C,D"
출발,인천,진에어,LJ131,코타키나발루,20250918,19:10,19:10,19:35,여객,출발,,B737-800,189,"H,F,G,L"
출발,인천,델타항공,DL196,시애틀,20250918,19:20,19:20,19:36,여객,출발,,A330-900neo,281,"K,F,G,L"
출발,인천,에어서울,RS581,팡라로,20250918,19:25,19:25,20:02,여객,지연,기타 원인에 의한 지연,A321,195,"E,F,G,L"
출발,인천,대한항공,KE085,뉴욕,20250918,19:30,20:00,20:26,여객,지연,기타 원인에 의한 지연,B747-8i,368,"A,B,C,D"
출발,인천,대한항공,KE1431,대구,20250918,19:30,19:30,20:04,여객,출발,,B737-900,188,
출발,인천,대한항공,KE1409,김해,20250918,19:35,19:35,20:13,여객,지연,항공기 연결에 의한 지연,B737-900,188,
출발,인천,델타항공,DL172,솔트레이크시티,20250918,19:40,19:40,19:56,여객,출발,,A350-900,306,"K,F,G,L"
출발,인천,대한항공,KE177,홍콩,20250918,19:45,20:05,20:40,여객,지연,항공기 연결에 의한 지연,A321neo,182,"A,B,C,D"
출발,인천,대한항공,KE477,떤 선녓(호찌민),20250918,19:45,19:45,20:22,여객,출발,,B737-900,188,"A,B,C,D"
출발,인천,대한항공,KE659,수안나폼(방콕),20250918,19:45,19:45,21:17,여객,지연,항공교통흐름에 의한 지연,B737-900,188,"A,B,C,D"
출발,인천,에어서울,RS527,깜라인(나트랑),20250918,19:50,19:50,20:34,여객,지연,항공교통흐름에 의한 지연,A321,195,"E,F,G,L"
출발,인천,대한항공,KE467,깜라인(나트랑),20250918,20:00,20:00,20:28,여객,출발,,B737-900,188,"A,B,C,D"
출발,인천,대한항공,KE615,세부,20250918,20:05,20:05,20:42,여객,지연,기타 원인에 의한 지연,B737-900,188,"A,B,C,D"
출발,인천,대한항공,KE625,마닐라,20250918,20:15,20:35,20:54,여객,지연,기타 원인에 의한 지연,B737-900,188,"A,B,C,D"
출발,인천,대한항공,KE011,로스앤젤레스,20250918,20:25,20:25,20:56,여객,출발,,A380-800,407,"A,B,C,D"
출발,인천,진에어,LJ081,다낭,20250918,20:25,20:25,20:50,여객,출발,,B737-800,189,"H,F,G,L"
출발,인천,대한항공,KE719,하네다,20250918,20:30,20:30,21:01,여객,출발,,A321neo,182,"A,B,C,D"
출발,인천,중화항공,CI163,타오위안,20250918,20:35,20:35,21:09,여객,출발,,A330-300,277,"J,F,G,L"
출발,인천,샤먼항공,MF878,푸저우(복주),20250918,20:35,20:35,20:46,여객,출발,,B737-800,168,"J,F,G,L"
출발,인천,진에어,LJ087,깜라인(나트랑),20250918,20:40,20:57,21:21,여객,지연,항공교통흐름에 의한 지연,B737-800,189,"H,F,G,L"
출발,인천,대한항공,KE853,베이징,20250918,20:45,20:45,21:13,여객,출발,,A330-300,272,"A,B,C,D"
출발,인천,진에어,LJ917,괌,20250918,20:50,21:24,21:47,여객,지연,항공기 연결에 의한 지연,B737-800,189,"H,F,G,L"
출발,인천,에어서울,RS511,다낭,20250918,20:55,21:15,22:17,여객,지연,항공교통흐름에 의한 지연,A321,195,"E,F,G,L"
출발,인천,대한항공,KE005,라스베이거스,20250918,21:00,21:00,21:15,여객,출발,,B777-300ER,277,"A,B,C,D"
출발,인천,대한항공,KE053,호놀룰루,20250918,21:05,21:05,21:40,여객,지연,항공교통흐름에 의한 지연,A330-300,272,"A,B,C,D"
출발,인천,대한항공,KE655,수안나폼(방콕),20250918,21:15,21:15,22:00,여객,지연,항공교통흐름에 의한 지연,A330-300,272,"A,B,C,D"
출발,인천,에어부산,BX787,깜라인(나트랑),20250918,21:30,21:30,22:15,여객,지연,공항 및 출입국 절차에 의한 지연,A321,195,"E,F,G,L"
출발,인천,진에어,LJ885,엔스 쉬자핑,20250918,21:45,22:14,22:34,여객,지연,항공교통흐름에 의한 지연,B737-800,189,"H,F,G,L"
출발,인천,네덜란드항공,KL856,암스테르담,20250918,22:25,22:25,23:18,여객,지연,항공교통흐름에 의한 지연,B787-9,294,"M,F,G,L"
출발,인천,대한항공,KE619,마닐라,20250918,22:35,22:35,23:20,여객,지연,,A330-300,272,"A,B,C,D"
출발,인천,대한항공,KE647,싱가포르,20250918,23:35,23:35,23:54,여객,출발,,B777-300ER,277,"A,B,C,D"
출발,인천,대한항공,KE1401,김해,20250919,06:35,06:35,06:47,여객,출발,,B737-900,188,
출발,인천,에어서울,RS711,간사이,20250919,07:15,07:15,07:34,여객,출발,,A321,195,"E,F,G,L"
출발,인천,에어부산,BX164,도쿄/나리타,20250919,07:15,07:15,07:26,여객,출발,,A321,195,"E,F,G,L"
출발,인천,진에어,LJ261,후쿠오카,20250919,07:15,07:15,07:36,여객,출발,,B737-800,189,"H,F,G,L"
출발,인천,에어부산,BX156,후쿠오카,20250919,07:20,07:20,07:39,여객,출발,,A321,195,"E,F,G,L"
출발,인천,대한항공,KE787,후쿠오카,20250919,07:25,07:25,07:45,여객,출발,,B737-900,188,"A,B,C,D"
출발,인천,진에어,LJ201,도쿄/나리타,20250919,07:25,07:25,07:43,여객,출발,,B737-800,189,"H,F,G,L"
출발,인천,대한항공,KE771,오카야마,20250919,07:30,07:30,07:54,여객,출발,,B737-900,188,"A,B,C,D"
출발,인천,진에어,LJ345,나고야,20250919,07:30,07:30,08:01,여객,출발,,B737-800,189,"H,F,G,L"
출발,인천,진에어,LJ231,간사이,20250919,07:40,07:40,08:09,여객,출발,,B737-800,189,"H,F,G,L"
출발,인천,대한항공,KE173,홍콩,20250919,07:45,07:45,08:17,여객,출발,,A321neo,182,"A,B,C,D"
출발,인천,대한항공,KE621,마닐라,20250919,07:50,07:50,08:20,여객,출발,,B737-900,188,"A,B,C,D"
출발,인천,진에어,LJ731,타오위안,20250919,07:50,07:50,08:24,여객,출발,,B737-800,189,"H,F,G,L"
출발,인천,대한항공,KE845,청도,20250919,07:50,07:50,08:09,여객,출발,,B737-900,188,"A,B,C,D"
출발,인천,대한항공,KE131,정저우,20250919,08:00,08:00,08:15,여객,출발,,B737-900,188,"A,B,C,D"
출발,인천,대한항공,KE441,노이바이(하노이),20250919,08:00,08:00,08:31,여객,출발,,A330-300,272,"A,B,C,D"
출발,인천,대한항공,KE197,칭기즈칸(신 울란바토르) 국제공항,20250919,08:10,08:10,08:29,여객,출발,,B737-900,188,"A,B,C,D"
출발,인천,에어서울,RS705,도쿄/나리타,20250919,08:10,08:10,08:29,여객,출발,,A321,195,"E,F,G,L"
출발,인천,진에어,LJ241,간사이,20250919,08:10,08:10,08:26,여객,출발,,B737-800,189,"H,F,G,L"
출발,인천,대한항공,KE859,베이징,20250919,08:15,08:15,08:38,여객,출발,,B777-300ER,277,"A,B,C,D"
출발,인천,진에어,LJ203,도쿄/나리타,20250919,08:15,08:15,08:39,여객,출발,,B737-800,189,"H,F,G,L"
출발,인천,대한항공,KE1403,김해,20250919,08:20,08:40,09:00,여객,지연,항공기 연결에 의한 지연,B737-900,188,
출발,인천,진에어,LJ301,삿포로,20250919,08:20,08:20,08:35,여객,출발,,B737-800,189,"H,F,G,L"
출발,인천,대한항공,KE893,푸동,20250919,08:25,08:25,08:48,여객,출발,,A330-300,272,"A,B,C,D"
출발,인천,대한항공,KE731,고베,20250919,08:25,08:25,08:57,여객,출발,,A321neo,182,"A,B,C,D"
출발,인천,에어서울,RS727,후쿠오카,20250919,08:25,08:25,08:53,여객,출발,,A321,195,"E,F,G,L"
출발,인천,에어 프랑스,AF267,파리,20250919,08:30,08:30,08:54,여객,출발,,B777-300ER,296,"M,F,G,L"
출발,인천,대한항공,KE775,고마쓰,20250919,08:35,08:35,08:54,여객,출발,,B737-900,188,"A,B,C,D"
출발,인천,에어서울,RS741,다카마쓰,20250919,08:45,09:45,10:18,여객,지연,항공기 연결에 의한 지연,A321,195,"E,F,G,L"
출발,인천,대한항공,KE831,심양,20250919,08:45,08:05,08:22,여객,출발,,B737-900,188,"A,B,C,D"
출발,인천,대한항공,KE865,광저우,20250919,08:50,08:50,09:09,여객,출발,,A330-300,272,"A,B,C,D"
출발,인천,대한항공,KE137,우한,20250919,08:50,08:50,08:58,여객,출발,,B737-900,188,"A,B,C,D"
출발,인천,대한항공,KE819,창사(장사),20250919,09:00,09:00,09:11,여객,출발,,B737-900,188,"A,B,C,D"
출발,인천,대한항공,KE469,떤 선녓(호찌민),20250919,09:05,09:05,09:29,여객,출발,,A330-300,272,"A,B,C,D"
출발,인천,진에어,LJ361,이시가키,20250919,09:05,09:05,09:25,여객,출발,,B737-800,189,"H,F,G,L"
출발,인천,대한항공,KE811,시안,20250919,09:10,09:10,09:33,여객,출발,,B737-900,188,"A,B,C,D"
출발,인천,대한항공,KE805,천진,20250919,09:10,09:10,09:26,여객,출발,,B737-900,188,"A,B,C,D"
출발,인천,에어부산,BX172,간사이,20250919,09:15,09:15,09:28,여객,출발,,A321,195,"E,F,G,L"
출발,인천,대한항공,KE035,애틀랜타,20250919,09:20,09:20,09:45,여객,출발,,B777-300ER,277,"A,B,C,D"
출발,인천,대한항공,KE785,가고시마,20250919,09:20,09:20,09:47,여객,출발,,B737-900,188,"A,B,C,D"
출발,인천,진에어,LJ913,괌,20250919,09:20,09:20,09:43,여객,출발,,B737-800,189,"H,F,G,L"
출발,인천,에어서울,RS701,도쿄/나리타,20250919,09:25,09:25,09:56,여객,출발,,A321,195,"E,F,G,L"
출발,인천,대한항공,KE031,댈러스,20250919,09:30,09:30,10:14,여객,지연,항공기 연결에 의한 지연,B787-9,269,"A,B,C,D"
출발,인천,대한항공,KE091,보스턴,20250919,09:30,09:30,09:59,여객,출발,,B787-9,269,"A,B,C,D"
출발,인천,대한항공,KE755,오키나와,20250919,09:30,09:30,09:51,여객,출발,,B737-900,188,"A,B,C,D"
출발,인천,대한항공,KE657,수안나폼(방콕),20250919,09:30,09:55,10:42,여객,지연,항공기 연결에 의한 지연,A330-300,272,"A,B,C,D"
출발,인천,대한항공,KE073,토론토,20250919,09:35,09:35,10:06,여객,지연,기타 원인에 의한 지연,B777-300ER,277,"A,B,C,D"
출발,인천,대한항공,KE723,간사이,20250919,09:35,09:35,10:03,여객,출발,,A321neo,182,"A,B,C,D"
출발,인천,대한항공,KE421,괌,20250919,09:45,09:45,10:09,여객,출발,,B737-900,188,"A,B,C,D"
출발,인천,진에어,LJ205,도쿄/나리타,20250919,09:45,09:45,10:11,여객,출발,,B737-800,189,"H,F,G,L"
출발,인천,대한항공,KE913,마드리드,20250919,09:55,09:55,10:13,여객,출발,,B787-9,269,"A,B,C,D"
출발,인천,진에어,LJ341,오키나와,20250919,09:55,09:55,10:11,여객,출발,,B737-800,189,"H,F,G,L"
출발,인천,대한항공,KE081,뉴욕,20250919,10:00,10:00,10:34,여객,출발,,A380-800,407,"A,B,C,D"
출발,인천,대한항공,KE765,삿포로,20250919,10:05,10:05,10:40,여객,출발,,B737-900,188,"A,B,C,D"
출발,인천,대한항공,KE703,도쿄/나리타,20250919,10:10,10:10,10:37,여객,출발,,A321neo,182,"A,B,C,D"
출발,인천,델타항공,DL158,디트로이트,20250919,10:15,10:15,10:28,여객,출발,,A350-900,306,"K,F,G,L"
출발,인천,대한항공,KE125,샤먼 가오치,20250919,10:20,10:20,10:56,여객,출발,,B737-900,188,"A,B,C,D"
출발,인천,대한항공,KE169,마카오,20250919,10:20,10:20,11:02,여객,지연,여객 및 화물처리에 의한 지연,A321neo,182,"A,B,C,D"
출발,인천,대한항공,KE093,워싱톤,20250919,10:25,10:25,11:17,여객,지연,여객 및 화물처리에 의한 지연,B777-300ER,277,"A,B,C,D"
출발,인천,대한항공,KE101,남경,20250919,10:25,10:25,10:51,여객,출발,,A321neo,182,"A,B,C,D"
출발,인천,대한항공,KE937,비엔나,20250919,10:25,10:25,11:04,여객,지연,항공교통흐름에 의한 지연,B787-9,269,"A,B,C,D"
출발,인천,대한항공,KE185,타오위안,20250919,10:30,10:30,11:18,여객,지연,기타 원인에 의한 지연,A321neo,182,"A,B,C,D"
출발,인천,대한항공,KE741,나고야,20250919,10:35,10:35,11:28,여객,지연,여객 및 화물처리에 의한 지연,A321neo,182,"A,B,C,D"
출발,인천,가루다인도네시아,GA879,자카르타(수카르노 하타),20250919,10:35,10:35,10:52,여객,출발,,A330-900neo,301,"J,F,G,L"
출발,인천,대한항공,KE037,시카고,20250919,10:40,10:40,11:24,여객,지연,항공교통흐름에 의한 지연,B777-300ER,277,"A,B,C,D"
출발,인천,대한항공,KE855,베이징,20250919,10:40,10:40,11:25,여객,지연,항공교통흐름에 의한 지연,A330-300,272,"A,B,C,D"
출발,인천,대한항공,KE969,프라하,20250919,10:45,10:45,11:40,여객,지연,여객 및 화물처리에 의한 지연,B787-9,269,"A,B,C,D"
출발,인천,대한항공,KE457,다낭,20250919,10:55,10:55,11:22,여객,출발,,B737-900,188,"A,B,C,D"
출발,인천,대한항공,KE907,런던히드로,20250919,10:55,10:55,11:49,여객,지연,여객 및 화물처리에 의한 지연,A380-800,407,"A,B,C,D"
출발,인천,대한항공,KE945,프랑크푸르트,20250919,11:05,11:05,11:55,여객,지연,항공교통흐름에 의한 지연,A380-800,407,"A,B,C,D"
출발,인천,대한항공,KE791,후쿠오카,20250919,11:05,11:05,11:39,여객,지연,항공교통흐름에 의한 지연,B737-900,188,"A,B,C,D"
출발,인천,대한항공,KE897,푸동,20250919,11:10,11:10,12:04,여객,지연,항공교통흐름에 의한 지연,B777-300ER,277,"A,B,C,D"
출발,인천,대한항공,KE901,파리,20250919,11:10,11:10,12:06,여객,지연,항공교통흐름에 의한 지연,B777-300ER,277,"A,B,C,D"
출발,인천,에어부산,BX158,후쿠오카,20250919,11:25,11:25,12:00,여객,지연,공항 및 출입국 절차에 의한 지연,A321,195,"E,F,G,L"
출발,인천,가루다인도네시아,GA871,덴파사(응우라 라이),20250919,11:25,11:46,12:02,여객,지연,항공기 연결에 의한 지연,A330-300,251,"J,F,G,L"
출발,인천,아에로멕시코,AM091,멕시코시티,20250919,11:40,11:40,12:28,여객,출발,,B787-9,274,"H,F,G,L"
출발,인천,대한항공,KE925,암스테르담,20250919,11:55,11:55,12:41,여객,지연,여객 및 화물처리에 의한 지연,B777-300ER,277,"A,B,C,D"
출발,인천,대한항공,KE107,항저우,20250919,12:00,12:00,12:30,여객,출발,,A321neo,182,"A,B,C,D"
출발,인천,중화항공,CI165,가오슝,20250919,12:05,12:05,12:22,여객,출발,,A321neo,180,"J,F,G,L"
출발,인천,진에어,LJ263,후쿠오카,20250919,12:10,12:10,12:39,여객,출발,,B737-800,189,"H,F,G,L"
출발,인천,대한항공,KE769,삿포로,20250919,12:35,12:35,12:52,여객,출발,,B737-900,188,"A,B,C,D"
출발,인천,대한항공,KE803,천진,20250919,12:35,12:35,13:01,여객,출발,,B737-900,188,"A,B,C,D"
출발,인천,중화항공,CI161,타오위안,20250919,12:35,12:35,12:46,여객,출발,,A330-300,277,"J,F,G,L"
출발,인천,에어부산,BX174,간사이,20250919,12:40,12:40,13:04,여객,출발,,A321,195,"E,F,G,L"
출발,인천,대한항공,KE711,도쿄/나리타,20250919,13:00,13:00,13:17,여객,출발,,A321neo,182,"A,B,C,D"
출발,인천,대한항공,KE921,리스본,20250919,13:00,13:00,13:32,여객,출발,,B787-9,269,"A,B,C,D"
출발,인천,대한항공,KE869,대련,20250919,13:00,13:00,13:52,여객,지연,여객 및 화물처리에 의한 지연,B737-900,188,"A,B,C,D"
출발,인천,대한항공,KE843,청도,20250919,13:05,13:05,13:58,여객,지연,항공기 연결에 의한 지연,B737-900,188,"A,B,C,D"
출발,인천,에어서울,RS713,간사이,20250919,13:15,13:15,13:42,여객,출발,,A321,195,"E,F,G,L"
출발,인천,대한항공,KE175,홍콩,20250919,13:25,13:25,13:47,여객,출발,,A321neo,182,"A,B,C,D"
출발,인천,에어서울,RS745,요나고,20250919,13:25,13:25,13:50,여객,출발,,A321,195,"E,F,G,L"
출발,인천,대한항공,KE951,두바이,20250919,13:25,13:25,14:05,여객,지연,항공교통흐름에 의한 지연,B777-300ER,277,"A,B,C,D"
출발,인천,샤먼항공,MF872,샤먼 가오치,20250919,13:30,13:30,13:59,여객,출발,,B737-800,168,"J,F,G,L"
출발,인천,대한항공,KE695,카트만두,20250919,13:35,13:35,14:20,여객,지연,항공교통흐름에 의한 지연,A330-300,272,"A,B,C,D"
출발,인천,대한항공,KE927,밀라노,20250919,13:40,13:40,14:15,여객,출발,,B787-9,269,"A,B,C,D"
출발,인천,대한항공,KE955,이스탄불,20250919,13:40,13:40,14:09,여객,출발,,B777-300ER,277,"A,B,C,D"
출발,인천,대한항공,KE789,후쿠오카,20250919,13:45,13:45,14:25,여객,지연,항공교통흐름에 의한 지연,B737-900,188,"A,B,C,D"
출발,인천,진에어,LJ861,청도,20250919,13:50,13:50,14:32,여객,지연,,B737-800,189,"H,F,G,L"
출발,인천,에어서울,RS723,후쿠오카,20250919,14:25,14:55,15:30,여객,지연,항공기 연결에 의한 지연,A321,195,"E,F,G,L"
출발,인천,대한항공,KE017,로스앤젤레스,20250919,14:30,14:30,15:11,여객,지연,여객 및 화물처리에 의한 지연,B747-8i,368,"A,B,C,D"
출발,인천,진에어,LJ359,다카마쓰,20250919,14:30,14:30,15:02,여객,출발,,B737-800,189,"H,F,G,L"
출발,인천,대한항공,KE833,심양,20250919,14:35,14:35,15:14,여객,지연,항공교통흐름에 의한 지연,B737-900,188,"A,B,C,D"
출발,인천,진에어,LJ237,간사이,20250919,14:40,14:40,15:07,여객,출발,,B737-800,189,"H,F,G,L"
출발,인천,대한항공,KE643,싱가포르,20250919,14:45,14:45,15:26,여객,지연,항공교통흐름에 의한 지연,A330-300,272,"A,B,C,D"
출발,인천,진에어,LJ209,도쿄/나리타,20250919,14:45,14:45,15:22,여객,출발,,B737-800,189,"H,F,G,L"
출발,인천,대한항공,KE725,간사이,20250919,15:05,15:05,15:32,여객,출발,,A321neo,182,"A,B,C,D"
출발,인천,대한항공,KE627,자카르타(수카르노 하타),20250919,15:10,15:10,16:12,여객,지연,운항 기준 및 승무원 관련 지연,A330-300,272,"A,B,C,D"
출발,인천,대한항공,KE189,타이중,20250919,15:15,15:15,15:49,여객,지연,항공교통흐름에 의한 지연,A321neo,182,"A,B,C,D"
출발,인천,에어서울,RS715,간사이,20250919,15:20,15:20,16:01,여객,지연,공항 및 출입국 절차에 의한 지연,A321,195,"E,F,G,L"
출발,인천,에어부산,BX176,간사이,20250919,15:25,15:25,16:10,여객,지연,공항 및 출입국 절차에 의한 지연,A321,195,"E,F,G,L"
출발,인천,진에어,LJ211,도쿄/나리타,20250919,15:35,16:25,16:48,여객,지연,항공기 연결에 의한 지연,B737-800,189,"H,F,G,L"
출발,인천,대한항공,KE671,쿠알라룸푸르,20250919,15:40,15:40,16:06,여객,출발,,A330-300,272,"A,B,C,D"
출발,인천,대한항공,KE733,고베,20250919,15:50,15:50,16:18,여객,출발,,A321neo,182,"A,B,C,D"
출발,인천,에어부산,BX166,도쿄/나리타,20250919,15:50,15:50,16:24,여객,지연,공항 및 출입국 절차에 의한 지연,A321,195,"E,F,G,L"
출발,인천,대한항공,KE023,샌프란시스코,20250919,16:00,16:00,16:40,여객,지연,항공교통흐름에 의한 지연,B777-300ER,277,"A,B,C,D"
출발,인천,진에어,LJ265,후쿠오카,20250919,16:00,16:39,17:02,여객,지연,항공기 연결에 의한 지연,B737-800,189,"H,F,G,L"
출발,인천,진에어,LJ239,간사이,20250919,16:05,16:45,17:06,여객,지연,공항 및 출입국 절차에 의한 지연,B737-800,189,"H,F,G,L"
출발,인천,진에어,LJ347,나고야,20250919,16:05,16:32,16:56,여객,지연,공항 및 출입국 절차에 의한 지연,B737-800,189,"H,F,G,L"
출발,인천,대한항공,KE187,타오위안,20250919,16:10,16:10,16:50,여객,지연,항공교통흐름에 의한 지연,A321neo,182,"A,B,C,D"
출발,인천,대한항공,KE633,덴파사(응우라 라이),20250919,16:10,16:10,16:46,여객,지연,항공교통흐름에 의한 지연,A330-300,272,"A,B,C,D"
출발,인천,델타항공,DL188,애틀랜타,20250919,16:25,16:25,17:00,여객,출발,,A350-900,306,"K,F,G,L"
출발,인천,대한항공,KE041,시애틀,20250919,16:40,16:40,17:36,여객,지연,공항 및 출입국 절차에 의한 지연,A330-300,272,"A,B,C,D"
출발,인천,에어서울,RS703,도쿄/나리타,20250919,16:45,16:45,17:17,여객,출발,,A321,195,"E,F,G,L"
출발,인천,진에어,LJ271,후쿠오카,20250919,17:00,17:00,17:24,여객,출발,,B737-800,189,"H,F,G,L"
출발,인천,대한항공,KE713,도쿄/나리타,20250919,17:05,17:26,17:51,여객,지연,항공교통흐름에 의한 지연,A321neo,182,"A,B,C,D"
출발,인천,대한항공,KE1405,김해,20250919,17:10,17:10,17:34,여객,출발,,B737-900,188,
출발,인천,진에어,LJ009,치앙마이,20250919,17:10,17:10,17:47,여객,출발,,B737-800,189,"H,F,G,L"
출발,인천,에어부산,BX747,수안나폼(방콕),20250919,17:15,17:15,17:45,여객,출발,,A321,195,"E,F,G,L"
출발,인천,대한항공,KE8425,괌,20250919,17:15,17:15,17:31,여객,출발,,B737-900,188,"A,B,C,D"
출발,인천,진에어,LJ919,괌,20250919,17:35,17:35,18:06,여객,출발,,B737-800,189,"H,F,G,L"
출발,인천,대한항공,KE629,덴파사(응우라 라이),20250919,17:45,17:45,18:10,여객,출발,,A330-300,272,"A,B,C,D"
출발,인천,대한항공,KE663,푸껫,20250919,17:50,17:50,18:15,여객,출발,,B737-900,188,"A,B,C,D"
출발,인천,대한항공,KE411,오클랜드,20250919,18:00,18:25,19:12,여객,지연,항공기 연결에 의한 지연,B787-9,269,"A,B,C,D"
출발,인천,대한항공,KE651,수안나폼(방콕),20250919,18:05,18:05,18:46,여객,지연,운항 기준 및 승무원 관련 지연,A330-300,272,"A,B,C,D"
출발,인천,대한항공,KE461,다낭,20250919,18:20,18:35,19:02,여객,지연,항공기 연결에 의한 지연,B737-900,188,"A,B,C,D"
출발,인천,대한항공,KE667,치앙마이,20250919,18:25,18:25,18:50,여객,출발,,B737-900,188,"A,B,C,D"
출발,인천,대한항공,KE1407,김해,20250919,18:25,18:25,18:56,여객,출발,,B737-900,188,
출발,인천,대한항공,KE705,도쿄/나리타,20250919,18:35,18:35,19:10,여객,지연,운항 기준 및 승무원 관련 지연,A321neo,182,"A,B,C,D"
출발,인천,대한항공,KE871,대련,20250919,18:35,18:35,19:13,여객,지연,항공교통흐름에 의한 지연,B737-900,188,"A,B,C,D"
출발,인천,대한항공,KE161,쿤밍,20250919,18:40,18:40,19:01,여객,출발,,B737-900,188,"A,B,C,D"
출발,인천,대한항공,KE645,싱가포르,20250919,18:40,18:40,19:14,여객,출발,,A330-300,272,"A,B,C,D"
출발,인천,대한항공,KE781,후쿠오카,20250919,18:40,18:57,19:18,여객,지연,항공기 연결에 의한 지연,B737-900,188,"A,B,C,D"
출발,인천,델타항공,DL170,미니애폴리스,20250919,18:40,18:40,19:04,여객,출발,,A350-900,306,"K,F,G,L"
출발,인천,대한항공,KE423,괌,20250919,18:40,18:40,18:54,여객,출발,,B737-900,188,"A,B,C,D"
출발,인천,대한항공,KE071,밴쿠버,20250919,18:45,18:45,19:29,여객,지연,여객 및 화물처리에 의한 지연,B787-9,269,"A,B,C,D"
출발,인천,대한항공,KE453,노이바이(하노이),20250919,18:45,19:06,19:23,여객,지연,항공기 연결에 의한 지연,B737-900,188,"A,B,C,D"
출발,인천,대한항공,KE475,떤 선녓(호찌민),20250919,18:45,18:45,19:16,여객,출발,,B737-900,188,"A,B,C,D"
출발,인천,대한항공,KE623,마닐라,20250919,18:50,18:50,19:19,여객,출발,,B737-900,188,"A,B,C,D"
출발,인천,대한항공,KE743,나고야,20250919,18:50,18:50,19:25,여객,출발,,A321neo,182,"A,B,C,D"
출발,인천,델타항공,DL26,애틀랜타,20250919,18:50,18:50,19:22,여객,출발,,A350-900,306,"K,F,G,L"
출발,인천,대한항공,KE689,프놈펜,20250919,18:50,18:50,19:21,여객,출발,,B737-900,188,"A,B,C,D"
출발,인천,대한항공,KE895,푸동,20250919,18:55,19:25,19:45,여객,지연,항공기 연결에 의한 지연,A330-300,272,"A,B,C,D"
출발,인천,대한항공,KE721,간사이,20250919,19:00,19:17,19:39,여객,지연,항공기 정비에 의한 지연,A321neo,182,"A,B,C,D"
출발,인천,대한항공,KE401,시드니,20250919,19:10,19:10,19:44,여객,출발,,A380-800,407,"A,B,C,D"
출발,인천,델타항공,DL196,시애틀,20250919,19:20,19:20,19:41,여객,출발,,A330-900neo,281,"K,F,G,L"
출발,인천,에어서울,RS581,팡라로,20250919,19:25,19:40,20:07,여객,지연,공항 및 출입국 절차에 의한 지연,A321,195,"E,F,G,L"
출발,인천,대한항공,KE085,뉴욕,20250919,19:30,20:00,20:23,여객,지연,기타 원인에 의한 지연,B747-8i,368,"A,B,C,D"
출발,인천,대한항공,KE1431,대구,20250919,19:30,19:30,19:52,여객,출발,,B737-900,188,
출발,인천,대한항공,KE1409,김해,20250919,19:35,19:35,19:57,여객,출발,,B737-900,188,
출발,인천,델타항공,DL172,솔트레이크시티,20250919,19:40,23:23,23:43,여객,지연,항공기 연결에 의한 지연,A350-900,306,"K,F,G,L"
출발,인천,대한항공,KE177,홍콩,20250919,19:45,20:00,20:45,여객,지연,항공기 연결에 의한 지연,A321neo,182,"A,B,C,D"
출발,인천,대한항공,KE477,떤 선녓(호찌민),20250919,19:45,20:10,20:29,여객,지연,항공교통흐름에 의한 지연,B737-900,188,"A,B,C,D"
출발,인천,대한항공,KE659,수안나폼(방콕),20250919,19:45,19:45,20:17,여객,출발,,B737-900,188,"A,B,C,D"
출발,인천,에어서울,RS527,깜라인(나트랑),20250919,19:50,19:50,20:47,여객,지연,항공교통흐름에 의한 지연,A321,195,"E,F,G,L"
출발,인천,대한항공,KE853,베이징,20250919,20:00,20:00,20:31,여객,출발,,A330-300,272,"A,B,C,D"
출발,인천,대한항공,KE467,깜라인(나트랑),20250919,20:00,20:00,20:22,여객,출발,,B737-900,188,"A,B,C,D"
출발,인천,대한항공,KE615,세부,20250919,20:05,20:05,20:36,여객,출발,,B737-900,188,"A,B,C,D"
출발,인천,대한항공,KE407,브리즈번,20250919,20:05,20:05,20:37,여객,출발,,A330-300,272,"A,B,C,D"
출발,인천,대한항공,KE625,마닐라,20250919,20:15,20:35,21:09,여객,지연,항공기 연결에 의한 지연,B737-900,188,"A,B,C,D"
출발,인천,대한항공,KE011,로스앤젤레스,20250919,20:25,20:25,20:58,여객,출발,,A380-800,407,"A,B,C,D"
출발,인천,진에어,LJ081,다낭,20250919,20:25,20:44,21:02,여객,지연,항공교통흐름에 의한 지연,B737-800,189,"H,F,G,L"
출발,인천,대한항공,KE719,하네다,20250919,20:30,20:30,20:56,여객,출발,,A321neo,182,"A,B,C,D"
출발,인천,중화항공,CI163,타오위안,20250919,20:35,20:35,21:07,여객,출발,,A330-300,277,"J,F,G,L"
출발,인천,샤먼항공,MF878,푸저우(복주),20250919,20:35,20:35,20:51,여객,출발,,B737-800,168,"J,F,G,L"
출발,인천,진에어,LJ087,깜라인(나트랑),20250919,20:40,20:57,21:19,여객,지연,항공교통흐름에 의한 지연,B737-800,189,"H,F,G,L"
출발,인천,진에어,LJ917,괌,20250919,20:50,21:16,21:37,여객,지연,항공기 연결에 의한 지연,B737-800,189,"H,F,G,L"
출발,인천,에어서울,RS511,다낭,20250919,20:55,21:25,21:51,여객,지연,항공기 연결에 의한 지연,A321,195,"E,F,G,L"
출발,인천,대한항공,KE005,라스베이거스,20250919,21:00,21:00,21:31,여객,출발,,B777-300ER,277,"A,B,C,D"
출발,인천,대한항공,KE053,호놀룰루,20250919,21:05,21:05,21:26,여객,출발,,A330-300,272,"A,B,C,D"
출발,인천,대한항공,KE655,수안나폼(방콕),20250919,21:15,21:15,21:35,여객,출발,,A330-300,272,"A,B,C,D"
출발,인천,네덜란드항공,KL856,암스테르담,20250919,22:25,22:25,23:03,여객,지연,,B787-9,294,"M,F,G,L"
출발,인천,대한항공,KE619,마닐라,20250919,22:35,22:35,23:09,여객,출발,,A330-300,272,"A,B,C,D"
출발,인천,대한항공,KE075,밴쿠버,20250919,22:40,22:40,23:15,여객,출발,,B787-9,269,"A,B,C,D"
출발,인천,대한항공,KE647,싱가포르,20250920,00:05,23:35,00:04,여객,출발,,B777-300ER,277,"A,B,C,D"
출발,인천,스칸디나비아항공,SK988,코펜하겐,20250920,00:05,23:45,00:05,여객,출발,,A350-900,300,"K,F,G,L"
출발,인천,대한항공,KE1401,김해,20250920,06:35,06:35,06:47,여객,출발,,B737-900,188,
출발,인천,에어서울,RS711,간사이,20250920,07:15,07:15,08:07,여객,지연,여객 및 화물처리에 의한 지연,A321,195,"E,F,G,L"
출발,인천,에어부산,BX164,도쿄/나리타,20250920,07:15,07:15,07:44,여객,출발,,A321,195,"E,F,G,L"
출발,인천,진에어,LJ261,후쿠오카,20250920,07:15,07:15,07:31,여객,출발,,B737-800,189,"H,F,G,L"
출발,인천,에어부산,BX156,후쿠오카,20250920,07:20,07:20,07:46,여객,출발,,A321,195,"E,F,G,L"
출발,인천,에어서울,RS727,후쿠오카,20250920,07:20,07:20,08:05,여객,출발,,A321,195,"E,F,G,L"
출발,인천,대한항공,KE787,후쿠오카,20250920,07:25,07:25,08:01,여객,지연,여객 및 화물처리에 의한 지연,B737-900,188,"A,B,C,D"
출발,인천,진에어,LJ201,도쿄/나리타,20250920,07:25,08:25,09:01,여객,지연,항공기 정비에 의한 지연,B737-800,189,"H,F,G,L"
출발,인천,대한항공,KE795,나가사키,20250920,07:30,07:30,07:56,여객,출발,,B737-900,188,"A,B,C,D"
출발,인천,진에어,LJ345,나고야,20250920,07:30,07:59,08:26,여객,지연,공항 및 출입국 절차에 의한 지연,B737-800,189,"H,F,G,L"
출발,인천,진에어,LJ231,간사이,20250920,07:40,07:57,08:23,여객,지연,여객 및 화물처리에 의한 지연,B737-800,189,"H,F,G,L"
출발,인천,대한항공,KE173,홍콩,20250920,07:45,07:45,08:21,여객,출발,,A321neo,182,"A,B,C,D"
출발,인천,대한항공,KE621,마닐라,20250920,07:50,07:50,08:27,여객,출발,,B737-900,188,"A,B,C,D"
출발,인천,진에어,LJ731,타오위안,20250920,07:50,08:13,08:31,여객,지연,공항 및 출입국 절차에 의한 지연,B737-800,189,"H,F,G,L"
출발,인천,대한항공,KE845,청도,20250920,07:50,07:50,08:14,여객,출발,,B737-900,188,"A,B,C,D"
출발,인천,대한항공,KE131,정저우,20250920,08:00,08:45,09:09,여객,지연,공항 및 출입국 절차에 의한 지연,B737-900,188,"A,B,C,D"
출발,인천,대한항공,KE441,노이바이(하노이),20250920,08:00,08:00,08:16,여객,출발,,A330-300,272,"A,B,C,D"
출발,인천,대한항공,KE197,칭기즈칸(신 울란바토르) 국제공항,20250920,08:10,08:10,08:25,여객,출발,,B737-900,188,"A,B,C,D"
출발,인천,대한항공,KE767,아오모리,20250920,08:10,08:10,08:29,여객,출발,,B737-900,188,"A,B,C,D"
출발,인천,에어서울,RS705,도쿄/나리타,20250920,08:10,08:10,08:56,여객,지연,여객 및 화물처리에 의한 지연,A321,195,"E,F,G,L"
출발,인천,진에어,LJ357,시모지시마,20250920,08:10,08:10,08:35,여객,출발,,B737-800,189,"H,F,G,L"
출발,인천,진에어,LJ241,간사이,20250920,08:10,08:10,08:47,여객,출발,,B737-800,189,"H,F,G,L"
출발,인천,대한항공,KE859,베이징,20250920,08:15,08:15,08:45,여객,출발,,B777-300ER,277,"A,B,C,D"
출발,인천,진에어,LJ203,도쿄/나리타,20250920,08:15,08:15,08:59,여객,출발,,B737-800,189,"H,F,G,L"
출발,인천,대한항공,KE127,푸저우(복주),20250920,08:20,08:20,08:55,여객,출발,,B737-900,188,"A,B,C,D"
출발,인천,대한항공,KE1403,김해,20250920,08:20,08:20,08:52,여객,출발,,B737-900,188,
출발,인천,진에어,LJ301,삿포로,20250920,08:20,08:20,08:41,여객,출발,,B737-800,189,"H,F,G,L"
출발,인천,대한항공,KE893,푸동,20250920,08:25,08:25,08:47,여객,출발,,A330-300,272,"A,B,C,D"
출발,인천,대한항공,KE731,고베,20250920,08:25,08:25,08:53,여객,출발,,A321neo,182,"A,B,C,D"
출발,인천,에어 프랑스,AF267,파리,20250920,08:30,08:55,09:20,여객,지연,항공기 연결에 의한 지연,B777-300ER,296,"M,F,G,L"
출발,인천,대한항공,KE827,선전(심천),20250920,08:40,08:40,09:07,여객,출발,,B737-900,188,"A,B,C,D"
출발,인천,에어서울,RS741,다카마쓰,20250920,08:45,08:45,09:22,여객,지연,항공기 연결에 의한 지연,A321,195,"E,F,G,L"
출발,인천,대한항공,KE831,심양,20250920,08:45,08:05,08:29,여객,출발,,B737-900,188,"A,B,C,D"
출발,인천,대한항공,KE865,광저우,20250920,08:50,09:10,09:25,여객,출발,,A330-300,272,"A,B,C,D"
출발,인천,대한항공,KE469,떤 선녓(호찌민),20250920,09:05,09:05,09:38,여객,출발,,A330-300,272,"A,B,C,D"
출발,인천,대한항공,KE811,시안,20250920,09:10,09:10,09:45,여객,지연,여객 및 화물처리에 의한 지연,B737-900,188,"A,B,C,D"
출발,인천,대한항공,KE805,천진,20250920,09:10,09:10,09:27,여객,출발,,B737-900,188,"A,B,C,D"
출발,인천,에어부산,BX172,간사이,20250920,09:15,09:15,09:34,여객,출발,,A321,195,"E,F,G,L"
출발,인천,대한항공,KE035,애틀랜타,20250920,09:20,09:20,09:42,여객,출발,,B777-300ER,277,"A,B,C,D"
출발,인천,대한항공,KE785,가고시마,20250920,09:20,09:20,09:44,여객,출발,,B737-900,188,"A,B,C,D"
출발,인천,진에어,LJ913,괌,20250920,09:20,09:20,09:50,여객,출발,,B737-800,189,"H,F,G,L"
출발,인천,에어서울,RS701,도쿄/나리타,20250920,09:25,09:25,09:40,여객,출발,,A321,195,"E,F,G,L"
출발,인천,대한항공,KE031,댈러스,20250920,09:30,09:30,09:59,여객,출발,,B787-9,269,"A,B,C,D"
출발,인천,대한항공,KE091,보스턴,20250920,09:30,09:30,09:52,여객,출발,,B787-9,269,"A,B,C,D"
출발,인천,대한항공,KE755,오키나와,20250920,09:30,09:45,10:06,여객,지연,공항 및 출입국 절차에 의한 지연,B737-900,188,"A,B,C,D"
출발,인천,대한항공,KE657,수안나폼(방콕),20250920,09:30,09:30,09:46,여객,출발,,A330-300,272,"A,B,C,D"
출발,인천,대한항공,KE073,토론토,20250920,09:35,09:35,10:05,여객,출발,,B777-300ER,277,"A,B,C,D"
출발,인천,대한항공,KE723,간사이,20250920,09:35,09:35,09:55,여객,출발,,A321neo,182,"A,B,C,D"
출발,인천,대한항공,KE763,니가타,20250920,09:40,09:40,10:08,여객,출발,,B737-900,188,"A,B,C,D"
출발,인천,대한항공,KE421,괌,20250920,09:45,09:45,10:21,여객,출발,,B737-900,188,"A,B,C,D"
출발,인천,진에어,LJ205,도쿄/나리타,20250920,09:45,09:45,10:13,여객,출발,,B737-800,189,"H,F,G,L"
출발,인천,진에어,LJ341,오키나와,20250920,09:55,09:55,10:15,여객,출발,,B737-800,189,"H,F,G,L"
출발,인천,대한항공,KE081,뉴욕,20250920,10:00,10:00,10:30,여객,출발,,A380-800,407,"A,B,C,D"
출발,인천,대한항공,KE765,삿포로,20250920,10:05,10:05,10:19,여객,출발,,B737-900,188,"A,B,C,D"
출발,인천,대한항공,KE703,도쿄/나리타,20250920,10:10,10:10,10:37,여객,출발,,A321neo,182,"A,B,C,D"
출발,인천,델타항공,DL158,디트로이트,20250920,10:15,10:15,10:22,여객,출발,,A350-900,306,"K,F,G,L"
출발,인천,대한항공,KE125,샤먼 가오치,20250920,10:20,10:20,10:44,여객,출발,,B737-900,188,"A,B,C,D"
출발,인천,대한항공,KE169,마카오,20250920,10:20,10:20,10:46,여객,출발,,A321neo,182,"A,B,C,D"
출발,인천,대한항공,KE093,워싱톤,20250920,10:25,10:25,10:40,여객,출발,,B777-300ER,277,"A,B,C,D"
출발,인천,대한항공,KE185,타오위안,20250920,10:30,10:30,11:01,여객,출발,,A321neo,182,"A,B,C,D"
출발,인천,대한항공,KE741,나고야,20250920,10:35,10:35,10:54,여객,출발,,A321neo,182,"A,B,C,D"
출발,인천,가루다인도네시아,GA879,자카르타(수카르노 하타),20250920,10:35,10:54,11:15,여객,지연,항공기 연결에 의한 지연,A330-900neo,301,"J,F,G,L"
출발,인천,대한항공,KE037,시카고,20250920,10:40,10:40,11:13,여객,출발,,B777-300ER,277,"A,B,C,D"
출발,인천,대한항공,KE969,프라하,20250920,10:45,10:45,11:11,여객,출발,,B787-9,269,"A,B,C,D"
출발,인천,대한항공,KE457,다낭,20250920,10:55,10:55,11:19,여객,출발,,B737-900,188,"A,B,C,D"
출발,인천,대한항공,KE907,런던히드로,20250920,10:55,10:55,11:24,여객,출발,,A380-800,407,"A,B,C,D"
출발,인천,대한항공,KE917,취리히,20250920,11:05,11:05,11:37,여객,출발,,B787-9,269,"A,B,C,D"
출발,인천,대한항공,KE791,후쿠오카,20250920,11:05,11:05,11:55,여객,지연,항공교통흐름에 의한 지연,B737-900,188,"A,B,C,D"
출발,인천,대한항공,KE897,푸동,20250920,11:10,11:10,11:54,여객,지연,항공교통흐름에 의한 지연,B777-300ER,277,"A,B,C,D"
출발,인천,대한항공,KE901,파리,20250920,11:10,11:10,11:52,여객,지연,항공교통흐름에 의한 지연,B777-300ER,277,"A,B,C,D"
출발,인천,에어부산,BX158,후쿠오카,20250920,11:25,11:25,12:01,여객,지연,공항 및 출입국 절차에 의한 지연,A321,195,"E,F,G,L"
출발,인천,가루다인도네시아,GA871,덴파사(응우라 라이),20250920,11:25,11:47,12:07,여객,지연,항공기 연결에 의한 지연,A330-300,251,"J,F,G,L"
출발,인천,아에로멕시코,AM091,멕시코시티,20250920,11:40,11:40,12:31,여객,지연,기상에 의한 지연,B787-9,274,"H,F,G,L"
출발,인천,대한항공,KE925,암스테르담,20250920,11:55,11:55,12:22,여객,출발,,B777-300ER,277,"A,B,C,D"
출발,인천,중화항공,CI165,가오슝,20250920,12:05,12:05,12:34,여객,출발,,A321neo,180,"J,F,G,L"
출발,인천,진에어,LJ263,후쿠오카,20250920,12:10,12:10,12:44,여객,출발,,B737-800,189,"H,F,G,L"
출발,인천,에어서울,RS811,장가계,20250920,12:20,12:20,12:45,여객,출발,,A321,195,"E,F,G,L"
출발,인천,대한항공,KE769,삿포로,20250920,12:35,12:35,12:50,여객,출발,,B737-900,188,"A,B,C,D"
출발,인천,대한항공,KE803,천진,20250920,12:35,12:35,12:54,여객,출발,,B737-900,188,"A,B,C,D"
출발,인천,대한항공,KE963,부다페스트,20250920,12:35,12:35,12:58,여객,출발,,B787-9,269,"A,B,C,D"
출발,인천,중화항공,CI161,타오위안,20250920,12:35,12:35,12:48,여객,출발,,A330-300,277,"J,F,G,L"
출발,인천,에어부산,BX174,간사이,20250920,12:40,12:40,13:03,여객,출발,,A321,195,"E,F,G,L"
출발,인천,대한항공,KE869,대련,20250920,13:00,13:00,13:29,여객,출발,,B737-900,188,"A,B,C,D"
출발,인천,대한항공,KE843,청도,20250920,13:05,13:05,13:33,여객,출발,,B737-900,188,"A,B,C,D"
출발,인천,에어서울,RS713,간사이,20250920,13:15,13:15,13:42,여객,출발,,A321,195,"E,F,G,L"
출발,인천,대한항공,KE931,로마,20250920,13:20,13:20,13:53,여객,출발,,B777-300ER,277,"A,B,C,D"
출발,인천,대한항공,KE175,홍콩,20250920,13:25,13:25,14:03,여객,지연,항공교통흐름에 의한 지연,A321neo,182,"A,B,C,D"
출발,인천,대한항공,KE135,허페이,20250920,13:25,13:25,13:59,여객,출발,,B737-900,188,"A,B,C,D"
출발,인천,대한항공,KE951,두바이,20250920,13:25,13:25,13:51,여객,출발,,B777-300ER,277,"A,B,C,D"
출발,인천,샤먼항공,MF872,샤먼 가오치,20250920,13:30,13:30,13:45,여객,출발,,B737-800,168,"J,F,G,L"
출발,인천,대한항공,KE955,이스탄불,20250920,13:40,13:40,13:57,여객,출발,,B777-300ER,277,"A,B,C,D"
출발,인천,대한항공,KE789,후쿠오카,20250920,13:45,13:45,14:06,여객,출발,,B737-900,188,"A,B,C,D"
출발,인천,진에어,LJ861,청도,20250920,13:50,13:50,14:19,여객,출발,,B737-800,189,"H,F,G,L"
출발,인천,에어서울,RS723,후쿠오카,20250920,14:25,14:25,14:45,여객,출발,,A321,195,"E,F,G,L"
출발,인천,대한항공,KE017,로스앤젤레스,20250920,14:30,14:30,14:52,여객,출발,,B747-8i,368,"A,B,C,D"
출발,인천,대한항공,KE833,심양,20250920,14:35,14:35,14:56,여객,출발,,B737-900,188,"A,B,C,D"
출발,인천,진에어,LJ237,간사이,20250920,14:40,14:40,15:02,여객,출발,,B737-800,189,"H,F,G,L"
출발,인천,대한항공,KE643,싱가포르,20250920,14:45,14:45,15:16,여객,출발,,A330-300,272,"A,B,C,D"
출발,인천,진에어,LJ209,도쿄/나리타,20250920,14:45,14:45,15:06,여객,출발,,B737-800,189,"H,F,G,L"
출발,인천,대한항공,KE725,간사이,20250920,15:05,15:05,15:47,여객,지연,여객 및 화물처리에 의한 지연,A321neo,182,"A,B,C,D"
출발,인천,대한항공,KE627,자카르타(수카르노 하타),20250920,15:10,15:10,15:33,여객,출발,,A330-300,272,"A,B,C,D"
출발,인천,대한항공,KE189,타이중,20250920,15:15,15:15,15:44,여객,출발,,A321neo,182,"A,B,C,D"
출발,인천,에어서울,RS715,간사이,20250920,15:20,15:20,16:12,여객,지연,항공교통흐름에 의한 지연,A321,195,"E,F,G,L"
출발,인천,에어부산,BX176,간사이,20250920,15:25,16:24,16:52,여객,지연,항공교통흐름에 의한 지연,A321,195,"E,F,G,L"
출발,인천,진에어,LJ211,도쿄/나리타,20250920,15:35,15:35,16:10,여객,출발,,B737-800,189,"H,F,G,L"
출발,인천,대한항공,KE671,쿠알라룸푸르,20250920,15:40,15:40,16:03,여객,출발,,A330-300,272,"A,B,C,D"
출발,인천,대한항공,KE733,고베,20250920,15:50,15:50,16:07,여객,출발,,A321neo,182,"A,B,C,D"
출발,인천,에어부산,BX166,도쿄/나리타,20250920,15:50,15:50,16:19,여객,출발,,A321,195,"E,F,G,L"
출발,인천,대한항공,KE023,샌프란시스코,20250920,16:00,16:00,16:39,여객,지연,여객 및 화물처리에 의한 지연,B777-300ER,277,"A,B,C,D"
출발,인천,진에어,LJ265,후쿠오카,20250920,16:00,16:00,16:21,여객,출발,,B737-800,189,"H,F,G,L"
출발,인천,진에어,LJ239,간사이,20250920,16:05,17:00,17:25,여객,지연,공항 및 출입국 절차에 의한 지연,B737-800,189,"H,F,G,L"
출발,인천,진에어,LJ347,나고야,20250920,16:05,16:05,16:30,여객,출발,,B737-800,189,"H,F,G,L"
출발,인천,대한항공,KE187,타오위안,20250920,16:10,16:10,16:48,여객,지연,여객 및 화물처리에 의한 지연,A321neo,182,"A,B,C,D"
출발,인천,대한항공,KE633,덴파사(응우라 라이),20250920,16:10,16:10,16:31,여객,출발,,A330-300,272,"A,B,C,D"
출발,인천,델타항공,DL188,애틀랜타,20250920,16:25,16:47,17:12,여객,지연,항공기 정비에 의한 지연,A350-900,306,"K,F,G,L"
출발,인천,대한항공,KE041,시애틀,20250920,16:40,16:40,17:58,여객,지연,공항 및 출입국 절차에 의한 지연,A330-300,272,"A,B,C,D"
출발,인천,에어서울,RS703,도쿄/나리타,20250920,16:45,16:45,17:20,여객,출발,,A321,195,"E,F,G,L"
출발,인천,진에어,LJ271,후쿠오카,20250920,17:00,17:00,17:33,여객,출발,,B737-800,189,"H,F,G,L"
출발,인천,대한항공,KE713,도쿄/나리타,20250920,17:05,17:05,17:35,여객,출발,,A321neo,182,"A,B,C,D"
출발,인천,대한항공,KE1405,김해,20250920,17:10,17:10,17:49,여객,지연,항공교통흐름에 의한 지연,B737-900,188,
출발,인천,진에어,LJ009,치앙마이,20250920,17:10,17:10,17:45,여객,출발,,B737-800,189,"H,F,G,L"
출발,인천,대한항공,KE485,푸꾸옥,20250920,17:10,17:10,17:41,여객,출발,,B737-900,188,"A,B,C,D"
출발,인천,에어부산,BX747,수안나폼(방콕),20250920,17:15,17:15,17:47,여객,출발,,A321,195,"E,F,G,L"
출발,인천,대한항공,KE8425,괌,20250920,17:15,17:15,17:36,여객,출발,,B737-900,188,"A,B,C,D"
출발,인천,진에어,LJ919,괌,20250920,17:35,17:35,18:01,여객,출발,,B737-800,189,"H,F,G,L"
출발,인천,대한항공,KE629,덴파사(응우라 라이),20250920,17:45,17:45,18:08,여객,출발,,A330-300,272,"A,B,C,D"
출발,인천,대한항공,KE663,푸껫,20250920,17:50,17:50,18:33,여객,출발,,B737-900,188,"A,B,C,D"
출발,인천,대한항공,KE651,수안나폼(방콕),20250920,18:05,18:30,19:00,여객,지연,항공기 정비에 의한 지연,A330-300,272,"A,B,C,D"
출발,인천,대한항공,KE461,다낭,20250920,18:20,18:20,18:42,여객,출발,,B737-900,188,"A,B,C,D"
출발,인천,대한항공,KE667,치앙마이,20250920,18:25,18:25,18:48,여객,출발,,B737-900,188,"A,B,C,D"
출발,인천,대한항공,KE1407,김해,20250920,18:25,18:25,18:49,여객,출발,,B737-900,188,
출발,인천,대한항공,KE705,도쿄/나리타,20250920,18:35,18:35,19:02,여객,출발,,A321neo,182,"A,B,C,D"
출발,인천,대한항공,KE781,후쿠오카,20250920,18:40,18:40,19:03,여객,출발,,B737-900,188,"A,B,C,D"
출발,인천,대한항공,KE645,싱가포르,20250920,18:40,18:40,19:17,여객,출발,,A330-300,272,"A,B,C,D"
출발,인천,델타항공,DL170,미니애폴리스,20250920,18:40,18:40,18:58,여객,출발,,A350-900,306,"K,F,G,L"
출발,인천,대한항공,KE423,괌,20250920,18:40,18:40,19:00,여객,출발,,B737-900,188,"A,B,C,D"
출발,인천,대한항공,KE071,밴쿠버,20250920,18:45,18:45,19:10,여객,출발,,B787-9,269,"A,B,C,D"
출발,인천,대한항공,KE453,노이바이(하노이),20250920,18:45,18:45,19:07,여객,출발,,B737-900,188,"A,B,C,D"
출발,인천,대한항공,KE475,떤 선녓(호찌민),20250920,18:45,18:45,19:18,여객,출발,,B737-900,188,"A,B,C,D"
출발,인천,대한항공,KE623,마닐라,20250920,18:50,18:50,19:21,여객,출발,,B737-900,188,"A,B,C,D"
출발,인천,대한항공,KE743,나고야,20250920,18:50,18:50,19:13,여객,출발,,A321neo,182,"A,B,C,D"
출발,인천,델타항공,DL26,애틀랜타,20250920,18:50,18:50,19:18,여객,출발,,A350-900,306,"K,F,G,L"
출발,인천,대한항공,KE689,프놈펜,20250920,18:50,18:50,19:10,여객,출발,,B737-900,188,"A,B,C,D"
출발,인천,대한항공,KE895,푸동,20250920,18:55,18:55,19:14,여객,출발,,A330-300,272,"A,B,C,D"
출발,인천,대한항공,KE721,간사이,20250920,19:00,19:00,19:25,여객,출발,,A321neo,182,"A,B,C,D"
출발,인천,대한항공,KE401,시드니,20250920,19:10,19:10,19:36,여객,출발,,A380-800,407,"A,B,C,D"
출발,인천,진에어,LJ131,코타키나발루,20250920,19:10,19:10,19:37,여객,출발,,B737-800,189,"H,F,G,L"
출발,인천,델타항공,DL196,시애틀,20250920,19:20,22:24,22:41,여객,지연,항공기 연결에 의한 지연,A330-900neo,281,"K,F,G,L"
출발,인천,대한항공,KE163,장가계,20250920,19:25,19:25,19:41,여객,출발,,B737-900,188,"A,B,C,D"
출발,인천,에어서울,RS581,팡라로,20250920,19:25,19:25,19:48,여객,출발,,A321,195,"E,F,G,L"
출발,인천,대한항공,KE085,뉴욕,20250920,19:30,19:45,20:14,여객,지연,기타 원인에 의한 지연,B747-8i,368,"A,B,C,D"
출발,인천,대한항공,KE195,칭기즈칸(신 울란바토르) 국제공항,20250920,19:30,19:30,20:00,여객,출발,,B737-900,188,"A,B,C,D"
출발,인천,대한항공,KE1431,대구,20250920,19:30,19:30,19:42,여객,출발,,B737-900,188,
출발,인천,대한항공,KE1409,김해,20250920,19:35,19:35,20:08,여객,출발,,B737-900,188,
출발,인천,델타항공,DL172,솔트레이크시티,20250920,19:40,19:40,19:46,여객,출발,,A350-900,306,"K,F,G,L"
출발,인천,대한항공,KE177,홍콩,20250920,19:45,19:45,20:16,여객,출발,,A321neo,182,"A,B,C,D"
출발,인천,대한항공,KE477,떤 선녓(호찌민),20250920,19:45,19:45,20:11,여객,출발,,B737-900,188,"A,B,C,D"
출발,인천,대한항공,KE659,수안나폼(방콕),20250920,19:45,19:45,20:03,여객,출발,,B737-900,188,"A,B,C,D"
출발,인천,에어서울,RS527,깜라인(나트랑),20250920,19:50,19:50,20:49,여객,지연,항공교통흐름에 의한 지연,A321,195,"E,F,G,L"
출발,인천,대한항공,KE853,베이징,20250920,20:00,20:00,20:24,여객,출발,,A330-300,272,"A,B,C,D"
출발,인천,대한항공,KE467,깜라인(나트랑),20250920,20:00,20:00,20:32,여객,출발,,B737-900,188,"A,B,C,D"
출발,인천,대한항공,KE615,세부,20250920,20:05,20:05,20:26,여객,출발,,B737-900,188,"A,B,C,D"
출발,인천,대한항공,KE407,브리즈번,20250920,20:05,20:05,20:36,여객,출발,,A330-300,272,"A,B,C,D"
출발,인천,대한항공,KE625,마닐라,20250920,20:15,20:15,20:42,여객,출발,,B737-900,188,"A,B,C,D"
출발,인천,대한항공,KE011,로스앤젤레스,20250920,20:25,20:50,21:12,여객,지연,여객 및 화물처리에 의한 지연,A380-800,407,"A,B,C,D"
출발,인천,진에어,LJ081,다낭,20250920,20:25,20:25,20:51,여객,출발,,B737-800,189,"H,F,G,L"
출발,인천,대한항공,KE719,하네다,20250920,20:30,20:30,20:46,여객,출발,,A321neo,182,"A,B,C,D"
출발,인천,중화항공,CI163,타오위안,20250920,20:35,20:35,20:53,여객,출발,,A330-300,277,"J,F,G,L"
출발,인천,샤먼항공,MF878,푸저우(복주),20250920,20:35,20:35,20:34,여객,출발,,B737-800,168,"J,F,G,L"
출발,인천,진에어,LJ087,깜라인(나트랑),20250920,20:40,20:59,21:25,여객,지연,항공기 연결에 의한 지연,B737-800,189,"H,F,G,L"
출발,인천,진에어,LJ917,괌,20250920,20:50,21:29,21:54,여객,지연,항공기 연결에 의한 지연,B737-800,189,"H,F,G,L"
출발,인천,에어서울,RS511,다낭,20250920,20:55,21:15,22:11,여객,지연,항공기 연결에 의한 지연,A321,195,"E,F,G,L"
출발,인천,대한항공,KE005,라스베이거스,20250920,21:00,21:00,21:23,여객,출발,,B777-300ER,277,"A,B,C,D"
출발,인천,대한항공,KE053,호놀룰루,20250920,21:05,21:05,21:32,여객,출발,,A330-300,272,"A,B,C,D"
출발,인천,대한항공,KE655,수안나폼(방콕),20250920,21:15,21:15,21:31,여객,출발,,A330-300,272,"A,B,C,D"
출발,인천,에어부산,BX787,깜라인(나트랑),20250920,21:30,21:30,22:08,여객,출발,,A321,195,"E,F,G,L"
출발,인천,네덜란드항공,KL856,암스테르담,20250920,22:25,22:25,22:40,여객,출발,,B787-9,294,"M,F,G,L"
출발,인천,대한항공,KE619,마닐라,20250920,22:35,22:35,22:49,여객,출발,,A330-300,272,"A,B,C,D"
출발,인천,대한항공,KE075,밴쿠버,20250920,22:40,22:40,22:53,여객,출발,,B787-9,269,"A,B,C,D"
출발,인천,대한항공,KE647,싱가포르,20250920,23:35,23:35,23:57,여객,출발,,B777-300ER,277,"A,B,C,D"
출발,인천,스칸디나비아항공,SK988,코펜하겐,20250920,23:45,23:45,23:54,여객,출발,,A350-900,300,"K,F,G,L"
출발,인천,대한항공,KE1401,김해,20250921,06:35,06:35,06:47,여객,출발,,B737-900,188,
출발,인천,에어서울,RS711,간사이,20250921,07:15,07:15,07:46,여객,출발,,A321,195,"E,F,G,L"
출발,인천,에어부산,BX164,도쿄/나리타,20250921,07:15,07:15,07:31,여객,출발,,A321,195,"E,F,G,L"
출발,인천,진에어,LJ261,후쿠오카,20250921,07:15,07:15,07:33,여객,출발,,B737-800,189,"H,F,G,L"
출발,인천,에어부산,BX156,후쿠오카,20250921,07:20,07:20,07:38,여객,출발,,A321,195,"E,F,G,L"
출발,인천,대한항공,KE787,후쿠오카,20250921,07:25,07:25,07:42,여객,출발,,B737-900,188,"A,B,C,D"
출발,인천,진에어,LJ201,도쿄/나리타,20250921,07:25,07:25,07:50,여객,출발,,B737-800,189,"H,F,G,L"
출발,인천,대한항공,KE771,오카야마,20250921,07:30,07:30,08:01,여객,출발,,B737-900,188,"A,B,C,D"
출발,인천,진에어,LJ345,나고야,20250921,07:30,07:30,08:04,여객,출발,,B737-800,189,"H,F,G,L"
출발,인천,진에어,LJ231,간사이,20250921,07:40,07:40,08:13,여객,출발,,B737-800,189,"H,F,G,L"
출발,인천,대한항공,KE173,홍콩,20250921,07:45,07:45,08:14,여객,출발,,A321neo,182,"A,B,C,D"
출발,인천,대한항공,KE621,마닐라,20250921,07:50,07:50,08:10,여객,출발,,B737-900,188,"A,B,C,D"
출발,인천,진에어,LJ731,타오위안,20250921,07:50,08:11,08:33,여객,지연,공항 및 출입국 절차에 의한 지연,B737-800,189,"H,F,G,L"
출발,인천,대한항공,KE845,청도,20250921,07:50,08:30,08:51,여객,지연,기상에 의한 지연,B737-900,188,"A,B,C,D"
출발,인천,대한항공,KE131,정저우,20250921,08:00,08:00,08:12,여객,출발,,B737-900,188,"A,B,C,D"
출발,인천,대한항공,KE441,노이바이(하노이),20250921,08:00,08:00,08:24,여객,출발,,A330-300,272,"A,B,C,D"
출발,인천,대한항공,KE197,칭기즈칸(신 울란바토르) 국제공항,20250921,08:10,08:10,08:32,여객,출발,,B737-900,188,"A,B,C,D"
출발,인천,에어서울,RS705,도쿄/나리타,20250921,08:10,08:10,08:25,여객,출발,,A321,195,"E,F,G,L"
출발,인천,진에어,LJ357,시모지시마,20250921,08:10,08:10,08:29,여객,출발,,B737-800,189,"H,F,G,L"
출발,인천,진에어,LJ241,간사이,20250921,08:10,08:10,08:31,여객,출발,,B737-800,189,"H,F,G,L"
출발,인천,대한항공,KE859,베이징,20250921,08:15,08:15,08:40,여객,출발,,B777-300ER,277,"A,B,C,D"
출발,인천,진에어,LJ203,도쿄/나리타,20250921,08:15,08:15,08:52,여객,출발,,B737-800,189,"H,F,G,L"
출발,인천,대한항공,KE127,푸저우(복주),20250921,08:20,08:20,08:43,여객,출발,,B737-900,188,"A,B,C,D"
출발,인천,대한항공,KE1403,김해,20250921,08:20,08:40,08:57,여객,지연,항공기 연결에 의한 지연,B737-900,188,
출발,인천,진에어,LJ301,삿포로,20250921,08:20,08:20,08:45,여객,출발,,B737-800,189,"H,F,G,L"
출발,인천,대한항공,KE893,푸동,20250921,08:25,08:25,08:52,여객,출발,,A330-300,272,"A,B,C,D"
출발,인천,대한항공,KE731,고베,20250921,08:25,08:25,08:43,여객,출발,,A321neo,182,"A,B,C,D"
출발,인천,에어서울,RS727,후쿠오카,20250921,08:25,08:25,08:47,여객,출발,,A321,195,"E,F,G,L"
출발,인천,에어 프랑스,AF267,파리,20250921,08:30,08:30,08:57,여객,출발,,B777-300ER,296,"M,F,G,L"
출발,인천,대한항공,KE775,고마쓰,20250921,08:35,08:35,08:55,여객,출발,,B737-900,188,"A,B,C,D"
출발,인천,에어서울,RS741,다카마쓰,20250921,08:45,09:05,09:26,여객,지연,항공기 연결에 의한 지연,A321,195,"E,F,G,L"
출발,인천,대한항공,KE831,심양,20250921,08:45,08:05,08:20,여객,출발,,B737-900,188,"A,B,C,D"
출발,인천,대한항공,KE865,광저우,20250921,08:50,08:50,09:10,여객,출발,,A330-300,272,"A,B,C,D"
출발,인천,대한항공,KE819,창사(장사),20250921,09:00,09:00,09:14,여객,출발,,B737-900,188,"A,B,C,D"
출발,인천,대한항공,KE469,떤 선녓(호찌민),20250921,09:05,09:05,09:52,여객,지연,항공교통흐름에 의한 지연,A330-300,272,"A,B,C,D"
출발,인천,진에어,LJ361,이시가키,20250921,09:05,09:05,09:27,여객,출발,,B737-800,189,"H,F,G,L"
출발,인천,대한항공,KE811,시안,20250921,09:10,09:10,09:23,여객,출발,,B737-900,188,"A,B,C,D"
출발,인천,대한항공,KE805,천진,20250921,09:10,09:10,09:33,여객,출발,,B737-900,188,"A,B,C,D"
출발,인천,에어부산,BX172,간사이,20250921,09:15,09:15,09:31,여객,출발,,A321,195,"E,F,G,L"
출발,인천,대한항공,KE035,애틀랜타,20250921,09:20,09:20,09:37,여객,출발,,B777-300ER,277,"A,B,C,D"
출발,인천,진에어,LJ913,괌,20250921,09:20,09:20,09:39,여객,출발,,B737-800,189,"H,F,G,L"
출발,인천,에어서울,RS701,도쿄/나리타,20250921,09:25,09:25,09:47,여객,출발,,A321,195,"E,F,G,L"
출발,인천,대한항공,KE031,댈러스,20250921,09:30,09:30,10:06,여객,지연,항공기 연결에 의한 지연,B787-9,269,"A,B,C,D"
출발,인천,대한항공,KE091,보스턴,20250921,09:30,09:30,09:44,여객,출발,,B787-9,269,"A,B,C,D"
출발,인천,대한항공,KE777,구마모토,20250921,09:30,09:30,09:52,여객,출발,,B737-900,188,"A,B,C,D"
출발,인천,대한항공,KE755,오키나와,20250921,09:30,09:45,10:01,여객,출발,,B737-900,188,"A,B,C,D"
출발,인천,대한항공,KE657,수안나폼(방콕),20250921,09:30,09:30,10:10,여객,지연,항공교통흐름에 의한 지연,A330-300,272,"A,B,C,D"
출발,인천,대한항공,KE073,토론토,20250921,09:35,09:50,10:17,여객,지연,공항 및 출입국 절차에 의한 지연,B777-300ER,277,"A,B,C,D"
출발,인천,대한항공,KE723,간사이,20250921,09:35,09:35,09:51,여객,출발,,A321neo,182,"A,B,C,D"
출발,인천,대한항공,KE421,괌,20250921,09:45,09:45,10:04,여객,출발,,B737-900,188,"A,B,C,D"
출발,인천,진에어,LJ205,도쿄/나리타,20250921,09:45,09:45,10:09,여객,출발,,B737-800,189,"H,F,G,L"
출발,인천,대한항공,KE913,마드리드,20250921,09:55,10:55,11:25,여객,지연,항공교통흐름에 의한 지연,B787-9,269,"A,B,C,D"
출발,인천,진에어,LJ341,오키나와,20250921,09:55,10:45,11:20,여객,지연,항공기 연결에 의한 지연,B737-800,189,"H,F,G,L"
출발,인천,대한항공,KE081,뉴욕,20250921,10:00,10:00,10:29,여객,출발,,A380-800,407,"A,B,C,D"
출발,인천,대한항공,KE765,삿포로,20250921,10:05,10:05,10:47,여객,지연,항공기 정비에 의한 지연,B737-900,188,"A,B,C,D"
출발,인천,대한항공,KE703,도쿄/나리타,20250921,10:10,10:10,10:35,여객,출발,,A321neo,182,"A,B,C,D"
출발,인천,진에어,LJ901,오키나와,20250921,10:10,10:40,11:01,여객,지연,항공기 연결에 의한 지연,B737-800,189,"H,F,G,L"
출발,인천,델타항공,DL158,디트로이트,20250921,10:15,10:15,10:24,여객,출발,,A350-900,306,"K,F,G,L"
출발,인천,대한항공,KE125,샤먼 가오치,20250921,10:20,10:20,10:42,여객,출발,,B737-900,188,"A,B,C,D"
출발,인천,대한항공,KE169,마카오,20250921,10:20,10:20,11:03,여객,지연,항공교통흐름에 의한 지연,A321neo,182,"A,B,C,D"
출발,인천,대한항공,KE093,워싱톤,20250921,10:25,10:25,10:41,여객,출발,,B777-300ER,277,"A,B,C,D"
출발,인천,대한항공,KE101,남경,20250921,10:25,10:25,10:40,여객,출발,,A321neo,182,"A,B,C,D"
출발,인천,대한항공,KE937,비엔나,20250921,10:25,10:55,11:18,여객,지연,항공교통흐름에 의한 지연,B787-9,269,"A,B,C,D"
출발,인천,대한항공,KE185,타오위안,20250921,10:30,10:30,11:07,여객,지연,항공교통흐름에 의한 지연,A321neo,182,"A,B,C,D"
출발,인천,대한항공,KE741,나고야,20250921,10:35,10:35,10:53,여객,출발,,A321neo,182,"A,B,C,D"
출발,인천,가루다인도네시아,GA879,자카르타(수카르노 하타),20250921,10:35,10:35,10:47,여객,출발,,A330-900neo,301,"J,F,G,L"
출발,인천,대한항공,KE037,시카고,20250921,10:40,10:40,11:01,여객,출발,,B777-300ER,277,"A,B,C,D"
출발,인천,대한항공,KE855,베이징,20250921,10:40,10:40,11:09,여객,출발,,A330-300,272,"A,B,C,D"
출발,인천,대한항공,KE457,다낭,20250921,10:55,10:55,11:28,여객,출발,,B737-900,188,"A,B,C,D"
출발,인천,대한항공,KE907,런던히드로,20250921,10:55,10:55,11:39,여객,지연,항공교통흐름에 의한 지연,A380-800,407,"A,B,C,D"
출발,인천,대한항공,KE945,프랑크푸르트,20250921,11:05,11:05,11:48,여객,지연,항공교통흐름에 의한 지연,A380-800,407,"A,B,C,D"
출발,인천,대한항공,KE791,후쿠오카,20250921,11:05,11:05,11:36,여객,출발,,B737-900,188,"A,B,C,D"
출발,인천,대한항공,KE897,푸동,20250921,11:10,11:10,11:48,여객,출발,,B777-300ER,277,"A,B,C,D"
출발,인천,에어부산,BX158,후쿠오카,20250921,11:25,11:25,11:46,여객,출발,,A321,195,"E,F,G,L"
출발,인천,가루다인도네시아,GA871,덴파사(응우라 라이),20250921,11:25,11:25,11:44,여객,출발,,A330-300,251,"J,F,G,L"
출발,인천,아에로멕시코,AM091,멕시코시티,20250921,11:40,11:40,11:58,여객,출발,,B787-9,274,"H,F,G,L"
출발,인천,대한항공,KE925,암스테르담,20250921,11:55,11:55,12:24,여객,출발,,B777-300ER,277,"A,B,C,D"
출발,인천,중화항공,CI165,가오슝,20250921,12:05,12:05,12:16,여객,출발,,A321neo,180,"J,F,G,L"
출발,인천,진에어,LJ263,후쿠오카,20250921,12:10,12:10,12:25,여객,출발,,B737-800,189,"H,F,G,L"
출발,인천,대한항공,KE769,삿포로,20250921,12:35,12:35,12:57,여객,출발,,B737-900,188,"A,B,C,D"
출발,인천,대한항공,KE803,천진,20250921,12:35,12:35,12:52,여객,출발,,B737-900,188,"A,B,C,D"
출발,인천,중화항공,CI161,타오위안,20250921,12:35,12:35,12:45,여객,출발,,A330-300,277,"J,F,G,L"
출발,인천,에어부산,BX174,간사이,20250921,12:40,12:40,12:59,여객,출발,,A321,195,"E,F,G,L"
출발,인천,대한항공,KE497,델리,20250921,12:55,12:55,13:26,여객,출발,,B787-9,269,"A,B,C,D"
출발,인천,대한항공,KE711,도쿄/나리타,20250921,13:00,13:00,13:30,여객,출발,,A321neo,182,"A,B,C,D"
출발,인천,대한항공,KE869,대련,20250921,13:00,13:00,13:17,여객,출발,,B737-900,188,"A,B,C,D"
출발,인천,대한항공,KE921,리스본,20250921,13:00,13:40,14:05,여객,지연,항공교통흐름에 의한 지연,B787-9,269,"A,B,C,D"
출발,인천,대한항공,KE843,청도,20250921,13:05,13:05,13:24,여객,출발,,B737-900,188,"A,B,C,D"
출발,인천,에어서울,RS713,간사이,20250921,13:15,13:15,13:42,여객,출발,,A321,195,"E,F,G,L"
출발,인천,대한항공,KE175,홍콩,20250921,13:25,13:25,13:44,여객,출발,,A321neo,182,"A,B,C,D"
출발,인천,에어서울,RS745,요나고,20250921,13:25,13:25,13:46,여객,출발,,A321,195,"E,F,G,L"
출발,인천,대한항공,KE951,두바이,20250921,13:25,13:25,13:48,여객,출발,,B777-300ER,277,"A,B,C,D"
출발,인천,샤먼항공,MF872,샤먼 가오치,20250921,13:30,13:30,13:38,여객,출발,,B737-800,168,"J,F,G,L"
출발,인천,대한항공,KE927,밀라노,20250921,13:40,13:40,14:15,여객,지연,항공기 연결에 의한 지연,B787-9,269,"A,B,C,D"
출발,인천,대한항공,KE789,후쿠오카,20250921,13:45,13:45,14:10,여객,출발,,B737-900,188,"A,B,C,D"
출발,인천,진에어,LJ861,청도,20250921,13:50,13:50,14:09,여객,출발,,B737-800,189,"H,F,G,L"
출발,인천,에어서울,RS723,후쿠오카,20250921,14:25,14:25,14:54,여객,출발,,A321,195,"E,F,G,L"
출발,인천,대한항공,KE017,로스앤젤레스,20250921,14:30,14:30,15:00,여객,출발,,B747-8i,368,"A,B,C,D"
출발,인천,진에어,LJ359,다카마쓰,20250921,14:30,14:30,14:50,여객,출발,,B737-800,189,"H,F,G,L"
출발,인천,대한항공,KE833,심양,20250921,14:35,14:35,14:58,여객,출발,,B737-900,188,"A,B,C,D"
출발,인천,진에어,LJ237,간사이,20250921,14:40,15:20,16:05,여객,지연,항공기 연결에 의한 지연,B737-800,189,"H,F,G,L"
출발,인천,대한항공,KE643,싱가포르,20250921,14:45,14:45,15:04,여객,출발,,A330-300,272,"A,B,C,D"
출발,인천,진에어,LJ209,도쿄/나리타,20250921,14:45,17:35,18:20,여객,지연,항공기 연결에 의한 지연,B737-800,189,"H,F,G,L"
출발,인천,대한항공,KE725,간사이,20250921,15:05,15:05,15:31,여객,출발,,A321neo,182,"A,B,C,D"
출발,인천,대한항공,KE627,자카르타(수카르노 하타),20250921,15:10,15:10,15:26,여객,출발,,A330-300,272,"A,B,C,D"
출발,인천,대한항공,KE189,타이중,20250921,15:15,15:15,15:35,여객,출발,,A321neo,182,"A,B,C,D"
출발,인천,에어서울,RS715,간사이,20250921,15:20,15:20,15:41,여객,출발,,A321,195,"E,F,G,L"
출발,인천,에어부산,BX176,간사이,20250921,15:25,15:25,15:54,여객,출발,,A321,195,"E,F,G,L"
출발,인천,진에어,LJ211,도쿄/나리타,20250921,15:35,16:25,17:15,여객,지연,항공기 연결에 의한 지연,B737-800,189,"H,F,G,L"
출발,인천,대한항공,KE671,쿠알라룸푸르,20250921,15:40,15:40,16:14,여객,지연,여객 및 화물처리에 의한 지연,A330-300,272,"A,B,C,D"
출발,인천,대한항공,KE733,고베,20250921,15:50,16:07,16:24,여객,지연,여객 및 화물처리에 의한 지연,A321neo,182,"A,B,C,D"
출발,인천,에어부산,BX166,도쿄/나리타,20250921,15:50,15:50,16:09,여객,출발,,A321,195,"E,F,G,L"
출발,인천,대한항공,KE023,샌프란시스코,20250921,16:00,16:00,16:31,여객,출발,,B777-300ER,277,"A,B,C,D"
출발,인천,진에어,LJ265,후쿠오카,20250921,16:00,17:00,17:50,여객,지연,항공기 연결에 의한 지연,B737-800,189,"H,F,G,L"
출발,인천,진에어,LJ239,간사이,20250921,16:05,17:25,17:57,여객,지연,항공기 연결에 의한 지연,B737-800,189,"H,F,G,L"
출발,인천,진에어,LJ347,나고야,20250921,16:05,16:25,16:48,여객,지연,공항 및 출입국 절차에 의한 지연,B737-800,189,"H,F,G,L"
출발,인천,대한항공,KE187,타오위안,20250921,16:10,16:10,16:33,여객,출발,,A321neo,182,"A,B,C,D"
출발,인천,대한항공,KE633,덴파사(응우라 라이),20250921,16:10,16:10,16:40,여객,출발,,A330-300,272,"A,B,C,D"
출발,인천,델타항공,DL188,애틀랜타,20250921,16:25,16:25,16:38,여객,출발,,A350-900,306,"K,F,G,L"
출발,인천,대한항공,KE041,시애틀,20250921,16:40,16:40,17:02,여객,출발,,A330-300,272,"A,B,C,D"
출발,인천,에어서울,RS703,도쿄/나리타,20250921,16:45,16:45,17:06,여객,출발,,A321,195,"E,F,G,L"
출발,인천,진에어,LJ271,후쿠오카,20250921,17:00,17:15,17:41,여객,지연,공항 및 출입국 절차에 의한 지연,B737-800,189,"H,F,G,L"
출발,인천,대한항공,KE713,도쿄/나리타,20250921,17:05,17:05,17:35,여객,출발,,A321neo,182,"A,B,C,D"
출발,인천,대한항공,KE1405,김해,20250921,17:10,17:10,17:39,여객,출발,,B737-900,188,
출발,인천,진에어,LJ009,치앙마이,20250921,17:10,17:10,17:37,여객,출발,,B737-800,189,"H,F,G,L"
출발,인천,에어부산,BX747,수안나폼(방콕),20250921,17:15,17:15,17:48,여객,출발,,A321,195,"E,F,G,L"
출발,인천,대한항공,KE8425,괌,20250921,17:15,17:15,17:32,여객,출발,,B737-900,188,"A,B,C,D"
출발,인천,진에어,LJ919,괌,20250921,17:35,17:51,18:14,여객,지연,공항 및 출입국 절차에 의한 지연,B737-800,189,"H,F,G,L"
출발,인천,대한항공,KE629,덴파사(응우라 라이),20250921,17:45,18:10,18:48,여객,지연,항공기 연결에 의한 지연,A330-300,272,"A,B,C,D"
출발,인천,대한항공,KE663,푸껫,20250921,17:50,17:50,18:18,여객,출발,,B737-900,188,"A,B,C,D"
출발,인천,대한항공,KE411,오클랜드,20250921,18:00,18:00,18:25,여객,출발,,B787-9,269,"A,B,C,D"
출발,인천,대한항공,KE651,수안나폼(방콕),20250921,18:05,18:05,18:37,여객,출발,,A330-300,272,"A,B,C,D"
출발,인천,대한항공,KE461,다낭,20250921,18:20,18:30,18:52,여객,출발,,B737-900,188,"A,B,C,D"
출발,인천,대한항공,KE667,치앙마이,20250921,18:25,18:45,19:04,여객,지연,항공교통흐름에 의한 지연,B737-900,188,"A,B,C,D"
출발,인천,대한항공,KE1407,김해,20250921,18:25,18:45,19:14,여객,지연,항공교통흐름에 의한 지연,B737-900,188,
출발,인천,대한항공,KE705,도쿄/나리타,20250921,18:35,18:50,19:22,여객,지연,공항 및 출입국 절차에 의한 지연,A321neo,182,"A,B,C,D"
출발,인천,대한항공,KE871,대련,20250921,18:35,18:35,19:07,여객,출발,,B737-900,188,"A,B,C,D"
출발,인천,대한항공,KE161,쿤밍,20250921,18:40,18:55,19:20,여객,지연,SP,B737-900,188,"A,B,C,D"
출발,인천,대한항공,KE645,싱가포르,20250921,18:40,18:40,19:01,여객,출발,,A330-300,272,"A,B,C,D"
출발,인천,대한항공,KE781,후쿠오카,20250921,18:40,18:40,19:11,여객,출발,,B737-900,188,"A,B,C,D"
출발,인천,델타항공,DL170,미니애폴리스,20250921,18:40,20:09,20:31,여객,지연,항공기 연결에 의한 지연,A350-900,306,"K,F,G,L"
출발,인천,대한항공,KE423,괌,20250921,18:40,18:40,19:12,여객,출발,,B737-900,188,"A,B,C,D"
출발,인천,대한항공,KE071,밴쿠버,20250921,18:45,18:45,19:25,여객,지연,운항 기준 및 승무원 관련 지연,B787-9,269,"A,B,C,D"
출발,인천,대한항공,KE453,노이바이(하노이),20250921,18:45,18:45,19:12,여객,출발,,B737-900,188,"A,B,C,D"
출발,인천,대한항공,KE475,떤 선녓(호찌민),20250921,18:45,19:04,19:20,여객,지연,항공교통흐름에 의한 지연,B737-900,188,"A,B,C,D"
출발,인천,대한항공,KE623,마닐라,20250921,18:50,18:50,19:17,여객,출발,,B737-900,188,"A,B,C,D"
출발,인천,대한항공,KE743,나고야,20250921,18:50,19:11,19:29,여객,지연,항공교통흐름에 의한 지연,A321neo,182,"A,B,C,D"
출발,인천,델타항공,DL26,애틀랜타,20250921,18:50,18:50,19:18,여객,출발,,A350-900,306,"K,F,G,L"
출발,인천,대한항공,KE689,프놈펜,20250921,18:50,18:50,19:09,여객,출발,,B737-900,188,"A,B,C,D"
출발,인천,대한항공,KE895,푸동,20250921,18:55,18:55,19:24,여객,출발,,A330-300,272,"A,B,C,D"
출발,인천,대한항공,KE721,간사이,20250921,19:00,19:00,19:40,여객,지연,항공교통흐름에 의한 지연,A321neo,182,"A,B,C,D"
출발,인천,대한항공,KE401,시드니,20250921,19:10,19:10,19:35,여객,출발,,A380-800,407,"A,B,C,D"
출발,인천,진에어,LJ131,코타키나발루,20250921,19:10,19:57,20:18,여객,지연,항공기 연결에 의한 지연,B737-800,189,"H,F,G,L"
출발,인천,델타항공,DL196,시애틀,20250921,19:20,19:20,19:48,여객,출발,,A330-900neo,281,"K,F,G,L"
출발,인천,에어서울,RS581,팡라로,20250921,19:25,19:25,19:42,여객,출발,,A321,195,"E,F,G,L"
출발,인천,대한항공,KE085,뉴욕,20250921,19:30,20:00,21:04,여객,지연,기타 원인에 의한 지연,B747-8i,368,"A,B,C,D"
출발,인천,대한항공,KE1431,대구,20250921,19:30,19:30,19:46,여객,출발,,B737-900,188,
출발,인천,대한항공,KE1409,김해,20250921,19:35,19:35,19:52,여객,출발,,B737-900,188,
출발,인천,델타항공,DL172,솔트레이크시티,20250921,19:40,19:40,19:59,여객,출발,,A350-900,306,"K,F,G,L"
출발,인천,대한항공,KE177,홍콩,20250921,19:45,19:45,20:03,여객,출발,,A321neo,182,"A,B,C,D"
출발,인천,대한항공,KE477,떤 선녓(호찌민),20250921,19:45,19:45,20:30,여객,지연,여객 및 화물처리에 의한 지연,B737-900,188,"A,B,C,D"
출발,인천,대한항공,KE659,수안나폼(방콕),20250921,19:45,19:45,20:26,여객,지연,운항 기준 및 승무원 관련 지연,B737-900,188,"A,B,C,D"
출발,인천,에어서울,RS527,깜라인(나트랑),20250921,19:50,19:50,20:36,여객,지연,항공교통흐름에 의한 지연,A321,195,"E,F,G,L"
출발,인천,대한항공,KE853,베이징,20250921,20:00,20:00,20:15,여객,출발,,A330-300,272,"A,B,C,D"
출발,인천,대한항공,KE467,깜라인(나트랑),20250921,20:00,20:00,20:34,여객,출발,,B737-900,188,"A,B,C,D"
출발,인천,대한항공,KE615,세부,20250921,20:05,20:05,20:39,여객,출발,,B737-900,188,"A,B,C,D"
출발,인천,대한항공,KE625,마닐라,20250921,20:15,20:30,21:10,여객,지연,여객 및 화물처리에 의한 지연,B737-900,188,"A,B,C,D"
출발,인천,대한항공,KE011,로스앤젤레스,20250921,20:25,20:25,21:00,여객,출발,,A380-800,407,"A,B,C,D"
출발,인천,진에어,LJ081,다낭,20250921,20:25,20:25,20:55,여객,출발,,B737-800,189,"H,F,G,L"
출발,인천,대한항공,KE719,하네다,20250921,20:30,20:30,21:12,여객,지연,여객 및 화물처리에 의한 지연,A321neo,182,"A,B,C,D"
출발,인천,중화항공,CI163,타오위안,20250921,20:35,20:35,21:02,여객,출발,,A330-300,277,"J,F,G,L"
출발,인천,샤먼항공,MF878,푸저우(복주),20250921,20:35,20:35,20:40,여객,출발,,B737-800,168,"J,F,G,L"
출발,인천,진에어,LJ087,깜라인(나트랑),20250921,20:40,20:40,21:08,여객,출발,,B737-800,189,"H,F,G,L"
출발,인천,진에어,LJ917,괌,20250921,20:50,21:23,21:48,여객,지연,항공기 연결에 의한 지연,B737-800,189,"H,F,G,L"
출발,인천,에어서울,RS511,다낭,20250921,20:55,20:55,21:30,여객,출발,,A321,195,"E,F,G,L"
출발,인천,대한항공,KE005,라스베이거스,20250921,21:00,21:00,21:37,여객,출발,,B777-300ER,277,"A,B,C,D"
출발,인천,대한항공,KE053,호놀룰루,20250921,21:05,21:05,21:42,여객,출발,,A330-300,272,"A,B,C,D"
출발,인천,대한항공,KE655,수안나폼(방콕),20250921,21:15,21:15,21:42,여객,출발,,A330-300,272,"A,B,C,D"
출발,인천,에어부산,BX787,깜라인(나트랑),20250921,21:30,21:30,22:10,여객,출발,,A321,195,"E,F,G,L"
출발,인천,진에어,LJ885,엔스 쉬자핑,20250921,21:45,22:25,22:35,여객,지연,공항 및 출입국 절차에 의한 지연,B737-800,189,"H,F,G,L"
출발,인천,네덜란드항공,KL856,암스테르담,20250921,22:25,22:25,22:42,여객,출발,,B787-9,294,"M,F,G,L"
출발,인천,대한항공,KE619,마닐라,20250921,22:35,22:35,22:50,여객,출발,,A330-300,272,"A,B,C,D"
출발,인천,대한항공,KE647,싱가포르,20250921,23:35,23:35,23:58,여객,출발,,B777-300ER,277,"A,B,C,D"
출발,인천,대한항공,KE1401,김해,20250922,06:35,06:35,06:51,여객,출발,,B737-900,188,
출발,인천,에어서울,RS711,간사이,20250922,07:15,07:15,07:35,여객,출발,,A321,195,"E,F,G,L"
출발,인천,에어부산,BX164,도쿄/나리타,20250922,07:15,07:15,07:32,여객,출발,,A321,195,"E,F,G,L"
출발,인천,진에어,LJ261,후쿠오카,20250922,07:15,07:15,07:42,여객,출발,,B737-800,189,"H,F,G,L"
출발,인천,에어부산,BX156,후쿠오카,20250922,07:20,09:17,09:32,여객,지연,항공기 연결에 의한 지연,A321,195,"E,F,G,L"
출발,인천,대한항공,KE787,후쿠오카,20250922,07:25,07:25,07:46,여객,출발,,B737-900,188,"A,B,C,D"
출발,인천,진에어,LJ201,도쿄/나리타,20250922,07:25,07:40,08:02,여객,지연,공항 및 출입국 절차에 의한 지연,B737-800,189,"H,F,G,L"
출발,인천,대한항공,KE795,나가사키,20250922,07:30,07:30,07:48,여객,출발,,B737-900,188,"A,B,C,D"
출발,인천,진에어,LJ345,나고야,20250922,07:30,07:30,07:53,여객,출발,,B737-800,189,"H,F,G,L"
출발,인천,진에어,LJ231,간사이,20250922,07:40,07:40,08:09,여객,출발,,B737-800,189,"H,F,G,L"
출발,인천,대한항공,KE173,홍콩,20250922,07:45,07:45,08:07,여객,출발,,A321neo,182,"A,B,C,D"
출발,인천,대한항공,KE621,마닐라,20250922,07:50,07:50,08:15,여객,출발,,B737-900,188,"A,B,C,D"
출발,인천,진에어,LJ731,타오위안,20250922,07:50,07:50,08:21,여객,출발,,B737-800,189,"H,F,G,L"
출발,인천,대한항공,KE845,청도,20250922,07:50,07:50,08:09,여객,출발,,B737-900,188,"A,B,C,D"
출발,인천,대한항공,KE131,정저우,20250922,08:00,08:00,08:23,여객,출발,,B737-900,188,"A,B,C,D"
출발,인천,대한항공,KE441,노이바이(하노이),20250922,08:00,08:00,08:27,여객,출발,,A330-300,272,"A,B,C,D"
출발,인천,에어서울,RS705,도쿄/나리타,20250922,08:05,09:45,10:11,여객,지연,항공기 연결에 의한 지연,A321,195,"E,F,G,L"
출발,인천,대한항공,KE197,칭기즈칸(신 울란바토르) 국제공항,20250922,08:10,08:55,09:23,여객,지연,항공기 연결에 의한 지연,B737-900,188,"A,B,C,D"
출발,인천,대한항공,KE767,아오모리,20250922,08:10,08:10,08:34,여객,출발,,B737-900,188,"A,B,C,D"
출발,인천,진에어,LJ357,시모지시마,20250922,08:10,08:10,08:35,여객,출발,,B737-800,189,"H,F,G,L"
출발,인천,진에어,LJ241,간사이,20250922,08:10,08:10,08:28,여객,출발,,B737-800,189,"H,F,G,L"
출발,인천,대한항공,KE859,베이징,20250922,08:15,08:15,08:33,여객,출발,,B777-300ER,277,"A,B,C,D"
출발,인천,진에어,LJ203,도쿄/나리타,20250922,08:15,08:15,08:50,여객,출발,,B737-800,189,"H,F,G,L"
출발,인천,대한항공,KE1403,김해,20250922,08:20,08:20,08:46,여객,출발,,B737-900,188,
출발,인천,진에어,LJ301,삿포로,20250922,08:20,08:43,09:09,여객,지연,항공기 연결에 의한 지연,B737-800,189,"H,F,G,L"
출발,인천,대한항공,KE893,푸동,20250922,08:25,08:25,08:43,여객,출발,,A330-300,272,"A,B,C,D"
출발,인천,대한항공,KE731,고베,20250922,08:25,08:25,08:47,여객,출발,,A321neo,182,"A,B,C,D"
출발,인천,에어서울,RS727,후쿠오카,20250922,08:25,08:25,08:39,여객,출발,,A321,195,"E,F,G,L"
출발,인천,에어 프랑스,AF267,파리,20250922,08:30,08:30,08:59,여객,출발,,B777-300ER,296,"M,F,G,L"
출발,인천,대한항공,KE827,선전(심천),20250922,08:40,08:40,08:59,여객,출발,,B737-900,188,"A,B,C,D"
출발,인천,에어서울,RS741,다카마쓰,20250922,08:45,08:45,09:06,여객,출발,,A321,195,"E,F,G,L"
출발,인천,대한항공,KE831,심양,20250922,08:45,08:05,08:29,여객,출발,,B737-900,188,"A,B,C,D"
출발,인천,대한항공,KE865,광저우,20250922,08:50,08:50,09:09,여객,출발,,A330-300,272,"A,B,C,D"
출발,인천,대한항공,KE819,창사(장사),20250922,09:00,09:00,09:43,여객,지연,공항 및 출입국 절차에 의한 지연,B737-900,188,"A,B,C,D"
출발,인천,대한항공,KE469,떤 선녓(호찌민),20250922,09:05,09:05,09:33,여객,출발,,A330-300,272,"A,B,C,D"
출발,인천,진에어,LJ361,이시가키,20250922,09:05,09:05,09:40,여객,출발,,B737-800,189,"H,F,G,L"
출발,인천,대한항공,KE811,시안,20250922,09:10,09:10,09:57,여객,지연,여객 및 화물처리에 의한 지연,B737-900,188,"A,B,C,D"
출발,인천,대한항공,KE805,천진,20250922,09:10,09:10,09:19,여객,출발,,B737-900,188,"A,B,C,D"
출발,인천,에어부산,BX172,간사이,20250922,09:15,09:15,09:31,여객,출발,,A321,195,"E,F,G,L"
출발,인천,대한항공,KE035,애틀랜타,20250922,09:20,09:20,09:38,여객,출발,,B777-300ER,277,"A,B,C,D"
출발,인천,대한항공,KE785,가고시마,20250922,09:20,09:20,09:42,여객,출발,,B737-900,188,"A,B,C,D"
출발,인천,진에어,LJ913,괌,20250922,09:20,09:20,09:40,여객,출발,,B737-800,189,"H,F,G,L"
출발,인천,에어서울,RS701,도쿄/나리타,20250922,09:25,09:25,10:05,여객,지연,여객 및 화물처리에 의한 지연,A321,195,"E,F,G,L"
출발,인천,대한항공,KE031,댈러스,20250922,09:30,09:30,10:02,여객,출발,,B787-9,269,"A,B,C,D"
출발,인천,대한항공,KE091,보스턴,20250922,09:30,09:30,09:49,여객,출발,,B787-9,269,"A,B,C,D"
출발,인천,대한항공,KE755,오키나와,20250922,09:30,09:30,09:55,여객,출발,,B737-900,188,"A,B,C,D"
출발,인천,대한항공,KE657,수안나폼(방콕),20250922,09:30,09:30,10:03,여객,출발,,A330-300,272,"A,B,C,D"
출발,인천,대한항공,KE073,토론토,20250922,09:35,09:50,10:15,여객,지연,지상조업 관련 지연,B777-300ER,277,"A,B,C,D"
출발,인천,대한항공,KE723,간사이,20250922,09:35,09:35,09:59,여객,출발,,A321neo,182,"A,B,C,D"
출발,인천,대한항공,KE421,괌,20250922,09:45,09:45,10:13,여객,출발,,B737-900,188,"A,B,C,D"
출발,인천,진에어,LJ205,도쿄/나리타,20250922,09:45,10:10,10:33,여객,지연,항공기 연결에 의한 지연,B737-800,189,"H,F,G,L"
출발,인천,진에어,LJ341,오키나와,20250922,09:55,09:55,10:23,여객,출발,,B737-800,189,"H,F,G,L"
출발,인천,대한항공,KE081,뉴욕,20250922,10:00,10:00,10:37,여객,출발,,A380-800,407,"A,B,C,D"
출발,인천,대한항공,KE703,도쿄/나리타,20250922,10:05,10:05,10:24,여객,출발,,A321neo,182,"A,B,C,D"
출발,인천,대한항공,KE765,삿포로,20250922,10:05,10:05,10:30,여객,출발,,B737-900,188,"A,B,C,D"
출발,인천,델타항공,DL158,디트로이트,20250922,10:15,10:15,10:27,여객,출발,,A350-900,306,"K,F,G,L"
출발,인천,대한항공,KE125,샤먼 가오치,20250922,10:20,10:20,10:48,여객,출발,,B737-900,188,"A,B,C,D"
출발,인천,대한항공,KE169,마카오,20250922,10:20,10:20,10:38,여객,출발,,A321neo,182,"A,B,C,D"
출발,인천,대한항공,KE093,워싱톤,20250922,10:25,10:25,10:53,여객,출발,,B777-300ER,277,"A,B,C,D"
출발,인천,대한항공,KE101,남경,20250922,10:25,10:25,10:46,여객,출발,,A321neo,182,"A,B,C,D"
출발,인천,대한항공,KE937,비엔나,20250922,10:25,10:25,11:04,여객,출발,,B787-9,269,"A,B,C,D"
출발,인천,대한항공,KE185,타오위안,20250922,10:30,10:30,10:53,여객,출발,,A321neo,182,"A,B,C,D"
출발,인천,대한항공,KE741,나고야,20250922,10:35,10:35,10:55,여객,출발,,A321neo,182,"A,B,C,D"
출발,인천,가루다인도네시아,GA879,자카르타(수카르노 하타),20250922,10:35,11:59,12:21,여객,지연,항공기 연결에 의한 지연,A330-900neo,301,"J,F,G,L"
출발,인천,대한항공,KE037,시카고,20250922,10:40,10:40,11:08,여객,출발,,B777-300ER,277,"A,B,C,D"
출발,인천,대한항공,KE855,베이징,20250922,10:40,10:40,11:14,여객,출발,,A330-300,272,"A,B,C,D"
출발,인천,대한항공,KE969,프라하,20250922,10:45,10:45,11:19,여객,출발,,B787-9,269,"A,B,C,D"
출발,인천,대한항공,KE457,다낭,20250922,10:55,10:55,11:22,여객,출발,,B737-900,188,"A,B,C,D"
출발,인천,대한항공,KE907,런던히드로,20250922,10:55,10:55,11:45,여객,지연,운항 기준 및 승무원 관련 지연,A380-800,407,"A,B,C,D"
출발,인천,대한항공,KE791,후쿠오카,20250922,11:05,11:05,11:20,여객,출발,,B737-900,188,"A,B,C,D"
출발,인천,대한항공,KE901,파리,20250922,11:10,11:10,11:57,여객,지연,여객 및 화물처리에 의한 지연,B777-300ER,277,"A,B,C,D"
출발,인천,에어부산,BX158,후쿠오카,20250922,11:25,11:25,11:38,여객,출발,,A321,195,"E,F,G,L"
출발,인천,가루다인도네시아,GA871,덴파사(응우라 라이),20250922,11:25,11:25,12:06,여객,출발,,A330-300,251,"J,F,G,L"
출발,인천,아에로멕시코,AM091,멕시코시티,20250922,11:40,11:40,12:26,여객,출발,,B787-9,274,"H,F,G,L"
출발,인천,대한항공,KE925,암스테르담,20250922,11:55,11:55,12:27,여객,출발,,B777-300ER,277,"A,B,C,D"
출발,인천,대한항공,KE107,항저우,20250922,12:00,12:00,12:16,여객,출발,,A321neo,182,"A,B,C,D"
출발,인천,중화항공,CI165,가오슝,20250922,12:05,12:05,12:28,여객,출발,,A321neo,180,"J,F,G,L"
출발,인천,진에어,LJ263,후쿠오카,20250922,12:10,12:10,12:30,여객,출발,,B737-800,189,"H,F,G,L"
출발,인천,대한항공,KE769,삿포로,20250922,12:35,12:35,12:55,여객,출발,,B737-900,188,"A,B,C,D"
출발,인천,대한항공,KE803,천진,20250922,12:35,12:35,13:05,여객,출발,,B737-900,188,"A,B,C,D"
출발,인천,대한항공,KE963,부다페스트,20250922,12:35,12:50,13:11,여객,지연,항공기 연결에 의한 지연,B787-9,269,"A,B,C,D"
출발,인천,중화항공,CI161,타오위안,20250922,12:35,12:35,13:05,여객,출발,,A330-300,277,"J,F,G,L"
출발,인천,에어부산,BX174,간사이,20250922,12:40,13:45,14:02,여객,지연,항공기 연결에 의한 지연,A321,195,"E,F,G,L"
출발,인천,대한항공,KE869,대련,20250922,13:00,13:00,13:24,여객,출발,,B737-900,188,"A,B,C,D"
출발,인천,대한항공,KE843,청도,20250922,13:05,13:20,13:41,여객,지연,항공기 연결에 의한 지연,B737-900,188,"A,B,C,D"
출발,인천,에어서울,RS713,간사이,20250922,13:15,13:15,13:27,여객,출발,,A321,195,"E,F,G,L"
출발,인천,대한항공,KE931,로마,20250922,13:20,13:35,13:55,여객,지연,항공기 연결에 의한 지연,B777-300ER,277,"A,B,C,D"
출발,인천,대한항공,KE175,홍콩,20250922,13:25,13:25,13:50,여객,출발,,A321neo,182,"A,B,C,D"
출발,인천,대한항공,KE135,허페이,20250922,13:25,13:25,13:42,여객,출발,,B737-900,188,"A,B,C,D"
출발,인천,대한항공,KE951,두바이,20250922,13:25,13:25,13:54,여객,출발,,B777-300ER,277,"A,B,C,D"
출발,인천,샤먼항공,MF872,샤먼 가오치,20250922,13:30,13:30,13:38,여객,출발,,B737-800,168,"J,F,G,L"
출발,인천,대한항공,KE695,카트만두,20250922,13:35,13:35,13:58,여객,출발,,A330-300,272,"A,B,C,D"
출발,인천,에어서울,RS745,요나고,20250922,13:35,13:35,13:46,여객,출발,,A321,195,"E,F,G,L"
출발,인천,대한항공,KE927,밀라노,20250922,13:40,13:40,14:06,여객,출발,,B787-9,269,"A,B,C,D"
출발,인천,대한항공,KE955,이스탄불,20250922,13:40,13:40,13:58,여객,출발,,B777-300ER,277,"A,B,C,D"
출발,인천,대한항공,KE789,후쿠오카,20250922,13:45,13:45,14:00,여객,출발,,B737-900,188,"A,B,C,D"
출발,인천,진에어,LJ861,청도,20250922,13:50,13:50,14:15,여객,출발,,B737-800,189,"H,F,G,L"
출발,인천,에어서울,RS723,후쿠오카,20250922,14:25,14:25,14:49,여객,출발,,A321,195,"E,F,G,L"
출발,인천,대한항공,KE017,로스앤젤레스,20250922,14:30,14:30,14:47,여객,출발,,B747-8i,368,"A,B,C,D"
출발,인천,대한항공,KE833,심양,20250922,14:35,14:35,14:51,여객,출발,,B737-900,188,"A,B,C,D"
출발,인천,진에어,LJ237,간사이,20250922,14:40,14:40,15:07,여객,출발,,B737-800,189,"H,F,G,L"
출발,인천,대한항공,KE643,싱가포르,20250922,14:45,14:45,14:56,여객,출발,,A330-300,272,"A,B,C,D"
출발,인천,진에어,LJ209,도쿄/나리타,20250922,14:45,14:45,15:03,여객,출발,,B737-800,189,"H,F,G,L"
출발,인천,대한항공,KE725,간사이,20250922,14:55,14:55,15:11,여객,출발,,A321neo,182,"A,B,C,D"
출발,인천,대한항공,KE627,자카르타(수카르노 하타),20250922,15:10,15:10,15:37,여객,출발,,A330-300,272,"A,B,C,D"
출발,인천,대한항공,KE189,타이중,20250922,15:15,15:15,15:43,여객,출발,,A321neo,182,"A,B,C,D"
출발,인천,에어서울,RS715,간사이,20250922,15:20,16:40,17:22,여객,지연,항공기 연결에 의한 지연,A321,195,"E,F,G,L"
출발,인천,에어부산,BX176,간사이,20250922,15:25,15:25,15:47,여객,출발,,A321,195,"E,F,G,L"
출발,인천,진에어,LJ211,도쿄/나리타,20250922,15:35,15:35,16:01,여객,출발,,B737-800,189,"H,F,G,L"
출발,인천,대한항공,KE671,쿠알라룸푸르,20250922,15:40,15:40,16:04,여객,출발,,A330-300,272,"A,B,C,D"
출발,인천,대한항공,KE733,고베,20250922,15:50,16:10,16:53,여객,지연,항공기 연결에 의한 지연,A321neo,182,"A,B,C,D"
출발,인천,에어부산,BX166,도쿄/나리타,20250922,15:50,15:50,16:18,여객,출발,,A321,195,"E,F,G,L"
출발,인천,대한항공,KE023,샌프란시스코,20250922,16:00,16:00,16:22,여객,출발,,B777-300ER,277,"A,B,C,D"
출발,인천,진에어,LJ265,후쿠오카,20250922,16:00,16:45,17:20,여객,지연,항공기 연결에 의한 지연,B737-800,189,"H,F,G,L"
출발,인천,진에어,LJ239,간사이,20250922,16:05,16:05,16:39,여객,출발,,B737-800,189,"H,F,G,L"
출발,인천,진에어,LJ347,나고야,20250922,16:05,16:31,16:56,여객,지연,공항 및 출입국 절차에 의한 지연,B737-800,189,"H,F,G,L"
출발,인천,대한항공,KE187,타오위안,20250922,16:10,16:10,16:29,여객,출발,,A321neo,182,"A,B,C,D"
출발,인천,대한항공,KE633,덴파사(응우라 라이),20250922,16:10,16:10,16:33,여객,출발,,A330-300,272,"A,B,C,D"
출발,인천,델타항공,DL188,애틀랜타,20250922,16:25,16:25,16:43,여객,출발,,A350-900,306,"K,F,G,L"
출발,인천,대한항공,KE041,시애틀,20250922,16:40,16:40,17:01,여객,출발,,A330-300,272,"A,B,C,D"
출발,인천,에어서울,RS703,도쿄/나리타,20250922,16:45,16:45,17:18,여객,출발,,A321,195,"E,F,G,L"
출발,인천,진에어,LJ271,후쿠오카,20250922,17:00,17:38,17:57,여객,지연,항공기 연결에 의한 지연,B737-800,189,"H,F,G,L"
출발,인천,대한항공,KE713,도쿄/나리타,20250922,17:05,17:05,17:26,여객,출발,,A321neo,182,"A,B,C,D"
출발,인천,대한항공,KE1405,김해,20250922,17:10,17:10,17:37,여객,출발,,B737-900,188,
출발,인천,진에어,LJ009,치앙마이,20250922,17:10,17:10,17:48,여객,출발,,B737-800,189,"H,F,G,L"
출발,인천,대한항공,KE485,푸꾸옥,20250922,17:10,17:10,17:46,여객,출발,,B737-900,188,"A,B,C,D"
출발,인천,대한항공,KE489,양곤,20250922,17:15,17:15,17:55,여객,출발,,B737-900,188,"A,B,C,D"
출발,인천,에어부산,BX747,수안나폼(방콕),20250922,17:15,17:15,17:38,여객,출발,,A321,195,"E,F,G,L"
출발,인천,대한항공,KE8425,괌,20250922,17:15,17:15,17:31,여객,출발,,B737-900,188,"A,B,C,D"
출발,인천,진에어,LJ919,괌,20250922,17:35,17:35,18:02,여객,출발,,B737-800,189,"H,F,G,L"
출발,인천,대한항공,KE629,덴파사(응우라 라이),20250922,17:45,18:05,18:29,여객,지연,항공기 연결에 의한 지연,A330-300,272,"A,B,C,D"
출발,인천,대한항공,KE411,오클랜드,20250922,18:00,18:00,18:17,여객,출발,,B787-9,269,"A,B,C,D"
출발,인천,대한항공,KE651,수안나폼(방콕),20250922,18:05,18:30,18:51,여객,지연,기타 원인에 의한 지연,A330-300,272,"A,B,C,D"
출발,인천,대한항공,KE461,다낭,20250922,18:20,18:20,19:21,여객,지연,항공교통흐름에 의한 지연,B737-900,188,"A,B,C,D"
출발,인천,대한항공,KE667,치앙마이,20250922,18:25,18:25,19:04,여객,출발,,B737-900,188,"A,B,C,D"
출발,인천,대한항공,KE1407,김해,20250922,18:25,18:25,18:39,여객,출발,,B737-900,188,
출발,인천,대한항공,KE705,도쿄/나리타,20250922,18:35,18:35,19:14,여객,지연,여객 및 화물처리에 의한 지연,A321neo,182,"A,B,C,D"
출발,인천,대한항공,KE871,대련,20250922,18:35,18:35,19:15,여객,출발,,B737-900,188,"A,B,C,D"
출발,인천,대한항공,KE161,쿤밍,20250922,18:40,18:40,19:24,여객,지연,항공교통흐름에 의한 지연,B737-900,188,"A,B,C,D"
출발,인천,대한항공,KE645,싱가포르,20250922,18:40,18:40,19:26,여객,지연,항공기 연결에 의한 지연,A330-300,272,"A,B,C,D"
출발,인천,대한항공,KE781,후쿠오카,20250922,18:40,18:40,19:19,여객,지연,공항 및 출입국 절차에 의한 지연,B737-900,188,"A,B,C,D"
출발,인천,델타항공,DL170,미니애폴리스,20250922,18:40,19:20,19:43,여객,지연,항공기 연결에 의한 지연,A350-900,306,"K,F,G,L"
출발,인천,대한항공,KE423,괌,20250922,18:40,18:40,19:09,여객,출발,,B737-900,188,"A,B,C,D"
출발,인천,대한항공,KE071,밴쿠버,20250922,18:45,18:45,19:38,여객,지연,운항 기준 및 승무원 관련 지연,B787-9,269,"A,B,C,D"
출발,인천,대한항공,KE453,노이바이(하노이),20250922,18:45,19:15,19:59,여객,지연,항공기 연결에 의한 지연,B737-900,188,"A,B,C,D"
출발,인천,대한항공,KE475,떤 선녓(호찌민),20250922,18:45,20:01,20:24,여객,지연,항공교통흐름에 의한 지연,B737-900,188,"A,B,C,D"
출발,인천,대한항공,KE623,마닐라,20250922,18:50,18:50,19:32,여객,지연,운항 기준 및 승무원 관련 지연,B737-900,188,"A,B,C,D"
출발,인천,대한항공,KE743,나고야,20250922,18:50,18:50,19:34,여객,지연,항공교통흐름에 의한 지연,A321neo,182,"A,B,C,D"
출발,인천,델타항공,DL26,애틀랜타,20250922,18:50,19:05,19:30,여객,출발,,A350-900,306,"K,F,G,L"
출발,인천,대한항공,KE689,프놈펜,20250922,18:50,19:46,20:05,여객,지연,SP,B737-900,188,"A,B,C,D"
출발,인천,대한항공,KE895,푸동,20250922,18:55,18:55,19:28,여객,지연,항공교통흐름에 의한 지연,A330-300,272,"A,B,C,D"
출발,인천,대한항공,KE721,간사이,20250922,19:00,19:00,19:47,여객,지연,항공교통흐름에 의한 지연,A321neo,182,"A,B,C,D"
출발,인천,대한항공,KE401,시드니,20250922,19:10,19:30,20:12,여객,지연,항공기 연결에 의한 지연,A380-800,407,"A,B,C,D"
출발,인천,델타항공,DL196,시애틀,20250922,19:20,23:04,23:24,여객,지연,항공기 연결에 의한 지연,A330-900neo,281,"K,F,G,L"
출발,인천,에어서울,RS581,팡라로,20250922,19:25,19:25,19:53,여객,출발,,A321,195,"E,F,G,L"
출발,인천,대한항공,KE085,뉴욕,20250922,19:30,19:50,20:43,여객,지연,항공기 연결에 의한 지연,B747-8i,368,"A,B,C,D"
출발,인천,대한항공,KE1431,대구,20250922,19:30,19:30,20:22,여객,지연,항공교통흐름에 의한 지연,B737-900,188,
출발,인천,대한항공,KE1409,김해,20250922,19:35,20:10,20:31,여객,지연,항공교통흐름에 의한 지연,B737-900,188,
출발,인천,델타항공,DL172,솔트레이크시티,20250922,19:40,19:40,20:16,여객,출발,,A350-900,306,"K,F,G,L"
출발,인천,대한항공,KE177,홍콩,20250922,19:45,20:15,21:02,여객,지연,운항 기준 및 승무원 관련 지연,A321neo,182,"A,B,C,D"
출발,인천,대한항공,KE477,떤 선녓(호찌민),20250922,19:45,19:45,20:35,여객,지연,항공교통흐름에 의한 지연,B737-900,188,"A,B,C,D"
출발,인천,대한항공,KE659,수안나폼(방콕),20250922,19:45,19:45,20:33,여객,지연,항공교통흐름에 의한 지연,B737-900,188,"A,B,C,D"
출발,인천,에어서울,RS527,깜라인(나트랑),20250922,19:50,19:50,21:36,여객,지연,항공교통흐름에 의한 지연,A321,195,"E,F,G,L"
출발,인천,대한항공,KE853,베이징,20250922,20:00,20:00,21:05,여객,지연,여객 및 화물처리에 의한 지연,A330-300,272,"A,B,C,D"
출발,인천,대한항공,KE467,깜라인(나트랑),20250922,20:00,20:00,20:47,여객,지연,항공교통흐름에 의한 지연,B737-900,188,"A,B,C,D"
출발,인천,대한항공,KE615,세부,20250922,20:05,20:05,20:50,여객,지연,항공교통흐름에 의한 지연,B737-900,188,"A,B,C,D"
출발,인천,대한항공,KE407,브리즈번,20250922,20:05,20:05,20:48,여객,지연,항공교통흐름에 의한 지연,A330-300,272,"A,B,C,D"
출발,인천,대한항공,KE625,마닐라,20250922,20:15,20:44,21:07,여객,지연,항공교통흐름에 의한 지연,B737-900,188,"A,B,C,D"
출발,인천,대한항공,KE011,로스앤젤레스,20250922,20:25,20:25,21:11,여객,지연,여객 및 화물처리에 의한 지연,A380-800,407,"A,B,C,D"
출발,인천,진에어,LJ081,다낭,20250922,20:25,21:33,21:57,여객,지연,항공교통흐름에 의한 지연,B737-800,189,"H,F,G,L"
출발,인천,대한항공,KE719,하네다,20250922,20:30,20:30,21:26,여객,지연,항공기 연결에 의한 지연,A321neo,182,"A,B,C,D"
출발,인천,중화항공,CI163,타오위안,20250922,20:35,20:56,21:18,여객,지연,항공교통흐름에 의한 지연,A330-300,277,"J,F,G,L"
출발,인천,샤먼항공,MF878,푸저우(복주),20250922,20:35,20:52,21:15,여객,지연,공항 및 출입국 절차에 의한 지연,B737-800,168,"J,F,G,L"
출발,인천,진에어,LJ087,깜라인(나트랑),20250922,20:40,20:57,21:20,여객,지연,공항 및 출입국 절차에 의한 지연,B737-800,189,"H,F,G,L"
출발,인천,진에어,LJ917,괌,20250922,20:50,20:50,21:17,여객,출발,,B737-800,189,"H,F,G,L"
출발,인천,에어서울,RS511,다낭,20250922,20:55,20:55,21:49,여객,지연,항공교통흐름에 의한 지연,A321,195,"E,F,G,L"
출발,인천,대한항공,KE005,라스베이거스,20250922,21:00,21:00,21:24,여객,출발,,B777-300ER,277,"A,B,C,D"
출발,인천,대한항공,KE053,호놀룰루,20250922,21:05,21:05,21:32,여객,출발,,A330-300,272,"A,B,C,D"
출발,인천,대한항공,KE655,수안나폼(방콕),20250922,21:15,21:53,22:17,여객,지연,항공기 연결에 의한 지연,A330-300,272,"A,B,C,D"
출발,인천,네덜란드항공,KL856,암스테르담,20250922,22:25,22:25,23:22,여객,지연,항공기 정비에 의한 지연,B787-9,294,"M,F,G,L"
출발,인천,대한항공,KE619,마닐라,20250922,22:35,23:09,23:29,여객,지연,항공교통흐름에 의한 지연,A330-300,272,"A,B,C,D"
출발,인천,대한항공,KE075,밴쿠버,20250922,22:40,23:09,23:30,여객,지연,항공기 연결에 의한 지연,B787-9,269,"A,B,C,D"
출발,인천,스칸디나비아항공,SK988,코펜하겐,20250923,00:05,23:45,00:01,여객,출발,,A350-900,300,"K,F,G,L"
출발,인천,대한항공,KE1401,김해,20250923,06:35,06:35,06:45,여객,출발,,B737-900,188,
출발,인천,에어서울,RS711,간사이,20250923,07:15,07:15,07:41,여객,출발,,A321,195,"E,F,G,L"
출발,인천,에어부산,BX164,도쿄/나리타,20250923,07:15,07:15,07:53,여객,지연,공항 및 출입국 절차에 의한 지연,A321,195,"E,F,G,L"
출발,인천,진에어,LJ261,후쿠오카,20250923,07:15,07:15,07:35,여객,출발,,B737-800,189,"H,F,G,L"
출발,인천,에어부산,BX156,후쿠오카,20250923,07:20,07:20,07:55,여객,출발,,A321,195,"E,F,G,L"
출발,인천,에어서울,RS727,후쿠오카,20250923,07:20,07:20,07:38,여객,출발,,A321,195,"E,F,G,L"
출발,인천,대한항공,KE787,후쿠오카,20250923,07:25,07:25,07:42,여객,출발,,B737-900,188,"A,B,C,D"
출발,인천,진에어,LJ201,도쿄/나리타,20250923,07:25,07:25,07:59,여객,출발,,B737-800,189,"H,F,G,L"
출발,인천,대한항공,KE771,오카야마,20250923,07:30,07:30,07:49,여객,출발,,B737-900,188,"A,B,C,D"
출발,인천,진에어,LJ345,나고야,20250923,07:30,07:30,07:56,여객,출발,,B737-800,189,"H,F,G,L"
출발,인천,진에어,LJ231,간사이,20250923,07:40,07:40,08:14,여객,출발,,B737-800,189,"H,F,G,L"
출발,인천,대한항공,KE173,홍콩,20250923,07:45,07:45,08:08,여객,출발,,A321neo,182,"A,B,C,D"
출발,인천,대한항공,KE621,마닐라,20250923,07:50,07:50,08:10,여객,출발,,B737-900,188,"A,B,C,D"
출발,인천,진에어,LJ731,타오위안,20250923,07:50,07:50,08:27,여객,출발,,B737-800,189,"H,F,G,L"
출발,인천,대한항공,KE845,청도,20250923,07:50,07:50,08:22,여객,출발,,B737-900,188,"A,B,C,D"
출발,인천,대한항공,KE131,정저우,20250923,08:00,08:00,08:19,여객,출발,,B737-900,188,"A,B,C,D"
출발,인천,대한항공,KE441,노이바이(하노이),20250923,08:00,08:00,08:29,여객,출발,,A330-300,272,"A,B,C,D"
출발,인천,대한항공,KE197,칭기즈칸(신 울란바토르) 국제공항,20250923,08:10,08:10,08:42,여객,출발,,B737-900,188,"A,B,C,D"
출발,인천,에어서울,RS705,도쿄/나리타,20250923,08:10,10:10,10:29,여객,지연,항공기 연결에 의한 지연,A321,195,"E,F,G,L"
출발,인천,진에어,LJ241,간사이,20250923,08:10,08:10,08:32,여객,출발,,B737-800,189,"H,F,G,L"
출발,인천,대한항공,KE859,베이징,20250923,08:15,08:15,08:52,여객,출발,,B777-300ER,277,"A,B,C,D"
출발,인천,대한항공,KE127,푸저우(복주),20250923,08:20,08:20,08:41,여객,출발,,B737-900,188,"A,B,C,D"
출발,인천,대한항공,KE1403,김해,20250923,08:20,08:40,09:02,여객,지연,항공기 연결에 의한 지연,B737-900,188,
출발,인천,진에어,LJ301,삿포로,20250923,08:20,08:20,08:45,여객,출발,,B737-800,189,"H,F,G,L"
출발,인천,대한항공,KE893,푸동,20250923,08:25,08:25,08:53,여객,출발,,A330-300,272,"A,B,C,D"
출발,인천,대한항공,KE731,고베,20250923,08:25,08:25,08:53,여객,출발,,A321neo,182,"A,B,C,D"
출발,인천,에어 프랑스,AF267,파리,20250923,08:30,08:30,09:01,여객,출발,,B777-300ER,296,"M,F,G,L"
출발,인천,대한항공,KE827,선전(심천),20250923,08:40,08:40,08:59,여객,출발,,B737-900,188,"A,B,C,D"
출발,인천,에어서울,RS741,다카마쓰,20250923,08:45,08:45,09:05,여객,출발,,A321,195,"E,F,G,L"
출발,인천,대한항공,KE831,심양,20250923,08:45,08:05,08:31,여객,출발,,B737-900,188,"A,B,C,D"
출발,인천,대한항공,KE865,광저우,20250923,08:50,08:50,09:10,여객,출발,,A330-300,272,"A,B,C,D"
출발,인천,대한항공,KE137,우한,20250923,08:50,08:50,09:07,여객,출발,,B737-900,188,"A,B,C,D"
출발,인천,대한항공,KE469,떤 선녓(호찌민),20250923,09:05,09:05,09:40,여객,출발,,A330-300,272,"A,B,C,D"
출발,인천,진에어,LJ361,이시가키,20250923,09:05,09:05,09:16,여객,출발,,B737-800,189,"H,F,G,L"
출발,인천,대한항공,KE811,시안,20250923,09:10,09:10,09:22,여객,출발,,B737-900,188,"A,B,C,D"
출발,인천,대한항공,KE805,천진,20250923,09:10,09:10,09:27,여객,출발,,B737-900,188,"A,B,C,D"
출발,인천,에어부산,BX172,간사이,20250923,09:15,09:15,09:23,여객,출발,,A321,195,"E,F,G,L"
출발,인천,대한항공,KE035,애틀랜타,20250923,09:20,09:20,09:43,여객,출발,,B777-300ER,277,"A,B,C,D"
출발,인천,진에어,LJ913,괌,20250923,09:20,09:20,09:34,여객,출발,,B737-800,189,"H,F,G,L"
출발,인천,에어서울,RS701,도쿄/나리타,20250923,09:25,09:50,10:04,여객,지연,항공기 연결에 의한 지연,A321,195,"E,F,G,L"
출발,인천,대한항공,KE031,댈러스,20250923,09:30,10:30,11:02,여객,지연,항공기 연결에 의한 지연,B787-9,269,"A,B,C,D"
출발,인천,대한항공,KE091,보스턴,20250923,09:30,09:30,09:47,여객,출발,,B787-9,269,"A,B,C,D"
출발,인천,대한항공,KE777,구마모토,20250923,09:30,09:30,09:53,여객,출발,,B737-900,188,"A,B,C,D"
출발,인천,대한항공,KE755,오키나와,20250923,09:30,09:30,09:58,여객,출발,,B737-900,188,"A,B,C,D"
출발,인천,대한항공,KE657,수안나폼(방콕),20250923,09:30,09:30,09:55,여객,출발,,A330-300,272,"A,B,C,D"
출발,인천,대한항공,KE073,토론토,20250923,09:35,09:35,10:13,여객,지연,여객 및 화물처리에 의한 지연,B777-300ER,277,"A,B,C,D"
출발,인천,대한항공,KE723,간사이,20250923,09:35,09:35,09:51,여객,출발,,A321neo,182,"A,B,C,D"
출발,인천,대한항공,KE763,니가타,20250923,09:40,09:40,09:59,여객,출발,,B737-900,188,"A,B,C,D"
출발,인천,대한항공,KE421,괌,20250923,09:45,09:45,09:56,여객,출발,,B737-900,188,"A,B,C,D"
출발,인천,진에어,LJ205,도쿄/나리타,20250923,09:45,09:45,10:07,여객,출발,,B737-800,189,"H,F,G,L"
출발,인천,대한항공,KE913,마드리드,20250923,09:55,09:55,10:29,여객,출발,,B787-9,269,"A,B,C,D"
출발,인천,진에어,LJ341,오키나와,20250923,09:55,09:55,10:23,여객,출발,,B737-800,189,"H,F,G,L"
출발,인천,대한항공,KE081,뉴욕,20250923,10:00,10:00,10:26,여객,출발,,A380-800,407,"A,B,C,D"
출발,인천,대한항공,KE765,삿포로,20250923,10:05,11:00,11:15,여객,지연,항공기 연결에 의한 지연,B737-900,188,"A,B,C,D"
출발,인천,대한항공,KE703,도쿄/나리타,20250923,10:10,10:10,10:35,여객,출발,,A321neo,182,"A,B,C,D"
출발,인천,델타항공,DL158,디트로이트,20250923,10:15,10:15,10:32,여객,출발,,A350-900,306,"K,F,G,L"
출발,인천,대한항공,KE125,샤먼 가오치,20250923,10:20,10:20,10:44,여객,출발,,B737-900,188,"A,B,C,D"
출발,인천,대한항공,KE169,마카오,20250923,10:20,10:44,11:06,여객,지연,항공교통흐름에 의한 지연,A321neo,182,"A,B,C,D"
출발,인천,대한항공,KE093,워싱톤,20250923,10:25,10:25,10:45,여객,출발,,B777-300ER,277,"A,B,C,D"
출발,인천,대한항공,KE185,타오위안,20250923,10:30,10:30,11:02,여객,출발,,A321neo,182,"A,B,C,D"
출발,인천,대한항공,KE741,나고야,20250923,10:35,10:35,10:53,여객,출발,,A321neo,182,"A,B,C,D"
출발,인천,대한항공,KE037,시카고,20250923,10:40,10:40,11:06,여객,출발,,B777-300ER,277,"A,B,C,D"
출발,인천,대한항공,KE457,다낭,20250923,10:55,11:19,11:40,여객,지연,항공교통흐름에 의한 지연,B737-900,188,"A,B,C,D"
출발,인천,대한항공,KE907,런던히드로,20250923,10:55,10:55,11:25,여객,출발,,A380-800,407,"A,B,C,D"
출발,인천,대한항공,KE917,취리히,20250923,11:05,11:05,11:32,여객,출발,,B787-9,269,"A,B,C,D"
출발,인천,대한항공,KE791,후쿠오카,20250923,11:05,11:05,11:21,여객,출발,,B737-900,188,"A,B,C,D"
출발,인천,대한항공,KE945,프랑크푸르트,20250923,11:05,11:05,11:35,여객,출발,,A380-800,407,"A,B,C,D"
출발,인천,대한항공,KE897,푸동,20250923,11:10,11:10,11:44,여객,출발,,B777-300ER,277,"A,B,C,D"
출발,인천,대한항공,KE901,파리,20250923,11:10,11:10,11:38,여객,출발,,B777-300ER,277,"A,B,C,D"
출발,인천,에어부산,BX158,후쿠오카,20250923,11:25,11:25,11:49,여객,출발,,A321,195,"E,F,G,L"
출발,인천,가루다인도네시아,GA871,덴파사(응우라 라이),20250923,11:25,11:25,11:47,여객,출발,,A330-300,251,"J,F,G,L"
출발,인천,아에로멕시코,AM091,멕시코시티,20250923,11:40,11:40,11:58,여객,출발,,B787-9,274,"H,F,G,L"
출발,인천,대한항공,KE925,암스테르담,20250923,11:55,11:55,12:14,여객,출발,,B777-300ER,277,"A,B,C,D"
출발,인천,중화항공,CI165,가오슝,20250923,12:05,12:05,12:11,여객,출발,,A321neo,180,"J,F,G,L"
출발,인천,진에어,LJ263,후쿠오카,20250923,12:10,12:10,12:16,여객,출발,,B737-800,189,"H,F,G,L"
출발,인천,에어서울,RS811,장가계,20250923,12:20,12:20,12:32,여객,출발,,A321,195,"E,F,G,L"
출발,인천,대한항공,KE769,삿포로,20250923,12:35,12:35,12:50,여객,출발,,B737-900,188,"A,B,C,D"
출발,인천,대한항공,KE803,천진,20250923,12:35,12:35,13:06,여객,출발,,B737-900,188,"A,B,C,D"
출발,인천,대한항공,KE963,부다페스트,20250923,12:35,12:35,13:15,여객,지연,항공교통흐름에 의한 지연,B787-9,269,"A,B,C,D"
출발,인천,에어부산,BX174,간사이,20250923,12:40,12:40,12:55,여객,출발,,A321,195,"E,F,G,L"
출발,인천,대한항공,KE497,델리,20250923,12:55,12:55,13:33,여객,출발,,B787-9,269,"A,B,C,D"
출발,인천,대한항공,KE711,도쿄/나리타,20250923,13:00,13:00,13:35,여객,출발,,A321neo,182,"A,B,C,D"
출발,인천,대한항공,KE869,대련,20250923,13:00,13:18,13:38,여객,지연,운항 기준 및 승무원 관련 지연,B737-900,188,"A,B,C,D"
출발,인천,대한항공,KE843,청도,20250923,13:05,13:24,13:46,여객,지연,항공교통흐름에 의한 지연,B737-900,188,"A,B,C,D"
출발,인천,에어서울,RS713,간사이,20250923,13:15,13:15,13:42,여객,출발,,A321,195,"E,F,G,L"
출발,인천,대한항공,KE951,두바이,20250923,13:25,13:40,13:55,여객,출발,,B777-300ER,277,"A,B,C,D"
출발,인천,샤먼항공,MF872,샤먼 가오치,20250923,13:30,13:30,13:47,여객,출발,,B737-800,168,"J,F,G,L"
출발,인천,대한항공,KE789,후쿠오카,20250923,13:45,13:45,14:07,여객,출발,,B737-900,188,"A,B,C,D"
출발,인천,진에어,LJ861,청도,20250923,13:50,13:50,14:17,여객,출발,,B737-800,189,"H,F,G,L"
출발,인천,에어서울,RS723,후쿠오카,20250923,14:25,14:40,15:10,여객,지연,공항 및 출입국 절차에 의한 지연,A321,195,"E,F,G,L"
출발,인천,대한항공,KE017,로스앤젤레스,20250923,14:30,14:30,14:49,여객,출발,,B747-8i,368,"A,B,C,D"
출발,인천,진에어,LJ359,다카마쓰,20250923,14:30,14:30,14:58,여객,출발,,B737-800,189,"H,F,G,L"
출발,인천,대한항공,KE833,심양,20250923,14:35,14:35,14:56,여객,출발,,B737-900,188,"A,B,C,D"
출발,인천,대한항공,KE643,싱가포르,20250923,14:45,14:45,15:14,여객,출발,,A330-300,272,"A,B,C,D"
출발,인천,진에어,LJ209,도쿄/나리타,20250923,14:45,14:45,15:05,여객,출발,,B737-800,189,"H,F,G,L"
출발,인천,대한항공,KE725,간사이,20250923,14:55,14:55,15:20,여객,출발,,A321neo,182,"A,B,C,D"
출발,인천,대한항공,KE627,자카르타(수카르노 하타),20250923,15:10,15:10,15:36,여객,출발,,A330-300,272,"A,B,C,D"
출발,인천,대한항공,KE189,타이중,20250923,15:15,15:15,15:43,여객,출발,,A321neo,182,"A,B,C,D"
출발,인천,에어서울,RS715,간사이,20250923,15:20,17:15,17:51,여객,지연,항공기 연결에 의한 지연,A321,195,"E,F,G,L"
출발,인천,에어부산,BX176,간사이,20250923,15:25,15:25,15:53,여객,출발,,A321,195,"E,F,G,L"
출발,인천,대한항공,KE671,쿠알라룸푸르,20250923,15:40,16:00,16:27,여객,지연,항공기 연결에 의한 지연,A330-300,272,"A,B,C,D"
출발,인천,대한항공,KE733,고베,20250923,15:50,15:50,16:05,여객,출발,,A321neo,182,"A,B,C,D"
출발,인천,에어부산,BX166,도쿄/나리타,20250923,15:50,15:50,16:09,여객,출발,,A321,195,"E,F,G,L"
출발,인천,대한항공,KE023,샌프란시스코,20250923,16:00,16:00,16:29,여객,출발,,B777-300ER,277,"A,B,C,D"
출발,인천,진에어,LJ265,후쿠오카,20250923,16:00,16:00,16:19,여객,출발,,B737-800,189,"H,F,G,L"
출발,인천,진에어,LJ239,간사이,20250923,16:05,16:05,16:33,여객,출발,,B737-800,189,"H,F,G,L"
출발,인천,진에어,LJ347,나고야,20250923,16:05,16:05,16:22,여객,출발,,B737-800,189,"H,F,G,L"
출발,인천,대한항공,KE187,타오위안,20250923,16:10,16:10,16:23,여객,출발,,A321neo,182,"A,B,C,D"
출발,인천,대한항공,KE633,덴파사(응우라 라이),20250923,16:10,16:10,16:31,여객,출발,,A330-300,272,"A,B,C,D"
출발,인천,델타항공,DL188,애틀랜타,20250923,16:25,16:45,17:11,여객,지연,항공기 연결에 의한 지연,A350-900,306,"K,F,G,L"
출발,인천,대한항공,KE041,시애틀,20250923,16:40,16:40,16:52,여객,출발,,A330-300,272,"A,B,C,D"
출발,인천,에어서울,RS703,도쿄/나리타,20250923,16:45,16:45,17:03,여객,출발,,A321,195,"E,F,G,L"
출발,인천,진에어,LJ271,후쿠오카,20250923,17:00,17:00,17:13,여객,출발,,B737-800,189,"H,F,G,L"
출발,인천,대한항공,KE713,도쿄/나리타,20250923,17:05,17:05,17:16,여객,출발,,A321neo,182,"A,B,C,D"
출발,인천,대한항공,KE1405,김해,20250923,17:10,17:10,17:22,여객,출발,,B737-900,188,
출발,인천,진에어,LJ009,치앙마이,20250923,17:10,17:10,17:37,여객,출발,,B737-800,189,"H,F,G,L"
출발,인천,대한항공,KE485,푸꾸옥,20250923,17:10,17:10,17:35,여객,출발,,B737-900,188,"A,B,C,D"
출발,인천,에어부산,BX747,수안나폼(방콕),20250923,17:15,17:15,17:49,여객,출발,,A321,195,"E,F,G,L"
출발,인천,대한항공,KE8425,괌,20250923,17:15,17:15,17:20,여객,출발,,B737-900,188,"A,B,C,D"
출발,인천,진에어,LJ919,괌,20250923,17:35,17:35,17:42,여객,출발,,B737-800,189,"H,F,G,L"
출발,인천,대한항공,KE629,덴파사(응우라 라이),20250923,17:45,18:05,18:33,여객,지연,항공기 연결에 의한 지연,A330-300,272,"A,B,C,D"
출발,인천,대한항공,KE663,푸껫,20250923,17:50,18:15,19:26,여객,지연,기타 원인에 의한 지연,B737-900,188,"A,B,C,D"
출발,인천,대한항공,KE651,수안나폼(방콕),20250923,18:05,18:05,18:36,여객,출발,,A330-300,272,"A,B,C,D"
출발,인천,대한항공,KE461,다낭,20250923,18:20,19:31,19:50,여객,지연,항공기 연결에 의한 지연,B737-900,188,"A,B,C,D"
출발,인천,대한항공,KE667,치앙마이,20250923,18:25,18:50,19:08,여객,지연,항공기 연결에 의한 지연,B737-900,188,"A,B,C,D"
출발,인천,대한항공,KE1407,김해,20250923,18:25,18:45,19:02,여객,지연,항공기 연결에 의한 지연,B737-900,188,
출발,인천,대한항공,KE705,도쿄/나리타,20250923,18:35,18:35,19:04,여객,출발,,A321neo,182,"A,B,C,D"
출발,인천,대한항공,KE781,후쿠오카,20250923,18:40,18:40,19:11,여객,출발,,B737-900,188,"A,B,C,D"
출발,인천,대한항공,KE645,싱가포르,20250923,18:40,18:55,19:37,여객,지연,항공기 연결에 의한 지연,A330-300,272,"A,B,C,D"
출발,인천,델타항공,DL170,미니애폴리스,20250923,18:40,18:40,19:14,여객,출발,,A350-900,306,"K,F,G,L"
출발,인천,대한항공,KE423,괌,20250923,18:40,18:40,19:05,여객,출발,,B737-900,188,"A,B,C,D"
출발,인천,대한항공,KE071,밴쿠버,20250923,18:45,18:45,19:17,여객,출발,,B787-9,269,"A,B,C,D"
출발,인천,대한항공,KE453,노이바이(하노이),20250923,18:45,19:35,20:18,여객,지연,항공기 연결에 의한 지연,B737-900,188,"A,B,C,D"
출발,인천,대한항공,KE475,떤 선녓(호찌민),20250923,18:45,20:09,20:08,여객,지연,항공교통흐름에 의한 지연,B737-900,188,"A,B,C,D"
출발,인천,대한항공,KE623,마닐라,20250923,18:50,18:50,19:31,여객,지연,항공기 연결에 의한 지연,B737-900,188,"A,B,C,D"
출발,인천,대한항공,KE743,나고야,20250923,18:50,19:45,19:46,여객,지연,항공기 연결에 의한 지연,A321neo,182,"A,B,C,D"
출발,인천,델타항공,DL26,애틀랜타,20250923,18:50,19:06,19:25,여객,지연,항공기 연결에 의한 지연,A350-900,306,"K,F,G,L"
출발,인천,대한항공,KE689,프놈펜,20250923,18:50,19:30,20:21,여객,지연,항공기 연결에 의한 지연,B737-900,188,"A,B,C,D"
출발,인천,대한항공,KE895,푸동,20250923,18:55,19:50,20:15,여객,지연,항공기 연결에 의한 지연,A330-300,272,"A,B,C,D"
출발,인천,대한항공,KE721,간사이,20250923,19:00,19:15,20:13,여객,지연,항공기 연결에 의한 지연,A321neo,182,"A,B,C,D"
출발,인천,대한항공,KE401,시드니,20250923,19:10,19:10,19:39,여객,출발,,A380-800,407,"A,B,C,D"
출발,인천,델타항공,DL196,시애틀,20250923,19:20,20:02,20:26,여객,지연,여객 및 화물처리에 의한 지연,A330-900neo,281,"K,F,G,L"
출발,인천,대한항공,KE163,장가계,20250923,19:25,19:25,19:34,여객,출발,,B737-900,188,"A,B,C,D"
출발,인천,에어서울,RS581,팡라로,20250923,19:25,19:25,19:48,여객,출발,,A321,195,"E,F,G,L"
출발,인천,대한항공,KE085,뉴욕,20250923,19:30,20:00,20:50,여객,지연,기타 원인에 의한 지연,B747-8i,368,"A,B,C,D"
출발,인천,대한항공,KE1431,대구,20250923,19:30,19:30,20:04,여객,출발,,B737-900,188,
출발,인천,대한항공,KE1409,김해,20250923,19:35,20:04,20:28,여객,지연,항공교통흐름에 의한 지연,B737-900,188,
출발,인천,델타항공,DL172,솔트레이크시티,20250923,19:40,22:00,22:52,여객,지연,항공기 연결에 의한 지연,A350-900,306,"K,F,G,L"
출발,인천,대한항공,KE477,떤 선녓(호찌민),20250923,19:45,20:12,20:38,여객,지연,항공교통흐름에 의한 지연,B737-900,188,"A,B,C,D"
출발,인천,대한항공,KE659,수안나폼(방콕),20250923,19:45,19:45,20:16,여객,출발,,B737-900,188,"A,B,C,D"
출발,인천,에어서울,RS527,깜라인(나트랑),20250923,19:50,19:50,20:30,여객,지연,공항 및 출입국 절차에 의한 지연,A321,195,"E,F,G,L"
출발,인천,대한항공,KE853,베이징,20250923,20:00,20:00,20:46,여객,지연,여객 및 화물처리에 의한 지연,A330-300,272,"A,B,C,D"
출발,인천,대한항공,KE467,깜라인(나트랑),20250923,20:00,20:00,20:47,여객,지연,항공교통흐름에 의한 지연,B737-900,188,"A,B,C,D"
출발,인천,대한항공,KE615,세부,20250923,20:05,20:22,20:42,여객,지연,SP,B737-900,188,"A,B,C,D"
출발,인천,대한항공,KE625,마닐라,20250923,20:15,20:15,20:51,여객,출발,,B737-900,188,"A,B,C,D"
출발,인천,대한항공,KE011,로스앤젤레스,20250923,20:25,20:25,20:53,여객,출발,,A380-800,407,"A,B,C,D"
출발,인천,진에어,LJ081,다낭,20250923,20:25,20:57,21:19,여객,지연,항공교통흐름에 의한 지연,B737-800,189,"H,F,G,L"
출발,인천,대한항공,KE719,하네다,20250923,20:30,20:30,20:56,여객,출발,,A321neo,182,"A,B,C,D"
출발,인천,샤먼항공,MF878,푸저우(복주),20250923,20:35,20:35,20:44,여객,출발,,B737-800,168,"J,F,G,L"
출발,인천,진에어,LJ087,깜라인(나트랑),20250923,20:40,21:15,21:39,여객,지연,항공교통흐름에 의한 지연,B737-800,189,"H,F,G,L"
출발,인천,진에어,LJ917,괌,20250923,20:50,20:50,21:04,여객,출발,,B737-800,189,"H,F,G,L"
출발,인천,에어서울,RS511,다낭,20250923,20:55,20:55,21:58,여객,지연,항공교통흐름에 의한 지연,A321,195,"E,F,G,L"
출발,인천,대한항공,KE005,라스베이거스,20250923,21:00,21:00,21:40,여객,지연,항공교통흐름에 의한 지연,B777-300ER,277,"A,B,C,D"
출발,인천,대한항공,KE053,호놀룰루,20250923,21:05,21:05,21:32,여객,출발,,A330-300,272,"A,B,C,D"
출발,인천,대한항공,KE655,수안나폼(방콕),20250923,21:15,21:15,22:16,여객,지연,항공교통흐름에 의한 지연,A330-300,272,"A,B,C,D"
출발,인천,중화항공,CI163,타오위안,20250923,22:20,22:20,22:40,여객,출발,,A330-300,277,"J,F,G,L"
출발,인천,네덜란드항공,KL856,암스테르담,20250923,22:25,22:25,22:46,여객,출발,,B787-9,294,"M,F,G,L"
출발,인천,대한항공,KE619,마닐라,20250923,22:35,22:35,23:06,여객,출발,,A330-300,272,"A,B,C,D"
출발,인천,대한항공,KE1401,김해,20250924,06:35,06:35,06:49,여객,출발,,B737-900,188,
출발,인천,에어서울,RS711,간사이,20250924,07:15,07:15,07:42,여객,출발,,A321,195,"E,F,G,L"
출발,인천,에어부산,BX164,도쿄/나리타,20250924,07:15,07:15,07:33,여객,출발,,A321,195,"E,F,G,L"
출발,인천,진에어,LJ261,후쿠오카,20250924,07:15,07:15,07:28,여객,출발,,B737-800,189,"H,F,G,L"
출발,인천,에어부산,BX156,후쿠오카,20250924,07:20,07:20,07:40,여객,출발,,A321,195,"E,F,G,L"
출발,인천,대한항공,KE787,후쿠오카,20250924,07:25,07:25,07:36,여객,출발,,B737-900,188,"A,B,C,D"
출발,인천,진에어,LJ201,도쿄/나리타,20250924,07:25,07:25,07:53,여객,출발,,B737-800,189,"H,F,G,L"
출발,인천,대한항공,KE771,오카야마,20250924,07:30,07:30,07:56,여객,출발,,B737-900,188,"A,B,C,D"
출발,인천,진에어,LJ345,나고야,20250924,07:30,07:30,08:03,여객,출발,,B737-800,189,"H,F,G,L"
출발,인천,진에어,LJ231,간사이,20250924,07:40,07:40,08:10,여객,출발,,B737-800,189,"H,F,G,L"
출발,인천,대한항공,KE621,마닐라,20250924,07:50,07:50,08:09,여객,출발,,B737-900,188,"A,B,C,D"
출발,인천,진에어,LJ731,타오위안,20250924,07:50,07:50,08:13,여객,출발,,B737-800,189,"H,F,G,L"
출발,인천,대한항공,KE845,청도,20250924,07:50,07:50,08:15,여객,출발,,B737-900,188,"A,B,C,D"
출발,인천,대한항공,KE131,정저우,20250924,08:00,08:00,08:18,여객,출발,,B737-900,188,"A,B,C,D"
출발,인천,대한항공,KE441,노이바이(하노이),20250924,08:00,08:00,08:42,여객,지연,항공교통흐름에 의한 지연,A330-300,272,"A,B,C,D"
출발,인천,에어서울,RS727,후쿠오카,20250924,08:05,09:10,09:38,여객,지연,항공기 연결에 의한 지연,A321,195,"E,F,G,L"
출발,인천,대한항공,KE197,칭기즈칸(신 울란바토르) 국제공항,20250924,08:10,08:10,08:30,여객,출발,,B737-900,188,"A,B,C,D"
출발,인천,에어서울,RS705,도쿄/나리타,20250924,08:10,08:10,08:38,여객,출발,,A321,195,"E,F,G,L"
출발,인천,진에어,LJ241,간사이,20250924,08:10,08:10,08:24,여객,출발,,B737-800,189,"H,F,G,L"
출발,인천,진에어,LJ357,시모지시마,20250924,08:10,08:10,08:36,여객,출발,,B737-800,189,"H,F,G,L"
출발,인천,대한항공,KE859,베이징,20250924,08:15,08:15,08:33,여객,출발,,B777-300ER,277,"A,B,C,D"
출발,인천,대한항공,KE1403,김해,20250924,08:20,08:20,08:41,여객,출발,,B737-900,188,
출발,인천,진에어,LJ301,삿포로,20250924,08:20,08:20,08:36,여객,출발,,B737-800,189,"H,F,G,L"
출발,인천,대한항공,KE893,푸동,20250924,08:25,08:25,08:50,여객,출발,,A330-300,272,"A,B,C,D"
출발,인천,대한항공,KE731,고베,20250924,08:25,08:25,08:47,여객,출발,,A321neo,182,"A,B,C,D"
출발,인천,에어 프랑스,AF267,파리,20250924,08:30,08:45,09:05,여객,출발,,B777-300ER,296,"M,F,G,L"
출발,인천,대한항공,KE775,고마쓰,20250924,08:35,08:35,08:51,여객,출발,,B737-900,188,"A,B,C,D"
출발,인천,에어서울,RS741,다카마쓰,20250924,08:45,08:45,09:00,여객,출발,,A321,195,"E,F,G,L"
출발,인천,대한항공,KE831,심양,20250924,08:45,08:05,08:23,여객,출발,,B737-900,188,"A,B,C,D"
출발,인천,대한항공,KE819,창사(장사),20250924,09:00,09:00,09:17,여객,출발,,B737-900,188,"A,B,C,D"
출발,인천,대한항공,KE469,떤 선녓(호찌민),20250924,09:05,09:05,09:35,여객,출발,,A330-300,272,"A,B,C,D"
출발,인천,대한항공,KE811,시안,20250924,09:10,09:10,09:26,여객,출발,,B737-900,188,"A,B,C,D"
출발,인천,대한항공,KE805,천진,20250924,09:10,09:10,09:30,여객,출발,,B737-900,188,"A,B,C,D"
출발,인천,에어부산,BX172,간사이,20250924,09:15,09:15,09:28,여객,출발,,A321,195,"E,F,G,L"
출발,인천,대한항공,KE035,애틀랜타,20250924,09:20,09:20,09:53,여객,출발,,B777-300ER,277,"A,B,C,D"
출발,인천,대한항공,KE785,가고시마,20250924,09:20,09:20,09:36,여객,출발,,B737-900,188,"A,B,C,D"
출발,인천,진에어,LJ913,괌,20250924,09:20,09:20,09:34,여객,출발,,B737-800,189,"H,F,G,L"
출발,인천,에어서울,RS701,도쿄/나리타,20250924,09:25,10:10,10:48,여객,지연,항공기 연결에 의한 지연,A321,195,"E,F,G,L"
출발,인천,대한항공,KE031,댈러스,20250924,09:30,09:30,10:07,여객,지연,항공기 연결에 의한 지연,B787-9,269,"A,B,C,D"
출발,인천,대한항공,KE091,보스턴,20250924,09:30,10:15,10:33,여객,지연,항공기 연결에 의한 지연,B787-9,269,"A,B,C,D"
출발,인천,대한항공,KE755,오키나와,20250924,09:30,09:30,09:50,여객,출발,,B737-900,188,"A,B,C,D"
출발,인천,대한항공,KE657,수안나폼(방콕),20250924,09:30,09:30,09:58,여객,출발,,A330-300,272,"A,B,C,D"
출발,인천,대한항공,KE073,토론토,20250924,09:35,09:35,10:11,여객,지연,여객 및 화물처리에 의한 지연,B777-300ER,277,"A,B,C,D"
출발,인천,대한항공,KE723,간사이,20250924,09:35,09:35,09:50,여객,출발,,A321neo,182,"A,B,C,D"
출발,인천,대한항공,KE421,괌,20250924,09:45,09:45,10:09,여객,출발,,B737-900,188,"A,B,C,D"
출발,인천,진에어,LJ205,도쿄/나리타,20250924,09:45,09:45,10:03,여객,출발,,B737-800,189,"H,F,G,L"
출발,인천,진에어,LJ341,오키나와,20250924,09:55,09:55,10:14,여객,출발,,B737-800,189,"H,F,G,L"
출발,인천,대한항공,KE081,뉴욕,20250924,10:00,10:00,10:42,여객,출발,,A380-800,407,"A,B,C,D"
출발,인천,대한항공,KE765,삿포로,20250924,10:05,10:05,10:24,여객,출발,,B737-900,188,"A,B,C,D"
출발,인천,대한항공,KE703,도쿄/나리타,20250924,10:10,10:10,10:30,여객,출발,,A321neo,182,"A,B,C,D"
출발,인천,델타항공,DL158,디트로이트,20250924,10:15,10:15,10:19,여객,출발,,A350-900,306,"K,F,G,L"
출발,인천,대한항공,KE125,샤먼 가오치,20250924,10:20,10:20,10:40,여객,출발,,B737-900,188,"A,B,C,D"
출발,인천,대한항공,KE093,워싱톤,20250924,10:25,10:25,11:02,여객,출발,,B777-300ER,277,"A,B,C,D"
출발,인천,대한항공,KE101,남경,20250924,10:25,10:25,10:42,여객,출발,,A321neo,182,"A,B,C,D"
출발,인천,대한항공,KE937,비엔나,20250924,10:25,10:25,10:45,여객,출발,,B787-9,269,"A,B,C,D"
출발,인천,대한항공,KE185,타오위안,20250924,10:30,10:30,10:47,여객,출발,,A321neo,182,"A,B,C,D"
출발,인천,대한항공,KE741,나고야,20250924,10:35,10:35,10:56,여객,출발,,A321neo,182,"A,B,C,D"
출발,인천,대한항공,KE037,시카고,20250924,10:40,10:40,11:08,여객,출발,,B777-300ER,277,"A,B,C,D"
출발,인천,대한항공,KE855,베이징,20250924,10:40,10:40,11:08,여객,출발,,A330-300,272,"A,B,C,D"
출발,인천,대한항공,KE969,프라하,20250924,10:45,10:45,11:16,여객,출발,,B787-9,269,"A,B,C,D"
출발,인천,대한항공,KE457,다낭,20250924,10:55,10:55,11:44,여객,지연,항공교통흐름에 의한 지연,B737-900,188,"A,B,C,D"
출발,인천,대한항공,KE907,런던히드로,20250924,10:55,10:55,11:46,여객,지연,공항 및 출입국 절차에 의한 지연,A380-800,407,"A,B,C,D"
출발,인천,대한항공,KE945,프랑크푸르트,20250924,11:05,11:05,11:52,여객,지연,지상조업 관련 지연,A380-800,407,"A,B,C,D"
출발,인천,대한항공,KE791,후쿠오카,20250924,11:05,11:05,11:30,여객,출발,,B737-900,188,"A,B,C,D"
출발,인천,대한항공,KE901,파리,20250924,11:10,11:10,12:12,여객,지연,항공교통흐름에 의한 지연,B777-300ER,277,"A,B,C,D"
출발,인천,에어부산,BX158,후쿠오카,20250924,11:25,11:25,11:46,여객,출발,,A321,195,"E,F,G,L"
출발,인천,가루다인도네시아,GA871,덴파사(응우라 라이),20250924,11:25,11:25,11:42,여객,출발,,A330-300,251,"J,F,G,L"
출발,인천,아에로멕시코,AM091,멕시코시티,20250924,11:40,11:40,12:02,여객,출발,,B787-9,274,"H,F,G,L"
출발,인천,대한항공,KE107,항저우,20250924,12:00,12:00,12:20,여객,출발,,A321neo,182,"A,B,C,D"
출발,인천,중화항공,CI165,가오슝,20250924,12:05,12:05,12:22,여객,출발,,A321neo,180,"J,F,G,L"
출발,인천,진에어,LJ263,후쿠오카,20250924,12:10,12:10,12:24,여객,출발,,B737-800,189,"H,F,G,L"
출발,인천,대한항공,KE769,삿포로,20250924,12:35,12:55,13:47,여객,지연,기상에 의한 지연,B737-900,188,"A,B,C,D"
출발,인천,대한항공,KE803,천진,20250924,12:35,12:35,13:15,여객,지연,항공교통흐름에 의한 지연,B737-900,188,"A,B,C,D"
출발,인천,중화항공,CI161,타오위안,20250924,12:35,13:03,13:27,여객,지연,항공교통흐름에 의한 지연,A330-300,277,"J,F,G,L"
출발,인천,에어부산,BX174,간사이,20250924,12:40,12:40,13:37,여객,지연,공항 및 출입국 절차에 의한 지연,A321,195,"E,F,G,L"
출발,인천,대한항공,KE711,도쿄/나리타,20250924,13:00,13:00,13:40,여객,출발,,A321neo,182,"A,B,C,D"
출발,인천,대한항공,KE869,대련,20250924,13:00,13:25,14:13,여객,지연,항공교통흐름에 의한 지연,B737-900,188,"A,B,C,D"
출발,인천,대한항공,KE921,리스본,20250924,13:00,13:00,13:39,여객,지연,운항 기준 및 승무원 관련 지연,B787-9,269,"A,B,C,D"
출발,인천,대한항공,KE843,청도,20250924,13:05,13:05,13:50,여객,지연,항공교통흐름에 의한 지연,B737-900,188,"A,B,C,D"
출발,인천,에어서울,RS713,간사이,20250924,13:15,13:55,14:39,여객,지연,항공기 연결에 의한 지연,A321,195,"E,F,G,L"
출발,인천,대한항공,KE931,로마,20250924,13:20,14:08,14:08,여객,지연,항공교통흐름에 의한 지연,B777-300ER,277,"A,B,C,D"
출발,인천,에어서울,RS745,요나고,20250924,13:25,13:40,14:30,여객,지연,항공기 정비에 의한 지연,A321,195,"E,F,G,L"
출발,인천,대한항공,KE951,두바이,20250924,13:25,13:25,13:55,여객,출발,,B777-300ER,277,"A,B,C,D"
출발,인천,샤먼항공,MF872,샤먼 가오치,20250924,13:30,13:30,13:41,여객,출발,,B737-800,168,"J,F,G,L"
출발,인천,대한항공,KE927,밀라노,20250924,13:40,13:40,14:30,여객,지연,항공교통흐름에 의한 지연,B787-9,269,"A,B,C,D"
출발,인천,대한항공,KE955,이스탄불,20250924,13:40,13:40,14:22,여객,지연,여객 및 화물처리에 의한 지연,B777-300ER,277,"A,B,C,D"
출발,인천,대한항공,KE789,후쿠오카,20250924,13:45,13:45,14:18,여객,지연,항공교통흐름에 의한 지연,B737-900,188,"A,B,C,D"
출발,인천,진에어,LJ861,청도,20250924,13:50,14:05,14:26,여객,지연,공항 및 출입국 절차에 의한 지연,B737-800,189,"H,F,G,L"
출발,인천,에어서울,RS723,후쿠오카,20250924,14:25,14:25,14:44,여객,출발,,A321,195,"E,F,G,L"
출발,인천,대한항공,KE017,로스앤젤레스,20250924,14:30,14:30,14:51,여객,출발,,B747-8i,368,"A,B,C,D"
출발,인천,진에어,LJ359,다카마쓰,20250924,14:30,14:30,14:46,여객,출발,,B737-800,189,"H,F,G,L"
출발,인천,대한항공,KE833,심양,20250924,14:35,14:35,14:58,여객,출발,,B737-900,188,"A,B,C,D"
출발,인천,대한항공,KE643,싱가포르,20250924,14:45,14:45,15:08,여객,출발,,A330-300,272,"A,B,C,D"
출발,인천,진에어,LJ209,도쿄/나리타,20250924,14:45,14:45,15:12,여객,출발,,B737-800,189,"H,F,G,L"
출발,인천,대한항공,KE725,간사이,20250924,14:55,14:55,15:20,여객,출발,,A321neo,182,"A,B,C,D"
출발,인천,대한항공,KE627,자카르타(수카르노 하타),20250924,15:10,15:10,15:51,여객,출발,,A330-300,272,"A,B,C,D"
출발,인천,대한항공,KE189,타이중,20250924,15:15,15:15,15:45,여객,출발,,A321neo,182,"A,B,C,D"
출발,인천,에어서울,RS715,간사이,20250924,15:20,15:20,16:05,여객,지연,기타 원인에 의한 지연,A321,195,"E,F,G,L"
출발,인천,에어부산,BX176,간사이,20250924,15:25,15:25,16:02,여객,출발,,A321,195,"E,F,G,L"
출발,인천,대한항공,KE671,쿠알라룸푸르,20250924,15:40,15:40,16:09,여객,출발,,A330-300,272,"A,B,C,D"
출발,인천,대한항공,KE733,고베,20250924,15:50,15:50,16:23,여객,출발,,A321neo,182,"A,B,C,D"
출발,인천,에어부산,BX166,도쿄/나리타,20250924,15:50,15:50,16:15,여객,출발,,A321,195,"E,F,G,L"
출발,인천,대한항공,KE023,샌프란시스코,20250924,16:00,16:00,16:26,여객,출발,,B777-300ER,277,"A,B,C,D"
출발,인천,진에어,LJ265,후쿠오카,20250924,16:00,16:00,16:21,여객,출발,,B737-800,189,"H,F,G,L"
출발,인천,진에어,LJ347,나고야,20250924,16:05,16:05,16:38,여객,출발,,B737-800,189,"H,F,G,L"
출발,인천,진에어,LJ239,간사이,20250924,16:05,16:05,16:44,여객,출발,,B737-800,189,"H,F,G,L"
출발,인천,대한항공,KE187,타오위안,20250924,16:10,16:10,16:40,여객,출발,,A321neo,182,"A,B,C,D"
출발,인천,대한항공,KE633,덴파사(응우라 라이),20250924,16:10,16:10,16:36,여객,출발,,A330-300,272,"A,B,C,D"
출발,인천,델타항공,DL188,애틀랜타,20250924,16:25,16:25,16:48,여객,출발,,A350-900,306,"K,F,G,L"
출발,인천,대한항공,KE041,시애틀,20250924,16:40,16:40,17:06,여객,출발,,A330-300,272,"A,B,C,D"
출발,인천,에어서울,RS703,도쿄/나리타,20250924,16:45,17:20,18:00,여객,지연,항공기 연결에 의한 지연,A321,195,"E,F,G,L"
출발,인천,진에어,LJ271,후쿠오카,20250924,17:00,17:00,17:34,여객,출발,,B737-800,189,"H,F,G,L"
출발,인천,대한항공,KE713,도쿄/나리타,20250924,17:05,17:05,17:26,여객,출발,,A321neo,182,"A,B,C,D"
출발,인천,대한항공,KE1405,김해,20250924,17:10,17:10,17:49,여객,출발,,B737-900,188,
출발,인천,진에어,LJ009,치앙마이,20250924,17:10,17:10,17:47,여객,출발,,B737-800,189,"H,F,G,L"
출발,인천,대한항공,KE485,푸꾸옥,20250924,17:10,17:10,17:37,여객,출발,,B737-900,188,"A,B,C,D"
출발,인천,에어부산,BX747,수안나폼(방콕),20250924,17:15,17:15,17:50,여객,출발,,A321,195,"E,F,G,L"
출발,인천,대한항공,KE8425,괌,20250924,17:15,17:15,17:32,여객,출발,,B737-900,188,"A,B,C,D"
출발,인천,진에어,LJ919,괌,20250924,17:35,17:35,17:57,여객,출발,,B737-800,189,"H,F,G,L"
출발,인천,대한항공,KE629,덴파사(응우라 라이),20250924,17:45,17:45,18:13,여객,출발,,A330-300,272,"A,B,C,D"
출발,인천,대한항공,KE411,오클랜드,20250924,18:00,18:00,18:23,여객,출발,,B787-9,269,"A,B,C,D"
출발,인천,대한항공,KE651,수안나폼(방콕),20250924,18:05,18:05,19:00,여객,지연,운항 기준 및 승무원 관련 지연,A330-300,272,"A,B,C,D"
출발,인천,대한항공,KE461,다낭,20250924,18:20,18:20,18:48,여객,출발,,B737-900,188,"A,B,C,D"
출발,인천,대한항공,KE667,치앙마이,20250924,18:25,19:03,19:11,여객,지연,항공교통흐름에 의한 지연,B737-900,188,"A,B,C,D"
출발,인천,대한항공,KE1407,김해,20250924,18:25,18:25,19:07,여객,출발,,B737-900,188,
출발,인천,대한항공,KE705,도쿄/나리타,20250924,18:35,18:35,19:20,여객,지연,여객 및 화물처리에 의한 지연,A321neo,182,"A,B,C,D"
출발,인천,대한항공,KE871,대련,20250924,18:35,19:09,19:15,여객,지연,항공교통흐름에 의한 지연,B737-900,188,"A,B,C,D"
출발,인천,대한항공,KE161,쿤밍,20250924,18:40,19:00,19:34,여객,지연,항공기 연결에 의한 지연,B737-900,188,"A,B,C,D"
출발,인천,대한항공,KE645,싱가포르,20250924,18:40,19:32,19:28,여객,지연,항공교통흐름에 의한 지연,A330-300,272,"A,B,C,D"
출발,인천,대한항공,KE781,후쿠오카,20250924,18:40,19:14,19:28,여객,지연,항공교통흐름에 의한 지연,B737-900,188,"A,B,C,D"
출발,인천,델타항공,DL170,미니애폴리스,20250924,18:40,19:45,20:16,여객,지연,항공기 연결에 의한 지연,A350-900,306,"K,F,G,L"
출발,인천,대한항공,KE423,괌,20250924,18:40,18:40,19:17,여객,출발,,B737-900,188,"A,B,C,D"
출발,인천,대한항공,KE071,밴쿠버,20250924,18:45,18:45,19:18,여객,출발,,B787-9,269,"A,B,C,D"
출발,인천,대한항공,KE453,노이바이(하노이),20250924,18:45,19:15,19:48,여객,지연,항공기 연결에 의한 지연,B737-900,188,"A,B,C,D"
출발,인천,대한항공,KE475,떤 선녓(호찌민),20250924,18:45,19:15,19:57,여객,지연,항공기 연결에 의한 지연,B737-900,188,"A,B,C,D"
출발,인천,대한항공,KE623,마닐라,20250924,18:50,18:50,19:22,여객,출발,,B737-900,188,"A,B,C,D"
출발,인천,대한항공,KE743,나고야,20250924,18:50,19:34,19:35,여객,지연,여객 및 화물처리에 의한 지연,A321neo,182,"A,B,C,D"
출발,인천,델타항공,DL26,애틀랜타,20250924,18:50,18:50,19:23,여객,출발,,A350-900,306,"K,F,G,L"
출발,인천,대한항공,KE689,프놈펜,20250924,18:50,19:10,19:50,여객,지연,항공기 연결에 의한 지연,B737-900,188,"A,B,C,D"
출발,인천,대한항공,KE895,푸동,20250924,18:55,19:15,19:46,여객,지연,항공기 연결에 의한 지연,A330-300,272,"A,B,C,D"
출발,인천,대한항공,KE721,간사이,20250924,19:00,19:56,20:05,여객,지연,항공기 연결에 의한 지연,A321neo,182,"A,B,C,D"
출발,인천,대한항공,KE401,시드니,20250924,19:10,19:10,19:42,여객,출발,,A380-800,407,"A,B,C,D"
출발,인천,진에어,LJ131,코타키나발루,20250924,19:10,19:10,19:40,여객,출발,,B737-800,189,"H,F,G,L"
출발,인천,델타항공,DL196,시애틀,20250924,19:20,19:20,19:32,여객,출발,,A330-900neo,281,"K,F,G,L"
출발,인천,대한항공,KE163,장가계,20250924,19:25,19:25,20:01,여객,지연,항공교통흐름에 의한 지연,B737-900,188,"A,B,C,D"
출발,인천,에어서울,RS581,팡라로,20250924,19:25,19:45,20:06,여객,지연,공항 및 출입국 절차에 의한 지연,A321,195,"E,F,G,L"
출발,인천,대한항공,KE085,뉴욕,20250924,19:30,20:00,20:26,여객,지연,항공기 연결에 의한 지연,B747-8i,368,"A,B,C,D"
출발,인천,대한항공,KE1431,대구,20250924,19:30,19:50,20:18,여객,지연,항공교통흐름에 의한 지연,B737-900,188,
출발,인천,대한항공,KE1409,김해,20250924,19:35,19:35,20:03,여객,출발,,B737-900,188,
출발,인천,델타항공,DL172,솔트레이크시티,20250924,19:40,19:40,20:08,여객,출발,,A350-900,306,"K,F,G,L"
출발,인천,대한항공,KE477,떤 선녓(호찌민),20250924,19:45,19:45,20:20,여객,출발,,B737-900,188,"A,B,C,D"
출발,인천,대한항공,KE659,수안나폼(방콕),20250924,19:45,19:45,20:11,여객,출발,,B737-900,188,"A,B,C,D"
출발,인천,에어서울,RS527,깜라인(나트랑),20250924,19:50,19:50,20:47,여객,지연,항공교통흐름에 의한 지연,A321,195,"E,F,G,L"
출발,인천,대한항공,KE853,베이징,20250924,20:00,20:00,20:29,여객,출발,,A330-300,272,"A,B,C,D"
출발,인천,대한항공,KE467,깜라인(나트랑),20250924,20:00,20:00,20:29,여객,출발,,B737-900,188,"A,B,C,D"
출발,인천,대한항공,KE615,세부,20250924,20:05,20:05,20:40,여객,출발,,B737-900,188,"A,B,C,D"
출발,인천,대한항공,KE407,브리즈번,20250924,20:05,20:05,20:34,여객,출발,,A330-300,272,"A,B,C,D"
출발,인천,대한항공,KE625,마닐라,20250924,20:15,20:15,20:42,여객,출발,,B737-900,188,"A,B,C,D"
출발,인천,진에어,LJ081,다낭,20250924,20:25,20:25,20:53,여객,출발,,B737-800,189,"H,F,G,L"
출발,인천,대한항공,KE011,로스앤젤레스,20250924,20:25,20:25,20:59,여객,출발,,A380-800,407,"A,B,C,D"
출발,인천,대한항공,KE719,하네다,20250924,20:30,20:30,20:52,여객,출발,,A321neo,182,"A,B,C,D"
출발,인천,중화항공,CI163,타오위안,20250924,20:35,20:35,20:56,여객,출발,,A330-300,277,"J,F,G,L"
출발,인천,샤먼항공,MF878,푸저우(복주),20250924,20:35,20:35,20:49,여객,출발,,B737-800,168,"J,F,G,L"
출발,인천,진에어,LJ087,깜라인(나트랑),20250924,20:40,20:40,21:17,여객,지연,,B737-800,189,"H,F,G,L"
출발,인천,진에어,LJ917,괌,20250924,20:50,20:50,21:28,여객,출발,,B737-800,189,"H,F,G,L"
출발,인천,에어서울,RS511,다낭,20250924,20:55,21:25,22:00,여객,지연,항공기 연결에 의한 지연,A321,195,"E,F,G,L"
출발,인천,대한항공,KE005,라스베이거스,20250924,21:00,21:00,21:19,여객,출발,,B777-300ER,277,"A,B,C,D"
출발,인천,대한항공,KE053,호놀룰루,20250924,21:05,21:05,21:30,여객,출발,,A330-300,272,"A,B,C,D"
출발,인천,대한항공,KE655,수안나폼(방콕),20250924,21:15,21:15,21:35,여객,출발,,A330-300,272,"A,B,C,D"
출발,인천,에어부산,BX787,깜라인(나트랑),20250924,21:30,22:32,22:54,여객,지연,항공교통흐름에 의한 지연,A321,195,"E,F,G,L"
출발,인천,네덜란드항공,KL856,암스테르담,20250924,22:25,22:25,22:42,여객,출발,,B787-9,294,"M,F,G,L"
출발,인천,대한항공,KE619,마닐라,20250924,22:35,22:35,23:04,여객,출발,,A330-300,272,"A,B,C,D"
출발,인천,대한항공,KE075,밴쿠버,20250924,22:40,22:40,23:09,여객,출발,,B787-9,269,"A,B,C,D"
출발,인천,스칸디나비아항공,SK988,코펜하겐,20250924,23:45,23:45,23:55,여객,출발,,A350-900,300,"K,F,G,L"
출발,인천,대한항공,KE647,싱가포르,20250925,00:05,23:50,00:10,여객,출발,,B777-300ER,277,"A,B,C,D"
출발,인천,대한항공,KE1401,김해,20250925,06:35,06:35,07:02,여객,출발,,B737-900,188,
출발,인천,에어서울,RS711,간사이,20250925,07:15,07:15,07:44,여객,출발,,A321,195,"E,F,G,L"
출발,인천,에어부산,BX164,도쿄/나리타,20250925,07:15,07:15,07:37,여객,출발,,A321,195,"E,F,G,L"
출발,인천,진에어,LJ261,후쿠오카,20250925,07:15,07:15,07:28,여객,출발,,B737-800,189,"H,F,G,L"
출발,인천,에어부산,BX156,후쿠오카,20250925,07:20,07:20,07:42,여객,출발,,A321,195,"E,F,G,L"
출발,인천,에어서울,RS727,후쿠오카,20250925,07:20,07:20,07:52,여객,출발,,A321,195,"E,F,G,L"
출발,인천,대한항공,KE787,후쿠오카,20250925,07:25,07:25,07:56,여객,출발,,B737-900,188,"A,B,C,D"
출발,인천,진에어,LJ201,도쿄/나리타,20250925,07:25,07:25,07:50,여객,출발,,B737-800,189,"H,F,G,L"
출발,인천,진에어,LJ345,나고야,20250925,07:30,07:54,08:18,여객,지연,공항 및 출입국 절차에 의한 지연,B737-800,189,"H,F,G,L"
출발,인천,대한항공,KE795,나가사키,20250925,07:30,07:30,07:48,여객,출발,,B737-900,188,"A,B,C,D"
출발,인천,진에어,LJ231,간사이,20250925,07:40,07:40,08:12,여객,출발,,B737-800,189,"H,F,G,L"
출발,인천,대한항공,KE173,홍콩,20250925,07:45,07:45,08:12,여객,출발,,A321neo,182,"A,B,C,D"
출발,인천,대한항공,KE621,마닐라,20250925,07:50,07:50,08:16,여객,출발,,B737-900,188,"A,B,C,D"
출발,인천,진에어,LJ731,타오위안,20250925,07:50,08:11,08:27,여객,지연,공항 및 출입국 절차에 의한 지연,B737-800,189,"H,F,G,L"
출발,인천,대한항공,KE845,청도,20250925,07:50,09:10,09:41,여객,지연,기상에 의한 지연,B737-900,188,"A,B,C,D"
출발,인천,대한항공,KE131,정저우,20250925,08:00,08:00,08:25,여객,출발,,B737-900,188,"A,B,C,D"
출발,인천,대한항공,KE441,노이바이(하노이),20250925,08:00,08:00,08:18,여객,출발,,A330-300,272,"A,B,C,D"
출발,인천,대한항공,KE197,칭기즈칸(신 울란바토르) 국제공항,20250925,08:10,08:10,08:29,여객,출발,,B737-900,188,"A,B,C,D"
출발,인천,대한항공,KE767,아오모리,20250925,08:10,08:10,08:29,여객,출발,,B737-900,188,"A,B,C,D"
출발,인천,진에어,LJ357,시모지시마,20250925,08:10,08:10,08:40,여객,출발,,B737-800,189,"H,F,G,L"
출발,인천,대한항공,KE859,베이징,20250925,08:15,08:15,08:33,여객,출발,,B777-300ER,277,"A,B,C,D"
출발,인천,대한항공,KE127,푸저우(복주),20250925,08:20,08:20,08:36,여객,출발,,B737-900,188,"A,B,C,D"
출발,인천,대한항공,KE1403,김해,20250925,08:20,08:20,08:40,여객,출발,,B737-900,188,
출발,인천,진에어,LJ301,삿포로,20250925,08:20,08:20,08:41,여객,출발,,B737-800,189,"H,F,G,L"
출발,인천,대한항공,KE893,푸동,20250925,08:25,08:25,08:56,여객,출발,,A330-300,272,"A,B,C,D"
출발,인천,대한항공,KE731,고베,20250925,08:25,08:25,08:52,여객,출발,,A321neo,182,"A,B,C,D"
출발,인천,에어 프랑스,AF267,파리,20250925,08:30,08:30,09:04,여객,지연,항공교통흐름에 의한 지연,B777-300ER,296,"M,F,G,L"
출발,인천,대한항공,KE827,선전(심천),20250925,08:40,08:40,09:01,여객,출발,,B737-900,188,"A,B,C,D"
출발,인천,에어서울,RS741,다카마쓰,20250925,08:45,08:45,08:58,여객,출발,,A321,195,"E,F,G,L"
출발,인천,대한항공,KE831,심양,20250925,08:45,08:05,08:22,여객,출발,,B737-900,188,"A,B,C,D"
출발,인천,대한항공,KE865,광저우,20250925,08:50,09:10,09:34,여객,지연,항공기 연결에 의한 지연,A330-300,272,"A,B,C,D"
출발,인천,대한항공,KE137,우한,20250925,08:50,08:50,09:07,여객,출발,,B737-900,188,"A,B,C,D"
출발,인천,대한항공,KE819,창사(장사),20250925,09:00,09:00,09:36,여객,지연,항공기 정비에 의한 지연,B737-900,188,"A,B,C,D"
출발,인천,대한항공,KE469,떤 선녓(호찌민),20250925,09:05,09:05,09:30,여객,출발,,A330-300,272,"A,B,C,D"
출발,인천,진에어,LJ361,이시가키,20250925,09:05,09:25,09:46,여객,지연,공항 및 출입국 절차에 의한 지연,B737-800,189,"H,F,G,L"
출발,인천,대한항공,KE811,시안,20250925,09:10,09:10,09:48,여객,지연,여객 및 화물처리에 의한 지연,B737-900,188,"A,B,C,D"
출발,인천,대한항공,KE805,천진,20250925,09:10,09:10,09:32,여객,출발,,B737-900,188,"A,B,C,D"
출발,인천,에어부산,BX172,간사이,20250925,09:15,09:15,09:43,여객,출발,,A321,195,"E,F,G,L"
출발,인천,대한항공,KE035,애틀랜타,20250925,09:20,09:20,09:53,여객,출발,,B777-300ER,277,"A,B,C,D"
출발,인천,진에어,LJ913,괌,20250925,09:20,09:20,09:51,여객,출발,,B737-800,189,"H,F,G,L"
출발,인천,에어서울,RS701,도쿄/나리타,20250925,09:25,09:45,10:16,여객,지연,여객 및 화물처리에 의한 지연,A321,195,"E,F,G,L"
출발,인천,대한항공,KE031,댈러스,20250925,09:30,09:30,10:27,여객,지연,항공교통흐름에 의한 지연,B787-9,269,"A,B,C,D"
출발,인천,대한항공,KE091,보스턴,20250925,09:30,09:30,10:00,여객,출발,,B787-9,269,"A,B,C,D"
출발,인천,대한항공,KE777,구마모토,20250925,09:30,09:30,10:09,여객,지연,여객 및 화물처리에 의한 지연,B737-900,188,"A,B,C,D"
출발,인천,에어서울,RS745,요나고,20250925,09:30,09:30,09:56,여객,출발,,A321,195,"E,F,G,L"
출발,인천,대한항공,KE755,오키나와,20250925,09:30,09:30,10:06,여객,출발,,B737-900,188,"A,B,C,D"
출발,인천,대한항공,KE657,수안나폼(방콕),20250925,09:30,09:30,09:54,여객,출발,,A330-300,272,"A,B,C,D"
출발,인천,대한항공,KE073,토론토,20250925,09:35,09:35,10:07,여객,출발,,B777-300ER,277,"A,B,C,D"
출발,인천,대한항공,KE723,간사이,20250925,09:35,09:35,10:03,여객,출발,,A321neo,182,"A,B,C,D"
출발,인천,대한항공,KE763,니가타,20250925,09:40,09:40,10:24,여객,지연,여객 및 화물처리에 의한 지연,B737-900,188,"A,B,C,D"
출발,인천,대한항공,KE421,괌,20250925,09:45,09:45,10:13,여객,출발,,B737-900,188,"A,B,C,D"
출발,인천,진에어,LJ205,도쿄/나리타,20250925,09:45,09:45,10:18,여객,출발,,B737-800,189,"H,F,G,L"
출발,인천,대한항공,KE913,마드리드,20250925,09:55,09:55,10:27,여객,출발,,B787-9,269,"A,B,C,D"
출발,인천,진에어,LJ341,오키나와,20250925,09:55,09:55,10:15,여객,출발,,B737-800,189,"H,F,G,L"
출발,인천,대한항공,KE081,뉴욕,20250925,10:00,10:00,10:43,여객,지연,항공기 연결에 의한 지연,A380-800,407,"A,B,C,D"
출발,인천,대한항공,KE765,삿포로,20250925,10:05,10:05,10:32,여객,출발,,B737-900,188,"A,B,C,D"
출발,인천,대한항공,KE703,도쿄/나리타,20250925,10:10,10:10,10:46,여객,출발,,A321neo,182,"A,B,C,D"
출발,인천,델타항공,DL158,디트로이트,20250925,10:15,10:15,10:35,여객,출발,,A350-900,306,"K,F,G,L"
출발,인천,대한항공,KE125,샤먼 가오치,20250925,10:20,10:20,10:56,여객,출발,,B737-900,188,"A,B,C,D"
출발,인천,대한항공,KE169,마카오,20250925,10:20,10:20,10:53,여객,출발,,A321neo,182,"A,B,C,D"
출발,인천,대한항공,KE093,워싱톤,20250925,10:25,10:25,10:56,여객,출발,,B777-300ER,277,"A,B,C,D"
출발,인천,대한항공,KE185,타오위안,20250925,10:30,10:30,11:00,여객,출발,,A321neo,182,"A,B,C,D"
출발,인천,대한항공,KE741,나고야,20250925,10:35,10:35,11:02,여객,출발,,A321neo,182,"A,B,C,D"
출발,인천,가루다인도네시아,GA879,자카르타(수카르노 하타),20250925,10:35,10:35,11:09,여객,출발,,A330-900neo,301,"J,F,G,L"
출발,인천,대한항공,KE037,시카고,20250925,10:40,11:05,11:31,여객,지연,공항 및 출입국 절차에 의한 지연,B777-300ER,277,"A,B,C,D"
출발,인천,대한항공,KE457,다낭,20250925,10:55,10:55,11:17,여객,출발,,B737-900,188,"A,B,C,D"
출발,인천,대한항공,KE907,런던히드로,20250925,10:55,10:55,12:06,여객,지연,항공교통흐름에 의한 지연,A380-800,407,"A,B,C,D"
출발,인천,대한항공,KE917,취리히,20250925,11:05,11:05,11:19,여객,출발,,B787-9,269,"A,B,C,D"
출발,인천,대한항공,KE791,후쿠오카,20250925,11:05,11:05,11:24,여객,출발,,B737-900,188,"A,B,C,D"
출발,인천,대한항공,KE897,푸동,20250925,11:10,11:10,11:37,여객,출발,,B777-300ER,277,"A,B,C,D"
출발,인천,대한항공,KE901,파리,20250925,11:10,11:10,11:53,여객,지연,항공교통흐름에 의한 지연,B777-300ER,277,"A,B,C,D"
출발,인천,에어부산,BX158,후쿠오카,20250925,11:25,11:25,11:45,여객,출발,,A321,195,"E,F,G,L"
출발,인천,가루다인도네시아,GA871,덴파사(응우라 라이),20250925,11:25,11:41,11:57,여객,지연,항공기 연결에 의한 지연,A330-300,251,"J,F,G,L"
출발,인천,아에로멕시코,AM091,멕시코시티,20250925,11:40,11:40,12:03,여객,출발,,B787-9,274,"H,F,G,L"
출발,인천,대한항공,KE925,암스테르담,20250925,11:55,11:55,12:27,여객,출발,,B777-300ER,277,"A,B,C,D"
출발,인천,중화항공,CI165,가오슝,20250925,12:05,12:05,12:16,여객,출발,,A321neo,180,"J,F,G,L"
출발,인천,진에어,LJ263,후쿠오카,20250925,12:10,12:10,12:44,여객,출발,,B737-800,189,"H,F,G,L"
출발,인천,에어서울,RS811,장가계,20250925,12:20,12:20,12:42,여객,출발,,A321,195,"E,F,G,L"
출발,인천,대한항공,KE769,삿포로,20250925,12:35,12:35,12:45,여객,출발,,B737-900,188,"A,B,C,D"
출발,인천,대한항공,KE803,천진,20250925,12:35,12:35,12:59,여객,출발,,B737-900,188,"A,B,C,D"
출발,인천,대한항공,KE963,부다페스트,20250925,12:35,12:35,13:05,여객,출발,,B787-9,269,"A,B,C,D"
출발,인천,중화항공,CI161,타오위안,20250925,12:35,12:55,13:18,여객,지연,항공기 연결에 의한 지연,A330-300,277,"J,F,G,L"
출발,인천,에어부산,BX174,간사이,20250925,12:40,12:40,12:58,여객,출발,,A321,195,"E,F,G,L"
출발,인천,대한항공,KE497,델리,20250925,12:55,12:55,13:29,여객,지연,항공기 연결에 의한 지연,B787-9,269,"A,B,C,D"
출발,인천,대한항공,KE869,대련,20250925,13:00,13:00,13:35,여객,출발,,B737-900,188,"A,B,C,D"
출발,인천,대한항공,KE843,청도,20250925,13:05,13:05,13:28,여객,출발,,B737-900,188,"A,B,C,D"
출발,인천,에어서울,RS713,간사이,20250925,13:15,13:15,13:40,여객,출발,,A321,195,"E,F,G,L"
출발,인천,대한항공,KE175,홍콩,20250925,13:25,13:25,14:08,여객,지연,항공기 연결에 의한 지연,A321neo,182,"A,B,C,D"
출발,인천,대한항공,KE135,허페이,20250925,13:25,13:25,13:34,여객,출발,,B737-900,188,"A,B,C,D"
출발,인천,대한항공,KE951,두바이,20250925,13:25,13:25,13:46,여객,출발,,B777-300ER,277,"A,B,C,D"
출발,인천,샤먼항공,MF872,샤먼 가오치,20250925,13:30,13:30,13:38,여객,출발,,B737-800,168,"J,F,G,L"
출발,인천,대한항공,KE789,후쿠오카,20250925,13:45,15:25,16:00,여객,지연,항공기 연결에 의한 지연,B737-900,188,"A,B,C,D"
출발,인천,에어서울,RS723,후쿠오카,20250925,14:25,14:25,14:38,여객,출발,,A321,195,"E,F,G,L"
출발,인천,대한항공,KE017,로스앤젤레스,20250925,14:30,15:00,15:14,여객,지연,항공기 연결에 의한 지연,B747-8i,368,"A,B,C,D"
출발,인천,진에어,LJ359,다카마쓰,20250925,14:30,14:30,14:53,여객,출발,,B737-800,189,"H,F,G,L"
출발,인천,대한항공,KE833,심양,20250925,14:35,14:35,14:47,여객,출발,,B737-900,188,"A,B,C,D"
출발,인천,대한항공,KE643,싱가포르,20250925,14:45,14:45,15:04,여객,출발,,A330-300,272,"A,B,C,D"
출발,인천,진에어,LJ209,도쿄/나리타,20250925,14:45,14:45,15:10,여객,출발,,B737-800,189,"H,F,G,L"
출발,인천,대한항공,KE725,간사이,20250925,14:55,16:30,17:21,여객,지연,항공기 연결에 의한 지연,A321neo,182,"A,B,C,D"
출발,인천,대한항공,KE627,자카르타(수카르노 하타),20250925,15:10,15:10,15:47,여객,지연,공항 및 출입국 절차에 의한 지연,A330-300,272,"A,B,C,D"
출발,인천,대한항공,KE189,타이중,20250925,15:15,15:15,15:38,여객,출발,,A321neo,182,"A,B,C,D"
출발,인천,에어서울,RS715,간사이,20250925,15:20,15:20,15:48,여객,출발,,A321,195,"E,F,G,L"
출발,인천,에어부산,BX176,간사이,20250925,15:25,15:25,15:58,여객,출발,,A321,195,"E,F,G,L"
출발,인천,대한항공,KE671,쿠알라룸푸르,20250925,15:40,15:40,16:11,여객,출발,,A330-300,272,"A,B,C,D"
출발,인천,대한항공,KE733,고베,20250925,15:50,15:50,16:23,여객,출발,,A321neo,182,"A,B,C,D"
출발,인천,에어부산,BX166,도쿄/나리타,20250925,15:50,15:50,16:20,여객,출발,,A321,195,"E,F,G,L"
출발,인천,대한항공,KE023,샌프란시스코,20250925,16:00,16:30,16:58,여객,지연,항공기 연결에 의한 지연,B777-300ER,277,"A,B,C,D"
출발,인천,진에어,LJ265,후쿠오카,20250925,16:00,16:14,16:39,여객,지연,공항 및 출입국 절차에 의한 지연,B737-800,189,"H,F,G,L"
출발,인천,진에어,LJ347,나고야,20250925,16:05,16:35,17:24,여객,지연,항공기 연결에 의한 지연,B737-800,189,"H,F,G,L"
출발,인천,진에어,LJ239,간사이,20250925,16:05,16:05,16:28,여객,출발,,B737-800,189,"H,F,G,L"
출발,인천,대한항공,KE187,타오위안,20250925,16:10,16:10,16:34,여객,출발,,A321neo,182,"A,B,C,D"
출발,인천,대한항공,KE633,덴파사(응우라 라이),20250925,16:10,16:10,16:44,여객,출발,,A330-300,272,"A,B,C,D"
출발,인천,델타항공,DL188,애틀랜타,20250925,16:25,16:25,16:49,여객,출발,,A350-900,306,"K,F,G,L"
출발,인천,대한항공,KE041,시애틀,20250925,16:40,16:40,17:15,여객,출발,,A330-300,272,"A,B,C,D"
출발,인천,에어서울,RS703,도쿄/나리타,20250925,16:45,17:30,18:00,여객,지연,항공기 연결에 의한 지연,A321,195,"E,F,G,L"
출발,인천,진에어,LJ271,후쿠오카,20250925,17:00,17:00,17:26,여객,출발,,B737-800,189,"H,F,G,L"
출발,인천,대한항공,KE713,도쿄/나리타,20250925,17:05,17:05,17:32,여객,출발,,A321neo,182,"A,B,C,D"
출발,인천,대한항공,KE1405,김해,20250925,17:10,17:10,17:30,여객,출발,,B737-900,188,
출발,인천,진에어,LJ009,치앙마이,20250925,17:10,17:10,17:41,여객,출발,,B737-800,189,"H,F,G,L"
출발,인천,에어부산,BX747,수안나폼(방콕),20250925,17:15,17:15,17:47,여객,출발,,A321,195,"E,F,G,L"
출발,인천,대한항공,KE8425,괌,20250925,17:15,17:15,17:35,여객,출발,,B737-900,188,"A,B,C,D"
출발,인천,진에어,LJ919,괌,20250925,17:35,17:35,17:55,여객,출발,,B737-800,189,"H,F,G,L"
출발,인천,대한항공,KE629,덴파사(응우라 라이),20250925,17:45,17:45,18:15,여객,출발,,A330-300,272,"A,B,C,D"
출발,인천,대한항공,KE663,푸껫,20250925,17:50,18:05,18:30,여객,지연,기타 원인에 의한 지연,B737-900,188,"A,B,C,D"
출발,인천,대한항공,KE651,수안나폼(방콕),20250925,18:05,18:05,18:24,여객,출발,,A330-300,272,"A,B,C,D"
출발,인천,대한항공,KE461,다낭,20250925,18:20,18:35,18:59,여객,지연,항공기 연결에 의한 지연,B737-900,188,"A,B,C,D"
출발,인천,대한항공,KE667,치앙마이,20250925,18:25,18:25,18:56,여객,출발,,B737-900,188,"A,B,C,D"
출발,인천,대한항공,KE1407,김해,20250925,18:25,18:45,19:17,여객,지연,항공기 연결에 의한 지연,B737-900,188,
출발,인천,대한항공,KE705,도쿄/나리타,20250925,18:35,18:35,18:57,여객,출발,,A321neo,182,"A,B,C,D"
출발,인천,대한항공,KE781,후쿠오카,20250925,18:40,18:40,19:13,여객,지연,여객 및 화물처리에 의한 지연,B737-900,188,"A,B,C,D"
출발,인천,대한항공,KE645,싱가포르,20250925,18:40,19:50,20:13,여객,지연,항공기 연결에 의한 지연,A330-300,272,"A,B,C,D"
출발,인천,델타항공,DL170,미니애폴리스,20250925,18:40,18:40,18:54,여객,출발,,A350-900,306,"K,F,G,L"
출발,인천,대한항공,KE423,괌,20250925,18:40,18:40,19:02,여객,출발,,B737-900,188,"A,B,C,D"
출발,인천,대한항공,KE071,밴쿠버,20250925,18:45,18:45,19:09,여객,출발,,B787-9,269,"A,B,C,D"
출발,인천,대한항공,KE453,노이바이(하노이),20250925,18:45,18:45,19:32,여객,지연,항공기 연결에 의한 지연,B737-900,188,"A,B,C,D"
출발,인천,대한항공,KE475,떤 선녓(호찌민),20250925,18:45,18:45,19:05,여객,출발,,B737-900,188,"A,B,C,D"
출발,인천,대한항공,KE623,마닐라,20250925,18:50,18:50,19:23,여객,지연,여객 및 화물처리에 의한 지연,B737-900,188,"A,B,C,D"
출발,인천,대한항공,KE743,나고야,20250925,18:50,18:50,19:18,여객,출발,,A321neo,182,"A,B,C,D"
출발,인천,델타항공,DL26,애틀랜타,20250925,18:50,18:50,19:14,여객,출발,,A350-900,306,"K,F,G,L"
출발,인천,대한항공,KE689,프놈펜,20250925,18:50,18:50,19:20,여객,출발,,B737-900,188,"A,B,C,D"
출발,인천,대한항공,KE895,푸동,20250925,18:55,18:55,19:28,여객,출발,,A330-300,272,"A,B,C,D"
출발,인천,대한항공,KE721,간사이,20250925,19:00,19:00,19:22,여객,출발,,A321neo,182,"A,B,C,D"
출발,인천,대한항공,KE401,시드니,20250925,19:10,19:10,19:44,여객,지연,기타 원인에 의한 지연,A380-800,407,"A,B,C,D"
출발,인천,진에어,LJ131,코타키나발루,20250925,19:10,19:10,19:36,여객,출발,,B737-800,189,"H,F,G,L"
출발,인천,델타항공,DL196,시애틀,20250925,19:20,19:58,20:15,여객,지연,항공기 연결에 의한 지연,A330-900neo,281,"K,F,G,L"
출발,인천,에어서울,RS581,팡라로,20250925,19:25,19:25,19:50,여객,출발,,A321,195,"E,F,G,L"
출발,인천,대한항공,KE085,뉴욕,20250925,19:30,20:00,20:33,여객,지연,기타 원인에 의한 지연,B747-8i,368,"A,B,C,D"
출발,인천,대한항공,KE1431,대구,20250925,19:30,19:30,19:48,여객,출발,,B737-900,188,
출발,인천,대한항공,KE1409,김해,20250925,19:35,19:35,20:01,여객,출발,,B737-900,188,
출발,인천,델타항공,DL172,솔트레이크시티,20250925,19:40,19:40,19:53,여객,출발,,A350-900,306,"K,F,G,L"
출발,인천,대한항공,KE177,홍콩,20250925,19:45,19:45,20:27,여객,출발,,A321neo,182,"A,B,C,D"
출발,인천,대한항공,KE477,떤 선녓(호찌민),20250925,19:45,20:23,20:48,여객,지연,항공기 정비에 의한 지연,B737-900,188,"A,B,C,D"
출발,인천,대한항공,KE659,수안나폼(방콕),20250925,19:45,20:10,20:40,여객,지연,여객 및 화물처리에 의한 지연,B737-900,188,"A,B,C,D"
출발,인천,에어서울,RS527,깜라인(나트랑),20250925,19:50,19:50,20:59,여객,지연,항공교통흐름에 의한 지연,A321,195,"E,F,G,L"
출발,인천,대한항공,KE467,깜라인(나트랑),20250925,20:00,20:00,20:23,여객,출발,,B737-900,188,"A,B,C,D"
출발,인천,대한항공,KE615,세부,20250925,20:05,20:05,20:36,여객,출발,,B737-900,188,"A,B,C,D"
출발,인천,대한항공,KE625,마닐라,20250925,20:15,20:43,21:09,여객,지연,여객 및 화물처리에 의한 지연,B737-900,188,"A,B,C,D"
출발,인천,진에어,LJ081,다낭,20250925,20:25,20:25,20:54,여객,출발,,B737-800,189,"H,F,G,L"
출발,인천,대한항공,KE011,로스앤젤레스,20250925,20:25,20:25,20:50,여객,출발,,A380-800,407,"A,B,C,D"
출발,인천,대한항공,KE719,하네다,20250925,20:30,20:50,21:23,여객,지연,항공기 연결에 의한 지연,A321neo,182,"A,B,C,D"
출발,인천,중화항공,CI163,타오위안,20250925,20:35,21:03,21:25,여객,지연,항공기 연결에 의한 지연,A330-300,277,"J,F,G,L"
출발,인천,샤먼항공,MF878,푸저우(복주),20250925,20:35,20:35,21:01,여객,출발,,B737-800,168,"J,F,G,L"
출발,인천,진에어,LJ087,깜라인(나트랑),20250925,20:40,20:40,21:15,여객,출발,,B737-800,189,"H,F,G,L"
출발,인천,대한항공,KE853,베이징,20250925,20:45,21:15,21:44,여객,지연,항공기 연결에 의한 지연,A330-300,272,"A,B,C,D"
출발,인천,진에어,LJ917,괌,20250925,20:50,21:34,21:40,여객,지연,항공기 연결에 의한 지연,B737-800,189,"H,F,G,L"
출발,인천,에어서울,RS511,다낭,20250925,20:55,21:10,21:41,여객,지연,항공기 연결에 의한 지연,A321,195,"E,F,G,L"
출발,인천,대한항공,KE005,라스베이거스,20250925,21:00,21:20,21:56,여객,지연,항공기 연결에 의한 지연,B777-300ER,277,"A,B,C,D"
출발,인천,대한항공,KE053,호놀룰루,20250925,21:05,21:05,21:35,여객,출발,,A330-300,272,"A,B,C,D"
출발,인천,대한항공,KE655,수안나폼(방콕),20250925,21:15,21:15,21:39,여객,출발,,A330-300,272,"A,B,C,D"
출발,인천,에어부산,BX787,깜라인(나트랑),20250925,21:30,23:10,23:44,여객,지연,항공기 정비에 의한 지연,A321,195,"E,F,G,L"
출발,인천,진에어,LJ885,엔스 쉬자핑,20250925,21:45,21:45,21:49,여객,출발,,B737-800,189,"H,F,G,L"
출발,인천,네덜란드항공,KL856,암스테르담,20250925,22:25,22:25,22:35,여객,출발,,B787-9,294,"M,F,G,L"
출발,인천,대한항공,KE619,마닐라,20250925,22:35,22:35,23:01,여객,출발,,A330-300,272,"A,B,C,D"
출발,인천,대한항공,KE647,싱가포르,20250926,00:05,23:35,00:11,여객,출발,,B777-300ER,277,"A,B,C,D"
출발,인천,대한항공,KE1401,김해,20250926,06:35,06:35,06:41,여객,출발,,B737-900,188,
출발,인천,에어서울,RS711,간사이,20250926,07:15,07:15,07:31,여객,출발,,A321,195,"E,F,G,L"
출발,인천,에어부산,BX164,도쿄/나리타,20250926,07:15,07:15,08:07,여객,지연,여객 및 화물처리에 의한 지연,A321,195,"E,F,G,L"
출발,인천,진에어,LJ261,후쿠오카,20250926,07:15,07:15,07:36,여객,출발,,B737-800,189,"H,F,G,L"
출발,인천,에어부산,BX156,후쿠오카,20250926,07:20,07:20,07:50,여객,출발,,A321,195,"E,F,G,L"
출발,인천,대한항공,KE787,후쿠오카,20250926,07:25,07:25,07:43,여객,출발,,B737-900,188,"A,B,C,D"
출발,인천,진에어,LJ201,도쿄/나리타,20250926,07:25,07:25,08:00,여객,출발,,B737-800,189,"H,F,G,L"
출발,인천,대한항공,KE771,오카야마,20250926,07:30,07:30,07:52,여객,출발,,B737-900,188,"A,B,C,D"
출발,인천,진에어,LJ345,나고야,20250926,07:30,07:30,07:45,여객,출발,,B737-800,189,"H,F,G,L"
출발,인천,진에어,LJ231,간사이,20250926,07:40,07:40,08:03,여객,출발,,B737-800,189,"H,F,G,L"
출발,인천,대한항공,KE173,홍콩,20250926,07:45,07:45,08:08,여객,출발,,A321neo,182,"A,B,C,D"
출발,인천,대한항공,KE621,마닐라,20250926,07:50,07:50,08:18,여객,출발,,B737-900,188,"A,B,C,D"
출발,인천,진에어,LJ731,타오위안,20250926,07:50,07:50,08:22,여객,출발,,B737-800,189,"H,F,G,L"
출발,인천,대한항공,KE845,청도,20250926,07:50,07:50,08:17,여객,출발,,B737-900,188,"A,B,C,D"
출발,인천,대한항공,KE131,정저우,20250926,08:00,08:00,08:21,여객,출발,,B737-900,188,"A,B,C,D"
출발,인천,대한항공,KE441,노이바이(하노이),20250926,08:00,08:00,08:29,여객,출발,,A330-300,272,"A,B,C,D"
출발,인천,대한항공,KE197,칭기즈칸(신 울란바토르) 국제공항,20250926,08:10,08:10,08:40,여객,출발,,B737-900,188,"A,B,C,D"
출발,인천,에어서울,RS705,도쿄/나리타,20250926,08:10,08:10,08:33,여객,출발,,A321,195,"E,F,G,L"
출발,인천,진에어,LJ241,간사이,20250926,08:10,08:10,08:45,여객,출발,,B737-800,189,"H,F,G,L"
출발,인천,대한항공,KE859,베이징,20250926,08:15,08:15,08:27,여객,출발,,B777-300ER,277,"A,B,C,D"
출발,인천,진에어,LJ203,도쿄/나리타,20250926,08:15,08:15,08:39,여객,출발,,B737-800,189,"H,F,G,L"
출발,인천,대한항공,KE1403,김해,20250926,08:20,08:20,08:50,여객,출발,,B737-900,188,
출발,인천,진에어,LJ301,삿포로,20250926,08:20,08:20,08:48,여객,출발,,B737-800,189,"H,F,G,L"
출발,인천,대한항공,KE893,푸동,20250926,08:25,08:25,08:56,여객,출발,,A330-300,272,"A,B,C,D"
출발,인천,대한항공,KE731,고베,20250926,08:25,08:25,09:05,여객,출발,,A321neo,182,"A,B,C,D"
출발,인천,에어서울,RS727,후쿠오카,20250926,08:25,08:25,09:00,여객,출발,,A321,195,"E,F,G,L"
출발,인천,에어 프랑스,AF267,파리,20250926,08:30,08:45,09:28,여객,지연,,B777-300ER,296,"M,F,G,L"
출발,인천,대한항공,KE775,고마쓰,20250926,08:35,08:35,09:02,여객,출발,,B737-900,188,"A,B,C,D"
출발,인천,에어서울,RS741,다카마쓰,20250926,08:45,09:25,10:09,여객,지연,항공기 연결에 의한 지연,A321,195,"E,F,G,L"
출발,인천,대한항공,KE831,심양,20250926,08:45,08:05,08:31,여객,출발,,B737-900,188,"A,B,C,D"
출발,인천,대한항공,KE865,광저우,20250926,08:50,08:50,09:27,여객,출발,,A330-300,272,"A,B,C,D"
출발,인천,대한항공,KE137,우한,20250926,08:50,08:50,09:06,여객,출발,,B737-900,188,"A,B,C,D"
출발,인천,대한항공,KE819,창사(장사),20250926,09:00,09:00,09:22,여객,출발,,B737-900,188,"A,B,C,D"
출발,인천,대한항공,KE469,떤 선녓(호찌민),20250926,09:05,09:42,10:06,여객,지연,항공교통흐름에 의한 지연,A330-300,272,"A,B,C,D"
출발,인천,진에어,LJ361,이시가키,20250926,09:05,09:05,09:32,여객,출발,,B737-800,189,"H,F,G,L"
출발,인천,대한항공,KE811,시안,20250926,09:10,09:10,09:50,여객,지연,여객 및 화물처리에 의한 지연,B737-900,188,"A,B,C,D"
출발,인천,대한항공,KE805,천진,20250926,09:10,09:38,09:58,여객,지연,항공교통흐름에 의한 지연,B737-900,188,"A,B,C,D"
출발,인천,에어부산,BX172,간사이,20250926,09:15,09:15,09:26,여객,출발,,A321,195,"E,F,G,L"
출발,인천,대한항공,KE035,애틀랜타,20250926,09:20,09:20,09:41,여객,출발,,B777-300ER,277,"A,B,C,D"
출발,인천,대한항공,KE785,가고시마,20250926,09:20,09:20,09:47,여객,출발,,B737-900,188,"A,B,C,D"
출발,인천,진에어,LJ913,괌,20250926,09:20,09:20,09:49,여객,출발,,B737-800,189,"H,F,G,L"
출발,인천,에어서울,RS701,도쿄/나리타,20250926,09:25,09:25,09:45,여객,출발,,A321,195,"E,F,G,L"
출발,인천,대한항공,KE031,댈러스,20250926,09:30,09:30,10:06,여객,출발,,B787-9,269,"A,B,C,D"
출발,인천,대한항공,KE091,보스턴,20250926,09:30,09:30,09:53,여객,출발,,B787-9,269,"A,B,C,D"
출발,인천,대한항공,KE755,오키나와,20250926,09:30,09:30,10:02,여객,출발,,B737-900,188,"A,B,C,D"
출발,인천,대한항공,KE657,수안나폼(방콕),20250926,09:30,09:30,09:55,여객,출발,,A330-300,272,"A,B,C,D"
출발,인천,대한항공,KE073,토론토,20250926,09:35,09:35,10:01,여객,출발,,B777-300ER,277,"A,B,C,D"
출발,인천,대한항공,KE723,간사이,20250926,09:35,09:35,09:57,여객,출발,,A321neo,182,"A,B,C,D"
출발,인천,대한항공,KE421,괌,20250926,09:45,09:45,10:11,여객,출발,,B737-900,188,"A,B,C,D"
출발,인천,진에어,LJ205,도쿄/나리타,20250926,09:45,09:45,10:13,여객,출발,,B737-800,189,"H,F,G,L"
출발,인천,대한항공,KE913,마드리드,20250926,09:55,10:15,10:34,여객,지연,여객 및 화물처리에 의한 지연,B787-9,269,"A,B,C,D"
출발,인천,진에어,LJ341,오키나와,20250926,09:55,09:55,10:20,여객,출발,,B737-800,189,"H,F,G,L"
출발,인천,대한항공,KE081,뉴욕,20250926,10:00,10:00,10:34,여객,출발,,A380-800,407,"A,B,C,D"
출발,인천,대한항공,KE765,삿포로,20250926,10:05,10:05,10:28,여객,출발,,B737-900,188,"A,B,C,D"
출발,인천,대한항공,KE703,도쿄/나리타,20250926,10:10,10:10,10:37,여객,출발,,A321neo,182,"A,B,C,D"
출발,인천,델타항공,DL158,디트로이트,20250926,10:15,10:15,10:17,여객,출발,,A350-900,306,"K,F,G,L"
출발,인천,대한항공,KE125,샤먼 가오치,20250926,10:20,10:20,10:45,여객,출발,,B737-900,188,"A,B,C,D"
출발,인천,대한항공,KE169,마카오,20250926,10:20,10:20,10:47,여객,출발,,A321neo,182,"A,B,C,D"
출발,인천,대한항공,KE093,워싱톤,20250926,10:25,10:25,10:50,여객,출발,,B777-300ER,277,"A,B,C,D"
출발,인천,대한항공,KE101,남경,20250926,10:25,10:25,10:43,여객,출발,,A321neo,182,"A,B,C,D"
출발,인천,대한항공,KE937,비엔나,20250926,10:25,10:25,10:49,여객,출발,,B787-9,269,"A,B,C,D"
출발,인천,대한항공,KE185,타오위안,20250926,10:30,10:30,10:58,여객,출발,,A321neo,182,"A,B,C,D"
출발,인천,대한항공,KE741,나고야,20250926,10:35,11:05,11:38,여객,지연,항공기 연결에 의한 지연,A321neo,182,"A,B,C,D"
출발,인천,가루다인도네시아,GA879,자카르타(수카르노 하타),20250926,10:35,10:35,11:10,여객,출발,,A330-900neo,301,"J,F,G,L"
출발,인천,대한항공,KE037,시카고,20250926,10:40,10:40,11:01,여객,출발,,B777-300ER,277,"A,B,C,D"
출발,인천,대한항공,KE855,베이징,20250926,10:40,10:40,11:14,여객,출발,,A330-300,272,"A,B,C,D"
출발,인천,대한항공,KE969,프라하,20250926,10:45,10:45,11:34,여객,지연,항공교통흐름에 의한 지연,B787-9,269,"A,B,C,D"
출발,인천,대한항공,KE457,다낭,20250926,10:55,10:55,11:25,여객,출발,,B737-900,188,"A,B,C,D"
출발,인천,대한항공,KE907,런던히드로,20250926,10:55,10:55,11:44,여객,지연,항공교통흐름에 의한 지연,A380-800,407,"A,B,C,D"
출발,인천,대한항공,KE945,프랑크푸르트,20250926,11:05,11:42,12:09,여객,지연,항공교통흐름에 의한 지연,A380-800,407,"A,B,C,D"
출발,인천,대한항공,KE791,후쿠오카,20250926,11:05,11:05,11:24,여객,출발,,B737-900,188,"A,B,C,D"
출발,인천,대한항공,KE897,푸동,20250926,11:10,11:10,11:42,여객,출발,,B777-300ER,277,"A,B,C,D"
출발,인천,대한항공,KE901,파리,20250926,11:10,11:10,11:50,여객,출발,,B777-300ER,277,"A,B,C,D"
출발,인천,에어부산,BX158,후쿠오카,20250926,11:25,11:25,11:49,여객,출발,,A321,195,"E,F,G,L"
출발,인천,가루다인도네시아,GA871,덴파사(응우라 라이),20250926,11:25,11:25,12:01,여객,출발,,A330-300,251,"J,F,G,L"
출발,인천,아에로멕시코,AM091,멕시코시티,20250926,11:40,11:40,12:14,여객,출발,,B787-9,274,"H,F,G,L"
출발,인천,대한항공,KE925,암스테르담,20250926,11:55,11:55,12:50,여객,지연,항공교통흐름에 의한 지연,B777-300ER,277,"A,B,C,D"
출발,인천,대한항공,KE107,항저우,20250926,12:00,12:00,12:17,여객,출발,,A321neo,182,"A,B,C,D"
출발,인천,중화항공,CI165,가오슝,20250926,12:05,12:05,12:25,여객,출발,,A321neo,180,"J,F,G,L"
출발,인천,진에어,LJ263,후쿠오카,20250926,12:10,12:10,12:29,여객,출발,,B737-800,189,"H,F,G,L"
출발,인천,대한항공,KE769,삿포로,20250926,12:35,12:35,12:50,여객,출발,,B737-900,188,"A,B,C,D"
출발,인천,대한항공,KE803,천진,20250926,12:35,13:04,13:23,여객,지연,항공교통흐름에 의한 지연,B737-900,188,"A,B,C,D"
출발,인천,중화항공,CI161,타오위안,20250926,12:35,12:35,13:00,여객,출발,,A330-300,277,"J,F,G,L"
출발,인천,에어부산,BX174,간사이,20250926,12:40,12:40,13:05,여객,출발,,A321,195,"E,F,G,L"
출발,인천,대한항공,KE711,도쿄/나리타,20250926,13:00,13:00,13:14,여객,출발,,A321neo,182,"A,B,C,D"
출발,인천,대한항공,KE921,리스본,20250926,13:00,13:00,13:47,여객,지연,항공교통흐름에 의한 지연,B787-9,269,"A,B,C,D"
출발,인천,대한항공,KE869,대련,20250926,13:00,13:00,13:11,여객,출발,,B737-900,188,"A,B,C,D"
출발,인천,대한항공,KE843,청도,20250926,13:05,13:05,13:33,여객,출발,,B737-900,188,"A,B,C,D"
출발,인천,에어서울,RS713,간사이,20250926,13:15,15:00,15:56,여객,지연,항공기 정비에 의한 지연,A321,195,"E,F,G,L"
출발,인천,대한항공,KE175,홍콩,20250926,13:25,13:25,13:49,여객,출발,,A321neo,182,"A,B,C,D"
출발,인천,에어서울,RS745,요나고,20250926,13:25,13:25,13:51,여객,출발,,A321,195,"E,F,G,L"
출발,인천,대한항공,KE951,두바이,20250926,13:25,13:25,14:03,여객,출발,,B777-300ER,277,"A,B,C,D"
출발,인천,샤먼항공,MF872,샤먼 가오치,20250926,13:30,13:30,13:54,여객,출발,,B737-800,168,"J,F,G,L"
출발,인천,대한항공,KE695,카트만두,20250926,13:35,13:35,14:08,여객,출발,,A330-300,272,"A,B,C,D"
출발,인천,대한항공,KE927,밀라노,20250926,13:40,13:40,14:32,여객,지연,항공교통흐름에 의한 지연,B787-9,269,"A,B,C,D"
출발,인천,대한항공,KE955,이스탄불,20250926,13:40,13:40,14:24,여객,지연,항공교통흐름에 의한 지연,B777-300ER,277,"A,B,C,D"
출발,인천,대한항공,KE789,후쿠오카,20250926,13:45,13:45,14:14,여객,출발,,B737-900,188,"A,B,C,D"
출발,인천,진에어,LJ861,청도,20250926,13:50,13:50,14:21,여객,출발,,B737-800,189,"H,F,G,L"
출발,인천,에어서울,RS723,후쿠오카,20250926,14:25,14:50,15:17,여객,지연,항공기 연결에 의한 지연,A321,195,"E,F,G,L"
출발,인천,대한항공,KE017,로스앤젤레스,20250926,14:30,14:30,15:07,여객,지연,여객 및 화물처리에 의한 지연,B747-8i,368,"A,B,C,D"
출발,인천,진에어,LJ359,다카마쓰,20250926,14:30,14:30,15:00,여객,출발,,B737-800,189,"H,F,G,L"
출발,인천,대한항공,KE833,심양,20250926,14:35,14:35,15:12,여객,지연,여객 및 화물처리에 의한 지연,B737-900,188,"A,B,C,D"
출발,인천,대한항공,KE643,싱가포르,20250926,14:45,14:45,15:09,여객,출발,,A330-300,272,"A,B,C,D"
출발,인천,진에어,LJ209,도쿄/나리타,20250926,14:45,14:45,15:15,여객,출발,,B737-800,189,"H,F,G,L"
출발,인천,대한항공,KE725,간사이,20250926,15:05,15:05,15:53,여객,지연,여객 및 화물처리에 의한 지연,A321neo,182,"A,B,C,D"
출발,인천,대한항공,KE627,자카르타(수카르노 하타),20250926,15:10,15:10,15:40,여객,출발,,A330-300,272,"A,B,C,D"
출발,인천,대한항공,KE189,타이중,20250926,15:15,16:04,16:05,여객,지연,항공교통흐름에 의한 지연,A321neo,182,"A,B,C,D"
출발,인천,에어서울,RS715,간사이,20250926,15:20,15:45,16:34,여객,지연,여객 및 화물처리에 의한 지연,A321,195,"E,F,G,L"
출발,인천,에어부산,BX176,간사이,20250926,15:25,15:25,16:22,여객,지연,공항 및 출입국 절차에 의한 지연,A321,195,"E,F,G,L"
출발,인천,진에어,LJ211,도쿄/나리타,20250926,15:35,16:04,16:25,여객,지연,공항 및 출입국 절차에 의한 지연,B737-800,189,"H,F,G,L"
출발,인천,대한항공,KE671,쿠알라룸푸르,20250926,15:40,15:40,16:11,여객,출발,,A330-300,272,"A,B,C,D"
출발,인천,대한항공,KE733,고베,20250926,15:50,15:50,16:45,여객,지연,항공교통흐름에 의한 지연,A321neo,182,"A,B,C,D"
출발,인천,에어부산,BX166,도쿄/나리타,20250926,15:50,16:35,17:39,여객,지연,공항 및 출입국 절차에 의한 지연,A321,195,"E,F,G,L"
출발,인천,대한항공,KE023,샌프란시스코,20250926,16:00,16:31,16:54,여객,지연,항공교통흐름에 의한 지연,B777-300ER,277,"A,B,C,D"
출발,인천,진에어,LJ265,후쿠오카,20250926,16:00,16:50,17:49,여객,지연,항공기 연결에 의한 지연,B737-800,189,"H,F,G,L"
출발,인천,진에어,LJ347,나고야,20250926,16:05,16:38,17:07,여객,지연,공항 및 출입국 절차에 의한 지연,B737-800,189,"H,F,G,L"
출발,인천,진에어,LJ239,간사이,20250926,16:05,16:46,17:12,여객,지연,공항 및 출입국 절차에 의한 지연,B737-800,189,"H,F,G,L"
출발,인천,대한항공,KE187,타오위안,20250926,16:10,16:10,16:52,여객,지연,항공교통흐름에 의한 지연,A321neo,182,"A,B,C,D"
출발,인천,대한항공,KE633,덴파사(응우라 라이),20250926,16:10,16:31,16:56,여객,지연,운항 기준 및 승무원 관련 지연,A330-300,272,"A,B,C,D"
출발,인천,델타항공,DL188,애틀랜타,20250926,16:25,16:49,17:15,여객,지연,공항 및 출입국 절차에 의한 지연,A350-900,306,"K,F,G,L"
출발,인천,대한항공,KE041,시애틀,20250926,16:40,17:05,17:26,여객,지연,여객 및 화물처리에 의한 지연,A330-300,272,"A,B,C,D"
출발,인천,에어서울,RS703,도쿄/나리타,20250926,16:45,16:45,17:36,여객,지연,공항 및 출입국 절차에 의한 지연,A321,195,"E,F,G,L"
출발,인천,진에어,LJ271,후쿠오카,20250926,17:00,17:19,17:41,여객,지연,공항 및 출입국 절차에 의한 지연,B737-800,189,"H,F,G,L"
출발,인천,대한항공,KE713,도쿄/나리타,20250926,17:05,17:05,17:47,여객,지연,항공교통흐름에 의한 지연,A321neo,182,"A,B,C,D"
출발,인천,대한항공,KE1405,김해,20250926,17:10,17:39,18:00,여객,지연,항공교통흐름에 의한 지연,B737-900,188,
출발,인천,진에어,LJ009,치앙마이,20250926,17:10,17:27,17:55,여객,지연,공항 및 출입국 절차에 의한 지연,B737-800,189,"H,F,G,L"
출발,인천,에어부산,BX747,수안나폼(방콕),20250926,17:15,19:00,19:31,여객,지연,항공기 정비에 의한 지연,A321,195,"E,F,G,L"
출발,인천,대한항공,KE8425,괌,20250926,17:15,17:15,17:53,여객,지연,항공교통흐름에 의한 지연,B737-900,188,"A,B,C,D"
출발,인천,진에어,LJ919,괌,20250926,17:35,17:35,18:03,여객,출발,,B737-800,189,"H,F,G,L"
출발,인천,대한항공,KE629,덴파사(응우라 라이),20250926,17:45,17:45,18:13,여객,출발,,A330-300,272,"A,B,C,D"
출발,인천,대한항공,KE663,푸껫,20250926,17:50,17:50,18:20,여객,출발,,B737-900,188,"A,B,C,D"
출발,인천,대한항공,KE411,오클랜드,20250926,18:00,18:25,19:10,여객,지연,항공기 연결에 의한 지연,B787-9,269,"A,B,C,D"
출발,인천,대한항공,KE651,수안나폼(방콕),20250926,18:05,18:05,18:23,여객,출발,,A330-300,272,"A,B,C,D"
출발,인천,대한항공,KE461,다낭,20250926,18:20,18:35,18:52,여객,출발,,B737-900,188,"A,B,C,D"
출발,인천,대한항공,KE667,치앙마이,20250926,18:25,18:25,18:56,여객,출발,,B737-900,188,"A,B,C,D"
출발,인천,대한항공,KE1407,김해,20250926,18:25,18:25,18:42,여객,출발,,B737-900,188,
출발,인천,대한항공,KE705,도쿄/나리타,20250926,18:35,18:35,18:58,여객,출발,,A321neo,182,"A,B,C,D"
출발,인천,대한항공,KE871,대련,20250926,18:35,18:35,19:00,여객,출발,,B737-900,188,"A,B,C,D"
출발,인천,대한항공,KE161,쿤밍,20250926,18:40,18:40,19:16,여객,출발,,B737-900,188,"A,B,C,D"
출발,인천,대한항공,KE645,싱가포르,20250926,18:40,18:40,19:12,여객,출발,,A330-300,272,"A,B,C,D"
출발,인천,대한항공,KE781,후쿠오카,20250926,18:40,18:40,19:04,여객,출발,,B737-900,188,"A,B,C,D"
출발,인천,델타항공,DL170,미니애폴리스,20250926,18:40,18:40,19:14,여객,출발,,A350-900,306,"K,F,G,L"
출발,인천,대한항공,KE423,괌,20250926,18:40,18:40,19:08,여객,출발,,B737-900,188,"A,B,C,D"
출발,인천,대한항공,KE071,밴쿠버,20250926,18:45,18:45,19:25,여객,지연,운항 기준 및 승무원 관련 지연,B787-9,269,"A,B,C,D"
출발,인천,대한항공,KE453,노이바이(하노이),20250926,18:45,19:15,19:39,여객,지연,항공기 연결에 의한 지연,B737-900,188,"A,B,C,D"
출발,인천,대한항공,KE475,떤 선녓(호찌민),20250926,18:45,20:00,20:17,여객,지연,항공기 연결에 의한 지연,B737-900,188,"A,B,C,D"
출발,인천,대한항공,KE623,마닐라,20250926,18:50,18:50,19:27,여객,출발,,B737-900,188,"A,B,C,D"
출발,인천,대한항공,KE743,나고야,20250926,18:50,19:22,19:29,여객,지연,항공교통흐름에 의한 지연,A321neo,182,"A,B,C,D"
출발,인천,델타항공,DL26,애틀랜타,20250926,18:50,18:50,19:20,여객,출발,,A350-900,306,"K,F,G,L"
출발,인천,대한항공,KE689,프놈펜,20250926,18:50,19:20,19:56,여객,지연,항공기 연결에 의한 지연,B737-900,188,"A,B,C,D"
출발,인천,대한항공,KE895,푸동,20250926,18:55,19:25,19:52,여객,지연,항공기 연결에 의한 지연,A330-300,272,"A,B,C,D"
출발,인천,대한항공,KE721,간사이,20250926,19:00,19:00,19:33,여객,출발,,A321neo,182,"A,B,C,D"
출발,인천,대한항공,KE401,시드니,20250926,19:10,19:10,19:37,여객,출발,,A380-800,407,"A,B,C,D"
출발,인천,델타항공,DL196,시애틀,20250926,19:20,19:57,20:16,여객,지연,항공기 연결에 의한 지연,A330-900neo,281,"K,F,G,L"
출발,인천,에어서울,RS581,팡라로,20250926,19:25,19:25,20:03,여객,지연,기타 원인에 의한 지연,A321,195,"E,F,G,L"
출발,인천,대한항공,KE085,뉴욕,20250926,19:30,20:00,20:38,여객,지연,기타 원인에 의한 지연,B747-8i,368,"A,B,C,D"
출발,인천,대한항공,KE1431,대구,20250926,19:30,19:30,19:50,여객,출발,,B737-900,188,
출발,인천,대한항공,KE1409,김해,20250926,19:35,19:50,20:09,여객,지연,운항 기준 및 승무원 관련 지연,B737-900,188,
출발,인천,델타항공,DL172,솔트레이크시티,20250926,19:40,19:40,19:44,여객,출발,,A350-900,306,"K,F,G,L"
출발,인천,대한항공,KE177,홍콩,20250926,19:45,20:15,20:49,여객,지연,항공기 연결에 의한 지연,A321neo,182,"A,B,C,D"
출발,인천,대한항공,KE477,떤 선녓(호찌민),20250926,19:45,19:45,20:10,여객,출발,,B737-900,188,"A,B,C,D"
출발,인천,대한항공,KE659,수안나폼(방콕),20250926,19:45,19:45,20:07,여객,출발,,B737-900,188,"A,B,C,D"
출발,인천,에어서울,RS527,깜라인(나트랑),20250926,19:50,21:20,22:02,여객,지연,항공기 연결에 의한 지연,A321,195,"E,F,G,L"
출발,인천,진에어,LJ001,수안나폼(방콕),20250926,19:55,20:30,20:58,여객,지연,공항 및 출입국 절차에 의한 지연,B737-800,189,"H,F,G,L"
출발,인천,대한항공,KE853,베이징,20250926,20:00,20:45,20:45,여객,지연,여객 및 화물처리에 의한 지연,A330-300,272,"A,B,C,D"
출발,인천,대한항공,KE467,깜라인(나트랑),20250926,20:00,21:10,21:14,여객,지연,공항 및 출입국 절차에 의한 지연,B737-900,188,"A,B,C,D"
출발,인천,대한항공,KE615,세부,20250926,20:05,20:05,20:46,여객,지연,여객 및 화물처리에 의한 지연,B737-900,188,"A,B,C,D"
출발,인천,대한항공,KE407,브리즈번,20250926,20:05,20:50,20:51,여객,지연,여객 및 화물처리에 의한 지연,A330-300,272,"A,B,C,D"
출발,인천,대한항공,KE625,마닐라,20250926,20:15,20:55,20:56,여객,지연,항공교통흐름에 의한 지연,B737-900,188,"A,B,C,D"
출발,인천,진에어,LJ081,다낭,20250926,20:25,20:25,20:53,여객,출발,,B737-800,189,"H,F,G,L"
출발,인천,대한항공,KE011,로스앤젤레스,20250926,20:25,20:25,21:10,여객,지연,항공교통흐름에 의한 지연,A380-800,407,"A,B,C,D"
출발,인천,대한항공,KE719,하네다,20250926,20:30,20:30,21:20,여객,지연,항공교통흐름에 의한 지연,A321neo,182,"A,B,C,D"
출발,인천,중화항공,CI163,타오위안,20250926,20:35,20:35,21:31,여객,출발,,A330-300,277,"J,F,G,L"
출발,인천,샤먼항공,MF878,푸저우(복주),20250926,20:35,20:35,21:08,여객,출발,,B737-800,168,"J,F,G,L"
출발,인천,진에어,LJ087,깜라인(나트랑),20250926,20:40,20:40,21:18,여객,출발,,B737-800,189,"H,F,G,L"
출발,인천,진에어,LJ917,괌,20250926,20:50,20:50,21:26,여객,출발,,B737-800,189,"H,F,G,L"
출발,인천,에어서울,RS511,다낭,20250926,20:55,22:20,22:46,여객,지연,항공기 연결에 의한 지연,A321,195,"E,F,G,L"
출발,인천,대한항공,KE005,라스베이거스,20250926,21:00,21:00,21:46,여객,지연,여객 및 화물처리에 의한 지연,B777-300ER,277,"A,B,C,D"
출발,인천,대한항공,KE053,호놀룰루,20250926,21:05,21:05,21:44,여객,출발,,A330-300,272,"A,B,C,D"
출발,인천,대한항공,KE655,수안나폼(방콕),20250926,21:15,21:15,21:57,여객,출발,,A330-300,272,"A,B,C,D"
출발,인천,네덜란드항공,KL856,암스테르담,20250926,22:25,22:25,22:52,여객,출발,,B787-9,294,"M,F,G,L"
출발,인천,대한항공,KE619,마닐라,20250926,22:35,22:35,22:50,여객,출발,,A330-300,272,"A,B,C,D"
출발,인천,대한항공,KE075,밴쿠버,20250926,22:40,22:55,23:16,여객,지연,기타 원인에 의한 지연,B787-9,269,"A,B,C,D"
출발,인천,대한항공,KE647,싱가포르,20250927,00:05,23:35,00:13,여객,출발,,B777-300ER,277,"A,B,C,D"
출발,인천,스칸디나비아항공,SK988,코펜하겐,20250927,00:05,23:45,00:03,여객,출발,,A350-900,300,"K,F,G,L"
출발,인천,대한항공,KE1401,김해,20250927,06:35,06:35,06:49,여객,출발,,B737-900,188,
출발,인천,에어서울,RS711,간사이,20250927,07:15,07:15,07:31,여객,출발,,A321,195,"E,F,G,L"
출발,인천,에어부산,BX164,도쿄/나리타,20250927,07:15,07:15,07:22,여객,출발,,A321,195,"E,F,G,L"
출발,인천,진에어,LJ261,후쿠오카,20250927,07:15,07:15,07:36,여객,출발,,B737-800,189,"H,F,G,L"
출발,인천,에어부산,BX156,후쿠오카,20250927,07:20,07:20,07:41,여객,출발,,A321,195,"E,F,G,L"
출발,인천,에어서울,RS727,후쿠오카,20250927,07:20,07:20,07:46,여객,출발,,A321,195,"E,F,G,L"
출발,인천,대한항공,KE787,후쿠오카,20250927,07:25,07:25,08:00,여객,출발,,B737-900,188,"A,B,C,D"
출발,인천,진에어,LJ201,도쿄/나리타,20250927,07:25,07:44,08:08,여객,지연,운항 기준 및 승무원 관련 지연,B737-800,189,"H,F,G,L"
출발,인천,진에어,LJ345,나고야,20250927,07:30,08:02,08:20,여객,지연,기타 원인에 의한 지연,B737-800,189,"H,F,G,L"
출발,인천,대한항공,KE795,나가사키,20250927,07:30,07:30,07:53,여객,출발,,B737-900,188,"A,B,C,D"
출발,인천,진에어,LJ231,간사이,20250927,07:40,07:40,08:12,여객,출발,,B737-800,189,"H,F,G,L"
출발,인천,대한항공,KE173,홍콩,20250927,07:45,07:45,08:13,여객,출발,,A321neo,182,"A,B,C,D"
출발,인천,대한항공,KE621,마닐라,20250927,07:50,07:50,08:21,여객,지연,공항 및 출입국 절차에 의한 지연,B737-900,188,"A,B,C,D"
출발,인천,진에어,LJ731,타오위안,20250927,07:50,08:14,08:36,여객,지연,운항 기준 및 승무원 관련 지연,B737-800,189,"H,F,G,L"
출발,인천,대한항공,KE845,청도,20250927,07:50,07:50,08:19,여객,출발,,B737-900,188,"A,B,C,D"
출발,인천,대한항공,KE131,정저우,20250927,08:00,08:00,08:15,여객,출발,,B737-900,188,"A,B,C,D"
출발,인천,대한항공,KE441,노이바이(하노이),20250927,08:00,08:00,08:31,여객,출발,,A330-300,272,"A,B,C,D"
출발,인천,대한항공,KE197,칭기즈칸(신 울란바토르) 국제공항,20250927,08:10,08:10,08:35,여객,출발,,B737-900,188,"A,B,C,D"
출발,인천,대한항공,KE767,아오모리,20250927,08:10,08:10,08:37,여객,출발,,B737-900,188,"A,B,C,D"
출발,인천,에어서울,RS705,도쿄/나리타,20250927,08:10,08:10,08:42,여객,출발,,A321,195,"E,F,G,L"
출발,인천,진에어,LJ241,간사이,20250927,08:10,08:26,08:45,여객,지연,운항 기준 및 승무원 관련 지연,B737-800,189,"H,F,G,L"
출발,인천,진에어,LJ357,시모지시마,20250927,08:10,08:10,08:40,여객,출발,,B737-800,189,"H,F,G,L"
출발,인천,대한항공,KE859,베이징,20250927,08:15,08:15,08:42,여객,출발,,B777-300ER,277,"A,B,C,D"
출발,인천,진에어,LJ203,도쿄/나리타,20250927,08:15,08:15,08:48,여객,출발,,B737-800,189,"H,F,G,L"
출발,인천,대한항공,KE127,푸저우(복주),20250927,08:20,08:20,08:44,여객,출발,,B737-900,188,"A,B,C,D"
출발,인천,대한항공,KE1403,김해,20250927,08:20,08:45,09:04,여객,지연,항공기 연결에 의한 지연,B737-900,188,
출발,인천,진에어,LJ301,삿포로,20250927,08:20,08:31,08:57,여객,지연,운항 기준 및 승무원 관련 지연,B737-800,189,"H,F,G,L"
출발,인천,대한항공,KE893,푸동,20250927,08:25,08:25,08:51,여객,출발,,A330-300,272,"A,B,C,D"
출발,인천,대한항공,KE731,고베,20250927,08:25,08:25,09:00,여객,출발,,A321neo,182,"A,B,C,D"
출발,인천,에어 프랑스,AF267,파리,20250927,08:30,08:30,08:55,여객,출발,,B777-300ER,296,"M,F,G,L"
출발,인천,대한항공,KE827,선전(심천),20250927,08:40,08:40,09:10,여객,출발,,B737-900,188,"A,B,C,D"
출발,인천,에어서울,RS741,다카마쓰,20250927,08:45,09:25,10:05,여객,지연,항공기 연결에 의한 지연,A321,195,"E,F,G,L"
출발,인천,대한항공,KE831,심양,20250927,08:45,08:05,08:38,여객,출발,,B737-900,188,"A,B,C,D"
출발,인천,대한항공,KE865,광저우,20250927,08:50,08:50,09:23,여객,출발,,A330-300,272,"A,B,C,D"
출발,인천,대한항공,KE469,떤 선녓(호찌민),20250927,09:05,09:21,09:46,여객,지연,항공교통흐름에 의한 지연,A330-300,272,"A,B,C,D"
출발,인천,대한항공,KE811,시안,20250927,09:10,09:10,09:39,여객,출발,,B737-900,188,"A,B,C,D"
출발,인천,대한항공,KE805,천진,20250927,09:10,09:10,09:31,여객,출발,,B737-900,188,"A,B,C,D"
출발,인천,에어부산,BX172,간사이,20250927,09:15,09:15,09:29,여객,출발,,A321,195,"E,F,G,L"
출발,인천,대한항공,KE035,애틀랜타,20250927,09:20,09:20,09:35,여객,출발,,B777-300ER,277,"A,B,C,D"
출발,인천,대한항공,KE785,가고시마,20250927,09:20,09:20,09:42,여객,출발,,B737-900,188,"A,B,C,D"
출발,인천,진에어,LJ913,괌,20250927,09:20,09:20,09:52,여객,출발,,B737-800,189,"H,F,G,L"
출발,인천,에어서울,RS701,도쿄/나리타,20250927,09:25,09:50,10:21,여객,지연,항공기 연결에 의한 지연,A321,195,"E,F,G,L"
출발,인천,대한항공,KE031,댈러스,20250927,09:30,09:30,10:14,여객,지연,여객 및 화물처리에 의한 지연,B787-9,269,"A,B,C,D"
출발,인천,대한항공,KE091,보스턴,20250927,09:30,09:30,09:55,여객,출발,,B787-9,269,"A,B,C,D"
출발,인천,대한항공,KE755,오키나와,20250927,09:30,09:30,10:02,여객,출발,,B737-900,188,"A,B,C,D"
출발,인천,대한항공,KE657,수안나폼(방콕),20250927,09:30,09:30,09:55,여객,출발,,A330-300,272,"A,B,C,D"
출발,인천,대한항공,KE073,토론토,20250927,09:35,09:35,10:08,여객,출발,,B777-300ER,277,"A,B,C,D"
출발,인천,대한항공,KE723,간사이,20250927,09:35,09:35,09:59,여객,출발,,A321neo,182,"A,B,C,D"
출발,인천,대한항공,KE763,니가타,20250927,09:40,09:40,10:02,여객,출발,,B737-900,188,"A,B,C,D"
출발,인천,대한항공,KE421,괌,20250927,09:45,09:45,10:16,여객,출발,,B737-900,188,"A,B,C,D"
출발,인천,진에어,LJ205,도쿄/나리타,20250927,09:45,09:45,10:11,여객,출발,,B737-800,189,"H,F,G,L"
출발,인천,진에어,LJ341,오키나와,20250927,09:55,10:11,10:30,여객,지연,운항 기준 및 승무원 관련 지연,B737-800,189,"H,F,G,L"
출발,인천,대한항공,KE081,뉴욕,20250927,10:00,10:00,10:30,여객,출발,,A380-800,407,"A,B,C,D"
출발,인천,대한항공,KE765,삿포로,20250927,10:05,10:05,10:27,여객,출발,,B737-900,188,"A,B,C,D"
출발,인천,대한항공,KE703,도쿄/나리타,20250927,10:10,10:38,11:04,여객,지연,운항 기준 및 승무원 관련 지연,A321neo,182,"A,B,C,D"
출발,인천,진에어,LJ233,간사이,20250927,10:10,10:10,10:33,여객,출발,,B737-800,189,"H,F,G,L"
출발,인천,델타항공,DL158,디트로이트,20250927,10:15,10:15,10:36,여객,출발,,A350-900,306,"K,F,G,L"
출발,인천,대한항공,KE125,샤먼 가오치,20250927,10:20,10:20,10:34,여객,출발,,B737-900,188,"A,B,C,D"
출발,인천,대한항공,KE169,마카오,20250927,10:20,10:20,10:32,여객,출발,,A321neo,182,"A,B,C,D"
출발,인천,대한항공,KE093,워싱톤,20250927,10:25,10:25,10:57,여객,출발,,B777-300ER,277,"A,B,C,D"
출발,인천,대한항공,KE185,타오위안,20250927,10:30,11:45,12:17,여객,지연,항공기 연결에 의한 지연,A321neo,182,"A,B,C,D"
출발,인천,대한항공,KE741,나고야,20250927,10:35,10:35,10:47,여객,출발,,A321neo,182,"A,B,C,D"
출발,인천,가루다인도네시아,GA879,자카르타(수카르노 하타),20250927,10:35,10:59,11:16,여객,지연,항공기 연결에 의한 지연,A330-900neo,301,"J,F,G,L"
출발,인천,대한항공,KE037,시카고,20250927,10:40,10:40,11:07,여객,출발,,B777-300ER,277,"A,B,C,D"
출발,인천,대한항공,KE969,프라하,20250927,10:45,11:15,11:41,여객,지연,항공교통흐름에 의한 지연,B787-9,269,"A,B,C,D"
출발,인천,대한항공,KE457,다낭,20250927,10:55,10:55,11:21,여객,출발,,B737-900,188,"A,B,C,D"
출발,인천,대한항공,KE907,런던히드로,20250927,10:55,11:15,11:59,여객,지연,항공교통흐름에 의한 지연,A380-800,407,"A,B,C,D"
출발,인천,대한항공,KE917,취리히,20250927,11:05,11:05,11:44,여객,출발,,B787-9,269,"A,B,C,D"
출발,인천,대한항공,KE791,후쿠오카,20250927,11:05,11:05,11:15,여객,출발,,B737-900,188,"A,B,C,D"
출발,인천,대한항공,KE897,푸동,20250927,11:10,11:10,11:58,여객,지연,운항 기준 및 승무원 관련 지연,B777-300ER,277,"A,B,C,D"
출발,인천,대한항공,KE901,파리,20250927,11:10,11:10,11:47,여객,출발,,B777-300ER,277,"A,B,C,D"
출발,인천,에어부산,BX158,후쿠오카,20250927,11:25,11:25,11:38,여객,출발,,A321,195,"E,F,G,L"
출발,인천,가루다인도네시아,GA871,덴파사(응우라 라이),20250927,11:25,11:25,11:51,여객,출발,,A330-300,251,"J,F,G,L"
출발,인천,아에로멕시코,AM091,멕시코시티,20250927,11:40,11:40,12:11,여객,출발,,B787-9,274,"H,F,G,L"
출발,인천,대한항공,KE925,암스테르담,20250927,11:55,12:25,12:55,여객,지연,항공기 연결에 의한 지연,B777-300ER,277,"A,B,C,D"
출발,인천,중화항공,CI165,가오슝,20250927,12:05,12:05,12:33,여객,출발,,A321neo,180,"J,F,G,L"
출발,인천,진에어,LJ263,후쿠오카,20250927,12:10,12:10,12:24,여객,출발,,B737-800,189,"H,F,G,L"
출발,인천,에어서울,RS811,장가계,20250927,12:20,12:20,12:35,여객,출발,,A321,195,"E,F,G,L"
출발,인천,대한항공,KE769,삿포로,20250927,12:35,12:35,12:44,여객,출발,,B737-900,188,"A,B,C,D"
출발,인천,대한항공,KE803,천진,20250927,12:35,12:35,13:03,여객,출발,,B737-900,188,"A,B,C,D"
출발,인천,대한항공,KE963,부다페스트,20250927,12:35,12:35,13:06,여객,출발,,B787-9,269,"A,B,C,D"
출발,인천,중화항공,CI161,타오위안,20250927,12:35,12:35,12:46,여객,출발,,A330-300,277,"J,F,G,L"
출발,인천,에어부산,BX174,간사이,20250927,12:40,12:40,12:49,여객,출발,,A321,195,"E,F,G,L"
출발,인천,대한항공,KE869,대련,20250927,13:00,13:00,13:44,여객,출발,,B737-900,188,"A,B,C,D"
출발,인천,대한항공,KE843,청도,20250927,13:05,13:05,13:47,여객,출발,,B737-900,188,"A,B,C,D"
출발,인천,에어서울,RS713,간사이,20250927,13:15,13:15,13:45,여객,출발,,A321,195,"E,F,G,L"
출발,인천,대한항공,KE931,로마,20250927,13:20,13:35,13:59,여객,지연,항공교통흐름에 의한 지연,B777-300ER,277,"A,B,C,D"
출발,인천,대한항공,KE175,홍콩,20250927,13:25,13:25,13:56,여객,출발,,A321neo,182,"A,B,C,D"
출발,인천,대한항공,KE135,허페이,20250927,13:25,13:41,14:07,여객,지연,항공교통흐름에 의한 지연,B737-900,188,"A,B,C,D"
출발,인천,대한항공,KE951,두바이,20250927,13:25,13:50,14:38,여객,지연,항공기 연결에 의한 지연,B777-300ER,277,"A,B,C,D"
출발,인천,샤먼항공,MF872,샤먼 가오치,20250927,13:30,13:30,13:52,여객,출발,,B737-800,168,"J,F,G,L"
출발,인천,대한항공,KE955,이스탄불,20250927,13:40,13:40,14:26,여객,지연,항공교통흐름에 의한 지연,B777-300ER,277,"A,B,C,D"
출발,인천,대한항공,KE789,후쿠오카,20250927,13:45,14:11,14:28,여객,지연,항공교통흐름에 의한 지연,B737-900,188,"A,B,C,D"
출발,인천,진에어,LJ861,청도,20250927,13:50,14:20,14:56,여객,지연,공항 및 출입국 절차에 의한 지연,B737-800,189,"H,F,G,L"
출발,인천,진에어,LJ207,도쿄/나리타,20250927,13:50,13:57,14:36,여객,지연,공항 및 출입국 절차에 의한 지연,B737-800,189,"H,F,G,L"
출발,인천,에어서울,RS723,후쿠오카,20250927,14:25,15:50,16:46,여객,지연,항공기 정비에 의한 지연,A321,195,"E,F,G,L"
출발,인천,대한항공,KE017,로스앤젤레스,20250927,14:30,14:30,15:02,여객,출발,,B747-8i,368,"A,B,C,D"
출발,인천,진에어,LJ359,다카마쓰,20250927,14:30,14:30,14:51,여객,출발,,B737-800,189,"H,F,G,L"
출발,인천,대한항공,KE833,심양,20250927,14:35,14:35,15:00,여객,출발,,B737-900,188,"A,B,C,D"
출발,인천,진에어,LJ237,간사이,20250927,14:40,14:40,15:00,여객,출발,,B737-800,189,"H,F,G,L"
출발,인천,대한항공,KE643,싱가포르,20250927,14:45,14:45,15:16,여객,출발,,A330-300,272,"A,B,C,D"
출발,인천,진에어,LJ209,도쿄/나리타,20250927,14:45,15:06,15:29,여객,지연,공항 및 출입국 절차에 의한 지연,B737-800,189,"H,F,G,L"
출발,인천,대한항공,KE725,간사이,20250927,15:05,15:05,15:44,여객,지연,항공교통흐름에 의한 지연,A321neo,182,"A,B,C,D"
출발,인천,대한항공,KE627,자카르타(수카르노 하타),20250927,15:10,15:10,15:50,여객,출발,,A330-300,272,"A,B,C,D"
출발,인천,대한항공,KE189,타이중,20250927,15:15,15:36,15:58,여객,지연,항공교통흐름에 의한 지연,A321neo,182,"A,B,C,D"
출발,인천,에어서울,RS715,간사이,20250927,15:20,15:20,16:07,여객,지연,공항 및 출입국 절차에 의한 지연,A321,195,"E,F,G,L"
출발,인천,에어부산,BX176,간사이,20250927,15:25,15:25,16:21,여객,지연,공항 및 출입국 절차에 의한 지연,A321,195,"E,F,G,L"
출발,인천,진에어,LJ211,도쿄/나리타,20250927,15:35,15:50,16:13,여객,지연,공항 및 출입국 절차에 의한 지연,B737-800,189,"H,F,G,L"
출발,인천,대한항공,KE671,쿠알라룸푸르,20250927,15:40,15:40,16:24,여객,지연,항공교통흐름에 의한 지연,A330-300,272,"A,B,C,D"
출발,인천,대한항공,KE733,고베,20250927,15:50,16:12,16:33,여객,지연,항공교통흐름에 의한 지연,A321neo,182,"A,B,C,D"
출발,인천,에어부산,BX166,도쿄/나리타,20250927,15:50,15:50,16:26,여객,지연,공항 및 출입국 절차에 의한 지연,A321,195,"E,F,G,L"
출발,인천,대한항공,KE023,샌프란시스코,20250927,16:00,16:00,16:48,여객,지연,여객 및 화물처리에 의한 지연,B777-300ER,277,"A,B,C,D"
출발,인천,진에어,LJ265,후쿠오카,20250927,16:00,16:17,16:41,여객,지연,공항 및 출입국 절차에 의한 지연,B737-800,189,"H,F,G,L"
출발,인천,진에어,LJ347,나고야,20250927,16:05,16:37,17:04,여객,지연,항공교통흐름에 의한 지연,B737-800,189,"H,F,G,L"
출발,인천,진에어,LJ239,간사이,20250927,16:05,16:52,17:20,여객,지연,기타 원인에 의한 지연,B737-800,189,"H,F,G,L"
출발,인천,대한항공,KE187,타오위안,20250927,16:10,16:10,16:44,여객,출발,,A321neo,182,"A,B,C,D"
출발,인천,대한항공,KE633,덴파사(응우라 라이),20250927,16:10,16:10,16:55,여객,지연,항공교통흐름에 의한 지연,A330-300,272,"A,B,C,D"
출발,인천,진에어,LJ351,기타규슈,20250927,16:15,16:54,17:23,여객,지연,운항 기준 및 승무원 관련 지연,B737-800,189,"H,F,G,L"
출발,인천,델타항공,DL188,애틀랜타,20250927,16:25,16:55,17:25,여객,지연,공항 및 출입국 절차에 의한 지연,A350-900,306,"K,F,G,L"
출발,인천,대한항공,KE041,시애틀,20250927,16:40,17:07,17:35,여객,지연,항공교통흐름에 의한 지연,A330-300,272,"A,B,C,D"
출발,인천,에어서울,RS703,도쿄/나리타,20250927,16:45,16:45,17:44,여객,지연,공항 및 출입국 절차에 의한 지연,A321,195,"E,F,G,L"
출발,인천,진에어,LJ271,후쿠오카,20250927,17:00,17:27,17:52,여객,지연,공항 및 출입국 절차에 의한 지연,B737-800,189,"H,F,G,L"
출발,인천,진에어,LJ091,푸꾸옥,20250927,17:05,17:05,17:37,여객,출발,,B737-800,189,"H,F,G,L"
출발,인천,대한항공,KE713,도쿄/나리타,20250927,17:05,17:27,17:56,여객,지연,항공교통흐름에 의한 지연,A321neo,182,"A,B,C,D"
출발,인천,대한항공,KE1405,김해,20250927,17:10,17:35,18:03,여객,지연,항공교통흐름에 의한 지연,B737-900,188,
출발,인천,진에어,LJ009,치앙마이,20250927,17:10,17:53,18:15,여객,지연,공항 및 출입국 절차에 의한 지연,B737-800,189,"H,F,G,L"
출발,인천,대한항공,KE485,푸꾸옥,20250927,17:10,17:28,17:55,여객,지연,항공교통흐름에 의한 지연,B737-900,188,"A,B,C,D"
출발,인천,에어부산,BX747,수안나폼(방콕),20250927,17:15,17:15,18:05,여객,지연,공항 및 출입국 절차에 의한 지연,A321,195,"E,F,G,L"
출발,인천,대한항공,KE8425,괌,20250927,17:15,17:15,18:07,여객,지연,지상조업 관련 지연,B737-900,188,"A,B,C,D"
출발,인천,진에어,LJ919,괌,20250927,17:35,18:10,18:28,여객,지연,공항 및 출입국 절차에 의한 지연,B737-800,189,"H,F,G,L"
출발,인천,대한항공,KE629,덴파사(응우라 라이),20250927,17:45,18:00,18:41,여객,지연,항공기 연결에 의한 지연,A330-300,272,"A,B,C,D"
출발,인천,대한항공,KE663,푸껫,20250927,17:50,17:50,18:19,여객,출발,,B737-900,188,"A,B,C,D"
출발,인천,대한항공,KE651,수안나폼(방콕),20250927,18:05,18:05,18:39,여객,출발,,A330-300,272,"A,B,C,D"
출발,인천,대한항공,KE461,다낭,20250927,18:20,18:20,18:50,여객,출발,,B737-900,188,"A,B,C,D"
출발,인천,대한항공,KE667,치앙마이,20250927,18:25,18:52,19:08,여객,지연,항공교통흐름에 의한 지연,B737-900,188,"A,B,C,D"
출발,인천,대한항공,KE1407,김해,20250927,18:25,18:40,19:05,여객,지연,항공기 연결에 의한 지연,B737-900,188,
출발,인천,대한항공,KE705,도쿄/나리타,20250927,18:35,19:06,19:24,여객,지연,항공교통흐름에 의한 지연,A321neo,182,"A,B,C,D"
출발,인천,대한항공,KE781,후쿠오카,20250927,18:40,18:40,19:06,여객,출발,,B737-900,188,"A,B,C,D"
출발,인천,대한항공,KE645,싱가포르,20250927,18:40,18:40,19:14,여객,출발,,A330-300,272,"A,B,C,D"
출발,인천,대한항공,KE423,괌,20250927,18:40,18:40,19:10,여객,출발,,B737-900,188,"A,B,C,D"
출발,인천,대한항공,KE071,밴쿠버,20250927,18:45,18:45,19:16,여객,출발,,B787-9,269,"A,B,C,D"
출발,인천,대한항공,KE453,노이바이(하노이),20250927,18:45,19:25,20:16,여객,지연,항공기 연결에 의한 지연,B737-900,188,"A,B,C,D"
출발,인천,대한항공,KE475,떤 선녓(호찌민),20250927,18:45,19:30,19:54,여객,지연,항공교통흐름에 의한 지연,B737-900,188,"A,B,C,D"
출발,인천,대한항공,KE623,마닐라,20250927,18:50,18:50,19:12,여객,출발,,B737-900,188,"A,B,C,D"
출발,인천,대한항공,KE743,나고야,20250927,18:50,19:15,19:32,여객,지연,항공교통흐름에 의한 지연,A321neo,182,"A,B,C,D"
출발,인천,델타항공,DL26,애틀랜타,20250927,18:50,19:13,19:35,여객,지연,공항 및 출입국 절차에 의한 지연,A350-900,306,"K,F,G,L"
출발,인천,대한항공,KE689,프놈펜,20250927,18:50,19:15,19:40,여객,지연,항공교통흐름에 의한 지연,B737-900,188,"A,B,C,D"
출발,인천,대한항공,KE895,푸동,20250927,18:55,18:55,19:26,여객,출발,,A330-300,272,"A,B,C,D"
출발,인천,대한항공,KE721,간사이,20250927,19:00,19:16,19:38,여객,지연,항공교통흐름에 의한 지연,A321neo,182,"A,B,C,D"
출발,인천,대한항공,KE401,시드니,20250927,19:10,19:50,20:11,여객,지연,항공기 연결에 의한 지연,A380-800,407,"A,B,C,D"
출발,인천,진에어,LJ131,코타키나발루,20250927,19:10,19:41,20:02,여객,지연,공항 및 출입국 절차에 의한 지연,B737-800,189,"H,F,G,L"
출발,인천,델타항공,DL196,시애틀,20250927,19:20,19:20,19:56,여객,출발,,A330-900neo,281,"K,F,G,L"
출발,인천,대한항공,KE163,장가계,20250927,19:25,19:48,20:10,여객,지연,항공교통흐름에 의한 지연,B737-900,188,"A,B,C,D"
출발,인천,에어서울,RS581,팡라로,20250927,19:25,19:25,20:12,여객,지연,공항 및 출입국 절차에 의한 지연,A321,195,"E,F,G,L"
출발,인천,대한항공,KE085,뉴욕,20250927,19:30,20:00,20:23,여객,지연,기타 원인에 의한 지연,B747-8i,368,"A,B,C,D"
출발,인천,대한항공,KE1431,대구,20250927,19:30,19:54,20:20,여객,지연,항공기 연결에 의한 지연,B737-900,188,
출발,인천,진에어,LJ917,괌,20250927,19:35,19:56,20:16,여객,지연,공항 및 출입국 절차에 의한 지연,B737-800,189,"H,F,G,L"
출발,인천,대한항공,KE1409,김해,20250927,19:35,19:55,20:18,여객,지연,항공기 연결에 의한 지연,B737-900,188,
출발,인천,델타항공,DL172,솔트레이크시티,20250927,19:40,19:56,20:14,여객,지연,공항 및 출입국 절차에 의한 지연,A350-900,306,"K,F,G,L"
출발,인천,대한항공,KE177,홍콩,20250927,19:45,20:01,20:23,여객,지연,항공교통흐름에 의한 지연,A321neo,182,"A,B,C,D"
출발,인천,대한항공,KE477,떤 선녓(호찌민),20250927,19:45,20:15,20:56,여객,지연,항공기 연결에 의한 지연,B737-900,188,"A,B,C,D"
출발,인천,대한항공,KE659,수안나폼(방콕),20250927,19:45,20:36,20:59,여객,지연,항공교통흐름에 의한 지연,B737-900,188,"A,B,C,D"
출발,인천,에어서울,RS527,깜라인(나트랑),20250927,19:50,21:50,22:12,여객,지연,항공기 연결에 의한 지연,A321,195,"E,F,G,L"
출발,인천,진에어,LJ001,수안나폼(방콕),20250927,19:55,19:55,20:25,여객,출발,,B737-800,189,"H,F,G,L"
출발,인천,대한항공,KE853,베이징,20250927,20:00,20:00,20:45,여객,지연,항공교통흐름에 의한 지연,A330-300,272,"A,B,C,D"
출발,인천,대한항공,KE467,깜라인(나트랑),20250927,20:00,20:00,20:40,여객,지연,항공교통흐름에 의한 지연,B737-900,188,"A,B,C,D"
출발,인천,대한항공,KE615,세부,20250927,20:05,20:30,21:07,여객,지연,항공기 연결에 의한 지연,B737-900,188,"A,B,C,D"
출발,인천,대한항공,KE407,브리즈번,20250927,20:05,20:05,20:26,여객,출발,,A330-300,272,"A,B,C,D"
출발,인천,대한항공,KE625,마닐라,20250927,20:15,20:30,21:23,여객,지연,기타 원인에 의한 지연,B737-900,188,"A,B,C,D"
출발,인천,진에어,LJ081,다낭,20250927,20:25,20:58,21:21,여객,지연,항공교통흐름에 의한 지연,B737-800,189,"H,F,G,L"
출발,인천,대한항공,KE011,로스앤젤레스,20250927,20:25,20:25,20:54,여객,출발,,A380-800,407,"A,B,C,D"
출발,인천,대한항공,KE719,하네다,20250927,20:30,20:30,21:02,여객,출발,,A321neo,182,"A,B,C,D"
출발,인천,중화항공,CI163,타오위안,20250927,20:35,20:50,21:13,여객,출발,,A330-300,277,"J,F,G,L"
출발,인천,샤먼항공,MF878,푸저우(복주),20250927,20:35,20:35,21:04,여객,출발,,B737-800,168,"J,F,G,L"
출발,인천,진에어,LJ087,깜라인(나트랑),20250927,20:40,21:20,21:45,여객,지연,항공기 연결에 의한 지연,B737-800,189,"H,F,G,L"
출발,인천,진에어,LJ043,팡라로,20250927,20:50,21:16,21:39,여객,지연,항공기 연결에 의한 지연,B737-800,189,"H,F,G,L"
출발,인천,에어서울,RS511,다낭,20250927,20:55,21:40,22:07,여객,지연,항공기 연결에 의한 지연,A321,195,"E,F,G,L"
출발,인천,대한항공,KE005,라스베이거스,20250927,21:00,21:00,21:25,여객,출발,,B777-300ER,277,"A,B,C,D"
출발,인천,대한항공,KE053,호놀룰루,20250927,21:05,21:05,21:46,여객,지연,항공교통흐름에 의한 지연,A330-300,272,"A,B,C,D"
출발,인천,대한항공,KE655,수안나폼(방콕),20250927,21:15,21:15,21:48,여객,출발,,A330-300,272,"A,B,C,D"
출발,인천,에어부산,BX787,깜라인(나트랑),20250927,21:30,22:34,22:50,여객,지연,항공교통흐름에 의한 지연,A321,195,"E,F,G,L"
출발,인천,네덜란드항공,KL856,암스테르담,20250927,22:25,22:25,22:43,여객,출발,,B787-9,294,"M,F,G,L"
출발,인천,대한항공,KE619,마닐라,20250927,22:35,22:35,23:02,여객,출발,,A330-300,272,"A,B,C,D"
출발,인천,대한항공,KE075,밴쿠버,20250927,22:40,22:40,23:13,여객,출발,,B787-9,269,"A,B,C,D"
출발,인천,스칸디나비아항공,SK988,코펜하겐,20250927,23:45,23:45,23:59,여객,출발,,A350-900,300,"K,F,G,L"
출발,인천,대한항공,KE647,싱가포르,20250928,00:05,23:35,00:07,여객,출발,,B777-300ER,277,"A,B,C,D"
출발,인천,대한항공,KE1401,김해,20250928,06:35,06:35,06:44,여객,출발,,B737-900,188,
출발,인천,에어서울,RS711,간사이,20250928,07:15,07:15,07:49,여객,출발,,A321,195,"E,F,G,L"
출발,인천,에어부산,BX164,도쿄/나리타,20250928,07:15,07:15,07:39,여객,출발,,A321,195,"E,F,G,L"
출발,인천,진에어,LJ261,후쿠오카,20250928,07:15,07:15,07:43,여객,출발,,B737-800,189,"H,F,G,L"
출발,인천,에어부산,BX156,후쿠오카,20250928,07:20,07:20,07:59,여객,출발,,A321,195,"E,F,G,L"
출발,인천,대한항공,KE787,후쿠오카,20250928,07:25,07:25,08:03,여객,출발,,B737-900,188,"A,B,C,D"
출발,인천,진에어,LJ201,도쿄/나리타,20250928,07:25,07:25,07:42,여객,출발,,B737-800,189,"H,F,G,L"
출발,인천,대한항공,KE771,오카야마,20250928,07:30,07:30,07:57,여객,출발,,B737-900,188,"A,B,C,D"
출발,인천,진에어,LJ345,나고야,20250928,07:30,08:03,08:28,여객,지연,운항 기준 및 승무원 관련 지연,B737-800,189,"H,F,G,L"
출발,인천,진에어,LJ231,간사이,20250928,07:40,07:40,08:14,여객,출발,,B737-800,189,"H,F,G,L"
출발,인천,대한항공,KE173,홍콩,20250928,07:45,07:45,08:16,여객,출발,,A321neo,182,"A,B,C,D"
출발,인천,대한항공,KE621,마닐라,20250928,07:50,07:50,08:18,여객,출발,,B737-900,188,"A,B,C,D"
출발,인천,진에어,LJ731,타오위안,20250928,07:50,08:06,08:26,여객,지연,공항 및 출입국 절차에 의한 지연,B737-800,189,"H,F,G,L"
출발,인천,대한항공,KE845,청도,20250928,07:50,07:50,08:28,여객,지연,여객 및 화물처리에 의한 지연,B737-900,188,"A,B,C,D"
출발,인천,대한항공,KE131,정저우,20250928,08:00,08:00,08:24,여객,출발,,B737-900,188,"A,B,C,D"
출발,인천,대한항공,KE441,노이바이(하노이),20250928,08:00,08:00,08:21,여객,출발,,A330-300,272,"A,B,C,D"
출발,인천,대한항공,KE197,칭기즈칸(신 울란바토르) 국제공항,20250928,08:10,08:10,08:45,여객,출발,,B737-900,188,"A,B,C,D"
출발,인천,에어서울,RS705,도쿄/나리타,20250928,08:10,08:10,08:34,여객,출발,,A321,195,"E,F,G,L"
출발,인천,진에어,LJ241,간사이,20250928,08:10,08:10,08:39,여객,출발,,B737-800,189,"H,F,G,L"
출발,인천,진에어,LJ357,시모지시마,20250928,08:10,08:10,08:30,여객,출발,,B737-800,189,"H,F,G,L"
출발,인천,진에어,LJ203,도쿄/나리타,20250928,08:15,09:24,09:47,여객,지연,항공기 정비에 의한 지연,B737-800,189,"H,F,G,L"
출발,인천,대한항공,KE127,푸저우(복주),20250928,08:20,08:20,08:47,여객,출발,,B737-900,188,"A,B,C,D"
출발,인천,대한항공,KE1403,김해,20250928,08:20,08:20,09:01,여객,지연,공항 및 출입국 절차에 의한 지연,B737-900,188,
출발,인천,진에어,LJ301,삿포로,20250928,08:20,08:37,08:59,여객,지연,공항 및 출입국 절차에 의한 지연,B737-800,189,"H,F,G,L"
출발,인천,대한항공,KE893,푸동,20250928,08:25,08:25,09:01,여객,출발,,A330-300,272,"A,B,C,D"
출발,인천,대한항공,KE731,고베,20250928,08:25,08:25,08:52,여객,출발,,A321neo,182,"A,B,C,D"
출발,인천,에어서울,RS727,후쿠오카,20250928,08:25,10:00,10:22,여객,지연,항공기 연결에 의한 지연,A321,195,"E,F,G,L"
출발,인천,에어 프랑스,AF267,파리,20250928,08:30,08:30,08:54,여객,출발,,B777-300ER,296,"M,F,G,L"
출발,인천,대한항공,KE775,고마쓰,20250928,08:35,08:35,09:02,여객,출발,,B737-900,188,"A,B,C,D"
출발,인천,대한항공,KE827,선전(심천),20250928,08:40,08:40,09:10,여객,출발,,B737-900,188,"A,B,C,D"
출발,인천,에어서울,RS741,다카마쓰,20250928,08:45,10:40,11:08,여객,지연,항공기 연결에 의한 지연,A321,195,"E,F,G,L"
출발,인천,대한항공,KE831,심양,20250928,08:45,08:25,09:00,여객,지연,항공기 연결에 의한 지연,B737-900,188,"A,B,C,D"
출발,인천,대한항공,KE865,광저우,20250928,08:50,08:50,09:17,여객,출발,,A330-300,272,"A,B,C,D"
출발,인천,대한항공,KE137,우한,20250928,08:50,08:50,09:08,여객,출발,,B737-900,188,"A,B,C,D"
출발,인천,대한항공,KE819,창사(장사),20250928,09:00,09:00,09:23,여객,출발,,B737-900,188,"A,B,C,D"
출발,인천,대한항공,KE469,떤 선녓(호찌민),20250928,09:05,10:17,10:38,여객,지연,여객 및 화물처리에 의한 지연,A330-300,272,"A,B,C,D"
출발,인천,진에어,LJ361,이시가키,20250928,09:05,09:05,09:41,여객,출발,,B737-800,189,"H,F,G,L"
출발,인천,대한항공,KE811,시안,20250928,09:10,09:10,09:43,여객,출발,,B737-900,188,"A,B,C,D"
출발,인천,대한항공,KE805,천진,20250928,09:10,09:10,09:40,여객,출발,,B737-900,188,"A,B,C,D"
출발,인천,에어부산,BX172,간사이,20250928,09:15,09:15,09:33,여객,출발,,A321,195,"E,F,G,L"
출발,인천,대한항공,KE035,애틀랜타,20250928,09:20,09:20,09:44,여객,출발,,B777-300ER,277,"A,B,C,D"
출발,인천,진에어,LJ913,괌,20250928,09:20,09:48,10:08,여객,지연,항공기 연결에 의한 지연,B737-800,189,"H,F,G,L"
출발,인천,에어서울,RS701,도쿄/나리타,20250928,09:25,09:25,09:50,여객,출발,,A321,195,"E,F,G,L"
출발,인천,대한항공,KE031,댈러스,20250928,09:30,09:30,10:20,여객,지연,공항 및 출입국 절차에 의한 지연,B787-9,269,"A,B,C,D"
출발,인천,대한항공,KE091,보스턴,20250928,09:30,09:30,10:02,여객,출발,,B787-9,269,"A,B,C,D"
출발,인천,대한항공,KE777,구마모토,20250928,09:30,09:30,10:14,여객,지연,공항 및 출입국 절차에 의한 지연,B737-900,188,"A,B,C,D"
출발,인천,대한항공,KE755,오키나와,20250928,09:30,09:30,10:04,여객,출발,,B737-900,188,"A,B,C,D"
출발,인천,대한항공,KE657,수안나폼(방콕),20250928,09:30,09:45,10:21,여객,지연,공항 및 출입국 절차에 의한 지연,A330-300,272,"A,B,C,D"
출발,인천,대한항공,KE073,토론토,20250928,09:35,09:35,10:12,여객,출발,,B777-300ER,277,"A,B,C,D"
출발,인천,대한항공,KE723,간사이,20250928,09:35,09:35,10:06,여객,출발,,A321neo,182,"A,B,C,D"
출발,인천,대한항공,KE421,괌,20250928,09:45,09:45,10:04,여객,출발,,B737-900,188,"A,B,C,D"
출발,인천,진에어,LJ205,도쿄/나리타,20250928,09:45,09:45,10:09,여객,출발,,B737-800,189,"H,F,G,L"
출발,인천,대한항공,KE913,마드리드,20250928,09:55,09:55,10:25,여객,출발,,B787-9,269,"A,B,C,D"
출발,인천,진에어,LJ341,오키나와,20250928,09:55,10:23,10:41,여객,지연,공항 및 출입국 절차에 의한 지연,B737-800,189,"H,F,G,L"
출발,인천,대한항공,KE081,뉴욕,20250928,10:00,10:00,10:32,여객,출발,,A380-800,407,"A,B,C,D"
출발,인천,대한항공,KE765,삿포로,20250928,10:05,10:05,10:35,여객,출발,,B737-900,188,"A,B,C,D"
출발,인천,대한항공,KE703,도쿄/나리타,20250928,10:10,10:25,10:54,여객,지연,공항 및 출입국 절차에 의한 지연,A321neo,182,"A,B,C,D"
출발,인천,진에어,LJ233,간사이,20250928,10:10,10:48,11:14,여객,지연,항공기 연결에 의한 지연,B737-800,189,"H,F,G,L"
출발,인천,델타항공,DL158,디트로이트,20250928,10:15,10:15,10:41,여객,출발,,A350-900,306,"K,F,G,L"
출발,인천,대한항공,KE125,샤먼 가오치,20250928,10:20,10:20,10:45,여객,출발,,B737-900,188,"A,B,C,D"
출발,인천,대한항공,KE169,마카오,20250928,10:20,10:20,10:49,여객,출발,,A321neo,182,"A,B,C,D"
출발,인천,대한항공,KE093,워싱톤,20250928,10:25,10:25,10:50,여객,출발,,B777-300ER,277,"A,B,C,D"
출발,인천,대한항공,KE101,남경,20250928,10:25,10:25,10:43,여객,출발,,A321neo,182,"A,B,C,D"
출발,인천,대한항공,KE937,비엔나,20250928,10:25,10:25,11:03,여객,지연,여객 및 화물처리에 의한 지연,B787-9,269,"A,B,C,D"
출발,인천,대한항공,KE185,타오위안,20250928,10:30,10:30,11:06,여객,출발,,A321neo,182,"A,B,C,D"
출발,인천,대한항공,KE741,나고야,20250928,10:35,10:35,11:03,여객,출발,,A321neo,182,"A,B,C,D"
출발,인천,가루다인도네시아,GA879,자카르타(수카르노 하타),20250928,10:35,10:35,10:52,여객,출발,,A330-900neo,301,"J,F,G,L"
출발,인천,대한항공,KE037,시카고,20250928,10:40,10:40,11:19,여객,출발,,B777-300ER,277,"A,B,C,D"
출발,인천,대한항공,KE855,베이징,20250928,10:40,10:40,10:57,여객,출발,,A330-300,272,"A,B,C,D"
출발,인천,대한항공,KE457,다낭,20250928,10:55,19:25,19:41,여객,지연,기상에 의한 지연,B737-900,188,"A,B,C,D"
출발,인천,대한항공,KE907,런던히드로,20250928,10:55,10:55,11:30,여객,지연,공항 및 출입국 절차에 의한 지연,A380-800,407,"A,B,C,D"
출발,인천,대한항공,KE945,프랑크푸르트,20250928,11:05,11:05,11:43,여객,출발,,A380-800,407,"A,B,C,D"
출발,인천,대한항공,KE791,후쿠오카,20250928,11:05,11:05,11:21,여객,출발,,B737-900,188,"A,B,C,D"
출발,인천,대한항공,KE897,푸동,20250928,11:10,11:10,11:37,여객,출발,,B777-300ER,277,"A,B,C,D"
출발,인천,에어부산,BX158,후쿠오카,20250928,11:25,11:25,11:41,여객,출발,,A321,195,"E,F,G,L"
출발,인천,가루다인도네시아,GA871,덴파사(응우라 라이),20250928,11:25,11:25,11:41,여객,출발,,A330-300,251,"J,F,G,L"
출발,인천,진에어,LJ269,후쿠오카,20250928,11:30,11:30,11:47,여객,출발,,B737-800,189,"H,F,G,L"
출발,인천,아에로멕시코,AM091,멕시코시티,20250928,11:40,11:40,11:58,여객,출발,,B787-9,274,"H,F,G,L"
출발,인천,대한항공,KE925,암스테르담,20250928,11:55,11:55,12:15,여객,출발,,B777-300ER,277,"A,B,C,D"
출발,인천,중화항공,CI165,가오슝,20250928,12:05,12:50,13:16,여객,지연,항공기 연결에 의한 지연,A321neo,180,"J,F,G,L"
출발,인천,진에어,LJ263,후쿠오카,20250928,12:10,12:10,12:19,여객,출발,,B737-800,189,"H,F,G,L"
출발,인천,대한항공,KE769,삿포로,20250928,12:35,12:35,13:02,여객,출발,,B737-900,188,"A,B,C,D"
출발,인천,대한항공,KE803,천진,20250928,12:35,12:35,12:50,여객,출발,,B737-900,188,"A,B,C,D"
출발,인천,중화항공,CI161,타오위안,20250928,12:35,12:50,13:10,여객,지연,항공기 연결에 의한 지연,A330-300,277,"J,F,G,L"
출발,인천,에어부산,BX174,간사이,20250928,12:40,12:40,12:56,여객,출발,,A321,195,"E,F,G,L"
출발,인천,대한항공,KE497,델리,20250928,12:55,12:55,13:25,여객,출발,,B787-9,269,"A,B,C,D"
출발,인천,대한항공,KE711,도쿄/나리타,20250928,13:00,13:18,13:44,여객,지연,항공교통흐름에 의한 지연,A321neo,182,"A,B,C,D"
출발,인천,대한항공,KE869,대련,20250928,13:00,13:00,13:20,여객,출발,,B737-900,188,"A,B,C,D"
출발,인천,대한항공,KE921,리스본,20250928,13:00,13:00,13:46,여객,지연,항공교통흐름에 의한 지연,B787-9,269,"A,B,C,D"
출발,인천,대한항공,KE843,청도,20250928,13:05,13:33,13:54,여객,지연,항공기 연결에 의한 지연,B737-900,188,"A,B,C,D"
출발,인천,에어서울,RS713,간사이,20250928,13:15,13:15,13:49,여객,출발,,A321,195,"E,F,G,L"
출발,인천,대한항공,KE927,밀라노,20250928,13:25,13:25,14:02,여객,출발,,B787-9,269,"A,B,C,D"
출발,인천,대한항공,KE175,홍콩,20250928,13:25,13:25,13:56,여객,출발,,A321neo,182,"A,B,C,D"
출발,인천,에어서울,RS745,요나고,20250928,13:25,14:45,15:16,여객,지연,항공기 연결에 의한 지연,A321,195,"E,F,G,L"
출발,인천,대한항공,KE135,허페이,20250928,13:25,13:25,13:52,여객,출발,,B737-900,188,"A,B,C,D"
출발,인천,대한항공,KE951,두바이,20250928,13:25,13:40,14:07,여객,지연,항공기 연결에 의한 지연,B777-300ER,277,"A,B,C,D"
출발,인천,샤먼항공,MF872,샤먼 가오치,20250928,13:30,13:55,14:19,여객,지연,항공기 연결에 의한 지연,B737-800,168,"J,F,G,L"
출발,인천,대한항공,KE789,후쿠오카,20250928,13:45,13:45,14:17,여객,출발,,B737-900,188,"A,B,C,D"
출발,인천,진에어,LJ861,청도,20250928,13:50,14:30,15:11,여객,지연,공항 및 출입국 절차에 의한 지연,B737-800,189,"H,F,G,L"
출발,인천,진에어,LJ207,도쿄/나리타,20250928,13:50,13:50,14:29,여객,출발,,B737-800,189,"H,F,G,L"
출발,인천,에어서울,RS723,후쿠오카,20250928,14:25,15:50,16:42,여객,지연,항공기 연결에 의한 지연,A321,195,"E,F,G,L"
출발,인천,대한항공,KE017,로스앤젤레스,20250928,14:30,14:30,15:08,여객,출발,,B747-8i,368,"A,B,C,D"
출발,인천,진에어,LJ359,다카마쓰,20250928,14:30,14:58,15:24,여객,지연,항공기 연결에 의한 지연,B737-800,189,"H,F,G,L"
출발,인천,대한항공,KE833,심양,20250928,14:35,14:35,15:00,여객,출발,,B737-900,188,"A,B,C,D"
출발,인천,진에어,LJ237,간사이,20250928,14:40,15:30,15:56,여객,지연,공항 및 출입국 절차에 의한 지연,B737-800,189,"H,F,G,L"
출발,인천,대한항공,KE643,싱가포르,20250928,14:45,14:45,15:06,여객,출발,,A330-300,272,"A,B,C,D"
출발,인천,진에어,LJ209,도쿄/나리타,20250928,14:45,14:53,15:27,여객,지연,공항 및 출입국 절차에 의한 지연,B737-800,189,"H,F,G,L"
출발,인천,대한항공,KE725,간사이,20250928,15:05,15:05,15:38,여객,출발,,A321neo,182,"A,B,C,D"
출발,인천,대한항공,KE627,자카르타(수카르노 하타),20250928,15:10,15:10,15:47,여객,출발,,A330-300,272,"A,B,C,D"
출발,인천,대한항공,KE189,타이중,20250928,15:15,15:15,15:43,여객,출발,,A321neo,182,"A,B,C,D"
출발,인천,에어서울,RS715,간사이,20250928,15:20,15:20,15:49,여객,출발,,A321,195,"E,F,G,L"
출발,인천,에어부산,BX176,간사이,20250928,15:25,15:25,16:08,여객,지연,여객 및 화물처리에 의한 지연,A321,195,"E,F,G,L"
출발,인천,진에어,LJ211,도쿄/나리타,20250928,15:35,16:25,17:16,여객,지연,공항 및 출입국 절차에 의한 지연,B737-800,189,"H,F,G,L"
출발,인천,대한항공,KE671,쿠알라룸푸르,20250928,15:40,15:40,16:15,여객,출발,,A330-300,272,"A,B,C,D"
출발,인천,대한항공,KE733,고베,20250928,15:50,15:50,16:35,여객,지연,항공교통흐름에 의한 지연,A321neo,182,"A,B,C,D"
출발,인천,에어부산,BX166,도쿄/나리타,20250928,15:50,15:50,17:01,여객,지연,여객 및 화물처리에 의한 지연,A321,195,"E,F,G,L"
출발,인천,대한항공,KE023,샌프란시스코,20250928,16:00,16:50,17:37,여객,지연,항공교통흐름에 의한 지연,B777-300ER,277,"A,B,C,D"
출발,인천,진에어,LJ265,후쿠오카,20250928,16:00,16:32,17:07,여객,지연,공항 및 출입국 절차에 의한 지연,B737-800,189,"H,F,G,L"
출발,인천,진에어,LJ347,나고야,20250928,16:05,16:48,17:19,여객,지연,공항 및 출입국 절차에 의한 지연,B737-800,189,"H,F,G,L"
출발,인천,진에어,LJ239,간사이,20250928,16:05,16:35,17:31,여객,지연,공항 및 출입국 절차에 의한 지연,B737-800,189,"H,F,G,L"
출발,인천,대한항공,KE187,타오위안,20250928,16:10,16:10,16:39,여객,출발,,A321neo,182,"A,B,C,D"
출발,인천,대한항공,KE633,덴파사(응우라 라이),20250928,16:10,16:10,16:46,여객,출발,,A330-300,272,"A,B,C,D"
출발,인천,진에어,LJ351,기타규슈,20250928,16:15,16:45,17:49,여객,지연,공항 및 출입국 절차에 의한 지연,B737-800,189,"H,F,G,L"
출발,인천,델타항공,DL188,애틀랜타,20250928,16:25,16:25,17:05,여객,출발,,A350-900,306,"K,F,G,L"
출발,인천,대한항공,KE041,시애틀,20250928,16:40,16:40,17:10,여객,출발,,A330-300,272,"A,B,C,D"
출발,인천,에어서울,RS703,도쿄/나리타,20250928,16:45,16:45,17:51,여객,지연,공항 및 출입국 절차에 의한 지연,A321,195,"E,F,G,L"
출발,인천,진에어,LJ271,후쿠오카,20250928,17:00,17:31,18:07,여객,지연,공항 및 출입국 절차에 의한 지연,B737-800,189,"H,F,G,L"
출발,인천,진에어,LJ091,푸꾸옥,20250928,17:05,17:05,17:33,여객,출발,,B737-800,189,"H,F,G,L"
출발,인천,대한항공,KE713,도쿄/나리타,20250928,17:05,17:05,18:14,여객,지연,항공교통흐름에 의한 지연,A321neo,182,"A,B,C,D"
출발,인천,대한항공,KE1405,김해,20250928,17:10,17:10,17:55,여객,출발,,B737-900,188,
출발,인천,진에어,LJ009,치앙마이,20250928,17:10,17:43,18:09,여객,지연,공항 및 출입국 절차에 의한 지연,B737-800,189,"H,F,G,L"
출발,인천,대한항공,KE485,푸꾸옥,20250928,17:10,17:10,17:57,여객,출발,,B737-900,188,"A,B,C,D"
출발,인천,에어부산,BX747,수안나폼(방콕),20250928,17:15,17:15,18:21,여객,지연,공항 및 출입국 절차에 의한 지연,A321,195,"E,F,G,L"
출발,인천,대한항공,KE8425,괌,20250928,17:15,17:15,18:19,여객,지연,항공교통흐름에 의한 지연,B737-900,188,"A,B,C,D"
출발,인천,진에어,LJ919,괌,20250928,17:35,18:05,18:28,여객,지연,공항 및 출입국 절차에 의한 지연,B737-800,189,"H,F,G,L"
출발,인천,대한항공,KE629,덴파사(응우라 라이),20250928,17:45,17:45,18:36,여객,지연,항공교통흐름에 의한 지연,A330-300,272,"A,B,C,D"
출발,인천,대한항공,KE663,푸껫,20250928,17:50,17:50,18:25,여객,출발,,B737-900,188,"A,B,C,D"
출발,인천,대한항공,KE411,오클랜드,20250928,18:00,18:00,18:40,여객,지연,항공교통흐름에 의한 지연,B787-9,269,"A,B,C,D"
출발,인천,대한항공,KE651,수안나폼(방콕),20250928,18:05,18:05,18:42,여객,지연,항공교통흐름에 의한 지연,A330-300,272,"A,B,C,D"
출발,인천,대한항공,KE461,다낭,20250928,18:20,18:20,18:57,여객,지연,항공교통흐름에 의한 지연,B737-900,188,"A,B,C,D"
출발,인천,대한항공,KE667,치앙마이,20250928,18:25,18:25,19:11,여객,지연,항공교통흐름에 의한 지연,B737-900,188,"A,B,C,D"
출발,인천,대한항공,KE1407,김해,20250928,18:25,18:25,18:56,여객,출발,,B737-900,188,
출발,인천,대한항공,KE705,도쿄/나리타,20250928,18:35,18:50,19:40,여객,지연,항공기 연결에 의한 지연,A321neo,182,"A,B,C,D"
출발,인천,대한항공,KE871,대련,20250928,18:35,18:35,19:05,여객,출발,,B737-900,188,"A,B,C,D"
출발,인천,대한항공,KE161,쿤밍,20250928,18:40,18:40,19:21,여객,출발,,B737-900,188,"A,B,C,D"
출발,인천,대한항공,KE645,싱가포르,20250928,18:40,18:40,19:20,여객,지연,항공교통흐름에 의한 지연,A330-300,272,"A,B,C,D"
출발,인천,대한항공,KE781,후쿠오카,20250928,18:40,18:40,19:08,여객,출발,,B737-900,188,"A,B,C,D"
출발,인천,델타항공,DL170,미니애폴리스,20250928,18:40,18:40,19:06,여객,출발,,A350-900,306,"K,F,G,L"
출발,인천,대한항공,KE423,괌,20250928,18:40,18:40,19:15,여객,출발,,B737-900,188,"A,B,C,D"
출발,인천,대한항공,KE071,밴쿠버,20250928,18:45,18:45,19:37,여객,지연,항공교통흐름에 의한 지연,B787-9,269,"A,B,C,D"
출발,인천,대한항공,KE453,노이바이(하노이),20250928,18:45,18:45,19:25,여객,지연,항공기 연결에 의한 지연,B737-900,188,"A,B,C,D"
출발,인천,대한항공,KE475,떤 선녓(호찌민),20250928,18:45,19:10,19:39,여객,지연,여객 및 화물처리에 의한 지연,B737-900,188,"A,B,C,D"
출발,인천,대한항공,KE623,마닐라,20250928,18:50,18:50,19:30,여객,지연,여객 및 화물처리에 의한 지연,B737-900,188,"A,B,C,D"
출발,인천,대한항공,KE743,나고야,20250928,18:50,18:50,19:34,여객,지연,항공교통흐름에 의한 지연,A321neo,182,"A,B,C,D"
출발,인천,델타항공,DL26,애틀랜타,20250928,18:50,18:50,19:25,여객,출발,,A350-900,306,"K,F,G,L"
출발,인천,대한항공,KE689,프놈펜,20250928,18:50,19:05,19:58,여객,지연,항공기 연결에 의한 지연,B737-900,188,"A,B,C,D"
출발,인천,대한항공,KE895,푸동,20250928,18:55,19:10,19:32,여객,지연,항공기 연결에 의한 지연,A330-300,272,"A,B,C,D"
출발,인천,대한항공,KE721,간사이,20250928,19:00,19:00,19:42,여객,지연,항공교통흐름에 의한 지연,A321neo,182,"A,B,C,D"
출발,인천,대한항공,KE401,시드니,20250928,19:10,20:05,20:25,여객,지연,여객 및 화물처리에 의한 지연,A380-800,407,"A,B,C,D"
출발,인천,진에어,LJ131,코타키나발루,20250928,19:10,19:26,19:43,여객,지연,운항 기준 및 승무원 관련 지연,B737-800,189,"H,F,G,L"
출발,인천,델타항공,DL196,시애틀,20250928,19:20,19:20,19:45,여객,출발,,A330-900neo,281,"K,F,G,L"
출발,인천,에어서울,RS581,팡라로,20250928,19:25,19:25,19:50,여객,출발,,A321,195,"E,F,G,L"
출발,인천,대한항공,KE085,뉴욕,20250928,19:30,20:00,20:44,여객,지연,기타 원인에 의한 지연,B747-8i,368,"A,B,C,D"
출발,인천,대한항공,KE1431,대구,20250928,19:30,19:30,19:55,여객,출발,,B737-900,188,
출발,인천,진에어,LJ917,괌,20250928,19:35,19:55,20:34,여객,지연,공항 및 출입국 절차에 의한 지연,B737-800,189,"H,F,G,L"
출발,인천,대한항공,KE1409,김해,20250928,19:35,19:35,20:01,여객,출발,,B737-900,188,
출발,인천,델타항공,DL172,솔트레이크시티,20250928,19:40,19:40,20:08,여객,출발,,A350-900,306,"K,F,G,L"
출발,인천,대한항공,KE177,홍콩,20250928,19:45,19:45,20:10,여객,출발,,A321neo,182,"A,B,C,D"
출발,인천,대한항공,KE477,떤 선녓(호찌민),20250928,19:45,20:18,20:40,여객,지연,항공교통흐름에 의한 지연,B737-900,188,"A,B,C,D"
출발,인천,대한항공,KE659,수안나폼(방콕),20250928,19:45,19:45,20:56,여객,지연,항공교통흐름에 의한 지연,B737-900,188,"A,B,C,D"
출발,인천,에어서울,RS527,깜라인(나트랑),20250928,19:50,21:50,22:15,여객,지연,항공기 연결에 의한 지연,A321,195,"E,F,G,L"
출발,인천,진에어,LJ001,수안나폼(방콕),20250928,19:55,20:15,21:08,여객,지연,공항 및 출입국 절차에 의한 지연,B737-800,189,"H,F,G,L"
출발,인천,대한항공,KE853,베이징,20250928,20:00,20:00,20:29,여객,출발,,A330-300,272,"A,B,C,D"
출발,인천,대한항공,KE467,깜라인(나트랑),20250928,20:00,20:00,20:18,여객,출발,,B737-900,188,"A,B,C,D"
출발,인천,대한항공,KE615,세부,20250928,20:05,20:05,20:36,여객,출발,,B737-900,188,"A,B,C,D"
출발,인천,대한항공,KE625,마닐라,20250928,20:15,20:31,20:50,여객,지연,여객 및 화물처리에 의한 지연,B737-900,188,"A,B,C,D"
출발,인천,진에어,LJ081,다낭,20250928,20:25,21:15,22:11,여객,지연,공항 및 출입국 절차에 의한 지연,B737-800,189,"H,F,G,L"
출발,인천,대한항공,KE011,로스앤젤레스,20250928,20:25,20:25,21:04,여객,지연,공항 및 출입국 절차에 의한 지연,A380-800,407,"A,B,C,D"
출발,인천,대한항공,KE719,하네다,20250928,20:30,20:30,21:00,여객,출발,,A321neo,182,"A,B,C,D"
출발,인천,중화항공,CI163,타오위안,20250928,20:35,21:55,22:30,여객,지연,항공교통흐름에 의한 지연,A330-300,277,"J,F,G,L"
출발,인천,샤먼항공,MF878,푸저우(복주),20250928,20:35,20:35,21:06,여객,출발,,B737-800,168,"J,F,G,L"
출발,인천,진에어,LJ087,깜라인(나트랑),20250928,20:40,21:10,21:28,여객,지연,공항 및 출입국 절차에 의한 지연,B737-800,189,"H,F,G,L"
출발,인천,진에어,LJ043,팡라로,20250928,20:50,21:50,22:23,여객,지연,공항 및 출입국 절차에 의한 지연,B737-800,189,"H,F,G,L"
출발,인천,에어서울,RS511,다낭,20250928,20:55,20:55,21:20,여객,출발,,A321,195,"E,F,G,L"
출발,인천,대한항공,KE005,라스베이거스,20250928,21:00,21:00,21:18,여객,출발,,B777-300ER,277,"A,B,C,D"
출발,인천,대한항공,KE053,호놀룰루,20250928,21:05,21:05,21:36,여객,출발,,A330-300,272,"A,B,C,D"
출발,인천,대한항공,KE655,수안나폼(방콕),20250928,21:15,22:05,22:32,여객,지연,여객 및 화물처리에 의한 지연,A330-300,272,"A,B,C,D"
출발,인천,에어부산,BX787,깜라인(나트랑),20250928,21:30,22:40,23:19,여객,지연,항공교통흐름에 의한 지연,A321,195,"E,F,G,L"
출발,인천,진에어,LJ885,엔스 쉬자핑,20250928,21:45,22:15,22:46,여객,지연,공항 및 출입국 절차에 의한 지연,B737-800,189,"H,F,G,L"
출발,인천,네덜란드항공,KL856,암스테르담,20250928,22:25,22:25,22:59,여객,출발,,B787-9,294,"M,F,G,L"
출발,인천,대한항공,KE619,마닐라,20250928,22:35,22:35,23:08,여객,출발,,A330-300,272,"A,B,C,D"
출발,인천,대한항공,KE647,싱가포르,20250928,23:35,23:35,23:58,여객,출발,,B777-300ER,277,"A,B,C,D"
출발,인천,대한항공,KE1401,김해,20250929,06:35,06:35,06:38,여객,출발,,B737-900,188,
출발,인천,에어서울,RS711,간사이,20250929,07:15,07:15,07:30,여객,출발,,A321,195,"E,F,G,L"
출발,인천,에어부산,BX164,도쿄/나리타,20250929,07:15,07:15,07:47,여객,출발,,A321,195,"E,F,G,L"
출발,인천,진에어,LJ261,후쿠오카,20250929,07:15,07:15,07:45,여객,출발,,B737-800,189,"H,F,G,L"
출발,인천,에어부산,BX156,후쿠오카,20250929,07:20,07:20,07:59,여객,지연,항공기 연결에 의한 지연,A321,195,"E,F,G,L"
출발,인천,대한항공,KE787,후쿠오카,20250929,07:25,07:25,08:08,여객,지연,공항 및 출입국 절차에 의한 지연,B737-900,188,"A,B,C,D"
출발,인천,진에어,LJ201,도쿄/나리타,20250929,07:25,07:52,08:23,여객,지연,운항 기준 및 승무원 관련 지연,B737-800,189,"H,F,G,L"
출발,인천,진에어,LJ345,나고야,20250929,07:30,08:00,08:15,여객,지연,운항 기준 및 승무원 관련 지연,B737-800,189,"H,F,G,L"
출발,인천,대한항공,KE795,나가사키,20250929,07:30,07:30,07:49,여객,출발,,B737-900,188,"A,B,C,D"
출발,인천,진에어,LJ231,간사이,20250929,07:40,07:40,08:07,여객,출발,,B737-800,189,"H,F,G,L"
출발,인천,대한항공,KE173,홍콩,20250929,07:45,07:45,08:14,여객,출발,,A321neo,182,"A,B,C,D"
출발,인천,대한항공,KE621,마닐라,20250929,07:50,07:50,08:27,여객,지연,항공기 연결에 의한 지연,B737-900,188,"A,B,C,D"
출발,인천,진에어,LJ731,타오위안,20250929,07:50,08:07,08:33,여객,지연,운항 기준 및 승무원 관련 지연,B737-800,189,"H,F,G,L"
출발,인천,대한항공,KE845,청도,20250929,07:50,07:50,08:13,여객,출발,,B737-900,188,"A,B,C,D"
출발,인천,대한항공,KE131,정저우,20250929,08:00,08:00,08:20,여객,출발,,B737-900,188,"A,B,C,D"
출발,인천,대한항공,KE441,노이바이(하노이),20250929,08:00,08:00,08:16,여객,출발,,A330-300,272,"A,B,C,D"
출발,인천,에어서울,RS705,도쿄/나리타,20250929,08:05,08:05,08:31,여객,출발,,A321,195,"E,F,G,L"
출발,인천,대한항공,KE197,칭기즈칸(신 울란바토르) 국제공항,20250929,08:10,08:10,08:31,여객,출발,,B737-900,188,"A,B,C,D"
출발,인천,대한항공,KE767,아오모리,20250929,08:10,08:10,08:48,여객,출발,,B737-900,188,"A,B,C,D"
출발,인천,진에어,LJ241,간사이,20250929,08:10,08:10,08:37,여객,출발,,B737-800,189,"H,F,G,L"
출발,인천,진에어,LJ357,시모지시마,20250929,08:10,08:10,08:29,여객,출발,,B737-800,189,"H,F,G,L"
출발,인천,진에어,LJ203,도쿄/나리타,20250929,08:15,08:15,08:42,여객,출발,,B737-800,189,"H,F,G,L"
출발,인천,대한항공,KE1403,김해,20250929,08:20,08:20,08:50,여객,출발,,B737-900,188,
출발,인천,진에어,LJ301,삿포로,20250929,08:20,08:40,09:02,여객,지연,공항 및 출입국 절차에 의한 지연,B737-800,189,"H,F,G,L"
출발,인천,대한항공,KE893,푸동,20250929,08:25,08:25,08:55,여객,출발,,A330-300,272,"A,B,C,D"
출발,인천,대한항공,KE731,고베,20250929,08:25,08:25,08:55,여객,출발,,A321neo,182,"A,B,C,D"
출발,인천,에어서울,RS727,후쿠오카,20250929,08:25,08:25,08:53,여객,출발,,A321,195,"E,F,G,L"
출발,인천,에어 프랑스,AF267,파리,20250929,08:30,08:30,09:05,여객,출발,,B777-300ER,296,"M,F,G,L"
출발,인천,대한항공,KE827,선전(심천),20250929,08:40,08:40,09:07,여객,출발,,B737-900,188,"A,B,C,D"
출발,인천,에어서울,RS741,다카마쓰,20250929,08:45,09:45,10:12,여객,지연,항공기 연결에 의한 지연,A321,195,"E,F,G,L"
출발,인천,대한항공,KE831,심양,20250929,08:45,08:05,08:24,여객,출발,,B737-900,188,"A,B,C,D"
출발,인천,대한항공,KE865,광저우,20250929,08:50,09:10,09:32,여객,지연,여객 및 화물처리에 의한 지연,A330-300,272,"A,B,C,D"
출발,인천,대한항공,KE819,창사(장사),20250929,09:00,09:00,09:34,여객,출발,,B737-900,188,"A,B,C,D"
출발,인천,대한항공,KE469,떤 선녓(호찌민),20250929,09:05,09:05,09:31,여객,출발,,A330-300,272,"A,B,C,D"
출발,인천,진에어,LJ361,이시가키,20250929,09:05,09:05,09:36,여객,출발,,B737-800,189,"H,F,G,L"
출발,인천,대한항공,KE811,시안,20250929,09:10,09:10,09:42,여객,출발,,B737-900,188,"A,B,C,D"
출발,인천,대한항공,KE805,천진,20250929,09:10,09:10,09:38,여객,출발,,B737-900,188,"A,B,C,D"
출발,인천,에어부산,BX172,간사이,20250929,09:15,09:15,09:54,여객,지연,지상조업 관련 지연,A321,195,"E,F,G,L"
출발,인천,대한항공,KE035,애틀랜타,20250929,09:20,09:20,09:51,여객,지연,여객 및 화물처리에 의한 지연,B777-300ER,277,"A,B,C,D"
출발,인천,대한항공,KE785,가고시마,20250929,09:20,09:20,09:45,여객,출발,,B737-900,188,"A,B,C,D"
출발,인천,진에어,LJ913,괌,20250929,09:20,09:20,09:42,여객,출발,,B737-800,189,"H,F,G,L"
출발,인천,에어서울,RS701,도쿄/나리타,20250929,09:25,10:15,10:35,여객,지연,항공기 연결에 의한 지연,A321,195,"E,F,G,L"
출발,인천,대한항공,KE031,댈러스,20250929,09:30,09:30,10:09,여객,출발,,B787-9,269,"A,B,C,D"
출발,인천,대한항공,KE091,보스턴,20250929,09:30,09:30,09:57,여객,출발,,B787-9,269,"A,B,C,D"
출발,인천,대한항공,KE755,오키나와,20250929,09:30,09:30,09:54,여객,출발,,B737-900,188,"A,B,C,D"
출발,인천,대한항공,KE657,수안나폼(방콕),20250929,09:30,09:30,09:52,여객,출발,,A330-300,272,"A,B,C,D"
출발,인천,대한항공,KE073,토론토,20250929,09:35,09:35,10:03,여객,출발,,B777-300ER,277,"A,B,C,D"
출발,인천,대한항공,KE723,간사이,20250929,09:35,09:50,10:18,여객,지연,공항 및 출입국 절차에 의한 지연,A321neo,182,"A,B,C,D"
출발,인천,대한항공,KE421,괌,20250929,09:45,09:45,10:04,여객,출발,,B737-900,188,"A,B,C,D"
출발,인천,진에어,LJ205,도쿄/나리타,20250929,09:45,09:45,10:06,여객,출발,,B737-800,189,"H,F,G,L"
출발,인천,진에어,LJ341,오키나와,20250929,09:55,09:55,10:28,여객,출발,,B737-800,189,"H,F,G,L"
출발,인천,대한항공,KE081,뉴욕,20250929,10:00,10:00,10:32,여객,출발,,A380-800,407,"A,B,C,D"
출발,인천,대한항공,KE703,도쿄/나리타,20250929,10:05,10:05,10:30,여객,출발,,A321neo,182,"A,B,C,D"
출발,인천,대한항공,KE765,삿포로,20250929,10:05,10:30,10:56,여객,지연,항공기 연결에 의한 지연,B737-900,188,"A,B,C,D"
출발,인천,진에어,LJ233,간사이,20250929,10:10,10:10,10:44,여객,출발,,B737-800,189,"H,F,G,L"
출발,인천,델타항공,DL158,디트로이트,20250929,10:15,10:15,10:27,여객,출발,,A350-900,306,"K,F,G,L"
출발,인천,대한항공,KE125,샤먼 가오치,20250929,10:20,10:20,10:34,여객,출발,,B737-900,188,"A,B,C,D"
출발,인천,대한항공,KE169,마카오,20250929,10:20,10:20,10:41,여객,출발,,A321neo,182,"A,B,C,D"
출발,인천,대한항공,KE093,워싱톤,20250929,10:25,10:25,10:50,여객,출발,,B777-300ER,277,"A,B,C,D"
출발,인천,대한항공,KE101,남경,20250929,10:25,10:25,11:06,여객,출발,,A321neo,182,"A,B,C,D"
출발,인천,대한항공,KE937,비엔나,20250929,10:25,10:25,10:53,여객,출발,,B787-9,269,"A,B,C,D"
출발,인천,대한항공,KE185,타오위안,20250929,10:30,10:30,11:04,여객,출발,,A321neo,182,"A,B,C,D"
출발,인천,대한항공,KE741,나고야,20250929,10:35,10:35,11:06,여객,출발,,A321neo,182,"A,B,C,D"
출발,인천,가루다인도네시아,GA879,자카르타(수카르노 하타),20250929,10:35,10:35,10:51,여객,출발,,A330-900neo,301,"J,F,G,L"
출발,인천,대한항공,KE037,시카고,20250929,10:40,10:40,11:02,여객,출발,,B777-300ER,277,"A,B,C,D"
출발,인천,대한항공,KE855,베이징,20250929,10:40,10:40,11:11,여객,출발,,A330-300,272,"A,B,C,D"
출발,인천,대한항공,KE969,프라하,20250929,10:45,10:45,11:19,여객,출발,,B787-9,269,"A,B,C,D"
출발,인천,대한항공,KE457,다낭,20250929,10:55,10:55,11:29,여객,출발,,B737-900,188,"A,B,C,D"
출발,인천,대한항공,KE907,런던히드로,20250929,10:55,11:25,12:11,여객,지연,공항 및 출입국 절차에 의한 지연,A380-800,407,"A,B,C,D"
출발,인천,대한항공,KE791,후쿠오카,20250929,11:05,11:05,11:33,여객,출발,,B737-900,188,"A,B,C,D"
출발,인천,대한항공,KE897,푸동,20250929,11:10,11:10,11:41,여객,출발,,B777-300ER,277,"A,B,C,D"
출발,인천,대한항공,KE901,파리,20250929,11:10,11:10,11:38,여객,출발,,B777-300ER,277,"A,B,C,D"
출발,인천,에어부산,BX158,후쿠오카,20250929,11:25,11:25,11:52,여객,출발,,A321,195,"E,F,G,L"
출발,인천,가루다인도네시아,GA871,덴파사(응우라 라이),20250929,11:25,11:25,11:48,여객,출발,,A330-300,251,"J,F,G,L"
출발,인천,진에어,LJ269,후쿠오카,20250929,11:30,11:30,12:04,여객,출발,,B737-800,189,"H,F,G,L"
출발,인천,아에로멕시코,AM091,멕시코시티,20250929,11:40,11:40,12:18,여객,출발,,B787-9,274,"H,F,G,L"
출발,인천,대한항공,KE925,암스테르담,20250929,11:55,11:55,12:20,여객,출발,,B777-300ER,277,"A,B,C,D"
출발,인천,대한항공,KE107,항저우,20250929,12:00,12:00,12:34,여객,출발,,A321neo,182,"A,B,C,D"
출발,인천,중화항공,CI165,가오슝,20250929,12:05,12:05,12:37,여객,출발,,A321neo,180,"J,F,G,L"
출발,인천,진에어,LJ263,후쿠오카,20250929,12:10,12:10,12:35,여객,출발,,B737-800,189,"H,F,G,L"
출발,인천,대한항공,KE769,삿포로,20250929,12:35,12:35,13:04,여객,출발,,B737-900,188,"A,B,C,D"
출발,인천,대한항공,KE803,천진,20250929,12:35,12:35,12:58,여객,출발,,B737-900,188,"A,B,C,D"
출발,인천,대한항공,KE963,부다페스트,20250929,12:35,12:35,13:23,여객,지연,여객 및 화물처리에 의한 지연,B787-9,269,"A,B,C,D"
출발,인천,중화항공,CI161,타오위안,20250929,12:35,12:35,12:56,여객,출발,,A330-300,277,"J,F,G,L"
출발,인천,에어부산,BX174,간사이,20250929,12:40,12:40,13:12,여객,출발,,A321,195,"E,F,G,L"
출발,인천,대한항공,KE711,도쿄/나리타,20250929,13:00,13:00,13:51,여객,지연,항공교통흐름에 의한 지연,A321neo,182,"A,B,C,D"
출발,인천,대한항공,KE869,대련,20250929,13:00,13:15,14:04,여객,지연,항공기 연결에 의한 지연,B737-900,188,"A,B,C,D"
출발,인천,대한항공,KE843,청도,20250929,13:05,13:05,13:41,여객,지연,항공기 연결에 의한 지연,B737-900,188,"A,B,C,D"
출발,인천,에어서울,RS713,간사이,20250929,13:15,13:15,13:58,여객,지연,공항 및 출입국 절차에 의한 지연,A321,195,"E,F,G,L"
출발,인천,대한항공,KE931,로마,20250929,13:20,13:20,14:00,여객,지연,항공교통흐름에 의한 지연,B777-300ER,277,"A,B,C,D"
출발,인천,대한항공,KE175,홍콩,20250929,13:25,13:25,14:02,여객,출발,,A321neo,182,"A,B,C,D"
출발,인천,대한항공,KE135,허페이,20250929,13:25,13:25,14:11,여객,지연,항공교통흐름에 의한 지연,B737-900,188,"A,B,C,D"
출발,인천,대한항공,KE951,두바이,20250929,13:25,13:25,14:16,여객,지연,여객 및 화물처리에 의한 지연,B777-300ER,277,"A,B,C,D"
출발,인천,샤먼항공,MF872,샤먼 가오치,20250929,13:30,13:46,14:06,여객,지연,공항 및 출입국 절차에 의한 지연,B737-800,168,"J,F,G,L"
출발,인천,대한항공,KE695,카트만두,20250929,13:35,13:35,14:22,여객,지연,여객 및 화물처리에 의한 지연,A330-300,272,"A,B,C,D"
출발,인천,에어서울,RS745,요나고,20250929,13:35,13:35,14:07,여객,출발,,A321,195,"E,F,G,L"
출발,인천,대한항공,KE927,밀라노,20250929,13:40,14:00,14:39,여객,지연,항공기 연결에 의한 지연,B787-9,269,"A,B,C,D"
출발,인천,대한항공,KE955,이스탄불,20250929,13:40,13:40,14:24,여객,지연,운항 기준 및 승무원 관련 지연,B777-300ER,277,"A,B,C,D"
출발,인천,대한항공,KE789,후쿠오카,20250929,13:45,13:45,14:21,여객,지연,항공기 정비에 의한 지연,B737-900,188,"A,B,C,D"
출발,인천,진에어,LJ861,청도,20250929,13:50,14:11,14:31,여객,지연,공항 및 출입국 절차에 의한 지연,B737-800,189,"H,F,G,L"
출발,인천,진에어,LJ207,도쿄/나리타,20250929,13:50,14:18,14:37,여객,지연,항공기 연결에 의한 지연,B737-800,189,"H,F,G,L"
출발,인천,에어서울,RS723,후쿠오카,20250929,14:25,15:11,15:47,여객,지연,항공기 연결에 의한 지연,A321,195,"E,F,G,L"
출발,인천,대한항공,KE017,로스앤젤레스,20250929,14:30,14:30,15:00,여객,출발,,B747-8i,368,"A,B,C,D"
출발,인천,진에어,LJ359,다카마쓰,20250929,14:30,14:47,15:09,여객,지연,공항 및 출입국 절차에 의한 지연,B737-800,189,"H,F,G,L"
출발,인천,대한항공,KE833,심양,20250929,14:35,14:35,15:07,여객,출발,,B737-900,188,"A,B,C,D"
출발,인천,진에어,LJ237,간사이,20250929,14:40,14:47,15:21,여객,지연,공항 및 출입국 절차에 의한 지연,B737-800,189,"H,F,G,L"
출발,인천,대한항공,KE643,싱가포르,20250929,14:45,14:45,15:17,여객,출발,,A330-300,272,"A,B,C,D"
출발,인천,진에어,LJ209,도쿄/나리타,20250929,14:45,15:08,15:28,여객,지연,공항 및 출입국 절차에 의한 지연,B737-800,189,"H,F,G,L"
출발,인천,대한항공,KE725,간사이,20250929,14:55,14:55,15:45,여객,지연,여객 및 화물처리에 의한 지연,A321neo,182,"A,B,C,D"
출발,인천,대한항공,KE627,자카르타(수카르노 하타),20250929,15:10,15:10,15:53,여객,지연,항공교통흐름에 의한 지연,A330-300,272,"A,B,C,D"
출발,인천,대한항공,KE189,타이중,20250929,15:15,15:15,16:00,여객,지연,항공교통흐름에 의한 지연,A321neo,182,"A,B,C,D"
출발,인천,에어서울,RS715,간사이,20250929,15:20,15:20,16:06,여객,지연,공항 및 출입국 절차에 의한 지연,A321,195,"E,F,G,L"
출발,인천,에어부산,BX176,간사이,20250929,15:25,15:25,16:10,여객,출발,,A321,195,"E,F,G,L"
출발,인천,진에어,LJ211,도쿄/나리타,20250929,15:35,16:15,16:34,여객,지연,운항 기준 및 승무원 관련 지연,B737-800,189,"H,F,G,L"
출발,인천,대한항공,KE671,쿠알라룸푸르,20250929,15:40,15:40,16:21,여객,출발,,A330-300,272,"A,B,C,D"
출발,인천,대한항공,KE733,고베,20250929,15:50,15:50,16:27,여객,지연,항공교통흐름에 의한 지연,A321neo,182,"A,B,C,D"
출발,인천,에어부산,BX166,도쿄/나리타,20250929,15:50,15:50,16:30,여객,지연,공항 및 출입국 절차에 의한 지연,A321,195,"E,F,G,L"
출발,인천,대한항공,KE023,샌프란시스코,20250929,16:00,16:00,16:38,여객,지연,항공교통흐름에 의한 지연,B777-300ER,277,"A,B,C,D"
출발,인천,진에어,LJ265,후쿠오카,20250929,16:00,16:36,17:04,여객,지연,공항 및 출입국 절차에 의한 지연,B737-800,189,"H,F,G,L"
출발,인천,진에어,LJ347,나고야,20250929,16:05,16:34,16:58,여객,지연,공항 및 출입국 절차에 의한 지연,B737-800,189,"H,F,G,L"
출발,인천,진에어,LJ239,간사이,20250929,16:05,16:35,17:13,여객,지연,항공기 연결에 의한 지연,B737-800,189,"H,F,G,L"
출발,인천,대한항공,KE187,타오위안,20250929,16:10,16:10,17:06,여객,지연,항공기 연결에 의한 지연,A321neo,182,"A,B,C,D"
출발,인천,대한항공,KE633,덴파사(응우라 라이),20250929,16:10,16:10,16:40,여객,출발,,A330-300,272,"A,B,C,D"
출발,인천,진에어,LJ351,기타규슈,20250929,16:15,16:15,17:00,여객,지연,,B737-800,189,"H,F,G,L"
출발,인천,델타항공,DL188,애틀랜타,20250929,16:25,16:45,17:09,여객,지연,공항 및 출입국 절차에 의한 지연,A350-900,306,"K,F,G,L"
출발,인천,대한항공,KE041,시애틀,20250929,16:40,16:40,17:24,여객,지연,공항 및 출입국 절차에 의한 지연,A330-300,272,"A,B,C,D"
출발,인천,에어서울,RS703,도쿄/나리타,20250929,16:45,16:45,17:36,여객,지연,항공기 연결에 의한 지연,A321,195,"E,F,G,L"
출발,인천,진에어,LJ271,후쿠오카,20250929,17:00,17:08,17:45,여객,지연,공항 및 출입국 절차에 의한 지연,B737-800,189,"H,F,G,L"
출발,인천,진에어,LJ091,푸꾸옥,20250929,17:05,17:37,18:07,여객,지연,항공기 연결에 의한 지연,B737-800,189,"H,F,G,L"
출발,인천,대한항공,KE713,도쿄/나리타,20250929,17:05,17:05,17:54,여객,지연,항공기 연결에 의한 지연,A321neo,182,"A,B,C,D"
출발,인천,대한항공,KE1405,김해,20250929,17:10,17:10,17:43,여객,출발,,B737-900,188,
출발,인천,진에어,LJ009,치앙마이,20250929,17:10,17:27,17:47,여객,지연,공항 및 출입국 절차에 의한 지연,B737-800,189,"H,F,G,L"
출발,인천,대한항공,KE485,푸꾸옥,20250929,17:10,17:10,17:38,여객,출발,,B737-900,188,"A,B,C,D"
출발,인천,대한항공,KE489,양곤,20250929,17:15,17:15,17:51,여객,지연,항공교통흐름에 의한 지연,B737-900,188,"A,B,C,D"
출발,인천,에어부산,BX747,수안나폼(방콕),20250929,17:15,17:15,17:53,여객,출발,,A321,195,"E,F,G,L"
출발,인천,대한항공,KE8425,괌,20250929,17:15,17:15,17:41,여객,출발,,B737-900,188,"A,B,C,D"
출발,인천,진에어,LJ919,괌,20250929,17:35,17:35,18:04,여객,출발,,B737-800,189,"H,F,G,L"
출발,인천,대한항공,KE629,덴파사(응우라 라이),20250929,17:45,17:45,18:12,여객,출발,,A330-300,272,"A,B,C,D"
출발,인천,대한항공,KE663,푸껫,20250929,17:50,17:50,18:19,여객,출발,,B737-900,188,"A,B,C,D"
출발,인천,대한항공,KE411,오클랜드,20250929,18:00,18:15,18:40,여객,지연,항공기 연결에 의한 지연,B787-9,269,"A,B,C,D"
출발,인천,대한항공,KE651,수안나폼(방콕),20250929,18:05,18:05,18:36,여객,출발,,A330-300,272,"A,B,C,D"
출발,인천,대한항공,KE461,다낭,20250929,18:20,18:30,18:55,여객,출발,,B737-900,188,"A,B,C,D"
출발,인천,대한항공,KE667,치앙마이,20250929,18:25,18:25,18:48,여객,출발,,B737-900,188,"A,B,C,D"
출발,인천,대한항공,KE1407,김해,20250929,18:25,18:25,18:44,여객,출발,,B737-900,188,
출발,인천,대한항공,KE705,도쿄/나리타,20250929,18:35,18:55,19:35,여객,지연,항공기 연결에 의한 지연,A321neo,182,"A,B,C,D"
출발,인천,대한항공,KE871,대련,20250929,18:35,18:35,19:20,여객,지연,항공기 연결에 의한 지연,B737-900,188,"A,B,C,D"
출발,인천,대한항공,KE161,쿤밍,20250929,18:40,18:40,19:11,여객,출발,,B737-900,188,"A,B,C,D"
출발,인천,대한항공,KE645,싱가포르,20250929,18:40,19:00,19:26,여객,지연,항공기 연결에 의한 지연,A330-300,272,"A,B,C,D"
출발,인천,대한항공,KE781,후쿠오카,20250929,18:40,18:40,19:07,여객,출발,,B737-900,188,"A,B,C,D"
출발,인천,델타항공,DL170,미니애폴리스,20250929,18:40,18:40,19:04,여객,출발,,A350-900,306,"K,F,G,L"
출발,인천,대한항공,KE423,괌,20250929,18:40,18:40,19:03,여객,출발,,B737-900,188,"A,B,C,D"
출발,인천,대한항공,KE071,밴쿠버,20250929,18:45,18:45,19:37,여객,지연,항공기 정비에 의한 지연,B787-9,269,"A,B,C,D"
출발,인천,대한항공,KE453,노이바이(하노이),20250929,18:45,18:45,19:22,여객,지연,항공교통흐름에 의한 지연,B737-900,188,"A,B,C,D"
출발,인천,대한항공,KE475,떤 선녓(호찌민),20250929,18:45,18:45,19:36,여객,지연,,B737-900,188,"A,B,C,D"
출발,인천,대한항공,KE623,마닐라,20250929,18:50,19:10,19:45,여객,지연,항공기 연결에 의한 지연,B737-900,188,"A,B,C,D"
출발,인천,대한항공,KE743,나고야,20250929,18:50,18:50,19:33,여객,출발,,A321neo,182,"A,B,C,D"
출발,인천,델타항공,DL26,애틀랜타,20250929,18:50,18:50,19:24,여객,출발,,A350-900,306,"K,F,G,L"
출발,인천,대한항공,KE689,프놈펜,20250929,18:50,18:50,19:31,여객,지연,항공기 연결에 의한 지연,B737-900,188,"A,B,C,D"
출발,인천,대한항공,KE895,푸동,20250929,18:55,19:15,19:49,여객,지연,,A330-300,272,"A,B,C,D"
출발,인천,대한항공,KE721,간사이,20250929,19:00,19:00,19:39,여객,출발,,A321neo,182,"A,B,C,D"
출발,인천,대한항공,KE401,시드니,20250929,19:10,19:10,19:46,여객,출발,,A380-800,407,"A,B,C,D"
출발,인천,진에어,LJ131,코타키나발루,20250929,19:10,19:10,19:34,여객,출발,,B737-800,189,"H,F,G,L"
출발,인천,델타항공,DL196,시애틀,20250929,19:20,20:28,20:46,여객,지연,항공기 연결에 의한 지연,A330-900neo,281,"K,F,G,L"
출발,인천,에어서울,RS581,팡라로,20250929,19:25,19:25,19:53,여객,출발,,A321,195,"E,F,G,L"
출발,인천,대한항공,KE085,뉴욕,20250929,19:30,19:30,20:16,여객,지연,기타 원인에 의한 지연,B747-8i,368,"A,B,C,D"
출발,인천,대한항공,KE1431,대구,20250929,19:30,19:30,19:55,여객,출발,,B737-900,188,
출발,인천,진에어,LJ917,괌,20250929,19:35,19:59,20:22,여객,지연,항공기 연결에 의한 지연,B737-800,189,"H,F,G,L"
출발,인천,대한항공,KE1409,김해,20250929,19:35,19:35,20:07,여객,출발,,B737-900,188,
출발,인천,델타항공,DL172,솔트레이크시티,20250929,19:40,19:40,20:03,여객,출발,,A350-900,306,"K,F,G,L"
출발,인천,대한항공,KE177,홍콩,20250929,19:45,19:45,20:09,여객,출발,,A321neo,182,"A,B,C,D"
출발,인천,대한항공,KE477,떤 선녓(호찌민),20250929,19:45,19:45,20:29,여객,지연,,B737-900,188,"A,B,C,D"
출발,인천,대한항공,KE659,수안나폼(방콕),20250929,19:45,19:45,20:24,여객,지연,여객 및 화물처리에 의한 지연,B737-900,188,"A,B,C,D"
출발,인천,에어서울,RS527,깜라인(나트랑),20250929,19:50,19:50,20:41,여객,지연,공항 및 출입국 절차에 의한 지연,A321,195,"E,F,G,L"
출발,인천,진에어,LJ001,수안나폼(방콕),20250929,19:55,20:20,20:49,여객,지연,공항 및 출입국 절차에 의한 지연,B737-800,189,"H,F,G,L"
출발,인천,대한항공,KE853,베이징,20250929,20:00,20:00,20:35,여객,출발,,A330-300,272,"A,B,C,D"
출발,인천,대한항공,KE467,깜라인(나트랑),20250929,20:00,20:00,20:37,여객,출발,,B737-900,188,"A,B,C,D"
출발,인천,대한항공,KE615,세부,20250929,20:05,20:05,20:47,여객,지연,항공교통흐름에 의한 지연,B737-900,188,"A,B,C,D"
출발,인천,대한항공,KE407,브리즈번,20250929,20:05,20:05,20:38,여객,출발,,A330-300,272,"A,B,C,D"
출발,인천,대한항공,KE625,마닐라,20250929,20:15,20:15,21:06,여객,지연,,B737-900,188,"A,B,C,D"
출발,인천,진에어,LJ081,다낭,20250929,20:25,20:55,21:16,여객,지연,항공교통흐름에 의한 지연,B737-800,189,"H,F,G,L"
출발,인천,대한항공,KE011,로스앤젤레스,20250929,20:25,20:25,21:12,여객,지연,지상조업 관련 지연,A380-800,407,"A,B,C,D"
출발,인천,대한항공,KE719,하네다,20250929,20:30,20:30,21:05,여객,출발,,A321neo,182,"A,B,C,D"
출발,인천,중화항공,CI163,타오위안,20250929,20:35,20:35,21:04,여객,출발,,A330-300,277,"J,F,G,L"
출발,인천,샤먼항공,MF878,푸저우(복주),20250929,20:35,20:35,20:51,여객,출발,,B737-800,168,"J,F,G,L"
출발,인천,진에어,LJ087,깜라인(나트랑),20250929,20:40,21:01,21:22,여객,지연,항공교통흐름에 의한 지연,B737-800,189,"H,F,G,L"
출발,인천,진에어,LJ043,팡라로,20250929,20:50,20:50,21:20,여객,출발,,B737-800,189,"H,F,G,L"
출발,인천,에어서울,RS511,다낭,20250929,20:55,21:30,21:49,여객,지연,항공기 연결에 의한 지연,A321,195,"E,F,G,L"
출발,인천,대한항공,KE005,라스베이거스,20250929,21:00,21:00,21:25,여객,출발,,B777-300ER,277,"A,B,C,D"
출발,인천,대한항공,KE053,호놀룰루,20250929,21:05,21:05,21:36,여객,출발,,A330-300,272,"A,B,C,D"
출발,인천,대한항공,KE655,수안나폼(방콕),20250929,21:15,21:15,21:47,여객,출발,,A330-300,272,"A,B,C,D"
출발,인천,진에어,LJ037,클라크,20250929,21:25,21:45,22:00,여객,지연,운항 기준 및 승무원 관련 지연,B737-800,189,"H,F,G,L"
출발,인천,네덜란드항공,KL856,암스테르담,20250929,22:25,22:25,22:37,여객,출발,,B787-9,294,"M,F,G,L"
출발,인천,대한항공,KE619,마닐라,20250929,22:35,22:35,23:05,여객,출발,,A330-300,272,"A,B,C,D"
출발,인천,대한항공,KE075,밴쿠버,20250929,22:40,22:40,23:18,여객,출발,,B787-9,269,"A,B,C,D"
출발,인천,대한항공,KE647,싱가포르,20250929,23:35,23:35,23:53,여객,출발,,B777-300ER,277,"A,B,C,D"
출발,인천,스칸디나비아항공,SK988,코펜하겐,20250929,23:45,23:45,23:55,여객,출발,,A350-900,300,"K,F,G,L"
출발,인천,대한항공,KE1401,김해,20250930,06:35,06:35,06:48,여객,출발,,B737-900,188,
출발,인천,에어서울,RS711,간사이,20250930,07:15,07:15,07:55,여객,지연,공항 및 출입국 절차에 의한 지연,A321,195,"E,F,G,L"
출발,인천,에어부산,BX164,도쿄/나리타,20250930,07:15,07:15,07:48,여객,지연,여객 및 화물처리에 의한 지연,A321,195,"E,F,G,L"
출발,인천,진에어,LJ261,후쿠오카,20250930,07:15,07:15,07:42,여객,출발,,B737-800,189,"H,F,G,L"
출발,인천,에어서울,RS727,후쿠오카,20250930,07:20,07:20,07:50,여객,출발,,A321,195,"E,F,G,L"
출발,인천,에어부산,BX156,후쿠오카,20250930,07:20,07:20,07:40,여객,출발,,A321,195,"E,F,G,L"
출발,인천,대한항공,KE787,후쿠오카,20250930,07:25,07:25,07:53,여객,출발,,B737-900,188,"A,B,C,D"
출발,인천,진에어,LJ201,도쿄/나리타,20250930,07:25,07:25,07:44,여객,출발,,B737-800,189,"H,F,G,L"
출발,인천,대한항공,KE771,오카야마,20250930,07:30,07:30,08:02,여객,출발,,B737-900,188,"A,B,C,D"
출발,인천,진에어,LJ345,나고야,20250930,07:30,07:48,08:10,여객,지연,공항 및 출입국 절차에 의한 지연,B737-800,189,"H,F,G,L"
출발,인천,진에어,LJ231,간사이,20250930,07:40,07:40,08:06,여객,출발,,B737-800,189,"H,F,G,L"
출발,인천,대한항공,KE173,홍콩,20250930,07:45,08:09,08:31,여객,지연,여객 및 화물처리에 의한 지연,A321neo,182,"A,B,C,D"
출발,인천,대한항공,KE621,마닐라,20250930,07:50,08:00,08:35,여객,지연,여객 및 화물처리에 의한 지연,B737-900,188,"A,B,C,D"
출발,인천,진에어,LJ731,타오위안,20250930,07:50,07:50,08:20,여객,출발,,B737-800,189,"H,F,G,L"
출발,인천,대한항공,KE845,청도,20250930,07:50,07:50,08:10,여객,출발,,B737-900,188,"A,B,C,D"
출발,인천,대한항공,KE131,정저우,20250930,08:00,08:00,08:22,여객,출발,,B737-900,188,"A,B,C,D"
출발,인천,대한항공,KE441,노이바이(하노이),20250930,08:00,08:00,08:23,여객,출발,,A330-300,272,"A,B,C,D"
출발,인천,대한항공,KE197,칭기즈칸(신 울란바토르) 국제공항,20250930,08:10,08:10,08:29,여객,출발,,B737-900,188,"A,B,C,D"
출발,인천,에어서울,RS705,도쿄/나리타,20250930,08:10,08:10,08:29,여객,출발,,A321,195,"E,F,G,L"
출발,인천,진에어,LJ241,간사이,20250930,08:10,08:10,08:35,여객,출발,,B737-800,189,"H,F,G,L"
출발,인천,대한항공,KE859,베이징,20250930,08:15,08:15,08:47,여객,출발,,B777-300ER,277,"A,B,C,D"
출발,인천,진에어,LJ203,도쿄/나리타,20250930,08:15,08:15,08:32,여객,출발,,B737-800,189,"H,F,G,L"
출발,인천,대한항공,KE127,푸저우(복주),20250930,08:20,08:20,08:50,여객,출발,,B737-900,188,"A,B,C,D"
출발,인천,대한항공,KE1403,김해,20250930,08:20,08:20,08:43,여객,출발,,B737-900,188,
출발,인천,진에어,LJ301,삿포로,20250930,08:20,08:20,08:44,여객,출발,,B737-800,189,"H,F,G,L"
출발,인천,대한항공,KE893,푸동,20250930,08:25,08:25,08:41,여객,출발,,A330-300,272,"A,B,C,D"
출발,인천,대한항공,KE731,고베,20250930,08:25,08:25,08:53,여객,출발,,A321neo,182,"A,B,C,D"
출발,인천,에어 프랑스,AF267,파리,20250930,08:30,08:30,08:59,여객,출발,,B777-300ER,296,"M,F,G,L"
출발,인천,대한항공,KE827,선전(심천),20250930,08:40,08:40,09:14,여객,출발,,B737-900,188,"A,B,C,D"
출발,인천,에어서울,RS741,다카마쓰,20250930,08:45,08:45,09:01,여객,출발,,A321,195,"E,F,G,L"
출발,인천,대한항공,KE831,심양,20250930,08:45,08:30,08:40,여객,지연,항공기 연결에 의한 지연,B737-900,188,"A,B,C,D"
출발,인천,대한항공,KE865,광저우,20250930,08:50,08:50,09:21,여객,출발,,A330-300,272,"A,B,C,D"
출발,인천,대한항공,KE137,우한,20250930,08:50,08:50,09:19,여객,출발,,B737-900,188,"A,B,C,D"
출발,인천,대한항공,KE469,떤 선녓(호찌민),20250930,09:05,09:05,09:29,여객,출발,,A330-300,272,"A,B,C,D"
출발,인천,진에어,LJ361,이시가키,20250930,09:05,09:05,09:23,여객,출발,,B737-800,189,"H,F,G,L"
출발,인천,대한항공,KE811,시안,20250930,09:10,09:10,09:38,여객,출발,,B737-900,188,"A,B,C,D"
출발,인천,대한항공,KE805,천진,20250930,09:10,09:10,09:34,여객,출발,,B737-900,188,"A,B,C,D"
출발,인천,에어부산,BX172,간사이,20250930,09:15,09:15,09:35,여객,출발,,A321,195,"E,F,G,L"
출발,인천,대한항공,KE035,애틀랜타,20250930,09:20,09:20,09:44,여객,출발,,B777-300ER,277,"A,B,C,D"
출발,인천,진에어,LJ913,괌,20250930,09:20,09:20,09:39,여객,출발,,B737-800,189,"H,F,G,L"
출발,인천,에어서울,RS701,도쿄/나리타,20250930,09:25,09:25,09:38,여객,출발,,A321,195,"E,F,G,L"
출발,인천,대한항공,KE031,댈러스,20250930,09:30,09:30,09:50,여객,출발,,B787-9,269,"A,B,C,D"
출발,인천,대한항공,KE091,보스턴,20250930,09:30,09:30,09:53,여객,출발,,B787-9,269,"A,B,C,D"
출발,인천,대한항공,KE777,구마모토,20250930,09:30,09:30,09:59,여객,출발,,B737-900,188,"A,B,C,D"
출발,인천,대한항공,KE755,오키나와,20250930,09:30,09:30,09:59,여객,출발,,B737-900,188,"A,B,C,D"
출발,인천,대한항공,KE657,수안나폼(방콕),20250930,09:30,10:00,10:07,여객,지연,항공기 정비에 의한 지연,A330-300,272,"A,B,C,D"
출발,인천,대한항공,KE073,토론토,20250930,09:35,09:35,10:08,여객,출발,,B777-300ER,277,"A,B,C,D"
출발,인천,대한항공,KE723,간사이,20250930,09:35,09:35,10:02,여객,출발,,A321neo,182,"A,B,C,D"
출발,인천,대한항공,KE763,니가타,20250930,09:40,09:40,10:10,여객,출발,,B737-900,188,"A,B,C,D"
출발,인천,대한항공,KE421,괌,20250930,09:45,09:45,10:03,여객,출발,,B737-900,188,"A,B,C,D"
출발,인천,진에어,LJ205,도쿄/나리타,20250930,09:45,09:45,10:05,여객,출발,,B737-800,189,"H,F,G,L"
출발,인천,대한항공,KE913,마드리드,20250930,09:55,09:55,10:22,여객,출발,,B787-9,269,"A,B,C,D"
출발,인천,진에어,LJ341,오키나와,20250930,09:55,09:55,10:17,여객,출발,,B737-800,189,"H,F,G,L"
출발,인천,대한항공,KE081,뉴욕,20250930,10:00,10:00,10:39,여객,지연,공항 및 출입국 절차에 의한 지연,A380-800,407,"A,B,C,D"
출발,인천,대한항공,KE765,삿포로,20250930,10:05,10:05,10:21,여객,출발,,B737-900,188,"A,B,C,D"
출발,인천,대한항공,KE703,도쿄/나리타,20250930,10:10,10:10,10:32,여객,출발,,A321neo,182,"A,B,C,D"
출발,인천,진에어,LJ233,간사이,20250930,10:10,10:10,10:29,여객,출발,,B737-800,189,"H,F,G,L"
출발,인천,델타항공,DL158,디트로이트,20250930,10:15,10:15,10:24,여객,출발,,A350-900,306,"K,F,G,L"
출발,인천,대한항공,KE125,샤먼 가오치,20250930,10:20,10:35,10:56,여객,지연,항공교통흐름에 의한 지연,B737-900,188,"A,B,C,D"
출발,인천,대한항공,KE169,마카오,20250930,10:20,10:20,10:37,여객,출발,,A321neo,182,"A,B,C,D"
출발,인천,대한항공,KE093,워싱톤,20250930,10:25,10:25,10:48,여객,출발,,B777-300ER,277,"A,B,C,D"
출발,인천,대한항공,KE185,타오위안,20250930,10:30,10:30,10:49,여객,출발,,A321neo,182,"A,B,C,D"
출발,인천,대한항공,KE741,나고야,20250930,10:35,10:35,10:51,여객,출발,,A321neo,182,"A,B,C,D"
출발,인천,가루다인도네시아,GA879,자카르타(수카르노 하타),20250930,10:35,10:35,10:54,여객,출발,,A330-900neo,301,"J,F,G,L"
출발,인천,대한항공,KE037,시카고,20250930,10:40,10:40,11:15,여객,출발,,B777-300ER,277,"A,B,C,D"
출발,인천,대한항공,KE457,다낭,20250930,10:55,10:55,11:25,여객,출발,,B737-900,188,"A,B,C,D"
출발,인천,대한항공,KE907,런던히드로,20250930,10:55,10:55,11:32,여객,출발,,A380-800,407,"A,B,C,D"
출발,인천,대한항공,KE917,취리히,20250930,11:05,11:05,11:59,여객,지연,항공교통흐름에 의한 지연,B787-9,269,"A,B,C,D"
출발,인천,대한항공,KE791,후쿠오카,20250930,11:05,11:27,11:45,여객,지연,항공교통흐름에 의한 지연,B737-900,188,"A,B,C,D"
출발,인천,대한항공,KE945,프랑크푸르트,20250930,11:05,11:05,11:47,여객,지연,항공교통흐름에 의한 지연,A380-800,407,"A,B,C,D"
출발,인천,대한항공,KE897,푸동,20250930,11:10,12:05,13:14,여객,지연,항공기 연결에 의한 지연,B777-300ER,277,"A,B,C,D"
출발,인천,대한항공,KE901,파리,20250930,11:10,11:54,12:14,여객,지연,항공교통흐름에 의한 지연,B777-300ER,277,"A,B,C,D"
출발,인천,가루다인도네시아,GA871,덴파사(응우라 라이),20250930,11:25,11:25,11:54,여객,출발,,A330-300,251,"J,F,G,L"
출발,인천,에어부산,BX158,후쿠오카,20250930,11:25,11:25,11:51,여객,지연,공항 및 출입국 절차에 의한 지연,A321,195,"E,F,G,L"
출발,인천,아에로멕시코,AM091,멕시코시티,20250930,11:40,11:40,13:53,여객,지연,항공기 정비에 의한 지연,B787-9,274,"H,F,G,L"
출발,인천,대한항공,KE925,암스테르담,20250930,11:55,11:55,12:31,여객,지연,항공교통흐름에 의한 지연,B777-300ER,277,"A,B,C,D"
출발,인천,중화항공,CI165,가오슝,20250930,12:05,12:05,12:13,여객,출발,,A321neo,180,"J,F,G,L"
출발,인천,진에어,LJ263,후쿠오카,20250930,12:10,12:10,12:28,여객,출발,,B737-800,189,"H,F,G,L"
출발,인천,에어서울,RS811,장가계,20250930,12:20,12:20,12:31,여객,출발,,A321,195,"E,F,G,L"
출발,인천,대한항공,KE769,삿포로,20250930,12:35,12:35,12:50,여객,출발,,B737-900,188,"A,B,C,D"
출발,인천,대한항공,KE803,천진,20250930,12:35,12:35,13:15,여객,지연,여객 및 화물처리에 의한 지연,B737-900,188,"A,B,C,D"
출발,인천,대한항공,KE963,부다페스트,20250930,12:35,13:00,13:18,여객,지연,여객 및 화물처리에 의한 지연,B787-9,269,"A,B,C,D"
출발,인천,중화항공,CI161,타오위안,20250930,12:35,12:35,12:46,여객,출발,,A330-300,277,"J,F,G,L"
출발,인천,에어부산,BX174,간사이,20250930,12:40,12:40,13:00,여객,출발,,A321,195,"E,F,G,L"
출발,인천,대한항공,KE497,델리,20250930,12:55,12:55,13:17,여객,출발,,B787-9,269,"A,B,C,D"
출발,인천,대한항공,KE711,도쿄/나리타,20250930,13:00,13:20,13:45,여객,지연,항공기 연결에 의한 지연,A321neo,182,"A,B,C,D"
출발,인천,대한항공,KE869,대련,20250930,13:00,13:20,13:48,여객,지연,항공기 연결에 의한 지연,B737-900,188,"A,B,C,D"
출발,인천,대한항공,KE843,청도,20250930,13:05,13:20,13:43,여객,출발,,B737-900,188,"A,B,C,D"
출발,인천,에어서울,RS713,간사이,20250930,13:15,13:15,13:30,여객,출발,,A321,195,"E,F,G,L"
출발,인천,대한항공,KE951,두바이,20250930,13:25,13:25,13:49,여객,출발,,B777-300ER,277,"A,B,C,D"
출발,인천,대한항공,KE175,홍콩,20250930,13:25,13:25,13:41,여객,출발,,A321neo,182,"A,B,C,D"
출발,인천,샤먼항공,MF872,샤먼 가오치,20250930,13:30,13:45,14:10,여객,지연,항공기 연결에 의한 지연,B737-800,168,"J,F,G,L"
출발,인천,대한항공,KE789,후쿠오카,20250930,13:45,13:45,14:00,여객,출발,,B737-900,188,"A,B,C,D"
출발,인천,진에어,LJ861,청도,20250930,13:50,13:50,14:20,여객,출발,,B737-800,189,"H,F,G,L"
출발,인천,진에어,LJ207,도쿄/나리타,20250930,13:50,14:21,14:44,여객,지연,항공기 연결에 의한 지연,B737-800,189,"H,F,G,L"
출발,인천,에어서울,RS723,후쿠오카,20250930,14:25,14:25,14:51,여객,출발,,A321,195,"E,F,G,L"
출발,인천,대한항공,KE017,로스앤젤레스,20250930,14:30,14:30,15:03,여객,출발,,B747-8i,368,"A,B,C,D"
출발,인천,진에어,LJ359,다카마쓰,20250930,14:30,14:30,14:53,여객,출발,,B737-800,189,"H,F,G,L"
출발,인천,대한항공,KE833,심양,20250930,14:35,14:35,14:55,여객,출발,,B737-900,188,"A,B,C,D"
출발,인천,진에어,LJ237,간사이,20250930,14:40,14:57,15:17,여객,지연,항공기 연결에 의한 지연,B737-800,189,"H,F,G,L"
출발,인천,대한항공,KE643,싱가포르,20250930,14:45,14:45,15:09,여객,출발,,A330-300,272,"A,B,C,D"
출발,인천,진에어,LJ209,도쿄/나리타,20250930,14:45,14:45,15:10,여객,출발,,B737-800,189,"H,F,G,L"
출발,인천,대한항공,KE725,간사이,20250930,14:55,14:55,15:14,여객,출발,,A321neo,182,"A,B,C,D"
출발,인천,대한항공,KE627,자카르타(수카르노 하타),20250930,15:10,15:10,15:38,여객,출발,,A330-300,272,"A,B,C,D"
출발,인천,대한항공,KE189,타이중,20250930,15:15,15:54,15:54,여객,지연,여객 및 화물처리에 의한 지연,A321neo,182,"A,B,C,D"
출발,인천,에어서울,RS715,간사이,20250930,15:20,15:20,16:00,여객,출발,,A321,195,"E,F,G,L"
출발,인천,에어부산,BX176,간사이,20250930,15:25,15:25,15:56,여객,출발,,A321,195,"E,F,G,L"
출발,인천,대한항공,KE671,쿠알라룸푸르,20250930,15:40,15:40,16:14,여객,출발,,A330-300,272,"A,B,C,D"
출발,인천,대한항공,KE733,고베,20250930,15:50,15:50,16:18,여객,출발,,A321neo,182,"A,B,C,D"
출발,인천,에어부산,BX166,도쿄/나리타,20250930,15:50,15:50,16:27,여객,출발,,A321,195,"E,F,G,L"
출발,인천,대한항공,KE023,샌프란시스코,20250930,16:00,16:20,16:41,여객,지연,항공기 연결에 의한 지연,B777-300ER,277,"A,B,C,D"
출발,인천,진에어,LJ265,후쿠오카,20250930,16:00,16:00,16:32,여객,출발,,B737-800,189,"H,F,G,L"
출발,인천,진에어,LJ347,나고야,20250930,16:05,16:05,16:36,여객,출발,,B737-800,189,"H,F,G,L"
출발,인천,진에어,LJ239,간사이,20250930,16:05,16:05,16:31,여객,출발,,B737-800,189,"H,F,G,L"
출발,인천,대한항공,KE187,타오위안,20250930,16:10,16:10,16:46,여객,출발,,A321neo,182,"A,B,C,D"
출발,인천,대한항공,KE633,덴파사(응우라 라이),20250930,16:10,16:30,16:58,여객,지연,항공기 연결에 의한 지연,A330-300,272,"A,B,C,D"
출발,인천,진에어,LJ351,기타규슈,20250930,16:15,16:15,16:42,여객,출발,,B737-800,189,"H,F,G,L"
출발,인천,델타항공,DL188,애틀랜타,20250930,16:25,17:41,17:59,여객,지연,항공기 정비에 의한 지연,A350-900,306,"K,F,G,L"
출발,인천,대한항공,KE041,시애틀,20250930,16:40,16:40,17:09,여객,출발,,A330-300,272,"A,B,C,D"
출발,인천,에어서울,RS703,도쿄/나리타,20250930,16:45,16:45,17:14,여객,출발,,A321,195,"E,F,G,L"
출발,인천,진에어,LJ271,후쿠오카,20250930,17:00,17:00,17:29,여객,출발,,B737-800,189,"H,F,G,L"
출발,인천,대한항공,KE713,도쿄/나리타,20250930,17:05,17:05,17:33,여객,출발,,A321neo,182,"A,B,C,D"
출발,인천,진에어,LJ091,푸꾸옥,20250930,17:05,17:23,17:45,여객,지연,항공교통흐름에 의한 지연,B737-800,189,"H,F,G,L"
출발,인천,대한항공,KE1405,김해,20250930,17:10,17:10,17:25,여객,출발,,B737-900,188,
출발,인천,진에어,LJ009,치앙마이,20250930,17:10,17:10,17:43,여객,출발,,B737-800,189,"H,F,G,L"
출발,인천,대한항공,KE485,푸꾸옥,20250930,17:10,17:43,18:05,여객,지연,기상에 의한 지연,B737-900,188,"A,B,C,D"
출발,인천,에어부산,BX747,수안나폼(방콕),20250930,17:15,17:15,17:41,여객,출발,,A321,195,"E,F,G,L"
출발,인천,대한항공,KE8425,괌,20250930,17:15,17:15,17:40,여객,출발,,B737-900,188,"A,B,C,D"
출발,인천,진에어,LJ005,푸껫,20250930,17:25,17:25,18:01,여객,출발,,B737-800,189,"H,F,G,L"
출발,인천,대한항공,KE629,덴파사(응우라 라이),20250930,17:45,17:45,18:20,여객,지연,항공기 연결에 의한 지연,A330-300,272,"A,B,C,D"
출발,인천,대한항공,KE663,푸껫,20250930,17:50,17:50,18:29,여객,지연,기타 원인에 의한 지연,B737-900,188,"A,B,C,D"
출발,인천,대한항공,KE651,수안나폼(방콕),20250930,18:05,18:05,18:50,여객,지연,항공교통흐름에 의한 지연,A330-300,272,"A,B,C,D"
출발,인천,대한항공,KE461,다낭,20250930,18:20,18:35,18:59,여객,지연,항공기 연결에 의한 지연,B737-900,188,"A,B,C,D"
출발,인천,대한항공,KE667,치앙마이,20250930,18:25,18:25,18:55,여객,출발,,B737-900,188,"A,B,C,D"
출발,인천,대한항공,KE1407,김해,20250930,18:25,18:25,18:48,여객,출발,,B737-900,188,
출발,인천,대한항공,KE705,도쿄/나리타,20250930,18:35,18:35,18:57,여객,출발,,A321neo,182,"A,B,C,D"
출발,인천,대한항공,KE781,후쿠오카,20250930,18:40,18:40,19:06,여객,출발,,B737-900,188,"A,B,C,D"
출발,인천,델타항공,DL170,미니애폴리스,20250930,18:40,18:40,19:09,여객,출발,,A350-900,306,"K,F,G,L"
출발,인천,대한항공,KE645,싱가포르,20250930,18:40,18:40,19:08,여객,출발,,A330-300,272,"A,B,C,D"
출발,인천,대한항공,KE423,괌,20250930,18:40,18:40,19:02,여객,출발,,B737-900,188,"A,B,C,D"
출발,인천,대한항공,KE453,노이바이(하노이),20250930,18:45,19:05,19:40,여객,지연,항공기 연결에 의한 지연,B737-900,188,"A,B,C,D"
출발,인천,대한항공,KE475,떤 선녓(호찌민),20250930,18:45,19:05,19:43,여객,지연,항공기 연결에 의한 지연,B737-900,188,"A,B,C,D"
출발,인천,대한항공,KE071,밴쿠버,20250930,18:45,18:45,19:17,여객,출발,,B787-9,269,"A,B,C,D"
출발,인천,대한항공,KE623,마닐라,20250930,18:50,18:50,19:27,여객,지연,항공교통흐름에 의한 지연,B737-900,188,"A,B,C,D"
출발,인천,대한항공,KE743,나고야,20250930,18:50,18:50,19:30,여객,지연,항공교통흐름에 의한 지연,A321neo,182,"A,B,C,D"
출발,인천,델타항공,DL26,애틀랜타,20250930,18:50,18:50,19:23,여객,출발,,A350-900,306,"K,F,G,L"
출발,인천,대한항공,KE689,프놈펜,20250930,18:50,18:50,19:19,여객,출발,,B737-900,188,"A,B,C,D"
출발,인천,대한항공,KE895,푸동,20250930,18:55,18:55,19:32,여객,지연,항공기 연결에 의한 지연,A330-300,272,"A,B,C,D"
출발,인천,대한항공,KE721,간사이,20250930,19:00,19:00,19:38,여객,지연,항공교통흐름에 의한 지연,A321neo,182,"A,B,C,D"
출발,인천,대한항공,KE401,시드니,20250930,19:10,19:30,20:06,여객,지연,항공기 연결에 의한 지연,A380-800,407,"A,B,C,D"
출발,인천,진에어,LJ131,코타키나발루,20250930,19:10,19:33,19:55,여객,지연,공항 및 출입국 절차에 의한 지연,B737-800,189,"H,F,G,L"
출발,인천,델타항공,DL196,시애틀,20250930,19:20,19:20,19:47,여객,출발,,A330-900neo,281,"K,F,G,L"
출발,인천,대한항공,KE163,장가계,20250930,19:25,19:25,20:01,여객,지연,항공교통흐름에 의한 지연,B737-900,188,"A,B,C,D"
출발,인천,에어서울,RS581,팡라로,20250930,19:25,19:25,20:25,여객,지연,공항 및 출입국 절차에 의한 지연,A321,195,"E,F,G,L"
출발,인천,대한항공,KE085,뉴욕,20250930,19:30,20:00,20:45,여객,지연,기타 원인에 의한 지연,B747-8i,368,"A,B,C,D"
출발,인천,대한항공,KE1431,대구,20250930,19:30,19:30,19:59,여객,출발,,B737-900,188,
출발,인천,진에어,LJ917,괌,20250930,19:35,20:09,20:32,여객,지연,공항 및 출입국 절차에 의한 지연,B737-800,189,"H,F,G,L"
출발,인천,대한항공,KE1409,김해,20250930,19:35,19:35,20:15,여객,지연,여객 및 화물처리에 의한 지연,B737-900,188,
출발,인천,델타항공,DL172,솔트레이크시티,20250930,19:40,19:40,20:11,여객,출발,,A350-900,306,"K,F,G,L"
출발,인천,대한항공,KE477,떤 선녓(호찌민),20250930,19:45,19:45,20:41,여객,지연,항공교통흐름에 의한 지연,B737-900,188,"A,B,C,D"
출발,인천,대한항공,KE177,홍콩,20250930,19:45,19:45,20:34,여객,지연,항공교통흐름에 의한 지연,A321neo,182,"A,B,C,D"
출발,인천,대한항공,KE659,수안나폼(방콕),20250930,19:45,19:45,20:38,여객,지연,항공교통흐름에 의한 지연,B737-900,188,"A,B,C,D"
출발,인천,에어서울,RS527,깜라인(나트랑),20250930,19:50,19:50,21:00,여객,지연,항공교통흐름에 의한 지연,A321,195,"E,F,G,L"
출발,인천,진에어,LJ001,수안나폼(방콕),20250930,19:55,20:39,21:03,여객,지연,공항 및 출입국 절차에 의한 지연,B737-800,189,"H,F,G,L"
출발,인천,대한항공,KE853,베이징,20250930,20:00,20:40,21:08,여객,지연,항공기 연결에 의한 지연,A330-300,272,"A,B,C,D"
출발,인천,대한항공,KE467,깜라인(나트랑),20250930,20:00,20:00,20:49,여객,지연,항공교통흐름에 의한 지연,B737-900,188,"A,B,C,D"
출발,인천,대한항공,KE615,세부,20250930,20:05,20:05,20:51,여객,지연,항공교통흐름에 의한 지연,B737-900,188,"A,B,C,D"
출발,인천,대한항공,KE625,마닐라,20250930,20:15,20:15,20:56,여객,출발,,B737-900,188,"A,B,C,D"
출발,인천,진에어,LJ081,다낭,20250930,20:25,20:58,21:20,여객,지연,항공기 연결에 의한 지연,B737-800,189,"H,F,G,L"
출발,인천,대한항공,KE011,로스앤젤레스,20250930,20:25,20:25,21:02,여객,출발,,A380-800,407,"A,B,C,D"
출발,인천,대한항공,KE719,하네다,20250930,20:30,20:30,20:55,여객,출발,,A321neo,182,"A,B,C,D"
출발,인천,중화항공,CI163,타오위안,20250930,20:35,21:01,21:25,여객,지연,항공교통흐름에 의한 지연,A330-300,277,"J,F,G,L"
출발,인천,샤먼항공,MF878,푸저우(복주),20250930,20:35,20:35,21:07,여객,출발,,B737-800,168,"J,F,G,L"
출발,인천,진에어,LJ087,깜라인(나트랑),20250930,20:40,21:08,21:29,여객,지연,항공교통흐름에 의한 지연,B737-800,189,"H,F,G,L"
출발,인천,진에어,LJ043,팡라로,20250930,20:50,21:07,21:27,여객,지연,항공기 연결에 의한 지연,B737-800,189,"H,F,G,L"
출발,인천,에어서울,RS511,다낭,20250930,20:55,21:30,21:54,여객,지연,항공기 연결에 의한 지연,A321,195,"E,F,G,L"
출발,인천,대한항공,KE005,라스베이거스,20250930,21:00,21:00,21:34,여객,출발,,B777-300ER,277,"A,B,C,D"
출발,인천,대한항공,KE053,호놀룰루,20250930,21:05,21:05,21:37,여객,출발,,A330-300,272,"A,B,C,D"
출발,인천,대한항공,KE655,수안나폼(방콕),20250930,21:15,21:15,21:38,여객,출발,,A330-300,272,"A,B,C,D"
출발,인천,진에어,LJ037,클라크,20250930,21:25,21:47,22:07,여객,지연,공항 및 출입국 절차에 의한 지연,B737-800,189,"H,F,G,L"
출발,인천,네덜란드항공,KL856,암스테르담,20250930,22:25,22:25,22:45,여객,출발,,B787-9,294,"M,F,G,L"
출발,인천,대한항공,KE619,마닐라,20250930,22:35,23:15,23:30,여객,지연,항공기 연결에 의한 지연,A330-300,272,"A,B,C,D"
