출발/도착,공항명,항공사,편명,도착지,일자,계획시간,예상시간,출발시간,구분,상태,지연원인,기종,좌석수,체크인카운터
출발,인천,대한항공,KE1401,김해,20250831,06:35,06:35,07:00,여객,출발,,B737-900,188,
출발,인천,에어부산,BX164,도쿄/나리타,20250831,07:15,07:15,07:28,여객,출발,,A321,195,"E,F,G,L"
출발,인천,진에어,LJ261,후쿠오카,20250831,07:15,07:15,07:45,여객,출발,,B737-800,189,"H,F,G,L"
출발,인천,에어부산,BX156,후쿠오카,20250831,07:20,07:20,07:42,여객,출발,,A321,195,"E,F,G,L"
출발,인천,대한항공,KE787,후쿠오카,20250831,07:25,07:25,07:35,여객,출발,,B737-900,188,"A,B,C,D"
출발,인천,진에어,LJ201,도쿄/나리타,20250831,07:25,07:25,07:50,여객,출발,,B737-800,189,"H,F,G,L"
출발,인천,대한항공,KE771,오카야마,20250831,07:30,07:30,08:14,여객,지연,여객 및 화물처리에 의한 지연,B737-900,188,"A,B,C,D"
출발,인천,진에어,LJ345,나고야,20250831,07:30,07:30,07:47,여객,출발,,B737-800,189,"H,F,G,L"
출발,인천,진에어,LJ231,간사이,20250831,07:40,07:40,08:11,여객,출발,,B737-800,189,"H,F,G,L"
출발,인천,대한항공,KE173,홍콩,20250831,07:45,07:45,08:08,여객,출발,,A321neo,182,"A,B,C,D"
출발,인천,대한항공,KE621,마닐라,20250831,07:50,07:50,08:13,여객,출발,,B737-900,188,"A,B,C,D"
출발,인천,대한항공,KE845,청도,20250831,07:50,09:15,09:44,여객,지연,기상에 의한 지연,B737-900,188,"A,B,C,D"
출발,인천,진에어,LJ731,타오위안,20250831,07:50,08:11,08:29,여객,지연,공항 및 출입국 절차에 의한 지연,B737-800,189,"H,F,G,L"
출발,인천,대한항공,KE131,정저우,20250831,08:00,08:00,08:27,여객,출발,,B737-900,188,"A,B,C,D"
출발,인천,대한항공,KE441,노이바이(하노이),20250831,08:00,08:00,08:23,여객,출발,,A330-300,272,"A,B,C,D"
출발,인천,대한항공,KE197,칭기즈칸(신 울란바토르) 국제공항,20250831,08:10,09:30,10:13,여객,지연,항공기 정비에 의한 지연,B737-900,188,"A,B,C,D"
출발,인천,진에어,LJ357,시모지시마,20250831,08:10,08:10,08:33,여객,출발,,B737-800,189,"H,F,G,L"
출발,인천,대한항공,KE859,베이징,20250831,08:15,08:15,08:40,여객,출발,,B777-300ER,277,"A,B,C,D"
출발,인천,진에어,LJ203,도쿄/나리타,20250831,08:15,08:15,08:36,여객,출발,,B737-800,189,"H,F,G,L"
출발,인천,대한항공,KE127,푸저우(복주),20250831,08:20,08:20,08:42,여객,출발,,B737-900,188,"A,B,C,D"
출발,인천,대한항공,KE1403,김해,20250831,08:20,08:45,09:09,여객,지연,항공기 연결에 의한 지연,B737-900,188,
출발,인천,진에어,LJ301,삿포로,20250831,08:20,08:20,08:33,여객,출발,,B737-800,189,"H,F,G,L"
출발,인천,대한항공,KE731,고베,20250831,08:25,08:25,08:41,여객,출발,,A321neo,182,"A,B,C,D"
출발,인천,대한항공,KE893,푸동,20250831,08:25,08:25,08:57,여객,출발,,A330-300,272,"A,B,C,D"
출발,인천,에어 프랑스,AF267,파리,20250831,08:30,08:30,08:55,여객,출발,,B777-300ER,296,"M,F,G,L"
출발,인천,대한항공,KE775,고마쓰,20250831,08:35,08:35,08:53,여객,출발,,B737-900,188,"A,B,C,D"
출발,인천,대한항공,KE827,선전(심천),20250831,08:40,08:40,09:04,여객,출발,,B737-900,188,"A,B,C,D"
출발,인천,대한항공,KE831,심양,20250831,08:45,08:05,08:31,여객,출발,,B737-900,188,"A,B,C,D"
출발,인천,대한항공,KE137,우한,20250831,08:50,09:05,09:22,여객,지연,공항 및 출입국 절차에 의한 지연,B737-900,188,"A,B,C,D"
출발,인천,대한항공,KE865,광저우,20250831,08:50,08:50,09:25,여객,지연,항공교통흐름에 의한 지연,A330-300,272,"A,B,C,D"
출발,인천,대한항공,KE819,창사(장사),20250831,09:00,09:00,09:14,여객,출발,,B737-900,188,"A,B,C,D"
출발,인천,대한항공,KE469,떤 선녓(호찌민),20250831,09:05,09:05,09:51,여객,지연,항공교통흐름에 의한 지연,A330-300,272,"A,B,C,D"
출발,인천,진에어,LJ361,이시가키,20250831,09:05,09:05,09:20,여객,출발,,B737-800,189,"H,F,G,L"
출발,인천,대한항공,KE805,천진,20250831,09:10,09:10,09:31,여객,출발,,B737-900,188,"A,B,C,D"
출발,인천,대한항공,KE811,시안,20250831,09:10,09:10,09:37,여객,출발,,B737-900,188,"A,B,C,D"
출발,인천,에어부산,BX172,간사이,20250831,09:15,09:15,09:21,여객,출발,,A321,195,"E,F,G,L"
출발,인천,대한항공,KE035,애틀랜타,20250831,09:20,09:20,10:07,여객,지연,공항 및 출입국 절차에 의한 지연,B777-300ER,277,"A,B,C,D"
출발,인천,진에어,LJ913,괌,20250831,09:20,09:20,09:31,여객,출발,,B737-800,189,"H,F,G,L"
출발,인천,대한항공,KE031,댈러스,20250831,09:30,09:30,09:55,여객,출발,,B787-9,269,"A,B,C,D"
출발,인천,대한항공,KE091,보스턴,20250831,09:30,09:30,09:50,여객,출발,,B787-9,269,"A,B,C,D"
출발,인천,대한항공,KE657,수안나폼(방콕),20250831,09:30,09:30,10:03,여객,출발,,A330-300,272,"A,B,C,D"
출발,인천,대한항공,KE755,오키나와,20250831,09:30,09:46,10:11,여객,지연,항공교통흐름에 의한 지연,B737-900,188,"A,B,C,D"
출발,인천,대한항공,KE777,구마모토,20250831,09:30,09:30,09:47,여객,출발,,B737-900,188,"A,B,C,D"
출발,인천,대한항공,KE073,토론토,20250831,09:35,09:35,10:01,여객,출발,,B777-300ER,277,"A,B,C,D"
출발,인천,대한항공,KE723,간사이,20250831,09:35,09:35,10:04,여객,출발,,A321neo,182,"A,B,C,D"
출발,인천,대한항공,KE421,괌,20250831,09:45,09:45,10:09,여객,출발,,B737-900,188,"A,B,C,D"
출발,인천,진에어,LJ205,도쿄/나리타,20250831,09:45,09:45,10:15,여객,출발,,B737-800,189,"H,F,G,L"
출발,인천,대한항공,KE913,마드리드,20250831,09:55,09:55,10:22,여객,출발,,B787-9,269,"A,B,C,D"
출발,인천,진에어,LJ341,오키나와,20250831,09:55,09:55,10:14,여객,출발,,B737-800,189,"H,F,G,L"
출발,인천,대한항공,KE081,뉴욕,20250831,10:00,10:00,10:30,여객,출발,,A380-800,407,"A,B,C,D"
출발,인천,대한항공,KE765,삿포로,20250831,10:05,10:05,10:21,여객,출발,,B737-900,188,"A,B,C,D"
출발,인천,대한항공,KE703,도쿄/나리타,20250831,10:10,10:10,10:33,여객,출발,,A321neo,182,"A,B,C,D"
출발,인천,델타항공,DL158,디트로이트,20250831,10:15,10:15,10:24,여객,출발,,A350-900,306,"K,F,G,L"
출발,인천,대한항공,KE169,마카오,20250831,10:20,10:20,10:35,여객,출발,,A321neo,182,"A,B,C,D"
출발,인천,대한항공,KE093,워싱톤,20250831,10:25,11:20,12:03,여객,지연,항공기 연결에 의한 지연,B777-300ER,277,"A,B,C,D"
출발,인천,대한항공,KE101,남경,20250831,10:25,10:25,10:33,여객,출발,,A321neo,182,"A,B,C,D"
출발,인천,대한항공,KE937,비엔나,20250831,10:25,10:25,11:13,여객,출발,,B787-9,269,"A,B,C,D"
출발,인천,대한항공,KE185,타오위안,20250831,10:30,10:30,10:49,여객,출발,,A321neo,182,"A,B,C,D"
출발,인천,가루다인도네시아,GA879,자카르타(수카르노 하타),20250831,10:35,10:35,11:03,여객,출발,,A330-900neo,301,"J,F,G,L"
출발,인천,대한항공,KE741,나고야,20250831,10:35,10:35,11:40,여객,출발,,A321neo,182,"A,B,C,D"
출발,인천,대한항공,KE037,시카고,20250831,10:40,10:40,11:15,여객,출발,,B777-300ER,277,"A,B,C,D"
출발,인천,대한항공,KE855,베이징,20250831,10:40,10:40,11:00,여객,출발,,A330-300,272,"A,B,C,D"
출발,인천,대한항공,KE457,다낭,20250831,10:55,10:55,11:30,여객,출발,,B737-900,188,"A,B,C,D"
출발,인천,대한항공,KE907,런던히드로,20250831,10:55,11:34,11:42,여객,지연,항공교통흐름에 의한 지연,A380-800,407,"A,B,C,D"
출발,인천,대한항공,KE945,프랑크푸르트,20250831,11:05,11:05,11:35,여객,출발,,A380-800,407,"A,B,C,D"
출발,인천,대한항공,KE897,푸동,20250831,11:10,11:10,11:57,여객,지연,여객 및 화물처리에 의한 지연,B777-300ER,277,"A,B,C,D"
출발,인천,대한항공,KE9987,오슬로,20250831,11:15,11:15,11:55,여객,출발,,B787-9,269,"A,B,C,D"
출발,인천,가루다인도네시아,GA871,덴파사(응우라 라이),20250831,11:25,11:25,11:52,여객,출발,,A330-300,251,"J,F,G,L"
출발,인천,에어부산,BX158,후쿠오카,20250831,11:25,11:25,12:01,여객,출발,,A321,195,"E,F,G,L"
출발,인천,아에로멕시코,AM091,멕시코시티,20250831,11:40,11:40,12:34,여객,지연,공항 및 출입국 절차에 의한 지연,B787-9,274,"H,F,G,L"
출발,인천,대한항공,KE925,암스테르담,20250831,11:55,11:55,12:28,여객,출발,,B777-300ER,277,"A,B,C,D"
출발,인천,중화항공,CI165,가오슝,20250831,12:05,12:05,12:23,여객,출발,,A321neo,180,"J,F,G,L"
출발,인천,진에어,LJ263,후쿠오카,20250831,12:10,12:10,12:39,여객,출발,,B737-800,189,"H,F,G,L"
출발,인천,대한항공,KE769,삿포로,20250831,12:35,12:35,12:41,여객,출발,,B737-900,188,"A,B,C,D"
출발,인천,대한항공,KE803,천진,20250831,12:35,12:35,13:00,여객,출발,,B737-900,188,"A,B,C,D"
출발,인천,중화항공,CI161,타오위안,20250831,12:35,12:35,12:47,여객,출발,,A330-300,277,"J,F,G,L"
출발,인천,에어부산,BX174,간사이,20250831,12:40,12:40,12:56,여객,출발,,A321,195,"E,F,G,L"
출발,인천,대한항공,KE497,델리,20250831,12:55,12:55,13:07,여객,출발,,B787-9,269,"A,B,C,D"
출발,인천,대한항공,KE711,도쿄/나리타,20250831,13:00,13:00,13:15,여객,출발,,A321neo,182,"A,B,C,D"
출발,인천,대한항공,KE869,대련,20250831,13:00,13:00,13:31,여객,출발,,B737-900,188,"A,B,C,D"
출발,인천,대한항공,KE843,청도,20250831,13:05,13:05,13:28,여객,출발,,B737-900,188,"A,B,C,D"
출발,인천,대한항공,KE135,허페이,20250831,13:25,13:25,14:08,여객,지연,항공교통흐름에 의한 지연,B737-900,188,"A,B,C,D"
출발,인천,대한항공,KE175,홍콩,20250831,13:25,13:25,13:55,여객,출발,,A321neo,182,"A,B,C,D"
출발,인천,대한항공,KE951,두바이,20250831,13:25,13:25,13:47,여객,출발,,B777-300ER,277,"A,B,C,D"
출발,인천,샤먼항공,MF872,샤먼 가오치,20250831,13:30,13:30,13:41,여객,출발,,B737-800,168,"J,F,G,L"
출발,인천,대한항공,KE927,밀라노,20250831,13:40,13:40,14:05,여객,출발,,B787-9,269,"A,B,C,D"
출발,인천,대한항공,KE789,후쿠오카,20250831,13:45,13:45,14:17,여객,출발,,B737-900,188,"A,B,C,D"
출발,인천,진에어,LJ861,청도,20250831,13:50,13:50,14:21,여객,출발,,B737-800,189,"H,F,G,L"
출발,인천,대한항공,KE017,로스앤젤레스,20250831,14:30,14:45,14:58,여객,출발,,B747-8i,368,"A,B,C,D"
출발,인천,진에어,LJ359,다카마쓰,20250831,14:30,14:30,14:48,여객,출발,,B737-800,189,"H,F,G,L"
출발,인천,대한항공,KE833,심양,20250831,14:35,14:50,15:12,여객,지연,항공기 연결에 의한 지연,B737-900,188,"A,B,C,D"
출발,인천,진에어,LJ237,간사이,20250831,14:40,14:40,15:02,여객,출발,,B737-800,189,"H,F,G,L"
출발,인천,대한항공,KE643,싱가포르,20250831,14:45,14:45,15:00,여객,출발,,A330-300,272,"A,B,C,D"
출발,인천,진에어,LJ209,도쿄/나리타,20250831,14:45,14:45,15:09,여객,출발,,B737-800,189,"H,F,G,L"
출발,인천,대한항공,KE725,간사이,20250831,15:05,15:05,15:31,여객,출발,,A321neo,182,"A,B,C,D"
출발,인천,대한항공,KE627,자카르타(수카르노 하타),20250831,15:10,15:10,15:34,여객,출발,,A330-300,272,"A,B,C,D"
출발,인천,대한항공,KE189,타이중,20250831,15:15,15:15,15:56,여객,지연,항공교통흐름에 의한 지연,A321neo,182,"A,B,C,D"
출발,인천,에어부산,BX176,간사이,20250831,15:25,15:47,16:06,여객,지연,항공교통흐름에 의한 지연,A321,195,"E,F,G,L"
출발,인천,진에어,LJ211,도쿄/나리타,20250831,15:35,15:51,16:13,여객,지연,공항 및 출입국 절차에 의한 지연,B737-800,189,"H,F,G,L"
출발,인천,대한항공,KE733,고베,20250831,15:50,15:50,16:20,여객,출발,,A321neo,182,"A,B,C,D"
출발,인천,에어부산,BX166,도쿄/나리타,20250831,15:50,15:50,16:32,여객,지연,공항 및 출입국 절차에 의한 지연,A321,195,"E,F,G,L"
출발,인천,진에어,LJ265,후쿠오카,20250831,15:50,15:50,16:22,여객,출발,,B737-800,189,"H,F,G,L"
출발,인천,대한항공,KE023,샌프란시스코,20250831,16:00,16:15,16:52,여객,지연,항공기 연결에 의한 지연,B777-300ER,277,"A,B,C,D"
출발,인천,진에어,LJ347,나고야,20250831,16:05,16:05,16:36,여객,출발,,B737-800,189,"H,F,G,L"
출발,인천,대한항공,KE187,타오위안,20250831,16:10,16:10,16:30,여객,출발,,A321neo,182,"A,B,C,D"
출발,인천,대한항공,KE633,덴파사(응우라 라이),20250831,16:10,16:10,16:39,여객,출발,,A330-300,272,"A,B,C,D"
출발,인천,진에어,LJ239,간사이,20250831,16:15,16:15,16:44,여객,출발,,B737-800,189,"H,F,G,L"
출발,인천,대한항공,KE671,쿠알라룸푸르,20250831,16:20,16:20,16:46,여객,출발,,A330-300,272,"A,B,C,D"
출발,인천,델타항공,DL188,애틀랜타,20250831,16:25,16:25,16:40,여객,출발,,A350-900,306,"K,F,G,L"
출발,인천,대한항공,KE041,시애틀,20250831,16:40,16:40,17:10,여객,출발,,A330-300,272,"A,B,C,D"
출발,인천,대한항공,KE713,도쿄/나리타,20250831,17:05,17:05,17:31,여객,출발,,A321neo,182,"A,B,C,D"
출발,인천,대한항공,KE1405,김해,20250831,17:10,17:10,17:24,여객,출발,,B737-900,188,
출발,인천,대한항공,KE485,푸꾸옥,20250831,17:10,17:50,18:23,여객,지연,항공기 연결에 의한 지연,B737-900,188,"A,B,C,D"
출발,인천,진에어,LJ009,치앙마이,20250831,17:10,17:10,17:38,여객,출발,,B737-800,189,"H,F,G,L"
출발,인천,대한항공,KE8425,괌,20250831,17:15,17:40,17:55,여객,지연,항공기 연결에 의한 지연,B737-900,188,"A,B,C,D"
출발,인천,에어부산,BX747,수안나폼(방콕),20250831,17:15,17:15,17:33,여객,출발,,A321,195,"E,F,G,L"
출발,인천,대한항공,KE629,덴파사(응우라 라이),20250831,17:45,17:45,18:19,여객,출발,,A330-300,272,"A,B,C,D"
출발,인천,대한항공,KE663,푸껫,20250831,17:50,17:50,18:09,여객,출발,,B737-900,188,"A,B,C,D"
출발,인천,대한항공,KE411,오클랜드,20250831,18:00,18:00,18:21,여객,출발,,B787-9,269,"A,B,C,D"
출발,인천,대한항공,KE651,수안나폼(방콕),20250831,18:05,18:05,18:29,여객,출발,,A330-300,272,"A,B,C,D"
출발,인천,대한항공,KE461,다낭,20250831,18:20,18:50,19:18,여객,지연,항공기 연결에 의한 지연,B737-900,188,"A,B,C,D"
출발,인천,대한항공,KE1407,김해,20250831,18:25,18:25,19:08,여객,지연,항공기 연결에 의한 지연,B737-900,188,
출발,인천,대한항공,KE705,도쿄/나리타,20250831,18:35,18:35,19:11,여객,출발,,A321neo,182,"A,B,C,D"
출발,인천,대한항공,KE871,대련,20250831,18:35,18:35,19:01,여객,출발,,B737-900,188,"A,B,C,D"
출발,인천,대한항공,KE161,쿤밍,20250831,18:40,18:40,19:17,여객,지연,항공기 연결에 의한 지연,B737-900,188,"A,B,C,D"
출발,인천,대한항공,KE423,괌,20250831,18:40,18:40,19:05,여객,출발,,B737-900,188,"A,B,C,D"
출발,인천,대한항공,KE645,싱가포르,20250831,18:40,18:40,19:12,여객,출발,,A330-300,272,"A,B,C,D"
출발,인천,대한항공,KE781,후쿠오카,20250831,18:40,18:40,19:27,여객,지연,항공교통흐름에 의한 지연,B737-900,188,"A,B,C,D"
출발,인천,델타항공,DL170,미니애폴리스,20250831,18:40,18:40,19:06,여객,출발,,A350-900,306,"K,F,G,L"
출발,인천,대한항공,KE071,밴쿠버,20250831,18:45,18:45,19:31,여객,지연,항공기 연결에 의한 지연,B787-9,269,"A,B,C,D"
출발,인천,대한항공,KE453,노이바이(하노이),20250831,18:45,19:10,19:58,여객,지연,항공기 연결에 의한 지연,B737-900,188,"A,B,C,D"
출발,인천,대한항공,KE475,떤 선녓(호찌민),20250831,18:45,18:45,19:23,여객,지연,운항 기준 및 승무원 관련 지연,B737-900,188,"A,B,C,D"
출발,인천,대한항공,KE623,마닐라,20250831,18:50,18:50,19:37,여객,지연,공항 및 출입국 절차에 의한 지연,B737-900,188,"A,B,C,D"
출발,인천,대한항공,KE689,프놈펜,20250831,18:50,18:50,19:33,여객,지연,항공기 연결에 의한 지연,B737-900,188,"A,B,C,D"
출발,인천,대한항공,KE743,나고야,20250831,18:50,19:05,19:35,여객,지연,항공기 연결에 의한 지연,A321neo,182,"A,B,C,D"
출발,인천,델타항공,DL26,애틀랜타,20250831,18:50,18:50,19:14,여객,출발,,A350-900,306,"K,F,G,L"
출발,인천,대한항공,KE895,푸동,20250831,18:55,18:55,19:25,여객,출발,,A330-300,272,"A,B,C,D"
출발,인천,대한항공,KE721,간사이,20250831,19:00,19:20,19:52,여객,지연,항공기 연결에 의한 지연,A321neo,182,"A,B,C,D"
출발,인천,대한항공,KE401,시드니,20250831,19:10,19:35,20:03,여객,지연,여객 및 화물처리에 의한 지연,A380-800,407,"A,B,C,D"
출발,인천,진에어,LJ131,코타키나발루,20250831,19:10,19:25,19:46,여객,지연,공항 및 출입국 절차에 의한 지연,B737-800,189,"H,F,G,L"
출발,인천,델타항공,DL196,시애틀,20250831,19:20,19:20,19:41,여객,출발,,A330-900neo,281,"K,F,G,L"
출발,인천,대한항공,KE085,뉴욕,20250831,19:30,19:30,20:13,여객,지연,운항 기준 및 승무원 관련 지연,B747-8i,368,"A,B,C,D"
출발,인천,대한항공,KE1431,대구,20250831,19:30,19:30,19:56,여객,출발,,B737-900,188,
출발,인천,대한항공,KE1409,김해,20250831,19:35,19:35,20:07,여객,출발,,B737-900,188,
출발,인천,델타항공,DL172,솔트레이크시티,20250831,19:40,19:40,19:59,여객,출발,,A350-900,306,"K,F,G,L"
출발,인천,대한항공,KE177,홍콩,20250831,19:45,19:45,20:09,여객,출발,,A321neo,182,"A,B,C,D"
출발,인천,대한항공,KE477,떤 선녓(호찌민),20250831,19:45,19:45,20:48,여객,지연,항공교통흐름에 의한 지연,B737-900,188,"A,B,C,D"
출발,인천,대한항공,KE659,수안나폼(방콕),20250831,19:45,19:45,20:39,여객,지연,공항 및 출입국 절차에 의한 지연,B737-900,188,"A,B,C,D"
출발,인천,진에어,LJ001,수안나폼(방콕),20250831,19:55,19:55,20:26,여객,출발,,B737-800,189,"H,F,G,L"
출발,인천,대한항공,KE467,깜라인(나트랑),20250831,20:00,20:00,20:36,여객,출발,,B737-900,188,"A,B,C,D"
출발,인천,대한항공,KE853,베이징,20250831,20:00,20:00,20:34,여객,출발,,A330-300,272,"A,B,C,D"
출발,인천,대한항공,KE615,세부,20250831,20:05,20:05,20:31,여객,출발,,B737-900,188,"A,B,C,D"
출발,인천,대한항공,KE625,마닐라,20250831,20:15,20:15,21:11,여객,지연,공항 및 출입국 절차에 의한 지연,B737-900,188,"A,B,C,D"
출발,인천,대한항공,KE011,로스앤젤레스,20250831,20:25,20:25,20:53,여객,출발,,A380-800,407,"A,B,C,D"
출발,인천,진에어,LJ081,다낭,20250831,20:25,20:25,20:50,여객,출발,,B737-800,189,"H,F,G,L"
출발,인천,대한항공,KE719,하네다,20250831,20:30,20:30,20:55,여객,출발,,A321neo,182,"A,B,C,D"
출발,인천,샤먼항공,MF878,푸저우(복주),20250831,20:35,20:35,21:05,여객,출발,,B737-800,168,"J,F,G,L"
출발,인천,중화항공,CI163,타오위안,20250831,20:35,20:52,21:20,여객,지연,항공교통흐름에 의한 지연,A330-300,277,"J,F,G,L"
출발,인천,진에어,LJ087,깜라인(나트랑),20250831,20:40,21:12,21:35,여객,지연,항공교통흐름에 의한 지연,B737-800,189,"H,F,G,L"
출발,인천,진에어,LJ917,괌,20250831,20:50,20:50,21:12,여객,출발,,B737-800,189,"H,F,G,L"
출발,인천,대한항공,KE005,라스베이거스,20250831,21:00,21:00,21:31,여객,출발,,B777-300ER,277,"A,B,C,D"
출발,인천,대한항공,KE053,호놀룰루,20250831,21:05,21:05,21:48,여객,지연,여객 및 화물처리에 의한 지연,A330-300,272,"A,B,C,D"
출발,인천,대한항공,KE655,수안나폼(방콕),20250831,21:15,21:15,21:44,여객,출발,,A330-300,272,"A,B,C,D"
출발,인천,에어부산,BX787,깜라인(나트랑),20250831,21:40,22:33,22:54,여객,지연,항공교통흐름에 의한 지연,A321,195,"E,F,G,L"
출발,인천,네덜란드항공,KL856,암스테르담,20250831,22:25,22:44,23:06,여객,지연,항공교통흐름에 의한 지연,B787-9,294,"M,F,G,L"
출발,인천,대한항공,KE619,마닐라,20250831,22:35,22:50,23:12,여객,지연,항공교통흐름에 의한 지연,A330-300,272,"A,B,C,D"
출발,인천,대한항공,KE647,싱가포르,20250831,23:35,23:35,23:59,여객,출발,,B777-300ER,277,"A,B,C,D"
출발,인천,대한항공,KE1401,김해,20250901,06:35,06:35,06:47,여객,출발,,B737-900,188,
출발,인천,에어부산,BX164,도쿄/나리타,20250901,07:15,07:15,07:31,여객,출발,,A321,195,"E,F,G,L"
출발,인천,진에어,LJ261,후쿠오카,20250901,07:15,07:15,07:33,여객,출발,,B737-800,189,"H,F,G,L"
출발,인천,에어부산,BX156,후쿠오카,20250901,07:20,07:20,07:43,여객,출발,,A321,195,"E,F,G,L"
출발,인천,대한항공,KE787,후쿠오카,20250901,07:25,07:25,07:47,여객,출발,,B737-900,188,"A,B,C,D"
출발,인천,진에어,LJ201,도쿄/나리타,20250901,07:25,07:25,07:51,여객,출발,,B737-800,189,"H,F,G,L"
출발,인천,대한항공,KE795,나가사키,20250901,07:30,07:30,07:55,여객,출발,,B737-900,188,"A,B,C,D"
출발,인천,진에어,LJ345,나고야,20250901,07:30,07:30,07:58,여객,출발,,B737-800,189,"H,F,G,L"
출발,인천,진에어,LJ231,간사이,20250901,07:40,07:40,08:10,여객,출발,,B737-800,189,"H,F,G,L"
출발,인천,대한항공,KE173,홍콩,20250901,07:45,07:45,08:24,여객,출발,,A321neo,182,"A,B,C,D"
출발,인천,대한항공,KE621,마닐라,20250901,07:50,07:50,08:47,여객,지연,항공교통흐름에 의한 지연,B737-900,188,"A,B,C,D"
출발,인천,대한항공,KE845,청도,20250901,07:50,07:50,08:10,여객,출발,,B737-900,188,"A,B,C,D"
출발,인천,진에어,LJ731,타오위안,20250901,07:50,08:13,08:51,여객,지연,공항 및 출입국 절차에 의한 지연,B737-800,189,"H,F,G,L"
출발,인천,대한항공,KE131,정저우,20250901,08:00,08:00,08:21,여객,출발,,B737-900,188,"A,B,C,D"
출발,인천,대한항공,KE441,노이바이(하노이),20250901,08:00,08:00,08:40,여객,출발,,A330-300,272,"A,B,C,D"
출발,인천,대한항공,KE197,칭기즈칸(신 울란바토르) 국제공항,20250901,08:10,08:10,08:44,여객,출발,,B737-900,188,"A,B,C,D"
출발,인천,대한항공,KE767,아오모리,20250901,08:10,08:10,08:46,여객,출발,,B737-900,188,"A,B,C,D"
출발,인천,진에어,LJ241,간사이,20250901,08:10,08:10,08:37,여객,출발,,B737-800,189,"H,F,G,L"
출발,인천,진에어,LJ357,시모지시마,20250901,08:10,08:26,08:56,여객,지연,공항 및 출입국 절차에 의한 지연,B737-800,189,"H,F,G,L"
출발,인천,대한항공,KE859,베이징,20250901,08:15,08:15,08:53,여객,출발,,B777-300ER,277,"A,B,C,D"
출발,인천,진에어,LJ203,도쿄/나리타,20250901,08:15,08:30,08:52,여객,지연,공항 및 출입국 절차에 의한 지연,B737-800,189,"H,F,G,L"
출발,인천,대한항공,KE1403,김해,20250901,08:20,08:20,08:40,여객,출발,,B737-900,188,
출발,인천,진에어,LJ301,삿포로,20250901,08:20,08:36,08:55,여객,지연,공항 및 출입국 절차에 의한 지연,B737-800,189,"H,F,G,L"
출발,인천,대한항공,KE731,고베,20250901,08:25,08:25,08:49,여객,출발,,A321neo,182,"A,B,C,D"
출발,인천,대한항공,KE893,푸동,20250901,08:25,08:25,09:04,여객,출발,,A330-300,272,"A,B,C,D"
출발,인천,에어 프랑스,AF267,파리,20250901,08:30,08:30,09:13,여객,지연,,B777-300ER,296,"M,F,G,L"
출발,인천,대한항공,KE827,선전(심천),20250901,08:40,09:20,09:22,여객,지연,SP,B737-900,188,"A,B,C,D"
출발,인천,대한항공,KE831,심양,20250901,08:45,08:05,08:33,여객,출발,,B737-900,188,"A,B,C,D"
출발,인천,대한항공,KE865,광저우,20250901,08:50,08:50,09:37,여객,지연,항공교통흐름에 의한 지연,A330-300,272,"A,B,C,D"
출발,인천,대한항공,KE819,창사(장사),20250901,09:00,09:00,09:20,여객,출발,,B737-900,188,"A,B,C,D"
출발,인천,대한항공,KE469,떤 선녓(호찌민),20250901,09:05,09:05,09:51,여객,지연,여객 및 화물처리에 의한 지연,A330-300,272,"A,B,C,D"
출발,인천,진에어,LJ361,이시가키,20250901,09:05,09:30,09:55,여객,지연,공항 및 출입국 절차에 의한 지연,B737-800,189,"H,F,G,L"
출발,인천,대한항공,KE805,천진,20250901,09:10,09:10,09:27,여객,출발,,B737-900,188,"A,B,C,D"
출발,인천,대한항공,KE811,시안,20250901,09:10,09:10,09:31,여객,출발,,B737-900,188,"A,B,C,D"
출발,인천,에어부산,BX172,간사이,20250901,09:15,09:15,09:42,여객,출발,,A321,195,"E,F,G,L"
출발,인천,대한항공,KE035,애틀랜타,20250901,09:20,09:20,09:33,여객,출발,,B777-300ER,277,"A,B,C,D"
출발,인천,대한항공,KE785,가고시마,20250901,09:20,09:20,09:36,여객,출발,,B737-900,188,"A,B,C,D"
출발,인천,진에어,LJ913,괌,20250901,09:20,09:55,10:13,여객,지연,항공기 연결에 의한 지연,B737-800,189,"H,F,G,L"
출발,인천,대한항공,KE031,댈러스,20250901,09:30,09:30,09:57,여객,출발,,B787-9,269,"A,B,C,D"
출발,인천,대한항공,KE091,보스턴,20250901,09:30,09:30,10:08,여객,지연,운항 기준 및 승무원 관련 지연,B787-9,269,"A,B,C,D"
출발,인천,대한항공,KE657,수안나폼(방콕),20250901,09:30,09:30,10:18,여객,지연,여객 및 화물처리에 의한 지연,A330-300,272,"A,B,C,D"
출발,인천,대한항공,KE755,오키나와,20250901,09:30,09:30,10:14,여객,지연,항공교통흐름에 의한 지연,B737-900,188,"A,B,C,D"
출발,인천,대한항공,KE073,토론토,20250901,09:35,09:35,10:17,여객,지연,운항 기준 및 승무원 관련 지연,B777-300ER,277,"A,B,C,D"
출발,인천,대한항공,KE723,간사이,20250901,09:35,09:35,10:05,여객,출발,,A321neo,182,"A,B,C,D"
출발,인천,대한항공,KE421,괌,20250901,09:45,09:45,10:07,여객,출발,,B737-900,188,"A,B,C,D"
출발,인천,진에어,LJ205,도쿄/나리타,20250901,09:45,09:45,10:14,여객,출발,,B737-800,189,"H,F,G,L"
출발,인천,진에어,LJ341,오키나와,20250901,09:55,10:51,11:20,여객,지연,항공기 정비에 의한 지연,B737-800,189,"H,F,G,L"
출발,인천,대한항공,KE081,뉴욕,20250901,10:00,10:00,10:32,여객,출발,,A380-800,407,"A,B,C,D"
출발,인천,대한항공,KE703,도쿄/나리타,20250901,10:05,10:05,10:41,여객,출발,,A321neo,182,"A,B,C,D"
출발,인천,대한항공,KE765,삿포로,20250901,10:05,10:05,10:21,여객,출발,,B737-900,188,"A,B,C,D"
출발,인천,델타항공,DL158,디트로이트,20250901,10:15,10:15,10:38,여객,출발,,A350-900,306,"K,F,G,L"
출발,인천,대한항공,KE169,마카오,20250901,10:20,10:20,10:53,여객,출발,,A321neo,182,"A,B,C,D"
출발,인천,대한항공,KE093,워싱톤,20250901,10:25,10:45,11:17,여객,지연,항공기 연결에 의한 지연,B777-300ER,277,"A,B,C,D"
출발,인천,대한항공,KE101,남경,20250901,10:25,10:25,10:51,여객,출발,,A321neo,182,"A,B,C,D"
출발,인천,대한항공,KE937,비엔나,20250901,10:25,10:25,10:59,여객,출발,,B787-9,269,"A,B,C,D"
출발,인천,대한항공,KE185,타오위안,20250901,10:30,10:30,11:01,여객,출발,,A321neo,182,"A,B,C,D"
출발,인천,대한항공,KE741,나고야,20250901,10:35,10:35,10:49,여객,출발,,A321neo,182,"A,B,C,D"
출발,인천,대한항공,KE037,시카고,20250901,10:40,10:40,11:11,여객,출발,,B777-300ER,277,"A,B,C,D"
출발,인천,대한항공,KE855,베이징,20250901,10:40,10:40,11:03,여객,출발,,A330-300,272,"A,B,C,D"
출발,인천,대한항공,KE969,프라하,20250901,10:45,10:45,11:32,여객,지연,지상조업 관련 지연,B787-9,269,"A,B,C,D"
출발,인천,대한항공,KE457,다낭,20250901,10:55,10:55,11:26,여객,출발,,B737-900,188,"A,B,C,D"
출발,인천,대한항공,KE907,런던히드로,20250901,10:55,10:55,11:59,여객,지연,공항 및 출입국 절차에 의한 지연,A380-800,407,"A,B,C,D"
출발,인천,대한항공,KE897,푸동,20250901,11:10,11:10,11:49,여객,출발,,B777-300ER,277,"A,B,C,D"
출발,인천,대한항공,KE901,파리,20250901,11:10,11:10,11:51,여객,지연,SP,B777-300ER,277,"A,B,C,D"
출발,인천,가루다인도네시아,GA871,덴파사(응우라 라이),20250901,11:25,11:25,11:54,여객,출발,,A330-300,251,"J,F,G,L"
출발,인천,에어부산,BX158,후쿠오카,20250901,11:25,11:44,12:00,여객,지연,항공교통흐름에 의한 지연,A321,195,"E,F,G,L"
출발,인천,아에로멕시코,AM091,멕시코시티,20250901,11:40,11:40,12:13,여객,출발,,B787-9,274,"H,F,G,L"
출발,인천,대한항공,KE925,암스테르담,20250901,11:55,11:55,12:19,여객,출발,,B777-300ER,277,"A,B,C,D"
출발,인천,대한항공,KE107,항저우,20250901,12:00,12:00,12:42,여객,지연,항공교통흐름에 의한 지연,A321neo,182,"A,B,C,D"
출발,인천,중화항공,CI165,가오슝,20250901,12:05,12:23,12:51,여객,지연,항공교통흐름에 의한 지연,A321neo,180,"J,F,G,L"
출발,인천,진에어,LJ263,후쿠오카,20250901,12:10,12:10,12:25,여객,출발,,B737-800,189,"H,F,G,L"
출발,인천,대한항공,KE769,삿포로,20250901,12:35,12:35,12:54,여객,출발,,B737-900,188,"A,B,C,D"
출발,인천,대한항공,KE803,천진,20250901,12:35,12:35,12:56,여객,출발,,B737-900,188,"A,B,C,D"
출발,인천,대한항공,KE963,부다페스트,20250901,12:35,12:35,13:12,여객,출발,,B787-9,269,"A,B,C,D"
출발,인천,중화항공,CI161,타오위안,20250901,12:35,12:35,13:07,여객,출발,,A330-300,277,"J,F,G,L"
출발,인천,에어부산,BX174,간사이,20250901,12:40,12:40,13:14,여객,출발,,A321,195,"E,F,G,L"
출발,인천,대한항공,KE711,도쿄/나리타,20250901,13:00,13:00,13:37,여객,지연,항공교통흐름에 의한 지연,A321neo,182,"A,B,C,D"
출발,인천,대한항공,KE869,대련,20250901,13:00,13:30,14:09,여객,지연,항공기 연결에 의한 지연,B737-900,188,"A,B,C,D"
출발,인천,대한항공,KE843,청도,20250901,13:05,13:05,13:35,여객,출발,,B737-900,188,"A,B,C,D"
출발,인천,대한항공,KE931,로마,20250901,13:20,13:37,13:56,여객,지연,항공교통흐름에 의한 지연,B777-300ER,277,"A,B,C,D"
출발,인천,대한항공,KE135,허페이,20250901,13:25,13:25,13:54,여객,출발,,B737-900,188,"A,B,C,D"
출발,인천,대한항공,KE175,홍콩,20250901,13:25,13:25,13:58,여객,출발,,A321neo,182,"A,B,C,D"
출발,인천,대한항공,KE951,두바이,20250901,13:25,13:25,14:02,여객,지연,지상조업 관련 지연,B777-300ER,277,"A,B,C,D"
출발,인천,샤먼항공,MF872,샤먼 가오치,20250901,13:30,13:30,13:50,여객,출발,,B737-800,168,"J,F,G,L"
출발,인천,대한항공,KE695,카트만두,20250901,13:35,13:35,14:21,여객,지연,기타 원인에 의한 지연,A330-300,272,"A,B,C,D"
출발,인천,대한항공,KE927,밀라노,20250901,13:40,13:40,14:15,여객,지연,운항 기준 및 승무원 관련 지연,B787-9,269,"A,B,C,D"
출발,인천,대한항공,KE955,이스탄불,20250901,13:40,13:40,14:19,여객,지연,운항 기준 및 승무원 관련 지연,B777-300ER,277,"A,B,C,D"
출발,인천,대한항공,KE789,후쿠오카,20250901,13:45,13:45,14:17,여객,출발,,B737-900,188,"A,B,C,D"
출발,인천,진에어,LJ861,청도,20250901,13:50,14:57,15:20,여객,지연,항공기 정비에 의한 지연,B737-800,189,"H,F,G,L"
출발,인천,대한항공,KE017,로스앤젤레스,20250901,14:30,14:30,14:50,여객,출발,,B747-8i,368,"A,B,C,D"
출발,인천,대한항공,KE833,심양,20250901,14:35,14:35,14:55,여객,출발,,B737-900,188,"A,B,C,D"
출발,인천,진에어,LJ237,간사이,20250901,14:40,14:40,15:10,여객,출발,,B737-800,189,"H,F,G,L"
출발,인천,대한항공,KE643,싱가포르,20250901,14:45,14:45,15:12,여객,출발,,A330-300,272,"A,B,C,D"
출발,인천,진에어,LJ209,도쿄/나리타,20250901,14:45,14:45,15:07,여객,출발,,B737-800,189,"H,F,G,L"
출발,인천,대한항공,KE725,간사이,20250901,14:55,15:45,16:18,여객,지연,항공기 정비에 의한 지연,A321neo,182,"A,B,C,D"
출발,인천,대한항공,KE627,자카르타(수카르노 하타),20250901,15:10,15:10,15:30,여객,출발,,A330-300,272,"A,B,C,D"
출발,인천,대한항공,KE189,타이중,20250901,15:15,15:15,15:38,여객,출발,,A321neo,182,"A,B,C,D"
출발,인천,에어부산,BX176,간사이,20250901,15:25,15:25,15:52,여객,출발,,A321,195,"E,F,G,L"
출발,인천,진에어,LJ211,도쿄/나리타,20250901,15:35,15:35,16:14,여객,출발,,B737-800,189,"H,F,G,L"
출발,인천,대한항공,KE733,고베,20250901,15:50,15:50,16:24,여객,출발,,A321neo,182,"A,B,C,D"
출발,인천,에어부산,BX166,도쿄/나리타,20250901,15:50,15:50,16:33,여객,출발,,A321,195,"E,F,G,L"
출발,인천,진에어,LJ265,후쿠오카,20250901,15:50,15:50,16:30,여객,출발,,B737-800,189,"H,F,G,L"
출발,인천,대한항공,KE023,샌프란시스코,20250901,16:00,16:00,16:36,여객,출발,,B777-300ER,277,"A,B,C,D"
출발,인천,진에어,LJ347,나고야,20250901,16:05,16:23,16:46,여객,지연,공항 및 출입국 절차에 의한 지연,B737-800,189,"H,F,G,L"
출발,인천,대한항공,KE187,타오위안,20250901,16:10,16:10,17:02,여객,지연,여객 및 화물처리에 의한 지연,A321neo,182,"A,B,C,D"
출발,인천,대한항공,KE633,덴파사(응우라 라이),20250901,16:10,16:10,16:53,여객,지연,여객 및 화물처리에 의한 지연,A330-300,272,"A,B,C,D"
출발,인천,진에어,LJ239,간사이,20250901,16:15,16:51,17:17,여객,지연,기타 원인에 의한 지연,B737-800,189,"H,F,G,L"
출발,인천,진에어,LJ351,기타규슈,20250901,16:15,16:15,16:45,여객,출발,,B737-800,189,"H,F,G,L"
출발,인천,대한항공,KE671,쿠알라룸푸르,20250901,16:20,17:10,17:37,여객,지연,항공기 연결에 의한 지연,A330-300,272,"A,B,C,D"
출발,인천,델타항공,DL188,애틀랜타,20250901,16:25,16:48,17:38,여객,지연,공항 및 출입국 절차에 의한 지연,A350-900,306,"K,F,G,L"
출발,인천,대한항공,KE041,시애틀,20250901,16:40,16:40,17:44,여객,지연,여객 및 화물처리에 의한 지연,A330-300,272,"A,B,C,D"
출발,인천,대한항공,KE713,도쿄/나리타,20250901,17:05,17:05,17:34,여객,출발,,A321neo,182,"A,B,C,D"
출발,인천,대한항공,KE1405,김해,20250901,17:10,17:10,17:43,여객,출발,,B737-900,188,
출발,인천,진에어,LJ009,치앙마이,20250901,17:10,17:10,17:49,여객,출발,,B737-800,189,"H,F,G,L"
출발,인천,대한항공,KE489,양곤,20250901,17:15,17:15,17:52,여객,출발,,B737-900,188,"A,B,C,D"
출발,인천,대한항공,KE8425,괌,20250901,17:15,17:15,17:46,여객,출발,,B737-900,188,"A,B,C,D"
출발,인천,에어부산,BX747,수안나폼(방콕),20250901,17:15,17:15,17:56,여객,출발,,A321,195,"E,F,G,L"
출발,인천,대한항공,KE629,덴파사(응우라 라이),20250901,17:45,17:45,18:12,여객,출발,,A330-300,272,"A,B,C,D"
출발,인천,대한항공,KE663,푸껫,20250901,17:50,18:05,18:27,여객,지연,기타 원인에 의한 지연,B737-900,188,"A,B,C,D"
출발,인천,대한항공,KE411,오클랜드,20250901,18:00,18:00,18:14,여객,출발,,B787-9,269,"A,B,C,D"
출발,인천,대한항공,KE651,수안나폼(방콕),20250901,18:05,18:05,18:47,여객,지연,항공기 연결에 의한 지연,A330-300,272,"A,B,C,D"
출발,인천,대한항공,KE461,다낭,20250901,18:20,18:20,18:43,여객,출발,,B737-900,188,"A,B,C,D"
출발,인천,대한항공,KE1407,김해,20250901,18:25,18:25,18:41,여객,출발,,B737-900,188,
출발,인천,대한항공,KE667,치앙마이,20250901,18:25,18:25,18:51,여객,출발,,B737-900,188,"A,B,C,D"
출발,인천,대한항공,KE705,도쿄/나리타,20250901,18:35,18:35,19:01,여객,출발,,A321neo,182,"A,B,C,D"
출발,인천,대한항공,KE871,대련,20250901,18:35,19:00,19:41,여객,지연,항공기 연결에 의한 지연,B737-900,188,"A,B,C,D"
출발,인천,대한항공,KE161,쿤밍,20250901,18:40,19:50,20:21,여객,지연,항공기 연결에 의한 지연,B737-900,188,"A,B,C,D"
출발,인천,대한항공,KE423,괌,20250901,18:40,18:40,18:53,여객,출발,,B737-900,188,"A,B,C,D"
출발,인천,대한항공,KE645,싱가포르,20250901,18:40,18:40,19:11,여객,출발,,A330-300,272,"A,B,C,D"
출발,인천,대한항공,KE781,후쿠오카,20250901,18:40,18:40,19:07,여객,출발,,B737-900,188,"A,B,C,D"
출발,인천,델타항공,DL170,미니애폴리스,20250901,18:40,18:40,19:09,여객,출발,,A350-900,306,"K,F,G,L"
출발,인천,대한항공,KE071,밴쿠버,20250901,18:45,19:00,19:28,여객,지연,항공기 연결에 의한 지연,B787-9,269,"A,B,C,D"
출발,인천,대한항공,KE453,노이바이(하노이),20250901,18:45,19:15,20:03,여객,지연,항공기 연결에 의한 지연,B737-900,188,"A,B,C,D"
출발,인천,대한항공,KE475,떤 선녓(호찌민),20250901,18:45,18:45,19:18,여객,출발,,B737-900,188,"A,B,C,D"
출발,인천,대한항공,KE623,마닐라,20250901,18:50,18:50,19:31,여객,지연,여객 및 화물처리에 의한 지연,B737-900,188,"A,B,C,D"
출발,인천,대한항공,KE689,프놈펜,20250901,18:50,18:50,19:26,여객,지연,항공기 연결에 의한 지연,B737-900,188,"A,B,C,D"
출발,인천,대한항공,KE743,나고야,20250901,18:50,18:50,19:21,여객,출발,,A321neo,182,"A,B,C,D"
출발,인천,델타항공,DL26,애틀랜타,20250901,18:50,18:50,19:16,여객,출발,,A350-900,306,"K,F,G,L"
출발,인천,대한항공,KE895,푸동,20250901,18:55,19:25,19:55,여객,지연,항공기 연결에 의한 지연,A330-300,272,"A,B,C,D"
출발,인천,대한항공,KE721,간사이,20250901,19:00,19:00,19:36,여객,출발,,A321neo,182,"A,B,C,D"
출발,인천,대한항공,KE401,시드니,20250901,19:10,19:10,19:34,여객,출발,,A380-800,407,"A,B,C,D"
출발,인천,진에어,LJ131,코타키나발루,20250901,19:10,19:10,19:39,여객,출발,,B737-800,189,"H,F,G,L"
출발,인천,델타항공,DL196,시애틀,20250901,19:20,19:36,20:01,여객,지연,항공기 연결에 의한 지연,A330-900neo,281,"K,F,G,L"
출발,인천,대한항공,KE085,뉴욕,20250901,19:30,19:50,20:08,여객,지연,기타 원인에 의한 지연,B747-8i,368,"A,B,C,D"
출발,인천,대한항공,KE1431,대구,20250901,19:30,19:30,19:57,여객,출발,,B737-900,188,
출발,인천,대한항공,KE1409,김해,20250901,19:35,19:35,20:05,여객,출발,,B737-900,188,
출발,인천,델타항공,DL172,솔트레이크시티,20250901,19:40,19:40,20:15,여객,출발,,A350-900,306,"K,F,G,L"
출발,인천,대한항공,KE177,홍콩,20250901,19:45,19:45,20:43,여객,지연,항공교통흐름에 의한 지연,A321neo,182,"A,B,C,D"
출발,인천,대한항공,KE477,떤 선녓(호찌민),20250901,19:45,19:45,20:47,여객,지연,항공교통흐름에 의한 지연,B737-900,188,"A,B,C,D"
출발,인천,대한항공,KE659,수안나폼(방콕),20250901,19:45,19:45,20:35,여객,지연,항공교통흐름에 의한 지연,B737-900,188,"A,B,C,D"
출발,인천,진에어,LJ001,수안나폼(방콕),20250901,19:55,20:57,21:19,여객,지연,공항 및 출입국 절차에 의한 지연,B737-800,189,"H,F,G,L"
출발,인천,대한항공,KE467,깜라인(나트랑),20250901,20:00,20:00,21:10,여객,지연,항공교통흐름에 의한 지연,B737-900,188,"A,B,C,D"
출발,인천,대한항공,KE853,베이징,20250901,20:00,20:00,20:37,여객,출발,,A330-300,272,"A,B,C,D"
출발,인천,대한항공,KE407,브리즈번,20250901,20:05,20:05,20:25,여객,출발,,A330-300,272,"A,B,C,D"
출발,인천,대한항공,KE615,세부,20250901,20:05,20:05,21:08,여객,지연,항공교통흐름에 의한 지연,B737-900,188,"A,B,C,D"
출발,인천,대한항공,KE625,마닐라,20250901,20:15,20:15,21:17,여객,지연,항공교통흐름에 의한 지연,B737-900,188,"A,B,C,D"
출발,인천,대한항공,KE011,로스앤젤레스,20250901,20:25,20:25,21:04,여객,지연,항공교통흐름에 의한 지연,A380-800,407,"A,B,C,D"
출발,인천,진에어,LJ081,다낭,20250901,20:25,20:25,20:51,여객,출발,,B737-800,189,"H,F,G,L"
출발,인천,대한항공,KE719,하네다,20250901,20:30,20:30,21:00,여객,출발,,A321neo,182,"A,B,C,D"
출발,인천,샤먼항공,MF878,푸저우(복주),20250901,20:35,21:25,21:26,여객,지연,공항 및 출입국 절차에 의한 지연,B737-800,168,"J,F,G,L"
출발,인천,중화항공,CI163,타오위안,20250901,20:35,21:11,21:39,여객,지연,항공기 연결에 의한 지연,A330-300,277,"J,F,G,L"
출발,인천,진에어,LJ087,깜라인(나트랑),20250901,20:40,21:25,21:50,여객,지연,공항 및 출입국 절차에 의한 지연,B737-800,189,"H,F,G,L"
출발,인천,진에어,LJ917,괌,20250901,20:50,21:20,21:59,여객,지연,공항 및 출입국 절차에 의한 지연,B737-800,189,"H,F,G,L"
출발,인천,대한항공,KE005,라스베이거스,20250901,21:00,21:00,21:33,여객,출발,,B777-300ER,277,"A,B,C,D"
출발,인천,대한항공,KE053,호놀룰루,20250901,21:05,21:05,21:38,여객,출발,,A330-300,272,"A,B,C,D"
출발,인천,대한항공,KE655,수안나폼(방콕),20250901,21:15,21:15,21:46,여객,출발,,A330-300,272,"A,B,C,D"
출발,인천,네덜란드항공,KL856,암스테르담,20250901,22:25,22:25,23:02,여객,지연,항공교통흐름에 의한 지연,B787-9,294,"M,F,G,L"
출발,인천,대한항공,KE619,마닐라,20250901,22:35,22:35,22:51,여객,출발,,A330-300,272,"A,B,C,D"
출발,인천,대한항공,KE075,밴쿠버,20250901,22:40,22:40,23:16,여객,지연,항공교통흐름에 의한 지연,B787-9,269,"A,B,C,D"
출발,인천,대한항공,KE1401,김해,20250902,06:35,06:35,06:43,여객,출발,,B737-900,188,
출발,인천,에어부산,BX164,도쿄/나리타,20250902,07:15,07:15,07:26,여객,출발,,A321,195,"E,F,G,L"
출발,인천,진에어,LJ261,후쿠오카,20250902,07:15,07:15,07:30,여객,출발,,B737-800,189,"H,F,G,L"
출발,인천,에어부산,BX156,후쿠오카,20250902,07:20,07:20,07:44,여객,출발,,A321,195,"E,F,G,L"
출발,인천,대한항공,KE787,후쿠오카,20250902,07:25,07:25,07:38,여객,출발,,B737-900,188,"A,B,C,D"
출발,인천,진에어,LJ201,도쿄/나리타,20250902,07:25,07:25,07:54,여객,출발,,B737-800,189,"H,F,G,L"
출발,인천,대한항공,KE771,오카야마,20250902,07:30,07:30,07:50,여객,출발,,B737-900,188,"A,B,C,D"
출발,인천,진에어,LJ345,나고야,20250902,07:30,07:30,07:42,여객,출발,,B737-800,189,"H,F,G,L"
출발,인천,진에어,LJ231,간사이,20250902,07:40,07:40,08:11,여객,출발,,B737-800,189,"H,F,G,L"
출발,인천,대한항공,KE173,홍콩,20250902,07:45,07:45,08:17,여객,출발,,A321neo,182,"A,B,C,D"
출발,인천,대한항공,KE621,마닐라,20250902,07:50,07:50,08:12,여객,출발,,B737-900,188,"A,B,C,D"
출발,인천,대한항공,KE845,청도,20250902,07:50,07:50,08:10,여객,출발,,B737-900,188,"A,B,C,D"
출발,인천,진에어,LJ731,타오위안,20250902,07:50,08:07,08:28,여객,지연,공항 및 출입국 절차에 의한 지연,B737-800,189,"H,F,G,L"
출발,인천,대한항공,KE131,정저우,20250902,08:00,08:00,08:14,여객,출발,,B737-900,188,"A,B,C,D"
출발,인천,대한항공,KE441,노이바이(하노이),20250902,08:00,08:00,08:19,여객,출발,,A330-300,272,"A,B,C,D"
출발,인천,대한항공,KE197,칭기즈칸(신 울란바토르) 국제공항,20250902,08:10,08:40,08:59,여객,지연,지상조업 관련 지연,B737-900,188,"A,B,C,D"
출발,인천,진에어,LJ241,간사이,20250902,08:10,08:10,08:21,여객,출발,,B737-800,189,"H,F,G,L"
출발,인천,대한항공,KE859,베이징,20250902,08:15,08:15,08:31,여객,출발,,B777-300ER,277,"A,B,C,D"
출발,인천,진에어,LJ203,도쿄/나리타,20250902,08:15,08:15,08:31,여객,출발,,B737-800,189,"H,F,G,L"
출발,인천,대한항공,KE127,푸저우(복주),20250902,08:20,08:20,08:37,여객,출발,,B737-900,188,"A,B,C,D"
출발,인천,대한항공,KE1403,김해,20250902,08:20,08:35,08:50,여객,출발,,B737-900,188,
출발,인천,진에어,LJ301,삿포로,20250902,08:20,08:20,08:37,여객,출발,,B737-800,189,"H,F,G,L"
출발,인천,대한항공,KE731,고베,20250902,08:25,08:25,08:58,여객,출발,,A321neo,182,"A,B,C,D"
출발,인천,대한항공,KE893,푸동,20250902,08:25,08:25,08:45,여객,출발,,A330-300,272,"A,B,C,D"
출발,인천,에어 프랑스,AF267,파리,20250902,08:30,08:30,08:50,여객,출발,,B777-300ER,296,"M,F,G,L"
출발,인천,대한항공,KE827,선전(심천),20250902,08:40,08:40,09:03,여객,출발,,B737-900,188,"A,B,C,D"
출발,인천,대한항공,KE831,심양,20250902,08:45,08:05,08:42,여객,출발,,B737-900,188,"A,B,C,D"
출발,인천,대한항공,KE137,우한,20250902,08:50,08:50,09:05,여객,출발,,B737-900,188,"A,B,C,D"
출발,인천,대한항공,KE865,광저우,20250902,08:50,08:50,09:15,여객,출발,,A330-300,272,"A,B,C,D"
출발,인천,대한항공,KE469,떤 선녓(호찌민),20250902,09:05,09:05,09:34,여객,출발,,A330-300,272,"A,B,C,D"
출발,인천,진에어,LJ361,이시가키,20250902,09:05,09:05,09:38,여객,출발,,B737-800,189,"H,F,G,L"
출발,인천,대한항공,KE805,천진,20250902,09:10,09:10,09:33,여객,출발,,B737-900,188,"A,B,C,D"
출발,인천,대한항공,KE811,시안,20250902,09:10,09:10,09:46,여객,지연,여객 및 화물처리에 의한 지연,B737-900,188,"A,B,C,D"
출발,인천,에어부산,BX172,간사이,20250902,09:15,09:15,09:24,여객,출발,,A321,195,"E,F,G,L"
출발,인천,대한항공,KE035,애틀랜타,20250902,09:20,09:20,09:37,여객,출발,,B777-300ER,277,"A,B,C,D"
출발,인천,진에어,LJ913,괌,20250902,09:20,09:20,09:34,여객,출발,,B737-800,189,"H,F,G,L"
출발,인천,대한항공,KE031,댈러스,20250902,09:30,09:30,10:06,여객,출발,,B787-9,269,"A,B,C,D"
출발,인천,대한항공,KE091,보스턴,20250902,09:30,09:30,09:55,여객,출발,,B787-9,269,"A,B,C,D"
출발,인천,대한항공,KE657,수안나폼(방콕),20250902,09:30,09:30,09:49,여객,출발,,A330-300,272,"A,B,C,D"
출발,인천,대한항공,KE755,오키나와,20250902,09:30,09:30,09:53,여객,출발,,B737-900,188,"A,B,C,D"
출발,인천,대한항공,KE777,구마모토,20250902,09:30,09:30,10:00,여객,출발,,B737-900,188,"A,B,C,D"
출발,인천,대한항공,KE073,토론토,20250902,09:35,09:35,10:17,여객,지연,여객 및 화물처리에 의한 지연,B777-300ER,277,"A,B,C,D"
출발,인천,대한항공,KE723,간사이,20250902,09:35,09:35,09:59,여객,출발,,A321neo,182,"A,B,C,D"
출발,인천,대한항공,KE763,니가타,20250902,09:40,09:40,10:02,여객,출발,,B737-900,188,"A,B,C,D"
출발,인천,대한항공,KE421,괌,20250902,09:45,09:45,10:04,여객,출발,,B737-900,188,"A,B,C,D"
출발,인천,진에어,LJ205,도쿄/나리타,20250902,09:45,09:45,10:09,여객,출발,,B737-800,189,"H,F,G,L"
출발,인천,대한항공,KE913,마드리드,20250902,09:55,09:55,10:19,여객,출발,,B787-9,269,"A,B,C,D"
출발,인천,진에어,LJ341,오키나와,20250902,09:55,10:25,10:51,여객,지연,항공기 연결에 의한 지연,B737-800,189,"H,F,G,L"
출발,인천,대한항공,KE081,뉴욕,20250902,10:00,10:00,10:27,여객,출발,,A380-800,407,"A,B,C,D"
출발,인천,대한항공,KE765,삿포로,20250902,10:05,10:05,10:25,여객,출발,,B737-900,188,"A,B,C,D"
출발,인천,대한항공,KE703,도쿄/나리타,20250902,10:10,10:10,10:34,여객,출발,,A321neo,182,"A,B,C,D"
출발,인천,델타항공,DL158,디트로이트,20250902,10:15,10:15,10:22,여객,출발,,A350-900,306,"K,F,G,L"
출발,인천,대한항공,KE125,샤먼 가오치,20250902,10:20,10:20,10:39,여객,출발,,B737-900,188,"A,B,C,D"
출발,인천,대한항공,KE169,마카오,20250902,10:20,10:20,10:31,여객,출발,,A321neo,182,"A,B,C,D"
출발,인천,대한항공,KE093,워싱톤,20250902,10:25,10:25,10:57,여객,출발,,B777-300ER,277,"A,B,C,D"
출발,인천,대한항공,KE185,타오위안,20250902,10:30,10:30,10:55,여객,출발,,A321neo,182,"A,B,C,D"
출발,인천,가루다인도네시아,GA879,자카르타(수카르노 하타),20250902,10:35,10:35,10:49,여객,출발,,A330-900neo,301,"J,F,G,L"
출발,인천,대한항공,KE741,나고야,20250902,10:35,10:35,10:44,여객,출발,,A321neo,182,"A,B,C,D"
출발,인천,대한항공,KE037,시카고,20250902,10:40,10:40,11:02,여객,출발,,B777-300ER,277,"A,B,C,D"
출발,인천,대한항공,KE457,다낭,20250902,10:55,10:55,11:22,여객,출발,,B737-900,188,"A,B,C,D"
출발,인천,대한항공,KE907,런던히드로,20250902,10:55,10:55,11:24,여객,출발,,A380-800,407,"A,B,C,D"
출발,인천,대한항공,KE917,취리히,20250902,11:05,11:05,11:37,여객,출발,,B787-9,269,"A,B,C,D"
출발,인천,대한항공,KE945,프랑크푸르트,20250902,11:05,11:05,11:55,여객,지연,여객 및 화물처리에 의한 지연,A380-800,407,"A,B,C,D"
출발,인천,대한항공,KE897,푸동,20250902,11:10,11:10,11:36,여객,출발,,B777-300ER,277,"A,B,C,D"
출발,인천,대한항공,KE901,파리,20250902,11:10,11:10,11:46,여객,출발,,B777-300ER,277,"A,B,C,D"
출발,인천,가루다인도네시아,GA871,덴파사(응우라 라이),20250902,11:25,11:25,11:40,여객,출발,,A330-300,251,"J,F,G,L"
출발,인천,에어부산,BX158,후쿠오카,20250902,11:25,11:25,11:35,여객,출발,,A321,195,"E,F,G,L"
출발,인천,아에로멕시코,AM091,멕시코시티,20250902,11:40,11:40,12:03,여객,출발,,B787-9,274,"H,F,G,L"
출발,인천,대한항공,KE925,암스테르담,20250902,11:55,11:55,12:15,여객,출발,,B777-300ER,277,"A,B,C,D"
출발,인천,중화항공,CI165,가오슝,20250902,12:05,12:05,12:19,여객,출발,,A321neo,180,"J,F,G,L"
출발,인천,진에어,LJ263,후쿠오카,20250902,12:10,12:10,12:29,여객,출발,,B737-800,189,"H,F,G,L"
출발,인천,대한항공,KE769,삿포로,20250902,12:35,12:35,12:57,여객,출발,,B737-900,188,"A,B,C,D"
출발,인천,대한항공,KE803,천진,20250902,12:35,12:35,12:55,여객,출발,,B737-900,188,"A,B,C,D"
출발,인천,대한항공,KE963,부다페스트,20250902,12:35,12:35,13:01,여객,출발,,B787-9,269,"A,B,C,D"
출발,인천,중화항공,CI161,타오위안,20250902,12:35,12:35,12:55,여객,출발,,A330-300,277,"J,F,G,L"
출발,인천,에어부산,BX174,간사이,20250902,12:40,12:40,13:05,여객,출발,,A321,195,"E,F,G,L"
출발,인천,대한항공,KE497,델리,20250902,12:55,13:50,14:00,여객,지연,항공기 정비에 의한 지연,B787-9,269,"A,B,C,D"
출발,인천,대한항공,KE711,도쿄/나리타,20250902,13:00,13:00,13:33,여객,출발,,A321neo,182,"A,B,C,D"
출발,인천,대한항공,KE869,대련,20250902,13:00,13:00,13:31,여객,출발,,B737-900,188,"A,B,C,D"
출발,인천,대한항공,KE843,청도,20250902,13:05,13:05,13:26,여객,출발,,B737-900,188,"A,B,C,D"
출발,인천,대한항공,KE175,홍콩,20250902,13:25,13:25,13:42,여객,출발,,A321neo,182,"A,B,C,D"
출발,인천,대한항공,KE951,두바이,20250902,13:25,13:45,14:16,여객,지연,항공기 연결에 의한 지연,B777-300ER,277,"A,B,C,D"
출발,인천,샤먼항공,MF872,샤먼 가오치,20250902,13:30,13:30,13:44,여객,출발,,B737-800,168,"J,F,G,L"
출발,인천,대한항공,KE789,후쿠오카,20250902,13:45,13:45,14:04,여객,출발,,B737-900,188,"A,B,C,D"
출발,인천,진에어,LJ861,청도,20250902,13:50,13:50,14:11,여객,출발,,B737-800,189,"H,F,G,L"
출발,인천,대한항공,KE017,로스앤젤레스,20250902,14:30,14:30,15:15,여객,지연,여객 및 화물처리에 의한 지연,B747-8i,368,"A,B,C,D"
출발,인천,진에어,LJ359,다카마쓰,20250902,14:30,14:30,14:40,여객,출발,,B737-800,189,"H,F,G,L"
출발,인천,대한항공,KE833,심양,20250902,14:35,14:35,14:50,여객,출발,,B737-900,188,"A,B,C,D"
출발,인천,진에어,LJ237,간사이,20250902,14:40,15:03,15:34,여객,지연,운항 기준 및 승무원 관련 지연,B737-800,189,"H,F,G,L"
출발,인천,대한항공,KE643,싱가포르,20250902,14:45,14:45,15:13,여객,출발,,A330-300,272,"A,B,C,D"
출발,인천,진에어,LJ209,도쿄/나리타,20250902,14:45,15:30,16:07,여객,지연,항공기 연결에 의한 지연,B737-800,189,"H,F,G,L"
출발,인천,대한항공,KE725,간사이,20250902,14:55,14:55,15:26,여객,출발,,A321neo,182,"A,B,C,D"
출발,인천,대한항공,KE627,자카르타(수카르노 하타),20250902,15:10,15:10,15:35,여객,출발,,A330-300,272,"A,B,C,D"
출발,인천,대한항공,KE189,타이중,20250902,15:15,15:15,15:44,여객,출발,,A321neo,182,"A,B,C,D"
출발,인천,에어부산,BX176,간사이,20250902,15:25,15:25,15:57,여객,출발,,A321,195,"E,F,G,L"
출발,인천,대한항공,KE733,고베,20250902,15:50,15:50,16:13,여객,출발,,A321neo,182,"A,B,C,D"
출발,인천,에어부산,BX166,도쿄/나리타,20250902,15:50,15:50,16:21,여객,출발,,A321,195,"E,F,G,L"
출발,인천,진에어,LJ265,후쿠오카,20250902,15:50,16:03,16:25,여객,지연,공항 및 출입국 절차에 의한 지연,B737-800,189,"H,F,G,L"
출발,인천,대한항공,KE023,샌프란시스코,20250902,16:00,17:40,18:01,여객,지연,항공기 연결에 의한 지연,B777-300ER,277,"A,B,C,D"
출발,인천,진에어,LJ347,나고야,20250902,16:05,16:05,16:31,여객,출발,,B737-800,189,"H,F,G,L"
출발,인천,대한항공,KE187,타오위안,20250902,16:10,16:10,16:30,여객,출발,,A321neo,182,"A,B,C,D"
출발,인천,대한항공,KE633,덴파사(응우라 라이),20250902,16:10,16:10,16:45,여객,출발,,A330-300,272,"A,B,C,D"
출발,인천,진에어,LJ351,기타규슈,20250902,16:15,16:15,16:49,여객,출발,,B737-800,189,"H,F,G,L"
출발,인천,대한항공,KE671,쿠알라룸푸르,20250902,16:20,16:20,16:51,여객,출발,,A330-300,272,"A,B,C,D"
출발,인천,델타항공,DL188,애틀랜타,20250902,16:25,16:25,16:39,여객,출발,,A350-900,306,"K,F,G,L"
출발,인천,대한항공,KE041,시애틀,20250902,16:40,16:40,17:07,여객,출발,,A330-300,272,"A,B,C,D"
출발,인천,대한항공,KE713,도쿄/나리타,20250902,17:05,17:05,17:17,여객,출발,,A321neo,182,"A,B,C,D"
출발,인천,대한항공,KE1405,김해,20250902,17:10,17:10,17:29,여객,출발,,B737-900,188,
출발,인천,대한항공,KE485,푸꾸옥,20250902,17:10,17:10,17:35,여객,출발,,B737-900,188,"A,B,C,D"
출발,인천,진에어,LJ009,치앙마이,20250902,17:10,17:10,17:37,여객,출발,,B737-800,189,"H,F,G,L"
출발,인천,대한항공,KE8425,괌,20250902,17:15,17:15,17:27,여객,출발,,B737-900,188,"A,B,C,D"
출발,인천,에어부산,BX747,수안나폼(방콕),20250902,17:15,17:15,17:41,여객,출발,,A321,195,"E,F,G,L"
출발,인천,진에어,LJ919,괌,20250902,17:35,17:35,17:50,여객,출발,,B737-800,189,"H,F,G,L"
출발,인천,대한항공,KE629,덴파사(응우라 라이),20250902,17:45,17:45,18:03,여객,출발,,A330-300,272,"A,B,C,D"
출발,인천,대한항공,KE663,푸껫,20250902,17:50,17:50,18:11,여객,출발,,B737-900,188,"A,B,C,D"
출발,인천,대한항공,KE651,수안나폼(방콕),20250902,18:05,18:05,18:30,여객,출발,,A330-300,272,"A,B,C,D"
출발,인천,대한항공,KE461,다낭,20250902,18:20,18:20,18:41,여객,출발,,B737-900,188,"A,B,C,D"
출발,인천,대한항공,KE1407,김해,20250902,18:25,18:25,18:33,여객,출발,,B737-900,188,
출발,인천,대한항공,KE705,도쿄/나리타,20250902,18:35,18:35,18:47,여객,출발,,A321neo,182,"A,B,C,D"
출발,인천,대한항공,KE423,괌,20250902,18:40,18:40,18:56,여객,출발,,B737-900,188,"A,B,C,D"
출발,인천,대한항공,KE645,싱가포르,20250902,18:40,18:40,19:14,여객,출발,,A330-300,272,"A,B,C,D"
출발,인천,대한항공,KE781,후쿠오카,20250902,18:40,18:40,19:04,여객,출발,,B737-900,188,"A,B,C,D"
출발,인천,델타항공,DL170,미니애폴리스,20250902,18:40,18:40,18:58,여객,출발,,A350-900,306,"K,F,G,L"
출발,인천,대한항공,KE071,밴쿠버,20250902,18:45,18:45,19:21,여객,출발,,B787-9,269,"A,B,C,D"
출발,인천,대한항공,KE453,노이바이(하노이),20250902,18:45,19:30,20:02,여객,지연,항공기 연결에 의한 지연,B737-900,188,"A,B,C,D"
출발,인천,대한항공,KE475,떤 선녓(호찌민),20250902,18:45,18:45,19:06,여객,출발,,B737-900,188,"A,B,C,D"
출발,인천,대한항공,KE623,마닐라,20250902,18:50,18:50,19:17,여객,출발,,B737-900,188,"A,B,C,D"
출발,인천,대한항공,KE689,프놈펜,20250902,18:50,18:50,19:27,여객,지연,항공기 연결에 의한 지연,B737-900,188,"A,B,C,D"
출발,인천,대한항공,KE743,나고야,20250902,18:50,18:50,19:11,여객,출발,,A321neo,182,"A,B,C,D"
출발,인천,델타항공,DL26,애틀랜타,20250902,18:50,18:50,19:15,여객,출발,,A350-900,306,"K,F,G,L"
출발,인천,대한항공,KE895,푸동,20250902,18:55,19:15,19:56,여객,지연,항공기 연결에 의한 지연,A330-300,272,"A,B,C,D"
출발,인천,대한항공,KE721,간사이,20250902,19:00,19:00,19:25,여객,출발,,A321neo,182,"A,B,C,D"
출발,인천,대한항공,KE401,시드니,20250902,19:10,19:10,19:29,여객,출발,,A380-800,407,"A,B,C,D"
출발,인천,진에어,LJ131,코타키나발루,20250902,19:10,19:10,19:31,여객,출발,,B737-800,189,"H,F,G,L"
출발,인천,델타항공,DL196,시애틀,20250902,19:20,21:01,21:24,여객,지연,항공기 연결에 의한 지연,A330-900neo,281,"K,F,G,L"
출발,인천,대한항공,KE163,장가계,20250902,19:25,19:25,19:40,여객,출발,,B737-900,188,"A,B,C,D"
출발,인천,대한항공,KE085,뉴욕,20250902,19:30,20:00,20:22,여객,지연,기타 원인에 의한 지연,B747-8i,368,"A,B,C,D"
출발,인천,대한항공,KE1431,대구,20250902,19:30,19:30,19:41,여객,출발,,B737-900,188,
출발,인천,대한항공,KE1409,김해,20250902,19:35,20:30,21:09,여객,지연,항공기 정비에 의한 지연,B737-900,188,
출발,인천,델타항공,DL172,솔트레이크시티,20250902,19:40,19:40,19:49,여객,출발,,A350-900,306,"K,F,G,L"
출발,인천,대한항공,KE177,홍콩,20250902,19:45,19:45,20:14,여객,출발,,A321neo,182,"A,B,C,D"
출발,인천,대한항공,KE477,떤 선녓(호찌민),20250902,19:45,19:45,20:45,여객,지연,여객 및 화물처리에 의한 지연,B737-900,188,"A,B,C,D"
출발,인천,대한항공,KE659,수안나폼(방콕),20250902,19:45,19:45,20:06,여객,출발,,B737-900,188,"A,B,C,D"
출발,인천,진에어,LJ001,수안나폼(방콕),20250902,19:55,19:55,20:24,여객,출발,,B737-800,189,"H,F,G,L"
출발,인천,대한항공,KE467,깜라인(나트랑),20250902,20:00,20:00,20:31,여객,출발,,B737-900,188,"A,B,C,D"
출발,인천,대한항공,KE853,베이징,20250902,20:00,20:00,20:33,여객,출발,,A330-300,272,"A,B,C,D"
출발,인천,대한항공,KE615,세부,20250902,20:05,20:05,20:51,여객,지연,항공교통흐름에 의한 지연,B737-900,188,"A,B,C,D"
출발,인천,대한항공,KE625,마닐라,20250902,20:15,20:15,20:55,여객,지연,항공교통흐름에 의한 지연,B737-900,188,"A,B,C,D"
출발,인천,대한항공,KE011,로스앤젤레스,20250902,20:25,20:25,21:05,여객,지연,공항 및 출입국 절차에 의한 지연,A380-800,407,"A,B,C,D"
출발,인천,진에어,LJ081,다낭,20250902,20:25,20:25,20:47,여객,출발,,B737-800,189,"H,F,G,L"
출발,인천,대한항공,KE719,하네다,20250902,20:30,20:30,21:15,여객,지연,항공기 연결에 의한 지연,A321neo,182,"A,B,C,D"
출발,인천,샤먼항공,MF878,푸저우(복주),20250902,20:35,20:35,20:53,여객,출발,,B737-800,168,"J,F,G,L"
출발,인천,중화항공,CI163,타오위안,20250902,20:35,20:35,21:07,여객,출발,,A330-300,277,"J,F,G,L"
출발,인천,진에어,LJ087,깜라인(나트랑),20250902,20:40,21:03,21:32,여객,지연,항공교통흐름에 의한 지연,B737-800,189,"H,F,G,L"
출발,인천,진에어,LJ917,괌,20250902,20:50,20:50,21:22,여객,출발,,B737-800,189,"H,F,G,L"
출발,인천,대한항공,KE005,라스베이거스,20250902,21:00,21:00,21:28,여객,출발,,B777-300ER,277,"A,B,C,D"
출발,인천,대한항공,KE053,호놀룰루,20250902,21:05,21:05,21:34,여객,출발,,A330-300,272,"A,B,C,D"
출발,인천,대한항공,KE655,수안나폼(방콕),20250902,21:15,21:15,22:00,여객,지연,여객 및 화물처리에 의한 지연,A330-300,272,"A,B,C,D"
출발,인천,네덜란드항공,KL856,암스테르담,20250902,22:25,22:25,22:46,여객,출발,,B787-9,294,"M,F,G,L"
출발,인천,대한항공,KE619,마닐라,20250902,22:35,22:35,22:42,여객,출발,,A330-300,272,"A,B,C,D"
출발,인천,대한항공,KE1401,김해,20250903,06:35,06:35,06:45,여객,출발,,B737-900,188,
출발,인천,에어부산,BX164,도쿄/나리타,20250903,07:15,07:15,07:36,여객,출발,,A321,195,"E,F,G,L"
출발,인천,진에어,LJ261,후쿠오카,20250903,07:15,07:15,07:37,여객,출발,,B737-800,189,"H,F,G,L"
출발,인천,에어부산,BX156,후쿠오카,20250903,07:20,07:20,07:44,여객,출발,,A321,195,"E,F,G,L"
출발,인천,대한항공,KE787,후쿠오카,20250903,07:25,07:25,07:48,여객,출발,,B737-900,188,"A,B,C,D"
출발,인천,진에어,LJ201,도쿄/나리타,20250903,07:25,07:34,08:03,여객,지연,공항 및 출입국 절차에 의한 지연,B737-800,189,"H,F,G,L"
출발,인천,대한항공,KE771,오카야마,20250903,07:30,07:30,07:46,여객,출발,,B737-900,188,"A,B,C,D"
출발,인천,진에어,LJ345,나고야,20250903,07:30,07:30,07:54,여객,출발,,B737-800,189,"H,F,G,L"
출발,인천,진에어,LJ231,간사이,20250903,07:40,07:40,08:15,여객,출발,,B737-800,189,"H,F,G,L"
출발,인천,대한항공,KE173,홍콩,20250903,07:45,07:45,08:26,여객,지연,기타 원인에 의한 지연,A321neo,182,"A,B,C,D"
출발,인천,대한항공,KE621,마닐라,20250903,07:50,07:50,08:30,여객,지연,여객 및 화물처리에 의한 지연,B737-900,188,"A,B,C,D"
출발,인천,대한항공,KE845,청도,20250903,07:50,07:50,08:07,여객,출발,,B737-900,188,"A,B,C,D"
출발,인천,진에어,LJ731,타오위안,20250903,07:50,07:50,08:20,여객,출발,,B737-800,189,"H,F,G,L"
출발,인천,대한항공,KE131,정저우,20250903,08:00,08:00,08:19,여객,출발,,B737-900,188,"A,B,C,D"
출발,인천,대한항공,KE441,노이바이(하노이),20250903,08:00,08:00,08:22,여객,출발,,A330-300,272,"A,B,C,D"
출발,인천,대한항공,KE197,칭기즈칸(신 울란바토르) 국제공항,20250903,08:10,08:10,08:29,여객,출발,,B737-900,188,"A,B,C,D"
출발,인천,진에어,LJ241,간사이,20250903,08:10,08:10,08:32,여객,출발,,B737-800,189,"H,F,G,L"
출발,인천,진에어,LJ357,시모지시마,20250903,08:10,08:10,08:33,여객,출발,,B737-800,189,"H,F,G,L"
출발,인천,진에어,LJ203,도쿄/나리타,20250903,08:15,08:15,08:41,여객,출발,,B737-800,189,"H,F,G,L"
출발,인천,대한항공,KE1403,김해,20250903,08:20,08:20,08:39,여객,출발,,B737-900,188,
출발,인천,진에어,LJ301,삿포로,20250903,08:20,08:20,08:47,여객,출발,,B737-800,189,"H,F,G,L"
출발,인천,대한항공,KE731,고베,20250903,08:25,08:25,08:59,여객,출발,,A321neo,182,"A,B,C,D"
출발,인천,대한항공,KE893,푸동,20250903,08:25,08:25,08:42,여객,출발,,A330-300,272,"A,B,C,D"
출발,인천,에어 프랑스,AF267,파리,20250903,08:30,08:30,09:07,여객,지연,지상조업 관련 지연,B777-300ER,296,"M,F,G,L"
출발,인천,대한항공,KE775,고마쓰,20250903,08:35,08:35,08:53,여객,출발,,B737-900,188,"A,B,C,D"
출발,인천,대한항공,KE827,선전(심천),20250903,08:40,08:40,09:02,여객,출발,,B737-900,188,"A,B,C,D"
출발,인천,대한항공,KE831,심양,20250903,08:45,08:05,08:25,여객,출발,,B737-900,188,"A,B,C,D"
출발,인천,대한항공,KE137,우한,20250903,08:50,11:00,11:27,여객,지연,항공기 정비에 의한 지연,B737-900,188,"A,B,C,D"
출발,인천,대한항공,KE865,광저우,20250903,08:50,08:50,09:13,여객,출발,,A330-300,272,"A,B,C,D"
출발,인천,대한항공,KE819,창사(장사),20250903,09:00,09:00,09:15,여객,출발,,B737-900,188,"A,B,C,D"
출발,인천,대한항공,KE469,떤 선녓(호찌민),20250903,09:05,09:05,09:39,여객,출발,,A330-300,272,"A,B,C,D"
출발,인천,대한항공,KE811,시안,20250903,09:10,09:10,09:30,여객,출발,,B737-900,188,"A,B,C,D"
출발,인천,에어부산,BX172,간사이,20250903,09:15,09:15,09:21,여객,출발,,A321,195,"E,F,G,L"
출발,인천,대한항공,KE035,애틀랜타,20250903,09:20,09:20,09:48,여객,출발,,B777-300ER,277,"A,B,C,D"
출발,인천,대한항공,KE785,가고시마,20250903,09:20,09:20,09:38,여객,출발,,B737-900,188,"A,B,C,D"
출발,인천,진에어,LJ913,괌,20250903,09:20,09:20,09:31,여객,출발,,B737-800,189,"H,F,G,L"
출발,인천,대한항공,KE031,댈러스,20250903,09:30,09:30,09:53,여객,출발,,B787-9,269,"A,B,C,D"
출발,인천,대한항공,KE091,보스턴,20250903,09:30,09:30,09:59,여객,출발,,B787-9,269,"A,B,C,D"
출발,인천,대한항공,KE657,수안나폼(방콕),20250903,09:30,09:30,10:00,여객,출발,,A330-300,272,"A,B,C,D"
출발,인천,대한항공,KE755,오키나와,20250903,09:30,09:30,09:50,여객,출발,,B737-900,188,"A,B,C,D"
출발,인천,대한항공,KE073,토론토,20250903,09:35,09:35,10:06,여객,출발,,B777-300ER,277,"A,B,C,D"
출발,인천,대한항공,KE723,간사이,20250903,09:35,09:35,10:08,여객,출발,,A321neo,182,"A,B,C,D"
출발,인천,대한항공,KE421,괌,20250903,09:45,09:45,10:04,여객,출발,,B737-900,188,"A,B,C,D"
출발,인천,진에어,LJ205,도쿄/나리타,20250903,09:45,10:06,10:23,여객,지연,항공교통흐름에 의한 지연,B737-800,189,"H,F,G,L"
출발,인천,진에어,LJ341,오키나와,20250903,09:55,09:55,10:14,여객,출발,,B737-800,189,"H,F,G,L"
출발,인천,대한항공,KE081,뉴욕,20250903,10:00,10:00,10:32,여객,출발,,A380-800,407,"A,B,C,D"
출발,인천,대한항공,KE765,삿포로,20250903,10:05,10:05,10:26,여객,출발,,B737-900,188,"A,B,C,D"
출발,인천,대한항공,KE703,도쿄/나리타,20250903,10:10,10:10,10:42,여객,출발,,A321neo,182,"A,B,C,D"
출발,인천,델타항공,DL158,디트로이트,20250903,10:15,10:15,10:20,여객,출발,,A350-900,306,"K,F,G,L"
출발,인천,대한항공,KE169,마카오,20250903,10:20,11:18,11:18,여객,지연,항공교통흐름에 의한 지연,A321neo,182,"A,B,C,D"
출발,인천,대한항공,KE093,워싱톤,20250903,10:25,10:25,10:45,여객,출발,,B777-300ER,277,"A,B,C,D"
출발,인천,대한항공,KE101,남경,20250903,10:25,10:25,10:42,여객,출발,,A321neo,182,"A,B,C,D"
출발,인천,대한항공,KE937,비엔나,20250903,10:25,11:10,11:16,여객,지연,여객 및 화물처리에 의한 지연,B787-9,269,"A,B,C,D"
출발,인천,대한항공,KE185,타오위안,20250903,10:30,10:30,11:47,여객,지연,항공교통흐름에 의한 지연,A321neo,182,"A,B,C,D"
출발,인천,대한항공,KE741,나고야,20250903,10:35,10:35,10:51,여객,출발,,A321neo,182,"A,B,C,D"
출발,인천,대한항공,KE037,시카고,20250903,10:40,10:40,11:05,여객,출발,,B777-300ER,277,"A,B,C,D"
출발,인천,대한항공,KE855,베이징,20250903,10:40,11:10,11:32,여객,지연,항공교통흐름에 의한 지연,A330-300,272,"A,B,C,D"
출발,인천,대한항공,KE859,베이징,20250903,10:45,11:23,11:24,여객,지연,항공교통흐름에 의한 지연,B777-300ER,277,"A,B,C,D"
출발,인천,대한항공,KE969,프라하,20250903,10:45,10:45,11:40,여객,지연,항공교통흐름에 의한 지연,B787-9,269,"A,B,C,D"
출발,인천,대한항공,KE457,다낭,20250903,10:55,12:30,12:37,여객,지연,항공교통흐름에 의한 지연,B737-900,188,"A,B,C,D"
출발,인천,대한항공,KE907,런던히드로,20250903,10:55,11:59,11:57,여객,지연,항공교통흐름에 의한 지연,A380-800,407,"A,B,C,D"
출발,인천,대한항공,KE945,프랑크푸르트,20250903,11:05,11:05,12:12,여객,지연,항공교통흐름에 의한 지연,A380-800,407,"A,B,C,D"
출발,인천,대한항공,KE897,푸동,20250903,11:10,11:10,11:40,여객,출발,,B777-300ER,277,"A,B,C,D"
출발,인천,대한항공,KE901,파리,20250903,11:10,11:10,12:44,여객,지연,항공교통흐름에 의한 지연,B777-300ER,277,"A,B,C,D"
출발,인천,가루다인도네시아,GA871,덴파사(응우라 라이),20250903,11:25,12:47,13:04,여객,지연,공항 및 출입국 절차에 의한 지연,A330-300,251,"J,F,G,L"
출발,인천,에어부산,BX158,후쿠오카,20250903,11:25,11:25,11:33,여객,출발,,A321,195,"E,F,G,L"
출발,인천,아에로멕시코,AM091,멕시코시티,20250903,11:40,11:40,12:01,여객,출발,,B787-9,274,"H,F,G,L"
출발,인천,대한항공,KE107,항저우,20250903,12:00,12:00,12:17,여객,출발,,A321neo,182,"A,B,C,D"
출발,인천,중화항공,CI165,가오슝,20250903,12:05,13:24,13:43,여객,지연,항공교통흐름에 의한 지연,A321neo,180,"J,F,G,L"
출발,인천,진에어,LJ263,후쿠오카,20250903,12:10,12:10,12:31,여객,출발,,B737-800,189,"H,F,G,L"
출발,인천,대한항공,KE769,삿포로,20250903,12:35,12:35,12:51,여객,출발,,B737-900,188,"A,B,C,D"
출발,인천,대한항공,KE803,천진,20250903,12:35,13:57,14:20,여객,지연,항공교통흐름에 의한 지연,B737-900,188,"A,B,C,D"
출발,인천,중화항공,CI161,타오위안,20250903,12:35,13:43,14:02,여객,지연,항공교통흐름에 의한 지연,A330-300,277,"J,F,G,L"
출발,인천,에어부산,BX174,간사이,20250903,12:40,12:40,12:59,여객,출발,,A321,195,"E,F,G,L"
출발,인천,대한항공,KE711,도쿄/나리타,20250903,13:00,13:44,14:00,여객,지연,항공교통흐름에 의한 지연,A321neo,182,"A,B,C,D"
출발,인천,대한항공,KE869,대련,20250903,13:00,13:00,14:09,여객,지연,항공교통흐름에 의한 지연,B737-900,188,"A,B,C,D"
출발,인천,대한항공,KE921,리스본,20250903,13:00,14:16,14:30,여객,지연,항공교통흐름에 의한 지연,B787-9,269,"A,B,C,D"
출발,인천,대한항공,KE843,청도,20250903,13:05,13:31,13:52,여객,지연,항공교통흐름에 의한 지연,B737-900,188,"A,B,C,D"
출발,인천,대한항공,KE931,로마,20250903,13:20,13:20,15:20,여객,지연,,B777-300ER,277,"A,B,C,D"
출발,인천,대한항공,KE135,허페이,20250903,13:25,13:25,14:18,여객,지연,항공교통흐름에 의한 지연,B737-900,188,"A,B,C,D"
출발,인천,대한항공,KE175,홍콩,20250903,13:25,14:14,14:39,여객,지연,항공교통흐름에 의한 지연,A321neo,182,"A,B,C,D"
출발,인천,대한항공,KE951,두바이,20250903,13:25,13:25,14:25,여객,지연,운항 기준 및 승무원 관련 지연,B777-300ER,277,"A,B,C,D"
출발,인천,샤먼항공,MF872,샤먼 가오치,20250903,13:30,13:30,13:54,여객,출발,,B737-800,168,"J,F,G,L"
출발,인천,대한항공,KE927,밀라노,20250903,13:40,15:25,15:48,여객,지연,항공교통흐름에 의한 지연,B787-9,269,"A,B,C,D"
출발,인천,대한항공,KE955,이스탄불,20250903,13:40,15:14,15:37,여객,지연,항공교통흐름에 의한 지연,B777-300ER,277,"A,B,C,D"
출발,인천,대한항공,KE789,후쿠오카,20250903,13:45,13:45,14:24,여객,출발,,B737-900,188,"A,B,C,D"
출발,인천,진에어,LJ861,청도,20250903,13:50,13:50,14:17,여객,출발,,B737-800,189,"H,F,G,L"
출발,인천,대한항공,KE017,로스앤젤레스,20250903,14:30,14:30,14:58,여객,출발,,B747-8i,368,"A,B,C,D"
출발,인천,대한항공,KE833,심양,20250903,14:35,14:35,14:53,여객,출발,,B737-900,188,"A,B,C,D"
출발,인천,진에어,LJ237,간사이,20250903,14:40,14:40,15:09,여객,출발,,B737-800,189,"H,F,G,L"
출발,인천,대한항공,KE643,싱가포르,20250903,14:45,14:45,15:17,여객,출발,,A330-300,272,"A,B,C,D"
출발,인천,진에어,LJ209,도쿄/나리타,20250903,14:45,14:45,15:14,여객,출발,,B737-800,189,"H,F,G,L"
출발,인천,대한항공,KE725,간사이,20250903,14:55,14:55,15:29,여객,출발,,A321neo,182,"A,B,C,D"
출발,인천,대한항공,KE627,자카르타(수카르노 하타),20250903,15:10,15:10,15:46,여객,출발,,A330-300,272,"A,B,C,D"
출발,인천,대한항공,KE189,타이중,20250903,15:15,15:15,15:52,여객,출발,,A321neo,182,"A,B,C,D"
출발,인천,에어부산,BX176,간사이,20250903,15:25,15:43,16:00,여객,지연,항공교통흐름에 의한 지연,A321,195,"E,F,G,L"
출발,인천,대한항공,KE733,고베,20250903,15:50,15:50,16:19,여객,출발,,A321neo,182,"A,B,C,D"
출발,인천,에어부산,BX166,도쿄/나리타,20250903,15:50,15:50,16:16,여객,출발,,A321,195,"E,F,G,L"
출발,인천,진에어,LJ265,후쿠오카,20250903,15:50,15:50,16:25,여객,출발,,B737-800,189,"H,F,G,L"
출발,인천,대한항공,KE023,샌프란시스코,20250903,16:00,16:00,16:37,여객,지연,공항 및 출입국 절차에 의한 지연,B777-300ER,277,"A,B,C,D"
출발,인천,진에어,LJ347,나고야,20250903,16:05,16:05,16:41,여객,출발,,B737-800,189,"H,F,G,L"
출발,인천,대한항공,KE187,타오위안,20250903,16:10,16:10,16:31,여객,출발,,A321neo,182,"A,B,C,D"
출발,인천,대한항공,KE633,덴파사(응우라 라이),20250903,16:10,16:10,16:47,여객,지연,항공기 정비에 의한 지연,A330-300,272,"A,B,C,D"
출발,인천,진에어,LJ351,기타규슈,20250903,16:15,16:15,16:45,여객,출발,,B737-800,189,"H,F,G,L"
출발,인천,대한항공,KE671,쿠알라룸푸르,20250903,16:20,16:20,16:51,여객,출발,,A330-300,272,"A,B,C,D"
출발,인천,델타항공,DL188,애틀랜타,20250903,16:25,16:25,16:48,여객,출발,,A350-900,306,"K,F,G,L"
출발,인천,대한항공,KE041,시애틀,20250903,16:40,16:40,17:08,여객,출발,,A330-300,272,"A,B,C,D"
출발,인천,대한항공,KE713,도쿄/나리타,20250903,17:05,17:05,17:22,여객,출발,,A321neo,182,"A,B,C,D"
출발,인천,대한항공,KE1405,김해,20250903,17:10,17:10,17:25,여객,출발,,B737-900,188,
출발,인천,진에어,LJ009,치앙마이,20250903,17:10,17:10,17:27,여객,출발,,B737-800,189,"H,F,G,L"
출발,인천,대한항공,KE8425,괌,20250903,17:15,17:15,17:29,여객,출발,,B737-900,188,"A,B,C,D"
출발,인천,에어부산,BX747,수안나폼(방콕),20250903,17:15,17:15,17:34,여객,출발,,A321,195,"E,F,G,L"
출발,인천,진에어,LJ919,괌,20250903,17:35,17:35,17:50,여객,출발,,B737-800,189,"H,F,G,L"
출발,인천,대한항공,KE629,덴파사(응우라 라이),20250903,17:45,17:45,18:10,여객,출발,,A330-300,272,"A,B,C,D"
출발,인천,대한항공,KE663,푸껫,20250903,17:50,17:50,18:29,여객,출발,,B737-900,188,"A,B,C,D"
출발,인천,대한항공,KE411,오클랜드,20250903,18:00,18:00,18:19,여객,출발,,B787-9,269,"A,B,C,D"
출발,인천,대한항공,KE651,수안나폼(방콕),20250903,18:05,18:05,18:37,여객,출발,,A330-300,272,"A,B,C,D"
출발,인천,대한항공,KE461,다낭,20250903,18:20,18:20,18:42,여객,출발,,B737-900,188,"A,B,C,D"
출발,인천,대한항공,KE1407,김해,20250903,18:25,18:25,18:44,여객,출발,,B737-900,188,
출발,인천,대한항공,KE667,치앙마이,20250903,18:25,18:25,19:02,여객,지연,항공교통흐름에 의한 지연,B737-900,188,"A,B,C,D"
출발,인천,대한항공,KE705,도쿄/나리타,20250903,18:35,18:35,19:00,여객,출발,,A321neo,182,"A,B,C,D"
출발,인천,대한항공,KE871,대련,20250903,18:35,18:35,18:52,여객,출발,,B737-900,188,"A,B,C,D"
출발,인천,대한항공,KE161,쿤밍,20250903,18:40,18:40,19:12,여객,출발,,B737-900,188,"A,B,C,D"
출발,인천,대한항공,KE423,괌,20250903,18:40,18:40,19:06,여객,출발,,B737-900,188,"A,B,C,D"
출발,인천,대한항공,KE645,싱가포르,20250903,18:40,18:40,19:23,여객,지연,항공교통흐름에 의한 지연,A330-300,272,"A,B,C,D"
출발,인천,대한항공,KE781,후쿠오카,20250903,18:40,18:40,19:10,여객,출발,,B737-900,188,"A,B,C,D"
출발,인천,델타항공,DL170,미니애폴리스,20250903,18:40,18:40,18:55,여객,출발,,A350-900,306,"K,F,G,L"
출발,인천,대한항공,KE071,밴쿠버,20250903,18:45,19:05,19:40,여객,지연,항공기 연결에 의한 지연,B787-9,269,"A,B,C,D"
출발,인천,대한항공,KE453,노이바이(하노이),20250903,18:45,18:45,19:42,여객,지연,항공교통흐름에 의한 지연,B737-900,188,"A,B,C,D"
출발,인천,대한항공,KE475,떤 선녓(호찌민),20250903,18:45,18:45,19:14,여객,출발,,B737-900,188,"A,B,C,D"
출발,인천,대한항공,KE623,마닐라,20250903,18:50,18:50,19:53,여객,지연,항공교통흐름에 의한 지연,B737-900,188,"A,B,C,D"
출발,인천,대한항공,KE689,프놈펜,20250903,18:50,18:50,19:37,여객,지연,항공교통흐름에 의한 지연,B737-900,188,"A,B,C,D"
출발,인천,대한항공,KE743,나고야,20250903,18:50,18:50,19:31,여객,지연,항공교통흐름에 의한 지연,A321neo,182,"A,B,C,D"
출발,인천,델타항공,DL26,애틀랜타,20250903,18:50,18:50,19:16,여객,출발,,A350-900,306,"K,F,G,L"
출발,인천,대한항공,KE895,푸동,20250903,18:55,18:55,19:33,여객,출발,,A330-300,272,"A,B,C,D"
출발,인천,대한항공,KE721,간사이,20250903,19:00,19:19,19:44,여객,지연,항공기 정비에 의한 지연,A321neo,182,"A,B,C,D"
출발,인천,대한항공,KE401,시드니,20250903,19:10,19:10,19:35,여객,출발,,A380-800,407,"A,B,C,D"
출발,인천,진에어,LJ131,코타키나발루,20250903,19:10,19:34,20:03,여객,지연,공항 및 출입국 절차에 의한 지연,B737-800,189,"H,F,G,L"
출발,인천,델타항공,DL196,시애틀,20250903,19:20,19:20,19:55,여객,출발,,A330-900neo,281,"K,F,G,L"
출발,인천,대한항공,KE163,장가계,20250903,19:25,19:25,20:11,여객,지연,항공교통흐름에 의한 지연,B737-900,188,"A,B,C,D"
출발,인천,대한항공,KE085,뉴욕,20250903,19:30,19:45,20:12,여객,지연,기타 원인에 의한 지연,B747-8i,368,"A,B,C,D"
출발,인천,대한항공,KE1431,대구,20250903,19:30,19:30,19:57,여객,출발,,B737-900,188,
출발,인천,대한항공,KE1409,김해,20250903,19:35,19:35,20:09,여객,출발,,B737-900,188,
출발,인천,델타항공,DL172,솔트레이크시티,20250903,19:40,19:40,20:01,여객,출발,,A350-900,306,"K,F,G,L"
출발,인천,대한항공,KE177,홍콩,20250903,19:45,19:45,20:58,여객,지연,항공교통흐름에 의한 지연,A321neo,182,"A,B,C,D"
출발,인천,대한항공,KE477,떤 선녓(호찌민),20250903,19:45,19:45,20:32,여객,지연,항공교통흐름에 의한 지연,B737-900,188,"A,B,C,D"
출발,인천,대한항공,KE659,수안나폼(방콕),20250903,19:45,19:45,20:55,여객,지연,항공교통흐름에 의한 지연,B737-900,188,"A,B,C,D"
출발,인천,진에어,LJ001,수안나폼(방콕),20250903,19:55,20:19,20:43,여객,지연,공항 및 출입국 절차에 의한 지연,B737-800,189,"H,F,G,L"
출발,인천,대한항공,KE467,깜라인(나트랑),20250903,20:00,20:00,21:13,여객,지연,항공교통흐름에 의한 지연,B737-900,188,"A,B,C,D"
출발,인천,대한항공,KE853,베이징,20250903,20:00,20:00,20:16,여객,출발,,A330-300,272,"A,B,C,D"
출발,인천,대한항공,KE407,브리즈번,20250903,20:05,20:05,20:20,여객,출발,,A330-300,272,"A,B,C,D"
출발,인천,대한항공,KE615,세부,20250903,20:05,20:05,21:05,여객,지연,여객 및 화물처리에 의한 지연,B737-900,188,"A,B,C,D"
출발,인천,대한항공,KE625,마닐라,20250903,20:15,20:30,21:47,여객,지연,항공교통흐름에 의한 지연,B737-900,188,"A,B,C,D"
출발,인천,대한항공,KE011,로스앤젤레스,20250903,20:25,20:25,21:01,여객,출발,,A380-800,407,"A,B,C,D"
출발,인천,진에어,LJ081,다낭,20250903,20:25,20:25,20:50,여객,출발,,B737-800,189,"H,F,G,L"
출발,인천,대한항공,KE719,하네다,20250903,20:30,20:30,21:11,여객,지연,항공교통흐름에 의한 지연,A321neo,182,"A,B,C,D"
출발,인천,샤먼항공,MF878,푸저우(복주),20250903,20:35,21:00,21:25,여객,지연,공항 및 출입국 절차에 의한 지연,B737-800,168,"J,F,G,L"
출발,인천,중화항공,CI163,타오위안,20250903,20:35,21:10,21:31,여객,지연,항공교통흐름에 의한 지연,A330-300,277,"J,F,G,L"
출발,인천,진에어,LJ087,깜라인(나트랑),20250903,20:40,21:00,21:23,여객,지연,공항 및 출입국 절차에 의한 지연,B737-800,189,"H,F,G,L"
출발,인천,진에어,LJ043,팡라로,20250903,20:50,21:35,21:57,여객,지연,공항 및 출입국 절차에 의한 지연,B737-800,189,"H,F,G,L"
출발,인천,진에어,LJ917,괌,20250903,20:50,21:06,21:29,여객,지연,공항 및 출입국 절차에 의한 지연,B737-800,189,"H,F,G,L"
출발,인천,대한항공,KE005,라스베이거스,20250903,21:00,21:00,21:49,여객,지연,항공기 정비에 의한 지연,B777-300ER,277,"A,B,C,D"
출발,인천,대한항공,KE053,호놀룰루,20250903,21:05,21:05,21:45,여객,지연,항공교통흐름에 의한 지연,A330-300,272,"A,B,C,D"
출발,인천,대한항공,KE655,수안나폼(방콕),20250903,21:15,21:15,22:05,여객,지연,항공교통흐름에 의한 지연,A330-300,272,"A,B,C,D"
출발,인천,에어부산,BX787,깜라인(나트랑),20250903,21:30,22:16,22:42,여객,지연,항공교통흐름에 의한 지연,A321,195,"E,F,G,L"
출발,인천,네덜란드항공,KL856,암스테르담,20250903,22:25,22:25,22:47,여객,출발,,B787-9,294,"M,F,G,L"
출발,인천,대한항공,KE619,마닐라,20250903,22:35,22:35,22:45,여객,출발,,A330-300,272,"A,B,C,D"
출발,인천,대한항공,KE075,밴쿠버,20250903,22:40,22:40,23:15,여객,지연,공항 및 출입국 절차에 의한 지연,B787-9,269,"A,B,C,D"
출발,인천,대한항공,KE647,싱가포르,20250903,23:35,23:35,23:57,여객,출발,,B777-300ER,277,"A,B,C,D"
출발,인천,대한항공,KE1401,김해,20250904,06:35,06:35,06:51,여객,출발,,B737-900,188,
출발,인천,에어부산,BX164,도쿄/나리타,20250904,07:15,07:15,07:29,여객,출발,,A321,195,"E,F,G,L"
출발,인천,진에어,LJ261,후쿠오카,20250904,07:15,07:15,07:44,여객,출발,,B737-800,189,"H,F,G,L"
출발,인천,에어부산,BX156,후쿠오카,20250904,07:20,07:20,07:42,여객,출발,,A321,195,"E,F,G,L"
출발,인천,대한항공,KE787,후쿠오카,20250904,07:25,07:25,07:48,여객,출발,,B737-900,188,"A,B,C,D"
출발,인천,진에어,LJ201,도쿄/나리타,20250904,07:25,07:25,07:50,여객,출발,,B737-800,189,"H,F,G,L"
출발,인천,대한항공,KE795,나가사키,20250904,07:30,07:30,07:54,여객,출발,,B737-900,188,"A,B,C,D"
출발,인천,진에어,LJ345,나고야,20250904,07:30,07:30,08:01,여객,출발,,B737-800,189,"H,F,G,L"
출발,인천,진에어,LJ231,간사이,20250904,07:40,07:40,08:12,여객,출발,,B737-800,189,"H,F,G,L"
출발,인천,대한항공,KE173,홍콩,20250904,07:45,07:45,08:07,여객,출발,,A321neo,182,"A,B,C,D"
출발,인천,대한항공,KE621,마닐라,20250904,07:50,07:50,08:38,여객,지연,공항 및 출입국 절차에 의한 지연,B737-900,188,"A,B,C,D"
출발,인천,대한항공,KE845,청도,20250904,07:50,07:50,08:20,여객,출발,,B737-900,188,"A,B,C,D"
출발,인천,진에어,LJ731,타오위안,20250904,07:50,07:50,08:21,여객,출발,,B737-800,189,"H,F,G,L"
출발,인천,대한항공,KE131,정저우,20250904,08:00,08:00,08:27,여객,출발,,B737-900,188,"A,B,C,D"
출발,인천,대한항공,KE441,노이바이(하노이),20250904,08:00,08:20,08:42,여객,지연,항공교통흐름에 의한 지연,A330-300,272,"A,B,C,D"
출발,인천,대한항공,KE197,칭기즈칸(신 울란바토르) 국제공항,20250904,08:10,08:10,08:32,여객,출발,,B737-900,188,"A,B,C,D"
출발,인천,대한항공,KE767,아오모리,20250904,08:10,08:10,08:31,여객,출발,,B737-900,188,"A,B,C,D"
출발,인천,진에어,LJ357,시모지시마,20250904,08:10,08:25,08:50,여객,지연,공항 및 출입국 절차에 의한 지연,B737-800,189,"H,F,G,L"
출발,인천,대한항공,KE859,베이징,20250904,08:15,08:15,08:49,여객,출발,,B777-300ER,277,"A,B,C,D"
출발,인천,진에어,LJ203,도쿄/나리타,20250904,08:15,08:35,08:53,여객,지연,항공기 연결에 의한 지연,B737-800,189,"H,F,G,L"
출발,인천,대한항공,KE127,푸저우(복주),20250904,08:20,08:20,08:55,여객,지연,항공교통흐름에 의한 지연,B737-900,188,"A,B,C,D"
출발,인천,대한항공,KE1403,김해,20250904,08:20,08:20,08:58,여객,지연,항공교통흐름에 의한 지연,B737-900,188,
출발,인천,진에어,LJ301,삿포로,20250904,08:20,08:20,08:41,여객,출발,,B737-800,189,"H,F,G,L"
출발,인천,대한항공,KE731,고베,20250904,08:25,08:25,08:47,여객,출발,,A321neo,182,"A,B,C,D"
출발,인천,대한항공,KE893,푸동,20250904,08:25,08:25,08:59,여객,출발,,A330-300,272,"A,B,C,D"
출발,인천,에어 프랑스,AF267,파리,20250904,08:30,08:30,09:01,여객,출발,,B777-300ER,296,"M,F,G,L"
출발,인천,대한항공,KE827,선전(심천),20250904,08:40,08:40,09:15,여객,출발,,B737-900,188,"A,B,C,D"
출발,인천,대한항공,KE831,심양,20250904,08:45,08:35,08:57,여객,지연,항공기 연결에 의한 지연,B737-900,188,"A,B,C,D"
출발,인천,대한항공,KE137,우한,20250904,08:50,09:05,09:37,여객,지연,기타 원인에 의한 지연,B737-900,188,"A,B,C,D"
출발,인천,대한항공,KE865,광저우,20250904,08:50,08:50,09:19,여객,출발,,A330-300,272,"A,B,C,D"
출발,인천,대한항공,KE819,창사(장사),20250904,09:00,09:00,09:30,여객,출발,,B737-900,188,"A,B,C,D"
출발,인천,대한항공,KE469,떤 선녓(호찌민),20250904,09:05,09:05,09:31,여객,출발,,A330-300,272,"A,B,C,D"
출발,인천,진에어,LJ361,이시가키,20250904,09:05,09:05,09:39,여객,출발,,B737-800,189,"H,F,G,L"
출발,인천,대한항공,KE805,천진,20250904,09:10,09:10,09:49,여객,출발,,B737-900,188,"A,B,C,D"
출발,인천,대한항공,KE811,시안,20250904,09:10,09:10,09:53,여객,지연,항공교통흐름에 의한 지연,B737-900,188,"A,B,C,D"
출발,인천,에어부산,BX172,간사이,20250904,09:15,09:15,09:22,여객,출발,,A321,195,"E,F,G,L"
출발,인천,대한항공,KE035,애틀랜타,20250904,09:20,09:20,09:39,여객,출발,,B777-300ER,277,"A,B,C,D"
출발,인천,진에어,LJ913,괌,20250904,09:20,09:20,09:32,여객,출발,,B737-800,189,"H,F,G,L"
출발,인천,대한항공,KE031,댈러스,20250904,09:30,09:30,09:54,여객,출발,,B787-9,269,"A,B,C,D"
출발,인천,대한항공,KE091,보스턴,20250904,09:30,09:30,10:01,여객,출발,,B787-9,269,"A,B,C,D"
출발,인천,대한항공,KE657,수안나폼(방콕),20250904,09:30,09:30,10:06,여객,지연,운항 기준 및 승무원 관련 지연,A330-300,272,"A,B,C,D"
출발,인천,대한항공,KE755,오키나와,20250904,09:30,09:30,09:59,여객,출발,,B737-900,188,"A,B,C,D"
출발,인천,대한항공,KE777,구마모토,20250904,09:30,09:30,10:08,여객,출발,,B737-900,188,"A,B,C,D"
출발,인천,대한항공,KE073,토론토,20250904,09:35,09:35,10:11,여객,출발,,B777-300ER,277,"A,B,C,D"
출발,인천,대한항공,KE723,간사이,20250904,09:35,09:35,10:16,여객,지연,기타 원인에 의한 지연,A321neo,182,"A,B,C,D"
출발,인천,대한항공,KE763,니가타,20250904,09:40,09:40,10:06,여객,출발,,B737-900,188,"A,B,C,D"
출발,인천,대한항공,KE421,괌,20250904,09:45,09:45,10:19,여객,출발,,B737-900,188,"A,B,C,D"
출발,인천,진에어,LJ205,도쿄/나리타,20250904,09:45,09:45,10:14,여객,출발,,B737-800,189,"H,F,G,L"
출발,인천,대한항공,KE913,마드리드,20250904,09:55,09:55,10:30,여객,출발,,B787-9,269,"A,B,C,D"
출발,인천,진에어,LJ341,오키나와,20250904,09:55,09:55,10:28,여객,출발,,B737-800,189,"H,F,G,L"
출발,인천,대한항공,KE081,뉴욕,20250904,10:00,10:00,10:29,여객,출발,,A380-800,407,"A,B,C,D"
출발,인천,대한항공,KE765,삿포로,20250904,10:05,10:05,10:26,여객,출발,,B737-900,188,"A,B,C,D"
출발,인천,대한항공,KE703,도쿄/나리타,20250904,10:10,10:10,10:34,여객,출발,,A321neo,182,"A,B,C,D"
출발,인천,델타항공,DL158,디트로이트,20250904,10:15,10:15,10:23,여객,출발,,A350-900,306,"K,F,G,L"
출발,인천,대한항공,KE125,샤먼 가오치,20250904,10:20,10:20,10:41,여객,출발,,B737-900,188,"A,B,C,D"
출발,인천,대한항공,KE169,마카오,20250904,10:20,10:20,10:44,여객,출발,,A321neo,182,"A,B,C,D"
출발,인천,대한항공,KE093,워싱톤,20250904,10:25,10:25,10:53,여객,출발,,B777-300ER,277,"A,B,C,D"
출발,인천,대한항공,KE185,타오위안,20250904,10:30,10:30,10:52,여객,출발,,A321neo,182,"A,B,C,D"
출발,인천,가루다인도네시아,GA879,자카르타(수카르노 하타),20250904,10:35,10:35,10:56,여객,출발,,A330-900neo,301,"J,F,G,L"
출발,인천,대한항공,KE741,나고야,20250904,10:35,10:35,11:01,여객,출발,,A321neo,182,"A,B,C,D"
출발,인천,대한항공,KE037,시카고,20250904,10:40,10:40,10:59,여객,출발,,B777-300ER,277,"A,B,C,D"
출발,인천,대한항공,KE457,다낭,20250904,10:55,10:55,11:15,여객,출발,,B737-900,188,"A,B,C,D"
출발,인천,대한항공,KE907,런던히드로,20250904,10:55,10:55,11:30,여객,출발,,A380-800,407,"A,B,C,D"
출발,인천,대한항공,KE917,취리히,20250904,11:05,11:05,11:41,여객,지연,항공교통흐름에 의한 지연,B787-9,269,"A,B,C,D"
출발,인천,대한항공,KE897,푸동,20250904,11:10,11:31,11:51,여객,지연,항공교통흐름에 의한 지연,B777-300ER,277,"A,B,C,D"
출발,인천,대한항공,KE901,파리,20250904,11:10,11:10,11:48,여객,출발,,B777-300ER,277,"A,B,C,D"
출발,인천,가루다인도네시아,GA871,덴파사(응우라 라이),20250904,11:25,11:46,12:06,여객,지연,항공기 연결에 의한 지연,A330-300,251,"J,F,G,L"
출발,인천,에어부산,BX158,후쿠오카,20250904,11:25,11:25,11:32,여객,출발,,A321,195,"E,F,G,L"
출발,인천,아에로멕시코,AM091,멕시코시티,20250904,11:40,11:40,11:57,여객,출발,,B787-9,274,"H,F,G,L"
출발,인천,대한항공,KE925,암스테르담,20250904,11:55,12:13,12:34,여객,지연,여객 및 화물처리에 의한 지연,B777-300ER,277,"A,B,C,D"
출발,인천,중화항공,CI165,가오슝,20250904,12:05,12:31,12:49,여객,지연,항공교통흐름에 의한 지연,A321neo,180,"J,F,G,L"
출발,인천,진에어,LJ263,후쿠오카,20250904,12:10,12:10,12:32,여객,출발,,B737-800,189,"H,F,G,L"
출발,인천,진에어,LJ861,청도,20250904,12:15,12:15,12:38,여객,출발,,B737-800,189,"H,F,G,L"
출발,인천,대한항공,KE769,삿포로,20250904,12:35,12:35,12:56,여객,출발,,B737-900,188,"A,B,C,D"
출발,인천,대한항공,KE803,천진,20250904,12:35,12:35,13:11,여객,출발,,B737-900,188,"A,B,C,D"
출발,인천,대한항공,KE963,부다페스트,20250904,12:35,12:35,13:17,여객,지연,항공교통흐름에 의한 지연,B787-9,269,"A,B,C,D"
출발,인천,중화항공,CI161,타오위안,20250904,12:35,12:35,12:57,여객,출발,,A330-300,277,"J,F,G,L"
출발,인천,에어부산,BX174,간사이,20250904,12:40,12:40,13:10,여객,출발,,A321,195,"E,F,G,L"
출발,인천,대한항공,KE497,델리,20250904,12:55,12:55,13:22,여객,출발,,B787-9,269,"A,B,C,D"
출발,인천,대한항공,KE711,도쿄/나리타,20250904,13:00,13:29,13:52,여객,지연,항공교통흐름에 의한 지연,A321neo,182,"A,B,C,D"
출발,인천,대한항공,KE869,대련,20250904,13:00,13:00,13:47,여객,지연,항공기 연결에 의한 지연,B737-900,188,"A,B,C,D"
출발,인천,대한항공,KE843,청도,20250904,13:05,13:05,13:44,여객,출발,,B737-900,188,"A,B,C,D"
출발,인천,대한항공,KE135,허페이,20250904,13:25,13:25,13:42,여객,출발,,B737-900,188,"A,B,C,D"
출발,인천,대한항공,KE175,홍콩,20250904,13:25,13:25,14:00,여객,출발,,A321neo,182,"A,B,C,D"
출발,인천,대한항공,KE951,두바이,20250904,13:25,13:45,14:13,여객,지연,항공기 연결에 의한 지연,B777-300ER,277,"A,B,C,D"
출발,인천,샤먼항공,MF872,샤먼 가오치,20250904,13:30,13:30,13:49,여객,출발,,B737-800,168,"J,F,G,L"
출발,인천,대한항공,KE789,후쿠오카,20250904,13:45,13:45,14:05,여객,출발,,B737-900,188,"A,B,C,D"
출발,인천,대한항공,KE017,로스앤젤레스,20250904,14:30,14:30,14:52,여객,출발,,B747-8i,368,"A,B,C,D"
출발,인천,대한항공,KE833,심양,20250904,14:35,14:35,14:54,여객,출발,,B737-900,188,"A,B,C,D"
출발,인천,진에어,LJ237,간사이,20250904,14:40,14:40,15:09,여객,출발,,B737-800,189,"H,F,G,L"
출발,인천,대한항공,KE643,싱가포르,20250904,14:45,14:45,15:03,여객,출발,,A330-300,272,"A,B,C,D"
출발,인천,진에어,LJ209,도쿄/나리타,20250904,14:45,15:04,15:27,여객,지연,공항 및 출입국 절차에 의한 지연,B737-800,189,"H,F,G,L"
출발,인천,대한항공,KE725,간사이,20250904,14:55,14:55,15:24,여객,출발,,A321neo,182,"A,B,C,D"
출발,인천,대한항공,KE627,자카르타(수카르노 하타),20250904,15:10,15:10,15:36,여객,출발,,A330-300,272,"A,B,C,D"
출발,인천,대한항공,KE189,타이중,20250904,15:15,15:15,15:48,여객,출발,,A321neo,182,"A,B,C,D"
출발,인천,에어부산,BX176,간사이,20250904,15:25,15:25,16:15,여객,지연,항공교통흐름에 의한 지연,A321,195,"E,F,G,L"
출발,인천,진에어,LJ359,다카마쓰,20250904,15:25,16:09,16:31,여객,지연,공항 및 출입국 절차에 의한 지연,B737-800,189,"H,F,G,L"
출발,인천,대한항공,KE733,고베,20250904,15:50,15:50,16:24,여객,출발,,A321neo,182,"A,B,C,D"
출발,인천,에어부산,BX166,도쿄/나리타,20250904,15:50,15:50,16:20,여객,출발,,A321,195,"E,F,G,L"
출발,인천,진에어,LJ265,후쿠오카,20250904,15:50,15:50,16:22,여객,출발,,B737-800,189,"H,F,G,L"
출발,인천,대한항공,KE023,샌프란시스코,20250904,16:00,16:00,16:35,여객,출발,,B777-300ER,277,"A,B,C,D"
출발,인천,진에어,LJ239,간사이,20250904,16:05,16:20,16:51,여객,지연,항공교통흐름에 의한 지연,B737-800,189,"H,F,G,L"
출발,인천,진에어,LJ347,나고야,20250904,16:05,16:35,16:54,여객,지연,항공교통흐름에 의한 지연,B737-800,189,"H,F,G,L"
출발,인천,대한항공,KE187,타오위안,20250904,16:10,16:10,16:37,여객,출발,,A321neo,182,"A,B,C,D"
출발,인천,대한항공,KE633,덴파사(응우라 라이),20250904,16:10,16:10,16:41,여객,출발,,A330-300,272,"A,B,C,D"
출발,인천,진에어,LJ351,기타규슈,20250904,16:15,16:41,17:02,여객,지연,항공기 연결에 의한 지연,B737-800,189,"H,F,G,L"
출발,인천,대한항공,KE671,쿠알라룸푸르,20250904,16:20,16:20,17:00,여객,지연,여객 및 화물처리에 의한 지연,A330-300,272,"A,B,C,D"
출발,인천,델타항공,DL188,애틀랜타,20250904,16:25,16:45,17:04,여객,지연,공항 및 출입국 절차에 의한 지연,A350-900,306,"K,F,G,L"
출발,인천,대한항공,KE041,시애틀,20250904,16:40,16:40,17:19,여객,지연,항공교통흐름에 의한 지연,A330-300,272,"A,B,C,D"
출발,인천,대한항공,KE713,도쿄/나리타,20250904,17:05,17:05,17:52,여객,지연,항공교통흐름에 의한 지연,A321neo,182,"A,B,C,D"
출발,인천,대한항공,KE1405,김해,20250904,17:10,17:10,17:36,여객,출발,,B737-900,188,
출발,인천,대한항공,KE485,푸꾸옥,20250904,17:10,17:10,17:50,여객,지연,항공교통흐름에 의한 지연,B737-900,188,"A,B,C,D"
출발,인천,진에어,LJ009,치앙마이,20250904,17:10,17:10,17:42,여객,출발,,B737-800,189,"H,F,G,L"
출발,인천,대한항공,KE8425,괌,20250904,17:15,17:15,17:44,여객,출발,,B737-900,188,"A,B,C,D"
출발,인천,에어부산,BX747,수안나폼(방콕),20250904,17:15,17:15,17:53,여객,지연,공항 및 출입국 절차에 의한 지연,A321,195,"E,F,G,L"
출발,인천,진에어,LJ919,괌,20250904,17:35,17:35,18:05,여객,출발,,B737-800,189,"H,F,G,L"
출발,인천,대한항공,KE629,덴파사(응우라 라이),20250904,17:45,17:45,18:07,여객,출발,,A330-300,272,"A,B,C,D"
출발,인천,대한항공,KE663,푸껫,20250904,17:50,17:50,18:33,여객,지연,여객 및 화물처리에 의한 지연,B737-900,188,"A,B,C,D"
출발,인천,대한항공,KE651,수안나폼(방콕),20250904,18:05,18:05,18:29,여객,출발,,A330-300,272,"A,B,C,D"
출발,인천,대한항공,KE461,다낭,20250904,18:20,18:20,18:42,여객,출발,,B737-900,188,"A,B,C,D"
출발,인천,대한항공,KE1407,김해,20250904,18:25,18:25,18:44,여객,출발,,B737-900,188,
출발,인천,대한항공,KE705,도쿄/나리타,20250904,18:35,18:35,19:13,여객,출발,,A321neo,182,"A,B,C,D"
출발,인천,대한항공,KE423,괌,20250904,18:40,18:40,18:56,여객,출발,,B737-900,188,"A,B,C,D"
출발,인천,대한항공,KE645,싱가포르,20250904,18:40,19:00,19:28,여객,지연,항공기 연결에 의한 지연,A330-300,272,"A,B,C,D"
출발,인천,대한항공,KE781,후쿠오카,20250904,18:40,18:40,18:53,여객,출발,,B737-900,188,"A,B,C,D"
출발,인천,델타항공,DL170,미니애폴리스,20250904,18:40,18:40,18:54,여객,출발,,A350-900,306,"K,F,G,L"
출발,인천,대한항공,KE071,밴쿠버,20250904,18:45,18:45,19:17,여객,출발,,B787-9,269,"A,B,C,D"
출발,인천,대한항공,KE453,노이바이(하노이),20250904,18:45,18:45,19:04,여객,출발,,B737-900,188,"A,B,C,D"
출발,인천,대한항공,KE475,떤 선녓(호찌민),20250904,18:45,18:45,19:19,여객,출발,,B737-900,188,"A,B,C,D"
출발,인천,대한항공,KE623,마닐라,20250904,18:50,18:50,19:35,여객,지연,항공교통흐름에 의한 지연,B737-900,188,"A,B,C,D"
출발,인천,대한항공,KE689,프놈펜,20250904,18:50,18:50,19:10,여객,출발,,B737-900,188,"A,B,C,D"
출발,인천,대한항공,KE743,나고야,20250904,18:50,18:50,19:22,여객,출발,,A321neo,182,"A,B,C,D"
출발,인천,델타항공,DL26,애틀랜타,20250904,18:50,18:50,19:07,여객,출발,,A350-900,306,"K,F,G,L"
출발,인천,대한항공,KE895,푸동,20250904,18:55,18:55,19:38,여객,지연,항공교통흐름에 의한 지연,A330-300,272,"A,B,C,D"
출발,인천,대한항공,KE721,간사이,20250904,19:00,19:00,19:30,여객,출발,,A321neo,182,"A,B,C,D"
출발,인천,대한항공,KE401,시드니,20250904,19:10,19:10,19:33,여객,출발,,A380-800,407,"A,B,C,D"
출발,인천,진에어,LJ131,코타키나발루,20250904,19:10,19:10,19:44,여객,출발,,B737-800,189,"H,F,G,L"
출발,인천,델타항공,DL196,시애틀,20250904,19:20,19:20,19:42,여객,출발,,A330-900neo,281,"K,F,G,L"
출발,인천,대한항공,KE085,뉴욕,20250904,19:30,19:50,20:19,여객,지연,기타 원인에 의한 지연,B747-8i,368,"A,B,C,D"
출발,인천,대한항공,KE1431,대구,20250904,19:30,19:30,19:49,여객,출발,,B737-900,188,
출발,인천,대한항공,KE1409,김해,20250904,19:35,19:35,19:59,여객,출발,,B737-900,188,
출발,인천,델타항공,DL172,솔트레이크시티,20250904,19:40,19:40,20:03,여객,출발,,A350-900,306,"K,F,G,L"
출발,인천,대한항공,KE177,홍콩,20250904,19:45,19:45,21:07,여객,지연,항공교통흐름에 의한 지연,A321neo,182,"A,B,C,D"
출발,인천,대한항공,KE477,떤 선녓(호찌민),20250904,19:45,19:45,20:42,여객,지연,항공교통흐름에 의한 지연,B737-900,188,"A,B,C,D"
출발,인천,대한항공,KE659,수안나폼(방콕),20250904,19:45,19:45,20:29,여객,지연,여객 및 화물처리에 의한 지연,B737-900,188,"A,B,C,D"
출발,인천,진에어,LJ001,수안나폼(방콕),20250904,19:55,19:55,20:25,여객,출발,,B737-800,189,"H,F,G,L"
출발,인천,대한항공,KE467,깜라인(나트랑),20250904,20:00,20:00,20:54,여객,지연,항공교통흐름에 의한 지연,B737-900,188,"A,B,C,D"
출발,인천,대한항공,KE615,세부,20250904,20:05,20:05,21:05,여객,지연,항공교통흐름에 의한 지연,B737-900,188,"A,B,C,D"
출발,인천,대한항공,KE625,마닐라,20250904,20:15,20:15,21:22,여객,지연,항공교통흐름에 의한 지연,B737-900,188,"A,B,C,D"
출발,인천,대한항공,KE011,로스앤젤레스,20250904,20:25,20:25,20:48,여객,출발,,A380-800,407,"A,B,C,D"
출발,인천,진에어,LJ081,다낭,20250904,20:25,20:25,20:58,여객,출발,,B737-800,189,"H,F,G,L"
출발,인천,대한항공,KE719,하네다,20250904,20:30,20:30,21:01,여객,출발,,A321neo,182,"A,B,C,D"
출발,인천,샤먼항공,MF878,푸저우(복주),20250904,20:35,21:00,21:18,여객,지연,공항 및 출입국 절차에 의한 지연,B737-800,168,"J,F,G,L"
출발,인천,중화항공,CI163,타오위안,20250904,20:35,21:01,21:25,여객,지연,항공교통흐름에 의한 지연,A330-300,277,"J,F,G,L"
출발,인천,진에어,LJ087,깜라인(나트랑),20250904,20:40,20:40,21:15,여객,출발,,B737-800,189,"H,F,G,L"
출발,인천,대한항공,KE853,베이징,20250904,20:45,20:45,21:33,여객,지연,항공교통흐름에 의한 지연,A330-300,272,"A,B,C,D"
출발,인천,진에어,LJ043,팡라로,20250904,20:50,21:40,22:04,여객,지연,항공기 연결에 의한 지연,B737-800,189,"H,F,G,L"
출발,인천,진에어,LJ917,괌,20250904,20:50,20:50,21:04,여객,출발,,B737-800,189,"H,F,G,L"
출발,인천,대한항공,KE005,라스베이거스,20250904,21:00,21:00,21:14,여객,출발,,B777-300ER,277,"A,B,C,D"
출발,인천,대한항공,KE053,호놀룰루,20250904,21:05,21:05,21:27,여객,출발,,A330-300,272,"A,B,C,D"
출발,인천,대한항공,KE655,수안나폼(방콕),20250904,21:15,21:15,21:50,여객,출발,,A330-300,272,"A,B,C,D"
출발,인천,에어부산,BX787,깜라인(나트랑),20250904,21:30,21:30,22:32,여객,지연,항공교통흐름에 의한 지연,A321,195,"E,F,G,L"
출발,인천,네덜란드항공,KL856,암스테르담,20250904,22:25,22:25,22:50,여객,출발,,B787-9,294,"M,F,G,L"
출발,인천,대한항공,KE619,마닐라,20250904,22:35,22:35,22:56,여객,출발,,A330-300,272,"A,B,C,D"
출발,인천,대한항공,KE647,싱가포르,20250904,23:35,23:35,23:45,여객,출발,,B777-300ER,277,"A,B,C,D"
출발,인천,대한항공,KE1401,김해,20250905,06:35,06:35,06:53,여객,출발,,B737-900,188,
출발,인천,진에어,LJ901,삿포로,20250905,07:10,07:10,07:41,여객,출발,,B737-800,189,"H,F,G,L"
출발,인천,에어부산,BX164,도쿄/나리타,20250905,07:15,07:15,07:31,여객,출발,,A321,195,"E,F,G,L"
출발,인천,진에어,LJ261,후쿠오카,20250905,07:15,07:15,07:33,여객,출발,,B737-800,189,"H,F,G,L"
출발,인천,에어부산,BX156,후쿠오카,20250905,07:20,07:20,07:42,여객,출발,,A321,195,"E,F,G,L"
출발,인천,대한항공,KE787,후쿠오카,20250905,07:25,07:25,07:56,여객,출발,,B737-900,188,"A,B,C,D"
출발,인천,진에어,LJ201,도쿄/나리타,20250905,07:25,07:42,08:11,여객,지연,운항 기준 및 승무원 관련 지연,B737-800,189,"H,F,G,L"
출발,인천,대한항공,KE771,오카야마,20250905,07:30,07:30,07:54,여객,출발,,B737-900,188,"A,B,C,D"
출발,인천,진에어,LJ345,나고야,20250905,07:30,07:30,07:47,여객,출발,,B737-800,189,"H,F,G,L"
출발,인천,진에어,LJ231,간사이,20250905,07:40,07:40,08:06,여객,출발,,B737-800,189,"H,F,G,L"
출발,인천,대한항공,KE173,홍콩,20250905,07:45,07:45,08:13,여객,출발,,A321neo,182,"A,B,C,D"
출발,인천,대한항공,KE621,마닐라,20250905,07:50,07:50,08:29,여객,지연,항공교통흐름에 의한 지연,B737-900,188,"A,B,C,D"
출발,인천,대한항공,KE845,청도,20250905,07:50,07:50,08:07,여객,출발,,B737-900,188,"A,B,C,D"
출발,인천,진에어,LJ731,타오위안,20250905,07:50,07:50,08:21,여객,출발,,B737-800,189,"H,F,G,L"
출발,인천,대한항공,KE131,정저우,20250905,08:00,08:00,08:23,여객,출발,,B737-900,188,"A,B,C,D"
출발,인천,대한항공,KE441,노이바이(하노이),20250905,08:00,08:00,08:15,여객,출발,,A330-300,272,"A,B,C,D"
출발,인천,대한항공,KE197,칭기즈칸(신 울란바토르) 국제공항,20250905,08:10,08:25,09:02,여객,지연,항공기 연결에 의한 지연,B737-900,188,"A,B,C,D"
출발,인천,진에어,LJ241,간사이,20250905,08:10,08:10,08:35,여객,출발,,B737-800,189,"H,F,G,L"
출발,인천,대한항공,KE859,베이징,20250905,08:15,08:15,08:37,여객,출발,,B777-300ER,277,"A,B,C,D"
출발,인천,진에어,LJ203,도쿄/나리타,20250905,08:15,08:32,08:51,여객,지연,운항 기준 및 승무원 관련 지연,B737-800,189,"H,F,G,L"
출발,인천,대한항공,KE1403,김해,20250905,08:20,08:20,08:37,여객,출발,,B737-900,188,
출발,인천,진에어,LJ301,삿포로,20250905,08:20,08:20,08:42,여객,출발,,B737-800,189,"H,F,G,L"
출발,인천,대한항공,KE731,고베,20250905,08:25,08:25,08:45,여객,출발,,A321neo,182,"A,B,C,D"
출발,인천,대한항공,KE893,푸동,20250905,08:25,08:25,08:51,여객,출발,,A330-300,272,"A,B,C,D"
출발,인천,에어 프랑스,AF267,파리,20250905,08:30,08:30,09:09,여객,지연,,B777-300ER,296,"M,F,G,L"
출발,인천,대한항공,KE775,고마쓰,20250905,08:35,08:35,08:57,여객,출발,,B737-900,188,"A,B,C,D"
출발,인천,대한항공,KE827,선전(심천),20250905,08:40,08:40,09:04,여객,출발,,B737-900,188,"A,B,C,D"
출발,인천,대한항공,KE831,심양,20250905,08:45,08:05,08:26,여객,출발,,B737-900,188,"A,B,C,D"
출발,인천,대한항공,KE137,우한,20250905,08:50,08:50,09:34,여객,지연,항공교통흐름에 의한 지연,B737-900,188,"A,B,C,D"
출발,인천,대한항공,KE865,광저우,20250905,08:50,09:05,09:29,여객,지연,항공기 연결에 의한 지연,A330-300,272,"A,B,C,D"
출발,인천,대한항공,KE819,창사(장사),20250905,09:00,09:00,09:48,여객,지연,항공교통흐름에 의한 지연,B737-900,188,"A,B,C,D"
출발,인천,대한항공,KE469,떤 선녓(호찌민),20250905,09:05,09:05,09:36,여객,출발,,A330-300,272,"A,B,C,D"
출발,인천,진에어,LJ361,이시가키,20250905,09:05,09:05,09:25,여객,출발,,B737-800,189,"H,F,G,L"
출발,인천,대한항공,KE805,천진,20250905,09:10,09:39,09:59,여객,지연,항공교통흐름에 의한 지연,B737-900,188,"A,B,C,D"
출발,인천,대한항공,KE811,시안,20250905,09:10,09:10,10:07,여객,지연,항공교통흐름에 의한 지연,B737-900,188,"A,B,C,D"
출발,인천,에어부산,BX172,간사이,20250905,09:15,09:15,09:20,여객,출발,,A321,195,"E,F,G,L"
출발,인천,대한항공,KE035,애틀랜타,20250905,09:20,09:20,09:37,여객,출발,,B777-300ER,277,"A,B,C,D"
출발,인천,대한항공,KE785,가고시마,20250905,09:20,09:20,09:48,여객,출발,,B737-900,188,"A,B,C,D"
출발,인천,진에어,LJ913,괌,20250905,09:20,09:34,09:52,여객,지연,항공기 연결에 의한 지연,B737-800,189,"H,F,G,L"
출발,인천,대한항공,KE031,댈러스,20250905,09:30,09:30,09:54,여객,출발,,B787-9,269,"A,B,C,D"
출발,인천,대한항공,KE091,보스턴,20250905,09:30,09:30,09:46,여객,출발,,B787-9,269,"A,B,C,D"
출발,인천,대한항공,KE657,수안나폼(방콕),20250905,09:30,09:30,09:55,여객,출발,,A330-300,272,"A,B,C,D"
출발,인천,대한항공,KE755,오키나와,20250905,09:30,09:30,10:02,여객,출발,,B737-900,188,"A,B,C,D"
출발,인천,대한항공,KE073,토론토,20250905,09:35,09:35,10:06,여객,출발,,B777-300ER,277,"A,B,C,D"
출발,인천,대한항공,KE723,간사이,20250905,09:35,09:35,09:58,여객,출발,,A321neo,182,"A,B,C,D"
출발,인천,대한항공,KE421,괌,20250905,09:45,09:45,10:05,여객,출발,,B737-900,188,"A,B,C,D"
출발,인천,진에어,LJ205,도쿄/나리타,20250905,09:45,09:45,10:11,여객,출발,,B737-800,189,"H,F,G,L"
출발,인천,대한항공,KE913,마드리드,20250905,09:55,10:21,10:38,여객,지연,항공교통흐름에 의한 지연,B787-9,269,"A,B,C,D"
출발,인천,진에어,LJ341,오키나와,20250905,09:55,09:55,10:12,여객,출발,,B737-800,189,"H,F,G,L"
출발,인천,대한항공,KE081,뉴욕,20250905,10:00,10:00,10:24,여객,출발,,A380-800,407,"A,B,C,D"
출발,인천,대한항공,KE765,삿포로,20250905,10:05,10:05,10:22,여객,출발,,B737-900,188,"A,B,C,D"
출발,인천,대한항공,KE703,도쿄/나리타,20250905,10:10,10:10,10:35,여객,출발,,A321neo,182,"A,B,C,D"
출발,인천,델타항공,DL158,디트로이트,20250905,10:15,10:15,10:47,여객,출발,,A350-900,306,"K,F,G,L"
출발,인천,대한항공,KE169,마카오,20250905,10:20,10:20,10:47,여객,출발,,A321neo,182,"A,B,C,D"
출발,인천,대한항공,KE093,워싱톤,20250905,10:25,10:25,10:55,여객,출발,,B777-300ER,277,"A,B,C,D"
출발,인천,대한항공,KE101,남경,20250905,10:25,10:25,10:42,여객,출발,,A321neo,182,"A,B,C,D"
출발,인천,대한항공,KE937,비엔나,20250905,10:25,11:01,11:24,여객,지연,항공교통흐름에 의한 지연,B787-9,269,"A,B,C,D"
출발,인천,대한항공,KE185,타오위안,20250905,10:30,10:30,10:59,여객,출발,,A321neo,182,"A,B,C,D"
출발,인천,가루다인도네시아,GA879,자카르타(수카르노 하타),20250905,10:35,10:35,11:11,여객,출발,,A330-900neo,301,"J,F,G,L"
출발,인천,대한항공,KE741,나고야,20250905,10:35,10:35,11:02,여객,출발,,A321neo,182,"A,B,C,D"
출발,인천,대한항공,KE037,시카고,20250905,10:40,10:40,11:05,여객,출발,,B777-300ER,277,"A,B,C,D"
출발,인천,대한항공,KE855,베이징,20250905,10:40,11:13,11:32,여객,지연,항공교통흐름에 의한 지연,A330-300,272,"A,B,C,D"
출발,인천,대한항공,KE969,프라하,20250905,10:45,11:20,11:40,여객,지연,항공교통흐름에 의한 지연,B787-9,269,"A,B,C,D"
출발,인천,대한항공,KE457,다낭,20250905,10:55,10:55,11:27,여객,출발,,B737-900,188,"A,B,C,D"
출발,인천,대한항공,KE907,런던히드로,20250905,10:55,11:36,11:57,여객,지연,항공교통흐름에 의한 지연,A380-800,407,"A,B,C,D"
출발,인천,대한항공,KE945,프랑크푸르트,20250905,11:05,11:42,12:03,여객,지연,항공교통흐름에 의한 지연,A380-800,407,"A,B,C,D"
출발,인천,대한항공,KE897,푸동,20250905,11:10,11:10,11:38,여객,출발,,B777-300ER,277,"A,B,C,D"
출발,인천,대한항공,KE901,파리,20250905,11:10,11:57,12:18,여객,지연,항공교통흐름에 의한 지연,B777-300ER,277,"A,B,C,D"
출발,인천,가루다인도네시아,GA871,덴파사(응우라 라이),20250905,11:25,13:15,13:31,여객,지연,항공기 연결에 의한 지연,A330-300,251,"J,F,G,L"
출발,인천,에어부산,BX158,후쿠오카,20250905,11:25,11:25,11:40,여객,출발,,A321,195,"E,F,G,L"
출발,인천,아에로멕시코,AM091,멕시코시티,20250905,11:40,11:40,12:00,여객,출발,,B787-9,274,"H,F,G,L"
출발,인천,대한항공,KE925,암스테르담,20250905,11:55,12:41,13:02,여객,지연,항공교통흐름에 의한 지연,B777-300ER,277,"A,B,C,D"
출발,인천,대한항공,KE107,항저우,20250905,12:00,12:00,12:23,여객,출발,,A321neo,182,"A,B,C,D"
출발,인천,중화항공,CI165,가오슝,20250905,12:05,12:05,12:14,여객,출발,,A321neo,180,"J,F,G,L"
출발,인천,진에어,LJ263,후쿠오카,20250905,12:10,12:10,12:25,여객,출발,,B737-800,189,"H,F,G,L"
출발,인천,대한항공,KE769,삿포로,20250905,12:35,12:35,12:50,여객,출발,,B737-900,188,"A,B,C,D"
출발,인천,대한항공,KE803,천진,20250905,12:35,13:26,13:50,여객,지연,항공교통흐름에 의한 지연,B737-900,188,"A,B,C,D"
출발,인천,중화항공,CI161,타오위안,20250905,12:35,12:35,12:45,여객,출발,,A330-300,277,"J,F,G,L"
출발,인천,에어부산,BX174,간사이,20250905,12:40,12:40,12:59,여객,출발,,A321,195,"E,F,G,L"
출발,인천,대한항공,KE711,도쿄/나리타,20250905,13:00,13:15,13:59,여객,지연,항공기 연결에 의한 지연,A321neo,182,"A,B,C,D"
출발,인천,대한항공,KE869,대련,20250905,13:00,13:00,13:28,여객,출발,,B737-900,188,"A,B,C,D"
출발,인천,대한항공,KE921,리스본,20250905,13:00,13:52,14:12,여객,지연,항공교통흐름에 의한 지연,B787-9,269,"A,B,C,D"
출발,인천,대한항공,KE843,청도,20250905,13:05,13:05,13:25,여객,출발,,B737-900,188,"A,B,C,D"
출발,인천,대한항공,KE175,홍콩,20250905,13:25,13:25,14:03,여객,출발,,A321neo,182,"A,B,C,D"
출발,인천,대한항공,KE951,두바이,20250905,13:25,13:25,13:48,여객,출발,,B777-300ER,277,"A,B,C,D"
출발,인천,샤먼항공,MF872,샤먼 가오치,20250905,13:30,13:30,13:54,여객,출발,,B737-800,168,"J,F,G,L"
출발,인천,대한항공,KE695,카트만두,20250905,13:35,13:35,14:13,여객,지연,항공교통흐름에 의한 지연,A330-300,272,"A,B,C,D"
출발,인천,대한항공,KE927,밀라노,20250905,13:40,14:20,15:04,여객,지연,항공기 연결에 의한 지연,B787-9,269,"A,B,C,D"
출발,인천,대한항공,KE955,이스탄불,20250905,13:40,14:33,14:50,여객,지연,항공교통흐름에 의한 지연,B777-300ER,277,"A,B,C,D"
출발,인천,대한항공,KE789,후쿠오카,20250905,13:45,13:45,14:16,여객,출발,,B737-900,188,"A,B,C,D"
출발,인천,진에어,LJ861,청도,20250905,13:50,14:10,14:31,여객,지연,공항 및 출입국 절차에 의한 지연,B737-800,189,"H,F,G,L"
출발,인천,대한항공,KE017,로스앤젤레스,20250905,14:30,14:30,15:01,여객,출발,,B747-8i,368,"A,B,C,D"
출발,인천,진에어,LJ359,다카마쓰,20250905,14:30,15:00,16:04,여객,지연,항공기 연결에 의한 지연,B737-800,189,"H,F,G,L"
출발,인천,대한항공,KE833,심양,20250905,14:35,14:35,15:07,여객,출발,,B737-900,188,"A,B,C,D"
출발,인천,진에어,LJ237,간사이,20250905,14:40,14:40,15:12,여객,출발,,B737-800,189,"H,F,G,L"
출발,인천,대한항공,KE643,싱가포르,20250905,14:45,14:45,15:28,여객,지연,항공교통흐름에 의한 지연,A330-300,272,"A,B,C,D"
출발,인천,진에어,LJ209,도쿄/나리타,20250905,14:45,14:45,15:08,여객,출발,,B737-800,189,"H,F,G,L"
출발,인천,대한항공,KE725,간사이,20250905,15:05,15:05,15:49,여객,지연,여객 및 화물처리에 의한 지연,A321neo,182,"A,B,C,D"
출발,인천,대한항공,KE627,자카르타(수카르노 하타),20250905,15:10,15:10,15:51,여객,지연,항공교통흐름에 의한 지연,A330-300,272,"A,B,C,D"
출발,인천,대한항공,KE189,타이중,20250905,15:15,15:15,16:02,여객,지연,항공교통흐름에 의한 지연,A321neo,182,"A,B,C,D"
출발,인천,에어부산,BX176,간사이,20250905,15:25,15:25,16:11,여객,지연,공항 및 출입국 절차에 의한 지연,A321,195,"E,F,G,L"
출발,인천,진에어,LJ211,도쿄/나리타,20250905,15:35,15:58,16:22,여객,지연,공항 및 출입국 절차에 의한 지연,B737-800,189,"H,F,G,L"
출발,인천,대한항공,KE733,고베,20250905,15:50,15:50,16:39,여객,지연,여객 및 화물처리에 의한 지연,A321neo,182,"A,B,C,D"
출발,인천,에어부산,BX166,도쿄/나리타,20250905,15:50,15:50,16:44,여객,지연,항공교통흐름에 의한 지연,A321,195,"E,F,G,L"
출발,인천,진에어,LJ265,후쿠오카,20250905,15:50,16:18,16:37,여객,지연,공항 및 출입국 절차에 의한 지연,B737-800,189,"H,F,G,L"
출발,인천,대한항공,KE023,샌프란시스코,20250905,16:00,16:15,16:56,여객,지연,항공기 연결에 의한 지연,B777-300ER,277,"A,B,C,D"
출발,인천,진에어,LJ347,나고야,20250905,16:05,17:07,17:36,여객,지연,항공기 연결에 의한 지연,B737-800,189,"H,F,G,L"
출발,인천,대한항공,KE187,타오위안,20250905,16:10,16:10,16:41,여객,출발,,A321neo,182,"A,B,C,D"
출발,인천,대한항공,KE633,덴파사(응우라 라이),20250905,16:10,16:10,16:58,여객,지연,SP,A330-300,272,"A,B,C,D"
출발,인천,진에어,LJ239,간사이,20250905,16:15,16:46,17:19,여객,지연,공항 및 출입국 절차에 의한 지연,B737-800,189,"H,F,G,L"
출발,인천,진에어,LJ351,기타규슈,20250905,16:15,16:46,17:17,여객,지연,공항 및 출입국 절차에 의한 지연,B737-800,189,"H,F,G,L"
출발,인천,대한항공,KE671,쿠알라룸푸르,20250905,16:20,16:20,17:08,여객,지연,항공교통흐름에 의한 지연,A330-300,272,"A,B,C,D"
출발,인천,델타항공,DL188,애틀랜타,20250905,16:25,16:44,17:12,여객,지연,공항 및 출입국 절차에 의한 지연,A350-900,306,"K,F,G,L"
출발,인천,대한항공,KE041,시애틀,20250905,16:40,16:40,17:58,여객,지연,운항 기준 및 승무원 관련 지연,A330-300,272,"A,B,C,D"
출발,인천,진에어,LJ903,후쿠오카,20250905,16:45,17:32,17:54,여객,지연,항공기 연결에 의한 지연,B737-800,189,"H,F,G,L"
출발,인천,대한항공,KE713,도쿄/나리타,20250905,17:05,17:05,17:31,여객,출발,,A321neo,182,"A,B,C,D"
출발,인천,대한항공,KE1405,김해,20250905,17:10,17:10,18:06,여객,지연,항공교통흐름에 의한 지연,B737-900,188,
출발,인천,대한항공,KE485,푸꾸옥,20250905,17:10,17:10,17:33,여객,출발,,B737-900,188,"A,B,C,D"
출발,인천,진에어,LJ009,치앙마이,20250905,17:10,17:55,18:21,여객,지연,항공기 정비에 의한 지연,B737-800,189,"H,F,G,L"
출발,인천,대한항공,KE8425,괌,20250905,17:15,17:15,18:00,여객,지연,항공교통흐름에 의한 지연,B737-900,188,"A,B,C,D"
출발,인천,에어부산,BX747,수안나폼(방콕),20250905,17:15,17:15,18:07,여객,지연,공항 및 출입국 절차에 의한 지연,A321,195,"E,F,G,L"
출발,인천,진에어,LJ919,괌,20250905,17:35,17:54,18:17,여객,지연,공항 및 출입국 절차에 의한 지연,B737-800,189,"H,F,G,L"
출발,인천,대한항공,KE629,덴파사(응우라 라이),20250905,17:45,17:45,18:25,여객,지연,운항 기준 및 승무원 관련 지연,A330-300,272,"A,B,C,D"
출발,인천,대한항공,KE663,푸껫,20250905,17:50,17:50,18:29,여객,지연,여객 및 화물처리에 의한 지연,B737-900,188,"A,B,C,D"
출발,인천,대한항공,KE411,오클랜드,20250905,18:00,18:00,18:35,여객,지연,여객 및 화물처리에 의한 지연,B787-9,269,"A,B,C,D"
출발,인천,대한항공,KE651,수안나폼(방콕),20250905,18:05,18:05,18:45,여객,지연,공항 및 출입국 절차에 의한 지연,A330-300,272,"A,B,C,D"
출발,인천,대한항공,KE461,다낭,20250905,18:20,18:20,18:43,여객,출발,,B737-900,188,"A,B,C,D"
출발,인천,대한항공,KE1407,김해,20250905,18:25,18:25,18:47,여객,출발,,B737-900,188,
출발,인천,대한항공,KE705,도쿄/나리타,20250905,18:35,18:35,19:01,여객,출발,,A321neo,182,"A,B,C,D"
출발,인천,대한항공,KE871,대련,20250905,18:35,18:35,18:59,여객,출발,,B737-900,188,"A,B,C,D"
출발,인천,대한항공,KE161,쿤밍,20250905,18:40,18:40,19:16,여객,출발,,B737-900,188,"A,B,C,D"
출발,인천,대한항공,KE423,괌,20250905,18:40,18:40,18:54,여객,출발,,B737-900,188,"A,B,C,D"
출발,인천,대한항공,KE645,싱가포르,20250905,18:40,19:00,19:27,여객,지연,항공기 연결에 의한 지연,A330-300,272,"A,B,C,D"
출발,인천,대한항공,KE781,후쿠오카,20250905,18:40,18:40,18:59,여객,출발,,B737-900,188,"A,B,C,D"
출발,인천,델타항공,DL170,미니애폴리스,20250905,18:40,18:40,18:52,여객,출발,,A350-900,306,"K,F,G,L"
출발,인천,대한항공,KE071,밴쿠버,20250905,18:45,18:45,19:21,여객,출발,,B787-9,269,"A,B,C,D"
출발,인천,대한항공,KE453,노이바이(하노이),20250905,18:45,18:45,19:12,여객,출발,,B737-900,188,"A,B,C,D"
출발,인천,대한항공,KE475,떤 선녓(호찌민),20250905,18:45,18:45,19:09,여객,출발,,B737-900,188,"A,B,C,D"
출발,인천,대한항공,KE623,마닐라,20250905,18:50,18:50,19:19,여객,출발,,B737-900,188,"A,B,C,D"
출발,인천,대한항공,KE689,프놈펜,20250905,18:50,19:40,20:05,여객,지연,항공기 정비에 의한 지연,B737-900,188,"A,B,C,D"
출발,인천,대한항공,KE743,나고야,20250905,18:50,18:50,19:25,여객,출발,,A321neo,182,"A,B,C,D"
출발,인천,델타항공,DL26,애틀랜타,20250905,18:50,18:50,18:58,여객,출발,,A350-900,306,"K,F,G,L"
출발,인천,대한항공,KE895,푸동,20250905,18:55,19:10,19:36,여객,지연,항공기 연결에 의한 지연,A330-300,272,"A,B,C,D"
출발,인천,대한항공,KE721,간사이,20250905,19:00,19:00,19:17,여객,출발,,A321neo,182,"A,B,C,D"
출발,인천,대한항공,KE401,시드니,20250905,19:10,19:10,19:40,여객,출발,,A380-800,407,"A,B,C,D"
출발,인천,진에어,LJ131,코타키나발루,20250905,19:10,19:10,19:38,여객,출발,,B737-800,189,"H,F,G,L"
출발,인천,델타항공,DL196,시애틀,20250905,19:20,20:05,20:25,여객,지연,항공기 연결에 의한 지연,A330-900neo,281,"K,F,G,L"
출발,인천,대한항공,KE085,뉴욕,20250905,19:30,19:50,20:33,여객,지연,기타 원인에 의한 지연,B747-8i,368,"A,B,C,D"
출발,인천,대한항공,KE1431,대구,20250905,19:30,19:30,19:44,여객,출발,,B737-900,188,
출발,인천,대한항공,KE1409,김해,20250905,19:35,19:35,19:51,여객,출발,,B737-900,188,
출발,인천,델타항공,DL172,솔트레이크시티,20250905,19:40,19:40,20:37,여객,출발,,A350-900,306,"K,F,G,L"
출발,인천,대한항공,KE177,홍콩,20250905,19:45,19:45,20:27,여객,지연,운항 기준 및 승무원 관련 지연,A321neo,182,"A,B,C,D"
출발,인천,대한항공,KE477,떤 선녓(호찌민),20250905,19:45,19:45,20:47,여객,지연,항공교통흐름에 의한 지연,B737-900,188,"A,B,C,D"
출발,인천,대한항공,KE659,수안나폼(방콕),20250905,19:45,19:45,20:23,여객,지연,항공교통흐름에 의한 지연,B737-900,188,"A,B,C,D"
출발,인천,진에어,LJ001,수안나폼(방콕),20250905,19:55,19:55,20:31,여객,지연,,B737-800,189,"H,F,G,L"
출발,인천,대한항공,KE467,깜라인(나트랑),20250905,20:00,20:24,20:43,여객,지연,항공교통흐름에 의한 지연,B737-900,188,"A,B,C,D"
출발,인천,대한항공,KE853,베이징,20250905,20:00,20:00,20:29,여객,출발,,A330-300,272,"A,B,C,D"
출발,인천,대한항공,KE407,브리즈번,20250905,20:05,20:05,20:42,여객,지연,,A330-300,272,"A,B,C,D"
출발,인천,대한항공,KE615,세부,20250905,20:05,20:05,20:41,여객,출발,,B737-900,188,"A,B,C,D"
출발,인천,대한항공,KE625,마닐라,20250905,20:15,20:15,20:56,여객,지연,,B737-900,188,"A,B,C,D"
출발,인천,대한항공,KE011,로스앤젤레스,20250905,20:25,20:25,20:45,여객,출발,,A380-800,407,"A,B,C,D"
출발,인천,진에어,LJ081,다낭,20250905,20:25,20:55,21:18,여객,지연,항공기 연결에 의한 지연,B737-800,189,"H,F,G,L"
출발,인천,대한항공,KE719,하네다,20250905,20:30,20:30,20:58,여객,출발,,A321neo,182,"A,B,C,D"
출발,인천,샤먼항공,MF878,푸저우(복주),20250905,20:35,20:35,20:49,여객,출발,,B737-800,168,"J,F,G,L"
출발,인천,중화항공,CI163,타오위안,20250905,20:35,20:35,20:59,여객,출발,,A330-300,277,"J,F,G,L"
출발,인천,진에어,LJ087,깜라인(나트랑),20250905,20:40,21:25,21:48,여객,지연,공항 및 출입국 절차에 의한 지연,B737-800,189,"H,F,G,L"
출발,인천,진에어,LJ917,괌,20250905,20:50,21:08,21:31,여객,지연,항공기 연결에 의한 지연,B737-800,189,"H,F,G,L"
출발,인천,대한항공,KE005,라스베이거스,20250905,21:00,21:00,21:21,여객,출발,,B777-300ER,277,"A,B,C,D"
출발,인천,대한항공,KE053,호놀룰루,20250905,21:05,21:05,21:25,여객,출발,,A330-300,272,"A,B,C,D"
출발,인천,대한항공,KE655,수안나폼(방콕),20250905,21:15,21:15,21:30,여객,출발,,A330-300,272,"A,B,C,D"
출발,인천,네덜란드항공,KL856,암스테르담,20250905,22:25,22:25,22:48,여객,출발,,B787-9,294,"M,F,G,L"
출발,인천,대한항공,KE619,마닐라,20250905,22:35,22:35,22:55,여객,출발,,A330-300,272,"A,B,C,D"
출발,인천,대한항공,KE075,밴쿠버,20250905,22:40,22:40,23:05,여객,출발,,B787-9,269,"A,B,C,D"
출발,인천,대한항공,KE647,싱가포르,20250905,23:35,23:35,23:54,여객,출발,,B777-300ER,277,"A,B,C,D"
출발,인천,대한항공,KE1401,김해,20250906,06:35,06:35,06:43,여객,출발,,B737-900,188,
출발,인천,에어부산,BX164,도쿄/나리타,20250906,07:15,07:15,07:26,여객,출발,,A321,195,"E,F,G,L"
출발,인천,진에어,LJ261,후쿠오카,20250906,07:15,07:15,07:30,여객,출발,,B737-800,189,"H,F,G,L"
출발,인천,에어부산,BX156,후쿠오카,20250906,07:20,07:20,07:35,여객,출발,,A321,195,"E,F,G,L"
출발,인천,대한항공,KE787,후쿠오카,20250906,07:25,07:25,07:46,여객,출발,,B737-900,188,"A,B,C,D"
출발,인천,진에어,LJ201,도쿄/나리타,20250906,07:25,07:25,07:48,여객,출발,,B737-800,189,"H,F,G,L"
출발,인천,대한항공,KE795,나가사키,20250906,07:30,07:30,07:50,여객,출발,,B737-900,188,"A,B,C,D"
출발,인천,진에어,LJ345,나고야,20250906,07:30,07:30,08:02,여객,출발,,B737-800,189,"H,F,G,L"
출발,인천,진에어,LJ231,간사이,20250906,07:40,07:40,08:09,여객,출발,,B737-800,189,"H,F,G,L"
출발,인천,대한항공,KE173,홍콩,20250906,07:45,07:45,08:11,여객,출발,,A321neo,182,"A,B,C,D"
출발,인천,대한항공,KE621,마닐라,20250906,07:50,07:50,08:42,여객,지연,항공기 정비에 의한 지연,B737-900,188,"A,B,C,D"
출발,인천,대한항공,KE845,청도,20250906,07:50,08:35,09:01,여객,지연,항공기 정비에 의한 지연,B737-900,188,"A,B,C,D"
출발,인천,진에어,LJ731,타오위안,20250906,07:50,08:08,08:29,여객,지연,공항 및 출입국 절차에 의한 지연,B737-800,189,"H,F,G,L"
출발,인천,대한항공,KE131,정저우,20250906,08:00,08:00,08:22,여객,출발,,B737-900,188,"A,B,C,D"
출발,인천,대한항공,KE441,노이바이(하노이),20250906,08:00,08:00,08:32,여객,출발,,A330-300,272,"A,B,C,D"
출발,인천,대한항공,KE197,칭기즈칸(신 울란바토르) 국제공항,20250906,08:10,08:25,09:10,여객,지연,여객 및 화물처리에 의한 지연,B737-900,188,"A,B,C,D"
출발,인천,대한항공,KE767,아오모리,20250906,08:10,08:10,08:27,여객,출발,,B737-900,188,"A,B,C,D"
출발,인천,진에어,LJ241,간사이,20250906,08:10,08:10,08:34,여객,출발,,B737-800,189,"H,F,G,L"
출발,인천,진에어,LJ357,시모지시마,20250906,08:10,08:10,08:37,여객,출발,,B737-800,189,"H,F,G,L"
출발,인천,대한항공,KE859,베이징,20250906,08:15,08:15,08:44,여객,출발,,B777-300ER,277,"A,B,C,D"
출발,인천,진에어,LJ203,도쿄/나리타,20250906,08:15,08:35,08:58,여객,지연,항공기 연결에 의한 지연,B737-800,189,"H,F,G,L"
출발,인천,대한항공,KE127,푸저우(복주),20250906,08:20,08:20,08:46,여객,출발,,B737-900,188,"A,B,C,D"
출발,인천,대한항공,KE1403,김해,20250906,08:20,08:40,09:00,여객,지연,항공기 연결에 의한 지연,B737-900,188,
출발,인천,진에어,LJ301,삿포로,20250906,08:20,08:20,08:40,여객,출발,,B737-800,189,"H,F,G,L"
출발,인천,대한항공,KE731,고베,20250906,08:25,08:25,09:08,여객,출발,,A321neo,182,"A,B,C,D"
출발,인천,대한항공,KE893,푸동,20250906,08:25,08:25,09:06,여객,지연,여객 및 화물처리에 의한 지연,A330-300,272,"A,B,C,D"
출발,인천,에어 프랑스,AF267,파리,20250906,08:30,08:30,08:56,여객,출발,,B777-300ER,296,"M,F,G,L"
출발,인천,대한항공,KE827,선전(심천),20250906,08:40,08:40,08:59,여객,출발,,B737-900,188,"A,B,C,D"
출발,인천,대한항공,KE831,심양,20250906,08:45,08:05,08:26,여객,출발,,B737-900,188,"A,B,C,D"
출발,인천,대한항공,KE865,광저우,20250906,08:50,08:50,09:21,여객,출발,,A330-300,272,"A,B,C,D"
출발,인천,대한항공,KE469,떤 선녓(호찌민),20250906,09:05,09:05,09:34,여객,출발,,A330-300,272,"A,B,C,D"
출발,인천,대한항공,KE805,천진,20250906,09:10,09:10,09:38,여객,출발,,B737-900,188,"A,B,C,D"
출발,인천,대한항공,KE811,시안,20250906,09:10,09:10,09:42,여객,지연,공항 및 출입국 절차에 의한 지연,B737-900,188,"A,B,C,D"
출발,인천,에어부산,BX172,간사이,20250906,09:15,09:15,09:31,여객,출발,,A321,195,"E,F,G,L"
출발,인천,대한항공,KE035,애틀랜타,20250906,09:20,09:20,09:39,여객,출발,,B777-300ER,277,"A,B,C,D"
출발,인천,대한항공,KE785,가고시마,20250906,09:20,09:20,09:44,여객,출발,,B737-900,188,"A,B,C,D"
출발,인천,진에어,LJ913,괌,20250906,09:20,10:06,10:19,여객,지연,여객 및 화물처리에 의한 지연,B737-800,189,"H,F,G,L"
출발,인천,대한항공,KE031,댈러스,20250906,09:30,09:30,09:58,여객,출발,,B787-9,269,"A,B,C,D"
출발,인천,대한항공,KE091,보스턴,20250906,09:30,09:30,10:06,여객,출발,,B787-9,269,"A,B,C,D"
출발,인천,대한항공,KE657,수안나폼(방콕),20250906,09:30,09:30,09:49,여객,출발,,A330-300,272,"A,B,C,D"
출발,인천,대한항공,KE755,오키나와,20250906,09:30,09:30,10:02,여객,출발,,B737-900,188,"A,B,C,D"
출발,인천,대한항공,KE073,토론토,20250906,09:35,09:35,10:11,여객,출발,,B777-300ER,277,"A,B,C,D"
출발,인천,대한항공,KE723,간사이,20250906,09:35,09:35,10:03,여객,출발,,A321neo,182,"A,B,C,D"
출발,인천,대한항공,KE763,니가타,20250906,09:40,09:40,10:14,여객,출발,,B737-900,188,"A,B,C,D"
출발,인천,대한항공,KE421,괌,20250906,09:45,09:45,10:09,여객,출발,,B737-900,188,"A,B,C,D"
출발,인천,진에어,LJ205,도쿄/나리타,20250906,09:45,10:25,10:39,여객,지연,항공기 연결에 의한 지연,B737-800,189,"H,F,G,L"
출발,인천,진에어,LJ341,오키나와,20250906,09:55,10:24,11:02,여객,지연,항공기 연결에 의한 지연,B737-800,189,"H,F,G,L"
출발,인천,대한항공,KE081,뉴욕,20250906,10:00,10:00,10:28,여객,출발,,A380-800,407,"A,B,C,D"
출발,인천,대한항공,KE765,삿포로,20250906,10:05,10:05,10:34,여객,출발,,B737-900,188,"A,B,C,D"
출발,인천,대한항공,KE703,도쿄/나리타,20250906,10:10,10:10,10:24,여객,출발,,A321neo,182,"A,B,C,D"
출발,인천,델타항공,DL158,디트로이트,20250906,10:15,10:15,10:21,여객,출발,,A350-900,306,"K,F,G,L"
출발,인천,대한항공,KE125,샤먼 가오치,20250906,10:20,10:20,10:43,여객,출발,,B737-900,188,"A,B,C,D"
출발,인천,대한항공,KE169,마카오,20250906,10:20,10:20,10:53,여객,출발,,A321neo,182,"A,B,C,D"
출발,인천,대한항공,KE093,워싱톤,20250906,10:25,10:25,10:45,여객,출발,,B777-300ER,277,"A,B,C,D"
출발,인천,대한항공,KE185,타오위안,20250906,10:30,10:30,11:12,여객,출발,,A321neo,182,"A,B,C,D"
출발,인천,가루다인도네시아,GA879,자카르타(수카르노 하타),20250906,10:35,10:35,11:06,여객,출발,,A330-900neo,301,"J,F,G,L"
출발,인천,대한항공,KE741,나고야,20250906,10:35,10:35,10:54,여객,출발,,A321neo,182,"A,B,C,D"
출발,인천,대한항공,KE037,시카고,20250906,10:40,10:40,11:17,여객,출발,,B777-300ER,277,"A,B,C,D"
출발,인천,대한항공,KE969,프라하,20250906,10:45,10:45,11:16,여객,출발,,B787-9,269,"A,B,C,D"
출발,인천,대한항공,KE457,다낭,20250906,10:55,11:10,11:25,여객,출발,,B737-900,188,"A,B,C,D"
출발,인천,대한항공,KE907,런던히드로,20250906,10:55,10:55,11:28,여객,지연,항공교통흐름에 의한 지연,A380-800,407,"A,B,C,D"
출발,인천,대한항공,KE917,취리히,20250906,11:05,11:05,11:34,여객,출발,,B787-9,269,"A,B,C,D"
출발,인천,대한항공,KE897,푸동,20250906,11:10,11:10,12:06,여객,지연,항공교통흐름에 의한 지연,B777-300ER,277,"A,B,C,D"
출발,인천,대한항공,KE901,파리,20250906,11:10,11:10,11:42,여객,출발,,B777-300ER,277,"A,B,C,D"
출발,인천,가루다인도네시아,GA871,덴파사(응우라 라이),20250906,11:25,11:25,11:52,여객,출발,,A330-300,251,"J,F,G,L"
출발,인천,에어부산,BX158,후쿠오카,20250906,11:25,11:25,12:04,여객,지연,공항 및 출입국 절차에 의한 지연,A321,195,"E,F,G,L"
출발,인천,아에로멕시코,AM091,멕시코시티,20250906,11:40,11:40,12:11,여객,출발,,B787-9,274,"H,F,G,L"
출발,인천,대한항공,KE925,암스테르담,20250906,11:55,11:55,12:17,여객,출발,,B777-300ER,277,"A,B,C,D"
출발,인천,중화항공,CI165,가오슝,20250906,12:05,12:05,12:26,여객,출발,,A321neo,180,"J,F,G,L"
출발,인천,진에어,LJ263,후쿠오카,20250906,12:10,12:10,12:29,여객,출발,,B737-800,189,"H,F,G,L"
출발,인천,대한항공,KE769,삿포로,20250906,12:35,12:35,13:09,여객,출발,,B737-900,188,"A,B,C,D"
출발,인천,대한항공,KE803,천진,20250906,12:35,12:35,13:03,여객,출발,,B737-900,188,"A,B,C,D"
출발,인천,대한항공,KE963,부다페스트,20250906,12:35,12:35,13:17,여객,지연,항공교통흐름에 의한 지연,B787-9,269,"A,B,C,D"
출발,인천,중화항공,CI161,타오위안,20250906,12:35,12:35,12:56,여객,출발,,A330-300,277,"J,F,G,L"
출발,인천,에어부산,BX174,간사이,20250906,12:40,13:52,14:14,여객,지연,항공기 연결에 의한 지연,A321,195,"E,F,G,L"
출발,인천,대한항공,KE711,도쿄/나리타,20250906,13:00,13:00,13:52,여객,지연,항공교통흐름에 의한 지연,A321neo,182,"A,B,C,D"
출발,인천,대한항공,KE869,대련,20250906,13:00,13:00,13:47,여객,지연,항공교통흐름에 의한 지연,B737-900,188,"A,B,C,D"
출발,인천,대한항공,KE843,청도,20250906,13:05,13:05,14:01,여객,지연,항공교통흐름에 의한 지연,B737-900,188,"A,B,C,D"
출발,인천,대한항공,KE931,로마,20250906,13:20,13:20,13:56,여객,출발,,B777-300ER,277,"A,B,C,D"
출발,인천,대한항공,KE135,허페이,20250906,13:25,13:25,14:18,여객,지연,항공교통흐름에 의한 지연,B737-900,188,"A,B,C,D"
출발,인천,대한항공,KE175,홍콩,20250906,13:25,13:25,14:22,여객,지연,항공교통흐름에 의한 지연,A321neo,182,"A,B,C,D"
출발,인천,대한항공,KE951,두바이,20250906,13:25,13:25,14:26,여객,지연,항공교통흐름에 의한 지연,B777-300ER,277,"A,B,C,D"
출발,인천,샤먼항공,MF872,샤먼 가오치,20250906,13:30,13:50,14:11,여객,지연,공항 및 출입국 절차에 의한 지연,B737-800,168,"J,F,G,L"
출발,인천,대한항공,KE955,이스탄불,20250906,13:40,14:40,15:07,여객,지연,항공기 정비에 의한 지연,B777-300ER,277,"A,B,C,D"
출발,인천,대한항공,KE789,후쿠오카,20250906,13:45,13:45,14:41,여객,지연,항공기 연결에 의한 지연,B737-900,188,"A,B,C,D"
출발,인천,진에어,LJ861,청도,20250906,13:50,14:22,14:42,여객,지연,항공교통흐름에 의한 지연,B737-800,189,"H,F,G,L"
출발,인천,대한항공,KE017,로스앤젤레스,20250906,14:30,14:30,15:16,여객,지연,항공교통흐름에 의한 지연,B747-8i,368,"A,B,C,D"
출발,인천,진에어,LJ359,다카마쓰,20250906,14:30,14:48,15:09,여객,지연,공항 및 출입국 절차에 의한 지연,B737-800,189,"H,F,G,L"
출발,인천,대한항공,KE833,심양,20250906,14:35,14:35,15:17,여객,지연,항공교통흐름에 의한 지연,B737-900,188,"A,B,C,D"
출발,인천,진에어,LJ237,간사이,20250906,14:40,15:13,15:39,여객,지연,공항 및 출입국 절차에 의한 지연,B737-800,189,"H,F,G,L"
출발,인천,대한항공,KE643,싱가포르,20250906,14:45,14:45,15:44,여객,지연,여객 및 화물처리에 의한 지연,A330-300,272,"A,B,C,D"
출발,인천,진에어,LJ209,도쿄/나리타,20250906,14:45,15:15,15:43,여객,지연,공항 및 출입국 절차에 의한 지연,B737-800,189,"H,F,G,L"
출발,인천,대한항공,KE725,간사이,20250906,15:05,15:05,15:51,여객,지연,여객 및 화물처리에 의한 지연,A321neo,182,"A,B,C,D"
출발,인천,대한항공,KE627,자카르타(수카르노 하타),20250906,15:10,15:10,16:13,여객,지연,여객 및 화물처리에 의한 지연,A330-300,272,"A,B,C,D"
출발,인천,대한항공,KE189,타이중,20250906,15:15,15:15,16:18,여객,지연,항공교통흐름에 의한 지연,A321neo,182,"A,B,C,D"
출발,인천,에어부산,BX176,간사이,20250906,15:25,15:25,16:26,여객,지연,공항 및 출입국 절차에 의한 지연,A321,195,"E,F,G,L"
출발,인천,진에어,LJ211,도쿄/나리타,20250906,15:35,16:11,16:34,여객,지연,공항 및 출입국 절차에 의한 지연,B737-800,189,"H,F,G,L"
출발,인천,대한항공,KE733,고베,20250906,15:50,15:50,16:48,여객,지연,항공교통흐름에 의한 지연,A321neo,182,"A,B,C,D"
출발,인천,에어부산,BX166,도쿄/나리타,20250906,15:50,15:50,16:44,여객,지연,공항 및 출입국 절차에 의한 지연,A321,195,"E,F,G,L"
출발,인천,진에어,LJ265,후쿠오카,20250906,15:50,16:23,16:49,여객,지연,공항 및 출입국 절차에 의한 지연,B737-800,189,"H,F,G,L"
출발,인천,대한항공,KE023,샌프란시스코,20250906,16:00,16:00,16:59,여객,지연,SP,B777-300ER,277,"A,B,C,D"
출발,인천,진에어,LJ347,나고야,20250906,16:05,16:52,17:14,여객,지연,공항 및 출입국 절차에 의한 지연,B737-800,189,"H,F,G,L"
출발,인천,대한항공,KE187,타오위안,20250906,16:10,16:10,17:31,여객,지연,운항 기준 및 승무원 관련 지연,A321neo,182,"A,B,C,D"
출발,인천,대한항공,KE633,덴파사(응우라 라이),20250906,16:10,16:10,17:05,여객,지연,항공교통흐름에 의한 지연,A330-300,272,"A,B,C,D"
출발,인천,진에어,LJ239,간사이,20250906,16:15,17:14,17:33,여객,지연,항공교통흐름에 의한 지연,B737-800,189,"H,F,G,L"
출발,인천,진에어,LJ351,기타규슈,20250906,16:15,17:08,17:28,여객,지연,공항 및 출입국 절차에 의한 지연,B737-800,189,"H,F,G,L"
출발,인천,대한항공,KE671,쿠알라룸푸르,20250906,16:20,16:20,17:26,여객,지연,여객 및 화물처리에 의한 지연,A330-300,272,"A,B,C,D"
출발,인천,델타항공,DL188,애틀랜타,20250906,16:25,17:01,17:22,여객,지연,공항 및 출입국 절차에 의한 지연,A350-900,306,"K,F,G,L"
출발,인천,대한항공,KE041,시애틀,20250906,16:40,16:40,17:41,여객,지연,여객 및 화물처리에 의한 지연,A330-300,272,"A,B,C,D"
출발,인천,대한항공,KE713,도쿄/나리타,20250906,17:05,17:05,18:02,여객,지연,기타 원인에 의한 지연,A321neo,182,"A,B,C,D"
출발,인천,대한항공,KE1405,김해,20250906,17:10,17:10,17:58,여객,지연,항공교통흐름에 의한 지연,B737-900,188,
출발,인천,진에어,LJ009,치앙마이,20250906,17:10,17:43,18:04,여객,지연,공항 및 출입국 절차에 의한 지연,B737-800,189,"H,F,G,L"
출발,인천,대한항공,KE8425,괌,20250906,17:15,17:15,17:52,여객,지연,여객 및 화물처리에 의한 지연,B737-900,188,"A,B,C,D"
출발,인천,에어부산,BX747,수안나폼(방콕),20250906,17:15,17:15,17:54,여객,출발,,A321,195,"E,F,G,L"
출발,인천,진에어,LJ919,괌,20250906,17:35,18:25,18:49,여객,지연,공항 및 출입국 절차에 의한 지연,B737-800,189,"H,F,G,L"
출발,인천,대한항공,KE629,덴파사(응우라 라이),20250906,17:45,17:45,18:27,여객,지연,항공기 연결에 의한 지연,A330-300,272,"A,B,C,D"
출발,인천,대한항공,KE663,푸껫,20250906,17:50,17:50,18:43,여객,지연,기타 원인에 의한 지연,B737-900,188,"A,B,C,D"
출발,인천,대한항공,KE651,수안나폼(방콕),20250906,18:05,19:05,19:46,여객,지연,항공기 연결에 의한 지연,A330-300,272,"A,B,C,D"
출발,인천,대한항공,KE461,다낭,20250906,18:20,18:20,18:47,여객,출발,,B737-900,188,"A,B,C,D"
출발,인천,대한항공,KE1407,김해,20250906,18:25,18:25,18:58,여객,출발,,B737-900,188,
출발,인천,대한항공,KE667,치앙마이,20250906,18:25,19:35,19:38,여객,지연,SP,B737-900,188,"A,B,C,D"
출발,인천,대한항공,KE705,도쿄/나리타,20250906,18:35,18:35,19:06,여객,출발,,A321neo,182,"A,B,C,D"
출발,인천,대한항공,KE423,괌,20250906,18:40,20:20,20:21,여객,지연,항공기 연결에 의한 지연,B737-900,188,"A,B,C,D"
출발,인천,대한항공,KE645,싱가포르,20250906,18:40,18:40,19:14,여객,출발,,A330-300,272,"A,B,C,D"
출발,인천,대한항공,KE781,후쿠오카,20250906,18:40,19:00,20:09,여객,지연,항공기 정비에 의한 지연,B737-900,188,"A,B,C,D"
출발,인천,델타항공,DL170,미니애폴리스,20250906,18:40,18:40,19:18,여객,출발,,A350-900,306,"K,F,G,L"
출발,인천,대한항공,KE071,밴쿠버,20250906,18:45,19:00,19:50,여객,지연,항공기 연결에 의한 지연,B787-9,269,"A,B,C,D"
출발,인천,대한항공,KE453,노이바이(하노이),20250906,18:45,18:45,19:16,여객,출발,,B737-900,188,"A,B,C,D"
출발,인천,대한항공,KE475,떤 선녓(호찌민),20250906,18:45,18:45,19:20,여객,출발,,B737-900,188,"A,B,C,D"
출발,인천,대한항공,KE623,마닐라,20250906,18:50,18:50,19:34,여객,지연,항공기 연결에 의한 지연,B737-900,188,"A,B,C,D"
출발,인천,대한항공,KE689,프놈펜,20250906,18:50,18:50,19:24,여객,출발,,B737-900,188,"A,B,C,D"
출발,인천,대한항공,KE743,나고야,20250906,18:50,19:35,19:36,여객,지연,항공교통흐름에 의한 지연,A321neo,182,"A,B,C,D"
출발,인천,델타항공,DL26,애틀랜타,20250906,18:50,19:32,19:56,여객,지연,항공기 연결에 의한 지연,A350-900,306,"K,F,G,L"
출발,인천,대한항공,KE895,푸동,20250906,18:55,19:50,19:54,여객,지연,항공기 연결에 의한 지연,A330-300,272,"A,B,C,D"
출발,인천,대한항공,KE721,간사이,20250906,19:00,19:40,19:40,여객,지연,항공교통흐름에 의한 지연,A321neo,182,"A,B,C,D"
출발,인천,대한항공,KE401,시드니,20250906,19:10,20:05,20:05,여객,지연,항공교통흐름에 의한 지연,A380-800,407,"A,B,C,D"
출발,인천,진에어,LJ131,코타키나발루,20250906,19:10,19:10,19:58,여객,지연,,B737-800,189,"H,F,G,L"
출발,인천,델타항공,DL196,시애틀,20250906,19:20,20:10,20:31,여객,지연,항공기 연결에 의한 지연,A330-900neo,281,"K,F,G,L"
출발,인천,대한항공,KE163,장가계,20250906,19:25,19:25,20:07,여객,지연,항공교통흐름에 의한 지연,B737-900,188,"A,B,C,D"
출발,인천,대한항공,KE085,뉴욕,20250906,19:30,20:30,20:48,여객,지연,기상에 의한 지연,B747-8i,368,"A,B,C,D"
출발,인천,대한항공,KE1431,대구,20250906,19:30,19:30,20:11,여객,지연,,B737-900,188,
출발,인천,대한항공,KE195,칭기즈칸(신 울란바토르) 국제공항,20250906,19:30,19:30,20:23,여객,지연,여객 및 화물처리에 의한 지연,B737-900,188,"A,B,C,D"
출발,인천,대한항공,KE1409,김해,20250906,19:35,19:35,20:28,여객,지연,항공기 연결에 의한 지연,B737-900,188,
출발,인천,델타항공,DL172,솔트레이크시티,20250906,19:40,19:59,20:24,여객,지연,공항 및 출입국 절차에 의한 지연,A350-900,306,"K,F,G,L"
출발,인천,대한항공,KE177,홍콩,20250906,19:45,19:45,20:19,여객,출발,,A321neo,182,"A,B,C,D"
출발,인천,대한항공,KE477,떤 선녓(호찌민),20250906,19:45,20:35,20:35,여객,지연,항공교통흐름에 의한 지연,B737-900,188,"A,B,C,D"
출발,인천,대한항공,KE659,수안나폼(방콕),20250906,19:45,19:45,20:39,여객,지연,운항 기준 및 승무원 관련 지연,B737-900,188,"A,B,C,D"
출발,인천,진에어,LJ001,수안나폼(방콕),20250906,19:55,20:24,20:44,여객,지연,공항 및 출입국 절차에 의한 지연,B737-800,189,"H,F,G,L"
출발,인천,대한항공,KE467,깜라인(나트랑),20250906,20:00,21:05,21:08,여객,지연,공항 및 출입국 절차에 의한 지연,B737-900,188,"A,B,C,D"
출발,인천,대한항공,KE853,베이징,20250906,20:00,20:40,20:41,여객,지연,항공기 연결에 의한 지연,A330-300,272,"A,B,C,D"
출발,인천,대한항공,KE407,브리즈번,20250906,20:05,20:05,20:39,여객,출발,,A330-300,272,"A,B,C,D"
출발,인천,대한항공,KE615,세부,20250906,20:05,20:05,20:53,여객,지연,여객 및 화물처리에 의한 지연,B737-900,188,"A,B,C,D"
출발,인천,대한항공,KE625,마닐라,20250906,20:15,21:15,21:05,여객,지연,항공교통흐름에 의한 지연,B737-900,188,"A,B,C,D"
출발,인천,대한항공,KE011,로스앤젤레스,20250906,20:25,20:45,21:20,여객,지연,공항 및 출입국 절차에 의한 지연,A380-800,407,"A,B,C,D"
출발,인천,진에어,LJ081,다낭,20250906,20:25,20:52,21:16,여객,지연,여객 및 화물처리에 의한 지연,B737-800,189,"H,F,G,L"
출발,인천,대한항공,KE719,하네다,20250906,20:30,20:30,21:01,여객,출발,,A321neo,182,"A,B,C,D"
출발,인천,샤먼항공,MF878,푸저우(복주),20250906,20:35,20:35,20:57,여객,출발,,B737-800,168,"J,F,G,L"
출발,인천,중화항공,CI163,타오위안,20250906,20:35,20:35,21:03,여객,출발,,A330-300,277,"J,F,G,L"
출발,인천,진에어,LJ087,깜라인(나트랑),20250906,20:40,20:40,21:12,여객,출발,,B737-800,189,"H,F,G,L"
출발,인천,진에어,LJ043,팡라로,20250906,20:50,21:20,21:56,여객,지연,항공기 연결에 의한 지연,B737-800,189,"H,F,G,L"
출발,인천,진에어,LJ917,괌,20250906,20:50,21:20,21:54,여객,지연,항공기 연결에 의한 지연,B737-800,189,"H,F,G,L"
출발,인천,대한항공,KE005,라스베이거스,20250906,21:00,21:00,21:28,여객,출발,,B777-300ER,277,"A,B,C,D"
출발,인천,대한항공,KE053,호놀룰루,20250906,21:05,21:05,21:42,여객,출발,,A330-300,272,"A,B,C,D"
출발,인천,대한항공,KE655,수안나폼(방콕),20250906,21:15,21:15,21:39,여객,출발,,A330-300,272,"A,B,C,D"
출발,인천,에어부산,BX787,깜라인(나트랑),20250906,21:30,21:30,22:04,여객,출발,,A321,195,"E,F,G,L"
출발,인천,네덜란드항공,KL856,암스테르담,20250906,22:25,22:25,22:50,여객,출발,,B787-9,294,"M,F,G,L"
출발,인천,대한항공,KE619,마닐라,20250906,22:35,22:35,22:59,여객,출발,,A330-300,272,"A,B,C,D"
출발,인천,대한항공,KE075,밴쿠버,20250906,22:40,22:40,23:06,여객,출발,,B787-9,269,"A,B,C,D"
출발,인천,대한항공,KE647,싱가포르,20250907,00:05,00:35,00:50,여객,지연,여객 및 화물처리에 의한 지연,B777-300ER,277,"A,B,C,D"
출발,인천,대한항공,KE1401,김해,20250907,06:35,06:35,06:44,여객,출발,,B737-900,188,
출발,인천,에어부산,BX164,도쿄/나리타,20250907,07:15,07:15,07:35,여객,출발,,A321,195,"E,F,G,L"
출발,인천,진에어,LJ261,후쿠오카,20250907,07:15,07:15,07:38,여객,출발,,B737-800,189,"H,F,G,L"
출발,인천,에어부산,BX156,후쿠오카,20250907,07:20,07:20,07:46,여객,출발,,A321,195,"E,F,G,L"
출발,인천,대한항공,KE787,후쿠오카,20250907,07:25,07:25,07:43,여객,출발,,B737-900,188,"A,B,C,D"
출발,인천,진에어,LJ201,도쿄/나리타,20250907,07:25,07:25,07:50,여객,출발,,B737-800,189,"H,F,G,L"
출발,인천,대한항공,KE771,오카야마,20250907,07:30,07:30,08:00,여객,출발,,B737-900,188,"A,B,C,D"
출발,인천,진에어,LJ345,나고야,20250907,07:30,07:30,07:57,여객,출발,,B737-800,189,"H,F,G,L"
출발,인천,진에어,LJ231,간사이,20250907,07:40,07:40,08:11,여객,출발,,B737-800,189,"H,F,G,L"
출발,인천,대한항공,KE173,홍콩,20250907,07:45,08:45,09:09,여객,지연,항공기 정비에 의한 지연,A321neo,182,"A,B,C,D"
출발,인천,대한항공,KE621,마닐라,20250907,07:50,07:50,08:24,여객,출발,,B737-900,188,"A,B,C,D"
출발,인천,대한항공,KE845,청도,20250907,07:50,07:50,08:15,여객,출발,,B737-900,188,"A,B,C,D"
출발,인천,진에어,LJ731,타오위안,20250907,07:50,07:50,08:17,여객,출발,,B737-800,189,"H,F,G,L"
출발,인천,대한항공,KE131,정저우,20250907,08:00,08:00,08:22,여객,출발,,B737-900,188,"A,B,C,D"
출발,인천,대한항공,KE441,노이바이(하노이),20250907,08:00,08:00,08:32,여객,출발,,A330-300,272,"A,B,C,D"
출발,인천,대한항공,KE197,칭기즈칸(신 울란바토르) 국제공항,20250907,08:10,08:10,08:30,여객,출발,,B737-900,188,"A,B,C,D"
출발,인천,진에어,LJ241,간사이,20250907,08:10,08:10,08:40,여객,출발,,B737-800,189,"H,F,G,L"
출발,인천,진에어,LJ357,시모지시마,20250907,08:10,08:10,08:40,여객,출발,,B737-800,189,"H,F,G,L"
출발,인천,대한항공,KE859,베이징,20250907,08:15,08:15,08:34,여객,출발,,B777-300ER,277,"A,B,C,D"
출발,인천,진에어,LJ203,도쿄/나리타,20250907,08:15,09:04,09:20,여객,지연,항공기 연결에 의한 지연,B737-800,189,"H,F,G,L"
출발,인천,대한항공,KE127,푸저우(복주),20250907,08:20,08:20,08:48,여객,출발,,B737-900,188,"A,B,C,D"
출발,인천,대한항공,KE1403,김해,20250907,08:20,09:00,09:23,여객,지연,항공기 연결에 의한 지연,B737-900,188,
출발,인천,진에어,LJ301,삿포로,20250907,08:20,08:20,08:48,여객,출발,,B737-800,189,"H,F,G,L"
출발,인천,대한항공,KE731,고베,20250907,08:25,08:25,08:45,여객,출발,,A321neo,182,"A,B,C,D"
출발,인천,대한항공,KE893,푸동,20250907,08:25,08:25,08:56,여객,출발,,A330-300,272,"A,B,C,D"
출발,인천,에어 프랑스,AF267,파리,20250907,08:30,08:30,08:54,여객,출발,,B777-300ER,296,"M,F,G,L"
출발,인천,대한항공,KE775,고마쓰,20250907,08:35,08:35,08:54,여객,출발,,B737-900,188,"A,B,C,D"
출발,인천,대한항공,KE827,선전(심천),20250907,08:40,08:40,09:05,여객,출발,,B737-900,188,"A,B,C,D"
출발,인천,대한항공,KE831,심양,20250907,08:45,08:05,08:26,여객,출발,,B737-900,188,"A,B,C,D"
출발,인천,대한항공,KE137,우한,20250907,08:50,08:50,09:02,여객,출발,,B737-900,188,"A,B,C,D"
출발,인천,대한항공,KE865,광저우,20250907,08:50,08:50,09:15,여객,출발,,A330-300,272,"A,B,C,D"
출발,인천,대한항공,KE819,창사(장사),20250907,09:00,09:00,09:16,여객,출발,,B737-900,188,"A,B,C,D"
출발,인천,대한항공,KE469,떤 선녓(호찌민),20250907,09:05,09:05,09:34,여객,출발,,A330-300,272,"A,B,C,D"
출발,인천,진에어,LJ361,이시가키,20250907,09:05,09:05,09:22,여객,출발,,B737-800,189,"H,F,G,L"
출발,인천,대한항공,KE805,천진,20250907,09:10,09:10,09:40,여객,출발,,B737-900,188,"A,B,C,D"
출발,인천,대한항공,KE811,시안,20250907,09:10,09:50,10:12,여객,지연,운항 기준 및 승무원 관련 지연,B737-900,188,"A,B,C,D"
출발,인천,에어부산,BX172,간사이,20250907,09:15,09:15,09:27,여객,출발,,A321,195,"E,F,G,L"
출발,인천,대한항공,KE035,애틀랜타,20250907,09:20,09:20,09:48,여객,출발,,B777-300ER,277,"A,B,C,D"
출발,인천,진에어,LJ913,괌,20250907,09:20,09:20,09:57,여객,출발,,B737-800,189,"H,F,G,L"
출발,인천,대한항공,KE031,댈러스,20250907,09:30,09:30,10:15,여객,출발,,B787-9,269,"A,B,C,D"
출발,인천,대한항공,KE091,보스턴,20250907,09:30,09:30,10:09,여객,출발,,B787-9,269,"A,B,C,D"
출발,인천,대한항공,KE657,수안나폼(방콕),20250907,09:30,09:30,09:57,여객,출발,,A330-300,272,"A,B,C,D"
출발,인천,대한항공,KE755,오키나와,20250907,09:30,09:30,10:10,여객,지연,여객 및 화물처리에 의한 지연,B737-900,188,"A,B,C,D"
출발,인천,대한항공,KE777,구마모토,20250907,09:30,09:30,10:13,여객,출발,,B737-900,188,"A,B,C,D"
출발,인천,대한항공,KE073,토론토,20250907,09:35,09:35,10:20,여객,지연,항공교통흐름에 의한 지연,B777-300ER,277,"A,B,C,D"
출발,인천,대한항공,KE723,간사이,20250907,09:35,09:35,10:18,여객,출발,,A321neo,182,"A,B,C,D"
출발,인천,대한항공,KE421,괌,20250907,09:45,09:45,10:22,여객,지연,항공교통흐름에 의한 지연,B737-900,188,"A,B,C,D"
출발,인천,진에어,LJ205,도쿄/나리타,20250907,09:45,10:15,10:31,여객,지연,항공기 정비에 의한 지연,B737-800,189,"H,F,G,L"
출발,인천,대한항공,KE913,마드리드,20250907,09:55,09:55,10:21,여객,출발,,B787-9,269,"A,B,C,D"
출발,인천,진에어,LJ341,오키나와,20250907,09:55,10:17,10:35,여객,지연,항공기 연결에 의한 지연,B737-800,189,"H,F,G,L"
출발,인천,대한항공,KE081,뉴욕,20250907,10:00,10:00,10:42,여객,출발,,A380-800,407,"A,B,C,D"
출발,인천,대한항공,KE765,삿포로,20250907,10:05,10:05,10:25,여객,출발,,B737-900,188,"A,B,C,D"
출발,인천,대한항공,KE703,도쿄/나리타,20250907,10:10,10:10,10:37,여객,출발,,A321neo,182,"A,B,C,D"
출발,인천,델타항공,DL158,디트로이트,20250907,10:15,10:15,10:29,여객,출발,,A350-900,306,"K,F,G,L"
출발,인천,대한항공,KE169,마카오,20250907,10:20,10:20,10:55,여객,출발,,A321neo,182,"A,B,C,D"
출발,인천,대한항공,KE093,워싱톤,20250907,10:25,10:25,10:52,여객,출발,,B777-300ER,277,"A,B,C,D"
출발,인천,대한항공,KE101,남경,20250907,10:25,10:25,10:40,여객,출발,,A321neo,182,"A,B,C,D"
출발,인천,대한항공,KE937,비엔나,20250907,10:25,10:45,11:35,여객,지연,항공기 연결에 의한 지연,B787-9,269,"A,B,C,D"
출발,인천,대한항공,KE185,타오위안,20250907,10:30,10:30,10:50,여객,출발,,A321neo,182,"A,B,C,D"
출발,인천,가루다인도네시아,GA879,자카르타(수카르노 하타),20250907,10:35,10:35,10:59,여객,출발,,A330-900neo,301,"J,F,G,L"
출발,인천,대한항공,KE741,나고야,20250907,10:35,10:35,11:06,여객,출발,,A321neo,182,"A,B,C,D"
출발,인천,대한항공,KE037,시카고,20250907,10:40,10:40,11:10,여객,출발,,B777-300ER,277,"A,B,C,D"
출발,인천,대한항공,KE855,베이징,20250907,10:40,10:40,11:13,여객,출발,,A330-300,272,"A,B,C,D"
출발,인천,대한항공,KE457,다낭,20250907,10:55,10:55,11:42,여객,지연,항공교통흐름에 의한 지연,B737-900,188,"A,B,C,D"
출발,인천,대한항공,KE907,런던히드로,20250907,10:55,10:55,11:18,여객,출발,,A380-800,407,"A,B,C,D"
출발,인천,대한항공,KE945,프랑크푸르트,20250907,11:05,11:05,11:59,여객,지연,여객 및 화물처리에 의한 지연,A380-800,407,"A,B,C,D"
출발,인천,대한항공,KE897,푸동,20250907,11:10,11:10,11:33,여객,출발,,B777-300ER,277,"A,B,C,D"
출발,인천,대한항공,KE9987,오슬로,20250907,11:15,11:15,12:11,여객,지연,운항 기준 및 승무원 관련 지연,B787-9,269,"A,B,C,D"
출발,인천,가루다인도네시아,GA871,덴파사(응우라 라이),20250907,11:25,11:25,11:48,여객,출발,,A330-300,251,"J,F,G,L"
출발,인천,에어부산,BX158,후쿠오카,20250907,11:25,11:25,11:42,여객,출발,,A321,195,"E,F,G,L"
출발,인천,아에로멕시코,AM091,멕시코시티,20250907,11:40,11:40,11:51,여객,출발,,B787-9,274,"H,F,G,L"
출발,인천,대한항공,KE925,암스테르담,20250907,11:55,11:55,12:56,여객,지연,항공교통흐름에 의한 지연,B777-300ER,277,"A,B,C,D"
출발,인천,중화항공,CI165,가오슝,20250907,12:05,12:05,12:19,여객,출발,,A321neo,180,"J,F,G,L"
출발,인천,진에어,LJ263,후쿠오카,20250907,12:10,12:10,12:22,여객,출발,,B737-800,189,"H,F,G,L"
출발,인천,대한항공,KE769,삿포로,20250907,12:35,12:35,12:41,여객,출발,,B737-900,188,"A,B,C,D"
출발,인천,대한항공,KE803,천진,20250907,12:35,12:35,13:19,여객,지연,항공교통흐름에 의한 지연,B737-900,188,"A,B,C,D"
출발,인천,중화항공,CI161,타오위안,20250907,12:35,12:35,13:04,여객,출발,,A330-300,277,"J,F,G,L"
출발,인천,에어부산,BX174,간사이,20250907,12:40,12:40,12:56,여객,출발,,A321,195,"E,F,G,L"
출발,인천,대한항공,KE497,델리,20250907,12:55,12:55,13:14,여객,출발,,B787-9,269,"A,B,C,D"
출발,인천,대한항공,KE711,도쿄/나리타,20250907,13:00,13:00,13:19,여객,출발,,A321neo,182,"A,B,C,D"
출발,인천,대한항공,KE869,대련,20250907,13:00,13:00,13:22,여객,출발,,B737-900,188,"A,B,C,D"
출발,인천,대한항공,KE921,리스본,20250907,13:00,13:00,13:36,여객,출발,,B787-9,269,"A,B,C,D"
출발,인천,대한항공,KE843,청도,20250907,13:05,13:05,13:27,여객,출발,,B737-900,188,"A,B,C,D"
출발,인천,대한항공,KE135,허페이,20250907,13:25,13:25,13:44,여객,출발,,B737-900,188,"A,B,C,D"
출발,인천,대한항공,KE175,홍콩,20250907,13:25,13:25,14:04,여객,지연,여객 및 화물처리에 의한 지연,A321neo,182,"A,B,C,D"
출발,인천,대한항공,KE951,두바이,20250907,13:25,15:10,15:38,여객,지연,항공기 정비에 의한 지연,B777-300ER,277,"A,B,C,D"
출발,인천,샤먼항공,MF872,샤먼 가오치,20250907,13:30,13:30,13:40,여객,출발,,B737-800,168,"J,F,G,L"
출발,인천,대한항공,KE927,밀라노,20250907,13:40,13:40,14:17,여객,출발,,B787-9,269,"A,B,C,D"
출발,인천,대한항공,KE789,후쿠오카,20250907,13:45,13:45,14:10,여객,출발,,B737-900,188,"A,B,C,D"
출발,인천,진에어,LJ861,청도,20250907,13:50,13:50,14:14,여객,출발,,B737-800,189,"H,F,G,L"
출발,인천,대한항공,KE017,로스앤젤레스,20250907,14:30,14:30,14:51,여객,출발,,B747-8i,368,"A,B,C,D"
출발,인천,대한항공,KE833,심양,20250907,14:35,14:35,14:54,여객,출발,,B737-900,188,"A,B,C,D"
출발,인천,진에어,LJ237,간사이,20250907,14:40,14:40,15:10,여객,출발,,B737-800,189,"H,F,G,L"
출발,인천,대한항공,KE643,싱가포르,20250907,14:45,14:45,15:31,여객,지연,항공교통흐름에 의한 지연,A330-300,272,"A,B,C,D"
출발,인천,진에어,LJ209,도쿄/나리타,20250907,14:45,14:45,15:07,여객,출발,,B737-800,189,"H,F,G,L"
출발,인천,대한항공,KE725,간사이,20250907,15:05,15:05,15:30,여객,출발,,A321neo,182,"A,B,C,D"
출발,인천,대한항공,KE627,자카르타(수카르노 하타),20250907,15:10,15:10,15:45,여객,출발,,A330-300,272,"A,B,C,D"
출발,인천,대한항공,KE189,타이중,20250907,15:15,15:15,15:52,여객,출발,,A321neo,182,"A,B,C,D"
출발,인천,에어부산,BX176,간사이,20250907,15:25,15:25,15:58,여객,출발,,A321,195,"E,F,G,L"
출발,인천,진에어,LJ211,도쿄/나리타,20250907,15:35,15:58,16:20,여객,지연,공항 및 출입국 절차에 의한 지연,B737-800,189,"H,F,G,L"
출발,인천,대한항공,KE733,고베,20250907,15:50,15:50,16:28,여객,지연,항공교통흐름에 의한 지연,A321neo,182,"A,B,C,D"
출발,인천,에어부산,BX166,도쿄/나리타,20250907,15:50,15:50,16:25,여객,출발,,A321,195,"E,F,G,L"
출발,인천,진에어,LJ265,후쿠오카,20250907,15:50,16:09,16:29,여객,지연,공항 및 출입국 절차에 의한 지연,B737-800,189,"H,F,G,L"
출발,인천,대한항공,KE023,샌프란시스코,20250907,16:00,16:20,17:17,여객,지연,항공기 연결에 의한 지연,B777-300ER,277,"A,B,C,D"
출발,인천,진에어,LJ347,나고야,20250907,16:05,16:36,16:58,여객,지연,공항 및 출입국 절차에 의한 지연,B737-800,189,"H,F,G,L"
출발,인천,대한항공,KE187,타오위안,20250907,16:10,16:10,16:41,여객,출발,,A321neo,182,"A,B,C,D"
출발,인천,대한항공,KE633,덴파사(응우라 라이),20250907,16:10,16:10,16:50,여객,지연,여객 및 화물처리에 의한 지연,A330-300,272,"A,B,C,D"
출발,인천,진에어,LJ239,간사이,20250907,16:15,16:15,17:14,여객,지연,,B737-800,189,"H,F,G,L"
출발,인천,진에어,LJ351,기타규슈,20250907,16:15,16:15,17:07,여객,지연,,B737-800,189,"H,F,G,L"
출발,인천,대한항공,KE671,쿠알라룸푸르,20250907,16:20,16:20,16:47,여객,출발,,A330-300,272,"A,B,C,D"
출발,인천,델타항공,DL188,애틀랜타,20250907,16:25,16:25,17:05,여객,출발,,A350-900,306,"K,F,G,L"
출발,인천,대한항공,KE041,시애틀,20250907,16:40,16:40,17:47,여객,지연,운항 기준 및 승무원 관련 지연,A330-300,272,"A,B,C,D"
출발,인천,대한항공,KE713,도쿄/나리타,20250907,17:05,17:05,17:53,여객,지연,항공교통흐름에 의한 지연,A321neo,182,"A,B,C,D"
출발,인천,대한항공,KE1405,김해,20250907,17:10,17:10,17:55,여객,지연,항공교통흐름에 의한 지연,B737-900,188,
출발,인천,대한항공,KE485,푸꾸옥,20250907,17:10,17:10,17:37,여객,출발,,B737-900,188,"A,B,C,D"
출발,인천,진에어,LJ009,치앙마이,20250907,17:10,17:38,18:00,여객,지연,공항 및 출입국 절차에 의한 지연,B737-800,189,"H,F,G,L"
출발,인천,대한항공,KE8425,괌,20250907,17:15,17:15,17:58,여객,지연,항공교통흐름에 의한 지연,B737-900,188,"A,B,C,D"
출발,인천,에어부산,BX747,수안나폼(방콕),20250907,17:15,17:15,18:10,여객,출발,,A321,195,"E,F,G,L"
출발,인천,진에어,LJ919,괌,20250907,17:35,17:52,18:20,여객,지연,공항 및 출입국 절차에 의한 지연,B737-800,189,"H,F,G,L"
출발,인천,대한항공,KE629,덴파사(응우라 라이),20250907,17:45,17:45,18:16,여객,출발,,A330-300,272,"A,B,C,D"
출발,인천,대한항공,KE663,푸껫,20250907,17:50,17:50,18:18,여객,출발,,B737-900,188,"A,B,C,D"
출발,인천,대한항공,KE411,오클랜드,20250907,18:00,18:00,18:24,여객,출발,,B787-9,269,"A,B,C,D"
출발,인천,대한항공,KE651,수안나폼(방콕),20250907,18:05,18:20,18:57,여객,지연,항공기 연결에 의한 지연,A330-300,272,"A,B,C,D"
출발,인천,대한항공,KE461,다낭,20250907,18:20,18:20,19:15,여객,지연,항공교통흐름에 의한 지연,B737-900,188,"A,B,C,D"
출발,인천,대한항공,KE1407,김해,20250907,18:25,18:25,19:05,여객,출발,,B737-900,188,
출발,인천,대한항공,KE705,도쿄/나리타,20250907,18:35,18:35,19:10,여객,출발,,A321neo,182,"A,B,C,D"
출발,인천,대한항공,KE871,대련,20250907,18:35,18:35,19:04,여객,출발,,B737-900,188,"A,B,C,D"
출발,인천,대한항공,KE161,쿤밍,20250907,18:40,19:00,19:43,여객,지연,항공기 연결에 의한 지연,B737-900,188,"A,B,C,D"
출발,인천,대한항공,KE423,괌,20250907,18:40,18:40,19:14,여객,출발,,B737-900,188,"A,B,C,D"
출발,인천,대한항공,KE645,싱가포르,20250907,18:40,18:40,19:29,여객,지연,여객 및 화물처리에 의한 지연,A330-300,272,"A,B,C,D"
출발,인천,대한항공,KE781,후쿠오카,20250907,18:40,18:40,19:19,여객,지연,여객 및 화물처리에 의한 지연,B737-900,188,"A,B,C,D"
출발,인천,델타항공,DL170,미니애폴리스,20250907,18:40,19:41,20:01,여객,지연,항공기 연결에 의한 지연,A350-900,306,"K,F,G,L"
출발,인천,대한항공,KE071,밴쿠버,20250907,18:45,18:45,19:23,여객,지연,여객 및 화물처리에 의한 지연,B787-9,269,"A,B,C,D"
출발,인천,대한항공,KE453,노이바이(하노이),20250907,18:45,18:45,19:25,여객,지연,항공교통흐름에 의한 지연,B737-900,188,"A,B,C,D"
출발,인천,대한항공,KE475,떤 선녓(호찌민),20250907,18:45,18:45,19:27,여객,지연,항공교통흐름에 의한 지연,B737-900,188,"A,B,C,D"
출발,인천,대한항공,KE623,마닐라,20250907,18:50,18:50,19:44,여객,지연,항공기 연결에 의한 지연,B737-900,188,"A,B,C,D"
출발,인천,대한항공,KE689,프놈펜,20250907,18:50,18:50,19:47,여객,지연,항공기 연결에 의한 지연,B737-900,188,"A,B,C,D"
출발,인천,대한항공,KE743,나고야,20250907,18:50,19:40,20:10,여객,지연,항공기 연결에 의한 지연,A321neo,182,"A,B,C,D"
출발,인천,델타항공,DL26,애틀랜타,20250907,18:50,19:08,19:31,여객,지연,여객 및 화물처리에 의한 지연,A350-900,306,"K,F,G,L"
출발,인천,대한항공,KE895,푸동,20250907,18:55,18:55,19:40,여객,지연,항공교통흐름에 의한 지연,A330-300,272,"A,B,C,D"
출발,인천,대한항공,KE721,간사이,20250907,19:00,19:00,19:36,여객,출발,,A321neo,182,"A,B,C,D"
출발,인천,대한항공,KE401,시드니,20250907,19:10,19:10,19:52,여객,지연,항공교통흐름에 의한 지연,A380-800,407,"A,B,C,D"
출발,인천,진에어,LJ131,코타키나발루,20250907,19:10,19:10,19:48,여객,출발,,B737-800,189,"H,F,G,L"
출발,인천,델타항공,DL196,시애틀,20250907,19:20,:,:,여객,취소,항공기 연결에 의한 지연,A330-900neo,281,"K,F,G,L"
출발,인천,대한항공,KE085,뉴욕,20250907,19:30,19:55,20:12,여객,지연,기타 원인에 의한 지연,B747-8i,368,"A,B,C,D"
출발,인천,대한항공,KE1431,대구,20250907,19:30,19:30,19:59,여객,출발,,B737-900,188,
출발,인천,대한항공,KE1409,김해,20250907,19:35,19:35,20:03,여객,출발,,B737-900,188,
출발,인천,델타항공,DL172,솔트레이크시티,20250907,19:40,20:20,20:47,여객,지연,여객 및 화물처리에 의한 지연,A350-900,306,"K,F,G,L"
출발,인천,대한항공,KE177,홍콩,20250907,19:45,19:45,20:06,여객,출발,,A321neo,182,"A,B,C,D"
출발,인천,대한항공,KE477,떤 선녓(호찌민),20250907,19:45,20:05,20:31,여객,지연,항공기 연결에 의한 지연,B737-900,188,"A,B,C,D"
출발,인천,대한항공,KE659,수안나폼(방콕),20250907,19:45,19:45,20:19,여객,출발,,B737-900,188,"A,B,C,D"
출발,인천,진에어,LJ001,수안나폼(방콕),20250907,19:55,19:55,20:28,여객,출발,,B737-800,189,"H,F,G,L"
출발,인천,대한항공,KE467,깜라인(나트랑),20250907,20:00,20:00,20:25,여객,출발,,B737-900,188,"A,B,C,D"
출발,인천,대한항공,KE853,베이징,20250907,20:00,20:00,21:13,여객,지연,항공기 연결에 의한 지연,A330-300,272,"A,B,C,D"
출발,인천,대한항공,KE615,세부,20250907,20:05,20:05,20:23,여객,출발,,B737-900,188,"A,B,C,D"
출발,인천,대한항공,KE625,마닐라,20250907,20:15,20:35,21:07,여객,지연,항공기 연결에 의한 지연,B737-900,188,"A,B,C,D"
출발,인천,대한항공,KE011,로스앤젤레스,20250907,20:25,20:25,20:53,여객,출발,,A380-800,407,"A,B,C,D"
출발,인천,진에어,LJ081,다낭,20250907,20:25,21:08,21:30,여객,지연,항공교통흐름에 의한 지연,B737-800,189,"H,F,G,L"
출발,인천,대한항공,KE719,하네다,20250907,20:30,20:30,21:09,여객,출발,,A321neo,182,"A,B,C,D"
출발,인천,샤먼항공,MF878,푸저우(복주),20250907,20:35,20:35,21:05,여객,출발,,B737-800,168,"J,F,G,L"
출발,인천,중화항공,CI163,타오위안,20250907,20:35,20:35,20:55,여객,출발,,A330-300,277,"J,F,G,L"
출발,인천,진에어,LJ087,깜라인(나트랑),20250907,20:40,21:10,21:33,여객,지연,항공교통흐름에 의한 지연,B737-800,189,"H,F,G,L"
출발,인천,진에어,LJ043,팡라로,20250907,20:50,20:50,21:23,여객,출발,,B737-800,189,"H,F,G,L"
출발,인천,진에어,LJ917,괌,20250907,20:50,20:50,21:21,여객,출발,,B737-800,189,"H,F,G,L"
출발,인천,대한항공,KE005,라스베이거스,20250907,21:00,21:00,21:28,여객,출발,,B777-300ER,277,"A,B,C,D"
출발,인천,대한항공,KE053,호놀룰루,20250907,21:05,21:05,21:35,여객,출발,,A330-300,272,"A,B,C,D"
출발,인천,대한항공,KE655,수안나폼(방콕),20250907,21:15,21:15,21:42,여객,출발,,A330-300,272,"A,B,C,D"
출발,인천,에어부산,BX787,깜라인(나트랑),20250907,21:30,21:30,22:38,여객,지연,항공교통흐름에 의한 지연,A321,195,"E,F,G,L"
출발,인천,진에어,LJ885,엔스 쉬자핑,20250907,21:45,21:45,22:21,여객,출발,,B737-800,189,"H,F,G,L"
출발,인천,네덜란드항공,KL856,암스테르담,20250907,22:25,22:25,23:08,여객,지연,항공교통흐름에 의한 지연,B787-9,294,"M,F,G,L"
출발,인천,대한항공,KE619,마닐라,20250907,22:35,22:35,22:45,여객,출발,,A330-300,272,"A,B,C,D"
출발,인천,대한항공,KE647,싱가포르,20250907,23:35,23:35,23:58,여객,출발,,B777-300ER,277,"A,B,C,D"
출발,인천,대한항공,KE1401,김해,20250908,06:35,06:35,06:46,여객,출발,,B737-900,188,
출발,인천,에어부산,BX164,도쿄/나리타,20250908,07:15,07:15,07:29,여객,출발,,A321,195,"E,F,G,L"
출발,인천,진에어,LJ261,후쿠오카,20250908,07:15,07:15,07:31,여객,출발,,B737-800,189,"H,F,G,L"
출발,인천,에어부산,BX156,후쿠오카,20250908,07:20,08:40,08:58,여객,지연,항공기 연결에 의한 지연,A321,195,"E,F,G,L"
출발,인천,대한항공,KE787,후쿠오카,20250908,07:25,07:25,07:53,여객,출발,,B737-900,188,"A,B,C,D"
출발,인천,진에어,LJ201,도쿄/나리타,20250908,07:25,07:25,07:56,여객,출발,,B737-800,189,"H,F,G,L"
출발,인천,대한항공,KE795,나가사키,20250908,07:30,07:30,07:48,여객,출발,,B737-900,188,"A,B,C,D"
출발,인천,진에어,LJ345,나고야,20250908,07:30,07:30,07:46,여객,출발,,B737-800,189,"H,F,G,L"
출발,인천,진에어,LJ231,간사이,20250908,07:40,07:40,08:03,여객,출발,,B737-800,189,"H,F,G,L"
출발,인천,대한항공,KE173,홍콩,20250908,07:45,10:45,11:04,여객,지연,기상에 의한 지연,A321neo,182,"A,B,C,D"
출발,인천,대한항공,KE621,마닐라,20250908,07:50,07:50,08:27,여객,지연,항공기 정비에 의한 지연,B737-900,188,"A,B,C,D"
출발,인천,대한항공,KE845,청도,20250908,07:50,07:50,08:05,여객,출발,,B737-900,188,"A,B,C,D"
출발,인천,진에어,LJ731,타오위안,20250908,07:50,07:50,08:12,여객,출발,,B737-800,189,"H,F,G,L"
출발,인천,대한항공,KE131,정저우,20250908,08:00,08:00,08:08,여객,출발,,B737-900,188,"A,B,C,D"
출발,인천,대한항공,KE441,노이바이(하노이),20250908,08:00,08:00,08:14,여객,출발,,A330-300,272,"A,B,C,D"
출발,인천,대한항공,KE197,칭기즈칸(신 울란바토르) 국제공항,20250908,08:10,08:10,08:24,여객,출발,,B737-900,188,"A,B,C,D"
출발,인천,대한항공,KE767,아오모리,20250908,08:10,08:10,08:28,여객,출발,,B737-900,188,"A,B,C,D"
출발,인천,진에어,LJ241,간사이,20250908,08:10,08:10,08:34,여객,출발,,B737-800,189,"H,F,G,L"
출발,인천,진에어,LJ357,시모지시마,20250908,08:10,08:10,08:38,여객,출발,,B737-800,189,"H,F,G,L"
출발,인천,대한항공,KE859,베이징,20250908,08:15,08:15,08:29,여객,출발,,B777-300ER,277,"A,B,C,D"
출발,인천,진에어,LJ203,도쿄/나리타,20250908,08:15,08:15,08:44,여객,출발,,B737-800,189,"H,F,G,L"
출발,인천,대한항공,KE1403,김해,20250908,08:20,08:20,08:48,여객,출발,,B737-900,188,
출발,인천,진에어,LJ301,삿포로,20250908,08:20,08:20,08:53,여객,출발,,B737-800,189,"H,F,G,L"
출발,인천,대한항공,KE731,고베,20250908,08:25,08:25,08:50,여객,출발,,A321neo,182,"A,B,C,D"
출발,인천,대한항공,KE893,푸동,20250908,08:25,08:25,08:44,여객,출발,,A330-300,272,"A,B,C,D"
출발,인천,에어 프랑스,AF267,파리,20250908,08:30,08:30,08:58,여객,출발,,B777-300ER,296,"M,F,G,L"
출발,인천,대한항공,KE827,선전(심천),20250908,08:40,08:40,08:53,여객,출발,,B737-900,188,"A,B,C,D"
출발,인천,대한항공,KE831,심양,20250908,08:45,08:05,08:20,여객,출발,,B737-900,188,"A,B,C,D"
출발,인천,대한항공,KE865,광저우,20250908,08:50,08:50,09:09,여객,출발,,A330-300,272,"A,B,C,D"
출발,인천,대한항공,KE819,창사(장사),20250908,09:00,09:00,09:07,여객,출발,,B737-900,188,"A,B,C,D"
출발,인천,대한항공,KE469,떤 선녓(호찌민),20250908,09:05,09:33,09:53,여객,지연,항공교통흐름에 의한 지연,A330-300,272,"A,B,C,D"
출발,인천,진에어,LJ361,이시가키,20250908,09:05,09:05,09:25,여객,출발,,B737-800,189,"H,F,G,L"
출발,인천,대한항공,KE805,천진,20250908,09:10,09:10,09:27,여객,출발,,B737-900,188,"A,B,C,D"
출발,인천,대한항공,KE811,시안,20250908,09:10,09:10,09:34,여객,출발,,B737-900,188,"A,B,C,D"
출발,인천,에어부산,BX172,간사이,20250908,09:15,09:15,09:20,여객,출발,,A321,195,"E,F,G,L"
출발,인천,대한항공,KE035,애틀랜타,20250908,09:20,09:20,09:35,여객,출발,,B777-300ER,277,"A,B,C,D"
출발,인천,대한항공,KE785,가고시마,20250908,09:20,09:20,09:40,여객,출발,,B737-900,188,"A,B,C,D"
출발,인천,진에어,LJ913,괌,20250908,09:20,09:20,09:42,여객,출발,,B737-800,189,"H,F,G,L"
출발,인천,대한항공,KE031,댈러스,20250908,09:30,09:30,09:46,여객,출발,,B787-9,269,"A,B,C,D"
출발,인천,대한항공,KE091,보스턴,20250908,09:30,09:30,09:53,여객,출발,,B787-9,269,"A,B,C,D"
출발,인천,대한항공,KE657,수안나폼(방콕),20250908,09:30,10:02,10:23,여객,지연,항공교통흐름에 의한 지연,A330-300,272,"A,B,C,D"
출발,인천,대한항공,KE755,오키나와,20250908,09:30,09:30,09:47,여객,출발,,B737-900,188,"A,B,C,D"
출발,인천,대한항공,KE073,토론토,20250908,09:35,09:35,10:00,여객,출발,,B777-300ER,277,"A,B,C,D"
출발,인천,대한항공,KE723,간사이,20250908,09:35,09:35,09:50,여객,출발,,A321neo,182,"A,B,C,D"
출발,인천,대한항공,KE421,괌,20250908,09:45,09:45,10:03,여객,출발,,B737-900,188,"A,B,C,D"
출발,인천,진에어,LJ205,도쿄/나리타,20250908,09:45,09:45,10:10,여객,출발,,B737-800,189,"H,F,G,L"
출발,인천,진에어,LJ341,오키나와,20250908,09:55,09:55,10:18,여객,출발,,B737-800,189,"H,F,G,L"
출발,인천,대한항공,KE081,뉴욕,20250908,10:00,10:00,10:31,여객,출발,,A380-800,407,"A,B,C,D"
출발,인천,대한항공,KE703,도쿄/나리타,20250908,10:05,10:05,10:28,여객,출발,,A321neo,182,"A,B,C,D"
출발,인천,대한항공,KE765,삿포로,20250908,10:05,10:05,10:13,여객,출발,,B737-900,188,"A,B,C,D"
출발,인천,델타항공,DL158,디트로이트,20250908,10:15,10:15,10:21,여객,출발,,A350-900,306,"K,F,G,L"
출발,인천,대한항공,KE093,워싱톤,20250908,10:25,10:25,10:44,여객,출발,,B777-300ER,277,"A,B,C,D"
출발,인천,대한항공,KE101,남경,20250908,10:25,10:25,10:48,여객,출발,,A321neo,182,"A,B,C,D"
출발,인천,대한항공,KE937,비엔나,20250908,10:25,10:25,10:41,여객,출발,,B787-9,269,"A,B,C,D"
출발,인천,대한항공,KE185,타오위안,20250908,10:30,10:30,11:00,여객,출발,,A321neo,182,"A,B,C,D"
출발,인천,가루다인도네시아,GA879,자카르타(수카르노 하타),20250908,10:35,10:35,10:55,여객,출발,,A330-900neo,301,"J,F,G,L"
출발,인천,대한항공,KE741,나고야,20250908,10:35,10:35,10:53,여객,출발,,A321neo,182,"A,B,C,D"
출발,인천,대한항공,KE037,시카고,20250908,10:40,10:40,10:57,여객,출발,,B777-300ER,277,"A,B,C,D"
출발,인천,대한항공,KE855,베이징,20250908,10:40,10:40,11:10,여객,출발,,A330-300,272,"A,B,C,D"
출발,인천,대한항공,KE969,프라하,20250908,10:45,10:45,11:06,여객,출발,,B787-9,269,"A,B,C,D"
출발,인천,대한항공,KE457,다낭,20250908,10:55,10:55,11:32,여객,출발,,B737-900,188,"A,B,C,D"
출발,인천,대한항공,KE907,런던히드로,20250908,10:55,10:55,11:24,여객,출발,,A380-800,407,"A,B,C,D"
출발,인천,대한항공,KE897,푸동,20250908,11:10,11:10,11:36,여객,출발,,B777-300ER,277,"A,B,C,D"
출발,인천,대한항공,KE901,파리,20250908,11:10,11:10,11:33,여객,출발,,B777-300ER,277,"A,B,C,D"
출발,인천,가루다인도네시아,GA871,덴파사(응우라 라이),20250908,11:25,11:25,11:41,여객,출발,,A330-300,251,"J,F,G,L"
출발,인천,에어부산,BX158,후쿠오카,20250908,11:25,11:25,11:37,여객,출발,,A321,195,"E,F,G,L"
출발,인천,아에로멕시코,AM091,멕시코시티,20250908,11:40,11:40,12:11,여객,출발,,B787-9,274,"H,F,G,L"
출발,인천,대한항공,KE925,암스테르담,20250908,11:55,11:55,12:21,여객,출발,,B777-300ER,277,"A,B,C,D"
출발,인천,대한항공,KE107,항저우,20250908,12:00,12:00,12:49,여객,지연,여객 및 화물처리에 의한 지연,A321neo,182,"A,B,C,D"
출발,인천,중화항공,CI165,가오슝,20250908,12:05,12:23,12:45,여객,지연,항공교통흐름에 의한 지연,A321neo,180,"J,F,G,L"
출발,인천,진에어,LJ263,후쿠오카,20250908,12:10,12:10,12:24,여객,출발,,B737-800,189,"H,F,G,L"
출발,인천,대한항공,KE769,삿포로,20250908,12:35,13:25,13:40,여객,지연,항공기 정비에 의한 지연,B737-900,188,"A,B,C,D"
출발,인천,대한항공,KE803,천진,20250908,12:35,12:35,12:47,여객,출발,,B737-900,188,"A,B,C,D"
출발,인천,대한항공,KE963,부다페스트,20250908,12:35,12:35,13:09,여객,출발,,B787-9,269,"A,B,C,D"
출발,인천,중화항공,CI161,타오위안,20250908,12:35,12:35,13:05,여객,출발,,A330-300,277,"J,F,G,L"
출발,인천,에어부산,BX174,간사이,20250908,12:40,13:30,13:57,여객,지연,항공기 연결에 의한 지연,A321,195,"E,F,G,L"
출발,인천,대한항공,KE711,도쿄/나리타,20250908,13:00,13:00,13:27,여객,출발,,A321neo,182,"A,B,C,D"
출발,인천,대한항공,KE869,대련,20250908,13:00,13:00,13:15,여객,출발,,B737-900,188,"A,B,C,D"
출발,인천,대한항공,KE843,청도,20250908,13:05,13:05,13:20,여객,출발,,B737-900,188,"A,B,C,D"
출발,인천,대한항공,KE931,로마,20250908,13:20,13:20,13:44,여객,출발,,B777-300ER,277,"A,B,C,D"
출발,인천,대한항공,KE135,허페이,20250908,13:25,13:25,13:51,여객,출발,,B737-900,188,"A,B,C,D"
출발,인천,대한항공,KE175,홍콩,20250908,13:25,13:25,13:42,여객,출발,,A321neo,182,"A,B,C,D"
출발,인천,대한항공,KE951,두바이,20250908,13:25,16:00,16:43,여객,지연,항공기 연결에 의한 지연,B777-300ER,277,"A,B,C,D"
출발,인천,샤먼항공,MF872,샤먼 가오치,20250908,13:30,13:30,13:47,여객,출발,,B737-800,168,"J,F,G,L"
출발,인천,대한항공,KE695,카트만두,20250908,13:35,13:35,14:02,여객,출발,,A330-300,272,"A,B,C,D"
출발,인천,대한항공,KE927,밀라노,20250908,13:40,13:40,14:00,여객,출발,,B787-9,269,"A,B,C,D"
출발,인천,대한항공,KE955,이스탄불,20250908,13:40,13:40,13:53,여객,출발,,B777-300ER,277,"A,B,C,D"
출발,인천,대한항공,KE789,후쿠오카,20250908,13:45,13:45,14:09,여객,출발,,B737-900,188,"A,B,C,D"
출발,인천,진에어,LJ861,청도,20250908,13:50,13:50,14:04,여객,출발,,B737-800,189,"H,F,G,L"
출발,인천,대한항공,KE017,로스앤젤레스,20250908,14:30,14:30,14:43,여객,출발,,B747-8i,368,"A,B,C,D"
출발,인천,진에어,LJ359,다카마쓰,20250908,14:30,14:30,14:48,여객,출발,,B737-800,189,"H,F,G,L"
출발,인천,대한항공,KE833,심양,20250908,14:35,14:35,14:54,여객,출발,,B737-900,188,"A,B,C,D"
출발,인천,진에어,LJ237,간사이,20250908,14:40,14:40,15:03,여객,출발,,B737-800,189,"H,F,G,L"
출발,인천,대한항공,KE643,싱가포르,20250908,14:45,14:45,15:15,여객,출발,,A330-300,272,"A,B,C,D"
출발,인천,진에어,LJ209,도쿄/나리타,20250908,14:45,14:45,15:13,여객,출발,,B737-800,189,"H,F,G,L"
출발,인천,대한항공,KE725,간사이,20250908,14:55,14:55,15:18,여객,출발,,A321neo,182,"A,B,C,D"
출발,인천,대한항공,KE627,자카르타(수카르노 하타),20250908,15:10,15:10,15:28,여객,출발,,A330-300,272,"A,B,C,D"
출발,인천,대한항공,KE189,타이중,20250908,15:15,15:15,15:45,여객,출발,,A321neo,182,"A,B,C,D"
출발,인천,에어부산,BX176,간사이,20250908,15:25,15:25,15:48,여객,출발,,A321,195,"E,F,G,L"
출발,인천,진에어,LJ211,도쿄/나리타,20250908,15:35,15:35,15:57,여객,출발,,B737-800,189,"H,F,G,L"
출발,인천,대한항공,KE733,고베,20250908,15:50,15:50,16:09,여객,출발,,A321neo,182,"A,B,C,D"
출발,인천,에어부산,BX166,도쿄/나리타,20250908,15:50,15:50,16:05,여객,출발,,A321,195,"E,F,G,L"
출발,인천,진에어,LJ265,후쿠오카,20250908,15:50,15:50,16:15,여객,출발,,B737-800,189,"H,F,G,L"
출발,인천,대한항공,KE023,샌프란시스코,20250908,16:00,16:00,16:17,여객,출발,,B777-300ER,277,"A,B,C,D"
출발,인천,진에어,LJ239,간사이,20250908,16:05,16:05,16:30,여객,출발,,B737-800,189,"H,F,G,L"
출발,인천,진에어,LJ347,나고야,20250908,16:05,16:05,16:40,여객,출발,,B737-800,189,"H,F,G,L"
출발,인천,대한항공,KE187,타오위안,20250908,16:10,16:10,16:28,여객,출발,,A321neo,182,"A,B,C,D"
출발,인천,대한항공,KE633,덴파사(응우라 라이),20250908,16:10,16:10,16:22,여객,출발,,A330-300,272,"A,B,C,D"
출발,인천,진에어,LJ351,기타규슈,20250908,16:15,16:15,16:45,여객,출발,,B737-800,189,"H,F,G,L"
출발,인천,대한항공,KE671,쿠알라룸푸르,20250908,16:20,16:20,17:18,여객,지연,항공기 연결에 의한 지연,A330-300,272,"A,B,C,D"
출발,인천,델타항공,DL188,애틀랜타,20250908,16:25,16:25,16:36,여객,출발,,A350-900,306,"K,F,G,L"
출발,인천,대한항공,KE041,시애틀,20250908,16:40,16:40,17:02,여객,출발,,A330-300,272,"A,B,C,D"
출발,인천,대한항공,KE713,도쿄/나리타,20250908,17:05,17:05,17:25,여객,출발,,A321neo,182,"A,B,C,D"
출발,인천,대한항공,KE1405,김해,20250908,17:10,17:10,17:27,여객,출발,,B737-900,188,
출발,인천,진에어,LJ009,치앙마이,20250908,17:10,17:10,17:43,여객,출발,,B737-800,189,"H,F,G,L"
출발,인천,대한항공,KE489,양곤,20250908,17:15,17:15,17:39,여객,출발,,B737-900,188,"A,B,C,D"
출발,인천,대한항공,KE8425,괌,20250908,17:15,17:15,17:33,여객,출발,,B737-900,188,"A,B,C,D"
출발,인천,에어부산,BX747,수안나폼(방콕),20250908,17:15,17:15,17:37,여객,출발,,A321,195,"E,F,G,L"
출발,인천,진에어,LJ919,괌,20250908,17:35,17:35,17:52,여객,출발,,B737-800,189,"H,F,G,L"
출발,인천,대한항공,KE629,덴파사(응우라 라이),20250908,17:45,17:45,17:58,여객,출발,,A330-300,272,"A,B,C,D"
출발,인천,대한항공,KE663,푸껫,20250908,17:50,17:50,18:15,여객,출발,,B737-900,188,"A,B,C,D"
출발,인천,대한항공,KE411,오클랜드,20250908,18:00,18:00,18:17,여객,출발,,B787-9,269,"A,B,C,D"
출발,인천,대한항공,KE651,수안나폼(방콕),20250908,18:05,18:05,18:33,여객,출발,,A330-300,272,"A,B,C,D"
출발,인천,대한항공,KE461,다낭,20250908,18:20,18:20,18:46,여객,출발,,B737-900,188,"A,B,C,D"
출발,인천,대한항공,KE1407,김해,20250908,18:25,18:25,18:56,여객,출발,,B737-900,188,
출발,인천,대한항공,KE667,치앙마이,20250908,18:25,18:25,18:48,여객,출발,,B737-900,188,"A,B,C,D"
출발,인천,대한항공,KE705,도쿄/나리타,20250908,18:35,18:35,19:01,여객,출발,,A321neo,182,"A,B,C,D"
출발,인천,대한항공,KE871,대련,20250908,18:35,18:35,18:57,여객,출발,,B737-900,188,"A,B,C,D"
출발,인천,대한항공,KE161,쿤밍,20250908,18:40,18:40,19:10,여객,출발,,B737-900,188,"A,B,C,D"
출발,인천,대한항공,KE423,괌,20250908,18:40,18:40,19:12,여객,출발,,B737-900,188,"A,B,C,D"
출발,인천,대한항공,KE645,싱가포르,20250908,18:40,18:40,19:14,여객,출발,,A330-300,272,"A,B,C,D"
출발,인천,대한항공,KE781,후쿠오카,20250908,18:40,18:40,19:07,여객,출발,,B737-900,188,"A,B,C,D"
출발,인천,델타항공,DL170,미니애폴리스,20250908,18:40,18:40,18:54,여객,출발,,A350-900,306,"K,F,G,L"
출발,인천,대한항공,KE071,밴쿠버,20250908,18:45,18:45,19:29,여객,지연,공항 및 출입국 절차에 의한 지연,B787-9,269,"A,B,C,D"
출발,인천,대한항공,KE453,노이바이(하노이),20250908,18:45,18:45,19:17,여객,출발,,B737-900,188,"A,B,C,D"
출발,인천,대한항공,KE475,떤 선녓(호찌민),20250908,18:45,18:45,19:31,여객,지연,항공교통흐름에 의한 지연,B737-900,188,"A,B,C,D"
출발,인천,대한항공,KE623,마닐라,20250908,18:50,18:50,19:23,여객,출발,,B737-900,188,"A,B,C,D"
출발,인천,대한항공,KE689,프놈펜,20250908,18:50,19:14,19:38,여객,지연,지상조업 관련 지연,B737-900,188,"A,B,C,D"
출발,인천,대한항공,KE743,나고야,20250908,18:50,19:06,19:33,여객,지연,항공교통흐름에 의한 지연,A321neo,182,"A,B,C,D"
출발,인천,델타항공,DL26,애틀랜타,20250908,18:50,18:50,19:20,여객,출발,,A350-900,306,"K,F,G,L"
출발,인천,대한항공,KE895,푸동,20250908,18:55,19:11,19:35,여객,지연,항공교통흐름에 의한 지연,A330-300,272,"A,B,C,D"
출발,인천,대한항공,KE721,간사이,20250908,19:00,19:19,19:40,여객,지연,항공교통흐름에 의한 지연,A321neo,182,"A,B,C,D"
출발,인천,대한항공,KE401,시드니,20250908,19:10,19:24,19:47,여객,지연,항공교통흐름에 의한 지연,A380-800,407,"A,B,C,D"
출발,인천,델타항공,DL196,시애틀,20250908,19:20,19:10,19:44,여객,출발,,A330-900neo,281,"K,F,G,L"
출발,인천,대한항공,KE085,뉴욕,20250908,19:30,20:00,20:31,여객,지연,기타 원인에 의한 지연,B747-8i,368,"A,B,C,D"
출발,인천,대한항공,KE1431,대구,20250908,19:30,19:30,19:56,여객,출발,,B737-900,188,
출발,인천,대한항공,KE1409,김해,20250908,19:35,19:35,20:11,여객,지연,항공교통흐름에 의한 지연,B737-900,188,
출발,인천,델타항공,DL172,솔트레이크시티,20250908,19:40,19:40,20:00,여객,출발,,A350-900,306,"K,F,G,L"
출발,인천,대한항공,KE177,홍콩,20250908,19:45,19:45,20:16,여객,지연,항공교통흐름에 의한 지연,A321neo,182,"A,B,C,D"
출발,인천,대한항공,KE477,떤 선녓(호찌민),20250908,19:45,19:45,20:22,여객,지연,항공교통흐름에 의한 지연,B737-900,188,"A,B,C,D"
출발,인천,대한항공,KE659,수안나폼(방콕),20250908,19:45,19:45,20:25,여객,지연,항공교통흐름에 의한 지연,B737-900,188,"A,B,C,D"
출발,인천,진에어,LJ001,수안나폼(방콕),20250908,19:55,19:55,20:37,여객,지연,,B737-800,189,"H,F,G,L"
출발,인천,대한항공,KE467,깜라인(나트랑),20250908,20:00,20:00,20:41,여객,지연,기타 원인에 의한 지연,B737-900,188,"A,B,C,D"
출발,인천,대한항공,KE853,베이징,20250908,20:00,21:20,22:09,여객,지연,항공기 연결에 의한 지연,A330-300,272,"A,B,C,D"
출발,인천,대한항공,KE407,브리즈번,20250908,20:05,21:00,21:30,여객,지연,기타 원인에 의한 지연,A330-300,272,"A,B,C,D"
출발,인천,대한항공,KE615,세부,20250908,20:05,20:05,20:35,여객,출발,,B737-900,188,"A,B,C,D"
출발,인천,대한항공,KE625,마닐라,20250908,20:15,20:15,20:58,여객,지연,여객 및 화물처리에 의한 지연,B737-900,188,"A,B,C,D"
출발,인천,대한항공,KE011,로스앤젤레스,20250908,20:25,20:25,20:59,여객,출발,,A380-800,407,"A,B,C,D"
출발,인천,진에어,LJ081,다낭,20250908,20:25,20:25,20:52,여객,출발,,B737-800,189,"H,F,G,L"
출발,인천,대한항공,KE719,하네다,20250908,20:30,21:20,21:59,여객,지연,항공기 연결에 의한 지연,A321neo,182,"A,B,C,D"
출발,인천,샤먼항공,MF878,푸저우(복주),20250908,20:35,20:35,20:50,여객,출발,,B737-800,168,"J,F,G,L"
출발,인천,중화항공,CI163,타오위안,20250908,20:35,20:35,21:02,여객,출발,,A330-300,277,"J,F,G,L"
출발,인천,진에어,LJ087,깜라인(나트랑),20250908,20:40,20:40,21:19,여객,출발,,B737-800,189,"H,F,G,L"
출발,인천,진에어,LJ917,괌,20250908,20:50,20:50,21:11,여객,출발,,B737-800,189,"H,F,G,L"
출발,인천,대한항공,KE005,라스베이거스,20250908,21:00,21:00,21:38,여객,출발,,B777-300ER,277,"A,B,C,D"
출발,인천,대한항공,KE053,호놀룰루,20250908,21:05,21:05,21:45,여객,출발,,A330-300,272,"A,B,C,D"
출발,인천,대한항공,KE655,수안나폼(방콕),20250908,21:15,21:15,21:52,여객,지연,항공교통흐름에 의한 지연,A330-300,272,"A,B,C,D"
출발,인천,네덜란드항공,KL856,암스테르담,20250908,22:25,22:25,22:51,여객,출발,,B787-9,294,"M,F,G,L"
출발,인천,대한항공,KE619,마닐라,20250908,22:35,22:35,23:11,여객,출발,,A330-300,272,"A,B,C,D"
출발,인천,대한항공,KE075,밴쿠버,20250908,22:40,23:00,23:29,여객,지연,항공기 연결에 의한 지연,B787-9,269,"A,B,C,D"
출발,인천,대한항공,KE1401,김해,20250909,06:35,06:35,06:50,여객,출발,,B737-900,188,
출발,인천,에어부산,BX164,도쿄/나리타,20250909,07:15,07:15,07:30,여객,출발,,A321,195,"E,F,G,L"
출발,인천,에어서울,RS711,간사이,20250909,07:15,07:15,07:46,여객,출발,,A321,195,"E,F,G,L"
출발,인천,진에어,LJ261,후쿠오카,20250909,07:15,07:15,07:49,여객,출발,,B737-800,189,"H,F,G,L"
출발,인천,에어부산,BX156,후쿠오카,20250909,07:20,07:20,07:43,여객,출발,,A321,195,"E,F,G,L"
출발,인천,에어서울,RS727,후쿠오카,20250909,07:20,07:20,07:58,여객,출발,,A321,195,"E,F,G,L"
출발,인천,대한항공,KE787,후쿠오카,20250909,07:25,07:25,07:36,여객,출발,,B737-900,188,"A,B,C,D"
출발,인천,진에어,LJ201,도쿄/나리타,20250909,07:25,07:25,08:00,여객,출발,,B737-800,189,"H,F,G,L"
출발,인천,대한항공,KE771,오카야마,20250909,07:30,07:30,08:08,여객,출발,,B737-900,188,"A,B,C,D"
출발,인천,진에어,LJ345,나고야,20250909,07:30,07:30,07:57,여객,출발,,B737-800,189,"H,F,G,L"
출발,인천,진에어,LJ231,간사이,20250909,07:40,08:40,08:20,여객,지연,항공교통흐름에 의한 지연,B737-800,189,"H,F,G,L"
출발,인천,대한항공,KE173,홍콩,20250909,07:45,07:45,08:02,여객,출발,,A321neo,182,"A,B,C,D"
출발,인천,대한항공,KE621,마닐라,20250909,07:50,07:50,08:20,여객,출발,,B737-900,188,"A,B,C,D"
출발,인천,대한항공,KE845,청도,20250909,07:50,07:50,08:10,여객,출발,,B737-900,188,"A,B,C,D"
출발,인천,진에어,LJ731,타오위안,20250909,07:50,08:11,08:27,여객,지연,공항 및 출입국 절차에 의한 지연,B737-800,189,"H,F,G,L"
출발,인천,대한항공,KE131,정저우,20250909,08:00,08:00,08:18,여객,출발,,B737-900,188,"A,B,C,D"
출발,인천,대한항공,KE441,노이바이(하노이),20250909,08:00,08:00,08:24,여객,출발,,A330-300,272,"A,B,C,D"
출발,인천,대한항공,KE197,칭기즈칸(신 울란바토르) 국제공항,20250909,08:10,08:10,08:29,여객,출발,,B737-900,188,"A,B,C,D"
출발,인천,에어서울,RS705,도쿄/나리타,20250909,08:10,08:40,09:04,여객,지연,항공기 연결에 의한 지연,A321,195,"E,F,G,L"
출발,인천,진에어,LJ241,간사이,20250909,08:10,08:40,08:58,여객,지연,항공교통흐름에 의한 지연,B737-800,189,"H,F,G,L"
출발,인천,대한항공,KE859,베이징,20250909,08:15,08:15,08:34,여객,출발,,B777-300ER,277,"A,B,C,D"
출발,인천,대한항공,KE127,푸저우(복주),20250909,08:20,08:20,08:36,여객,출발,,B737-900,188,"A,B,C,D"
출발,인천,대한항공,KE1403,김해,20250909,08:20,09:00,09:13,여객,지연,항공기 연결에 의한 지연,B737-900,188,
출발,인천,진에어,LJ301,삿포로,20250909,08:20,08:20,08:42,여객,출발,,B737-800,189,"H,F,G,L"
출발,인천,대한항공,KE731,고베,20250909,08:25,08:25,08:45,여객,출발,,A321neo,182,"A,B,C,D"
출발,인천,대한항공,KE893,푸동,20250909,08:25,08:25,08:48,여객,출발,,A330-300,272,"A,B,C,D"
출발,인천,에어 프랑스,AF267,파리,20250909,08:30,08:30,08:55,여객,출발,,B777-300ER,296,"M,F,G,L"
출발,인천,대한항공,KE827,선전(심천),20250909,08:40,08:40,08:58,여객,출발,,B737-900,188,"A,B,C,D"
출발,인천,대한항공,KE831,심양,20250909,08:45,08:05,08:25,여객,출발,,B737-900,188,"A,B,C,D"
출발,인천,에어서울,RS741,다카마쓰,20250909,08:45,08:45,09:01,여객,출발,,A321,195,"E,F,G,L"
출발,인천,대한항공,KE137,우한,20250909,08:50,09:10,09:22,여객,출발,,B737-900,188,"A,B,C,D"
출발,인천,대한항공,KE865,광저우,20250909,08:50,08:50,09:04,여객,출발,,A330-300,272,"A,B,C,D"
출발,인천,대한항공,KE469,떤 선녓(호찌민),20250909,09:05,09:05,09:20,여객,출발,,A330-300,272,"A,B,C,D"
출발,인천,진에어,LJ361,이시가키,20250909,09:05,09:05,09:27,여객,출발,,B737-800,189,"H,F,G,L"
출발,인천,대한항공,KE805,천진,20250909,09:10,09:10,09:33,여객,출발,,B737-900,188,"A,B,C,D"
출발,인천,대한항공,KE811,시안,20250909,09:10,09:10,09:26,여객,출발,,B737-900,188,"A,B,C,D"
출발,인천,에어부산,BX172,간사이,20250909,09:15,09:15,09:43,여객,출발,,A321,195,"E,F,G,L"
출발,인천,대한항공,KE035,애틀랜타,20250909,09:20,09:20,09:40,여객,출발,,B777-300ER,277,"A,B,C,D"
출발,인천,진에어,LJ913,괌,20250909,09:20,09:20,09:45,여객,출발,,B737-800,189,"H,F,G,L"
출발,인천,대한항공,KE031,댈러스,20250909,09:30,09:30,09:54,여객,출발,,B787-9,269,"A,B,C,D"
출발,인천,대한항공,KE091,보스턴,20250909,09:30,09:30,09:47,여객,출발,,B787-9,269,"A,B,C,D"
출발,인천,대한항공,KE657,수안나폼(방콕),20250909,09:30,09:30,09:43,여객,출발,,A330-300,272,"A,B,C,D"
출발,인천,대한항공,KE755,오키나와,20250909,09:30,09:30,09:49,여객,출발,,B737-900,188,"A,B,C,D"
출발,인천,대한항공,KE777,구마모토,20250909,09:30,09:30,09:56,여객,출발,,B737-900,188,"A,B,C,D"
출발,인천,대한항공,KE073,토론토,20250909,09:35,09:35,09:59,여객,출발,,B777-300ER,277,"A,B,C,D"
출발,인천,대한항공,KE723,간사이,20250909,09:35,09:35,10:02,여객,출발,,A321neo,182,"A,B,C,D"
출발,인천,대한항공,KE763,니가타,20250909,09:40,09:40,10:09,여객,출발,,B737-900,188,"A,B,C,D"
출발,인천,대한항공,KE421,괌,20250909,09:45,09:45,10:07,여객,출발,,B737-900,188,"A,B,C,D"
출발,인천,진에어,LJ205,도쿄/나리타,20250909,09:45,09:45,10:05,여객,출발,,B737-800,189,"H,F,G,L"
출발,인천,대한항공,KE913,마드리드,20250909,09:55,09:55,10:28,여객,출발,,B787-9,269,"A,B,C,D"
출발,인천,진에어,LJ341,오키나와,20250909,09:55,10:19,10:42,여객,지연,운항 기준 및 승무원 관련 지연,B737-800,189,"H,F,G,L"
출발,인천,대한항공,KE081,뉴욕,20250909,10:00,10:00,10:38,여객,출발,,A380-800,407,"A,B,C,D"
출발,인천,대한항공,KE765,삿포로,20250909,10:05,10:05,10:41,여객,출발,,B737-900,188,"A,B,C,D"
출발,인천,대한항공,KE703,도쿄/나리타,20250909,10:10,10:10,10:35,여객,출발,,A321neo,182,"A,B,C,D"
출발,인천,델타항공,DL158,디트로이트,20250909,10:15,19:00,19:25,여객,지연,항공기 정비에 의한 지연,A350-900,306,"K,F,G,L"
출발,인천,대한항공,KE125,샤먼 가오치,20250909,10:20,10:20,10:54,여객,출발,,B737-900,188,"A,B,C,D"
출발,인천,대한항공,KE169,마카오,20250909,10:20,10:20,10:40,여객,출발,,A321neo,182,"A,B,C,D"
출발,인천,대한항공,KE093,워싱톤,20250909,10:25,10:25,10:47,여객,출발,,B777-300ER,277,"A,B,C,D"
출발,인천,대한항공,KE185,타오위안,20250909,10:30,10:30,10:48,여객,출발,,A321neo,182,"A,B,C,D"
출발,인천,가루다인도네시아,GA879,자카르타(수카르노 하타),20250909,10:35,10:35,11:06,여객,출발,,A330-900neo,301,"J,F,G,L"
출발,인천,대한항공,KE741,나고야,20250909,10:35,10:35,11:05,여객,출발,,A321neo,182,"A,B,C,D"
출발,인천,대한항공,KE037,시카고,20250909,10:40,10:40,11:00,여객,출발,,B777-300ER,277,"A,B,C,D"
출발,인천,대한항공,KE457,다낭,20250909,10:55,10:55,11:25,여객,출발,,B737-900,188,"A,B,C,D"
출발,인천,대한항공,KE907,런던히드로,20250909,10:55,10:55,11:29,여객,출발,,A380-800,407,"A,B,C,D"
출발,인천,대한항공,KE917,취리히,20250909,11:05,11:05,11:33,여객,출발,,B787-9,269,"A,B,C,D"
출발,인천,대한항공,KE945,프랑크푸르트,20250909,11:05,11:05,11:45,여객,출발,,A380-800,407,"A,B,C,D"
출발,인천,대한항공,KE897,푸동,20250909,11:10,11:10,11:40,여객,출발,,B777-300ER,277,"A,B,C,D"
출발,인천,대한항공,KE901,파리,20250909,11:10,11:10,11:57,여객,지연,항공교통흐름에 의한 지연,B777-300ER,277,"A,B,C,D"
출발,인천,가루다인도네시아,GA871,덴파사(응우라 라이),20250909,11:25,11:25,11:53,여객,출발,,A330-300,251,"J,F,G,L"
출발,인천,에어부산,BX158,후쿠오카,20250909,11:25,11:25,11:42,여객,출발,,A321,195,"E,F,G,L"
출발,인천,아에로멕시코,AM091,멕시코시티,20250909,11:40,11:40,11:54,여객,출발,,B787-9,274,"H,F,G,L"
출발,인천,대한항공,KE925,암스테르담,20250909,11:55,11:55,12:24,여객,출발,,B777-300ER,277,"A,B,C,D"
출발,인천,중화항공,CI165,가오슝,20250909,12:05,12:05,12:12,여객,출발,,A321neo,180,"J,F,G,L"
출발,인천,진에어,LJ263,후쿠오카,20250909,12:10,12:10,12:36,여객,출발,,B737-800,189,"H,F,G,L"
출발,인천,에어서울,RS811,장가계,20250909,12:20,12:20,12:50,여객,출발,,A321,195,"E,F,G,L"
출발,인천,대한항공,KE769,삿포로,20250909,12:35,12:35,13:08,여객,출발,,B737-900,188,"A,B,C,D"
출발,인천,대한항공,KE803,천진,20250909,12:35,12:35,13:00,여객,출발,,B737-900,188,"A,B,C,D"
출발,인천,대한항공,KE963,부다페스트,20250909,12:35,12:35,13:22,여객,지연,여객 및 화물처리에 의한 지연,B787-9,269,"A,B,C,D"
출발,인천,중화항공,CI161,타오위안,20250909,12:35,12:35,13:03,여객,출발,,A330-300,277,"J,F,G,L"
출발,인천,에어부산,BX174,간사이,20250909,12:40,12:40,13:12,여객,출발,,A321,195,"E,F,G,L"
출발,인천,대한항공,KE497,델리,20250909,12:55,12:55,13:17,여객,출발,,B787-9,269,"A,B,C,D"
출발,인천,대한항공,KE711,도쿄/나리타,20250909,13:00,13:00,13:27,여객,출발,,A321neo,182,"A,B,C,D"
출발,인천,대한항공,KE869,대련,20250909,13:00,13:00,13:44,여객,지연,항공교통흐름에 의한 지연,B737-900,188,"A,B,C,D"
출발,인천,대한항공,KE843,청도,20250909,13:05,13:05,13:37,여객,출발,,B737-900,188,"A,B,C,D"
출발,인천,대한항공,KE175,홍콩,20250909,13:25,13:25,13:34,여객,출발,,A321neo,182,"A,B,C,D"
출발,인천,대한항공,KE951,두바이,20250909,13:25,13:25,13:41,여객,출발,,B777-300ER,277,"A,B,C,D"
출발,인천,샤먼항공,MF872,샤먼 가오치,20250909,13:30,13:30,13:46,여객,출발,,B737-800,168,"J,F,G,L"
출발,인천,대한항공,KE789,후쿠오카,20250909,13:45,13:45,13:58,여객,출발,,B737-900,188,"A,B,C,D"
출발,인천,진에어,LJ861,청도,20250909,13:50,13:50,14:19,여객,출발,,B737-800,189,"H,F,G,L"
출발,인천,에어서울,RS723,후쿠오카,20250909,14:25,15:00,15:24,여객,지연,항공기 정비에 의한 지연,A321,195,"E,F,G,L"
출발,인천,대한항공,KE017,로스앤젤레스,20250909,14:30,14:30,14:42,여객,출발,,B747-8i,368,"A,B,C,D"
출발,인천,진에어,LJ359,다카마쓰,20250909,14:30,14:30,14:49,여객,출발,,B737-800,189,"H,F,G,L"
출발,인천,대한항공,KE833,심양,20250909,14:35,14:35,14:48,여객,출발,,B737-900,188,"A,B,C,D"
출발,인천,진에어,LJ237,간사이,20250909,14:40,14:40,14:53,여객,출발,,B737-800,189,"H,F,G,L"
출발,인천,대한항공,KE643,싱가포르,20250909,14:45,14:45,14:56,여객,출발,,A330-300,272,"A,B,C,D"
출발,인천,진에어,LJ209,도쿄/나리타,20250909,14:45,14:45,15:04,여객,출발,,B737-800,189,"H,F,G,L"
출발,인천,대한항공,KE725,간사이,20250909,14:55,14:55,15:16,여객,출발,,A321neo,182,"A,B,C,D"
출발,인천,대한항공,KE627,자카르타(수카르노 하타),20250909,15:10,15:10,15:34,여객,출발,,A330-300,272,"A,B,C,D"
출발,인천,대한항공,KE189,타이중,20250909,15:15,15:15,15:38,여객,출발,,A321neo,182,"A,B,C,D"
출발,인천,에어서울,RS715,간사이,20250909,15:20,15:40,16:16,여객,지연,항공기 정비에 의한 지연,A321,195,"E,F,G,L"
출발,인천,에어부산,BX176,간사이,20250909,15:25,15:25,16:00,여객,출발,,A321,195,"E,F,G,L"
출발,인천,대한항공,KE733,고베,20250909,15:50,15:50,16:08,여객,출발,,A321neo,182,"A,B,C,D"
출발,인천,에어부산,BX166,도쿄/나리타,20250909,15:50,15:50,16:14,여객,출발,,A321,195,"E,F,G,L"
출발,인천,진에어,LJ265,후쿠오카,20250909,15:50,15:50,16:06,여객,출발,,B737-800,189,"H,F,G,L"
출발,인천,대한항공,KE023,샌프란시스코,20250909,16:00,16:00,16:19,여객,출발,,B777-300ER,277,"A,B,C,D"
출발,인천,진에어,LJ347,나고야,20250909,16:05,16:21,16:43,여객,지연,공항 및 출입국 절차에 의한 지연,B737-800,189,"H,F,G,L"
출발,인천,대한항공,KE187,타오위안,20250909,16:10,16:10,16:31,여객,출발,,A321neo,182,"A,B,C,D"
출발,인천,대한항공,KE633,덴파사(응우라 라이),20250909,16:10,16:10,16:27,여객,출발,,A330-300,272,"A,B,C,D"
출발,인천,진에어,LJ351,기타규슈,20250909,16:15,16:15,16:40,여객,출발,,B737-800,189,"H,F,G,L"
출발,인천,대한항공,KE671,쿠알라룸푸르,20250909,16:20,16:20,16:50,여객,출발,,A330-300,272,"A,B,C,D"
출발,인천,델타항공,DL188,애틀랜타,20250909,16:25,16:25,16:57,여객,출발,,A350-900,306,"K,F,G,L"
출발,인천,대한항공,KE041,시애틀,20250909,16:40,16:40,17:09,여객,지연,여객 및 화물처리에 의한 지연,A330-300,272,"A,B,C,D"
출발,인천,에어서울,RS703,도쿄/나리타,20250909,16:45,16:45,17:14,여객,출발,,A321,195,"E,F,G,L"
출발,인천,대한항공,KE713,도쿄/나리타,20250909,17:05,17:05,17:18,여객,출발,,A321neo,182,"A,B,C,D"
출발,인천,대한항공,KE1405,김해,20250909,17:10,17:10,17:23,여객,출발,,B737-900,188,
출발,인천,대한항공,KE485,푸꾸옥,20250909,17:10,17:10,17:25,여객,출발,,B737-900,188,"A,B,C,D"
출발,인천,진에어,LJ009,치앙마이,20250909,17:10,17:10,17:39,여객,출발,,B737-800,189,"H,F,G,L"
출발,인천,대한항공,KE8425,괌,20250909,17:15,17:15,17:27,여객,출발,,B737-900,188,"A,B,C,D"
출발,인천,에어부산,BX747,수안나폼(방콕),20250909,17:15,17:15,17:43,여객,출발,,A321,195,"E,F,G,L"
출발,인천,진에어,LJ919,괌,20250909,17:35,17:35,17:44,여객,출발,,B737-800,189,"H,F,G,L"
출발,인천,대한항공,KE629,덴파사(응우라 라이),20250909,17:45,17:45,18:06,여객,출발,,A330-300,272,"A,B,C,D"
출발,인천,대한항공,KE663,푸껫,20250909,17:50,17:50,18:11,여객,출발,,B737-900,188,"A,B,C,D"
출발,인천,대한항공,KE651,수안나폼(방콕),20250909,18:05,18:05,18:32,여객,출발,,A330-300,272,"A,B,C,D"
출발,인천,대한항공,KE461,다낭,20250909,18:20,18:35,18:56,여객,지연,항공교통흐름에 의한 지연,B737-900,188,"A,B,C,D"
출발,인천,대한항공,KE1407,김해,20250909,18:25,18:25,18:42,여객,출발,,B737-900,188,
출발,인천,대한항공,KE705,도쿄/나리타,20250909,18:35,18:35,19:06,여객,출발,,A321neo,182,"A,B,C,D"
출발,인천,대한항공,KE423,괌,20250909,18:40,18:40,19:00,여객,출발,,B737-900,188,"A,B,C,D"
출발,인천,대한항공,KE645,싱가포르,20250909,18:40,18:40,19:11,여객,출발,,A330-300,272,"A,B,C,D"
출발,인천,대한항공,KE781,후쿠오카,20250909,18:40,18:40,19:13,여객,출발,,B737-900,188,"A,B,C,D"
출발,인천,델타항공,DL170,미니애폴리스,20250909,18:40,18:40,19:09,여객,출발,,A350-900,306,"K,F,G,L"
출발,인천,대한항공,KE071,밴쿠버,20250909,18:45,19:06,19:29,여객,지연,운항 기준 및 승무원 관련 지연,B787-9,269,"A,B,C,D"
출발,인천,대한항공,KE453,노이바이(하노이),20250909,18:45,19:10,19:46,여객,지연,항공기 연결에 의한 지연,B737-900,188,"A,B,C,D"
출발,인천,대한항공,KE475,떤 선녓(호찌민),20250909,18:45,19:15,19:35,여객,지연,항공교통흐름에 의한 지연,B737-900,188,"A,B,C,D"
출발,인천,대한항공,KE623,마닐라,20250909,18:50,18:50,19:19,여객,출발,,B737-900,188,"A,B,C,D"
출발,인천,대한항공,KE689,프놈펜,20250909,18:50,18:50,19:23,여객,출발,,B737-900,188,"A,B,C,D"
출발,인천,대한항공,KE743,나고야,20250909,18:50,18:50,19:17,여객,출발,,A321neo,182,"A,B,C,D"
출발,인천,대한항공,KE895,푸동,20250909,18:55,19:10,19:40,여객,지연,항공기 연결에 의한 지연,A330-300,272,"A,B,C,D"
출발,인천,대한항공,KE721,간사이,20250909,19:00,19:00,19:33,여객,출발,,A321neo,182,"A,B,C,D"
출발,인천,대한항공,KE401,시드니,20250909,19:10,19:10,19:48,여객,출발,,A380-800,407,"A,B,C,D"
출발,인천,델타항공,DL196,시애틀,20250909,19:20,20:39,20:59,여객,지연,항공기 연결에 의한 지연,A330-900neo,281,"K,F,G,L"
출발,인천,대한항공,KE163,장가계,20250909,19:25,19:25,19:52,여객,출발,,B737-900,188,"A,B,C,D"
출발,인천,대한항공,KE085,뉴욕,20250909,19:30,19:50,20:21,여객,지연,기타 원인에 의한 지연,B747-8i,368,"A,B,C,D"
출발,인천,대한항공,KE1431,대구,20250909,19:30,19:30,19:54,여객,출발,,B737-900,188,
출발,인천,대한항공,KE1409,김해,20250909,19:35,19:35,20:04,여객,출발,,B737-900,188,
출발,인천,델타항공,DL172,솔트레이크시티,20250909,19:40,19:40,20:00,여객,출발,,A350-900,306,"K,F,G,L"
출발,인천,대한항공,KE177,홍콩,20250909,19:45,19:45,20:19,여객,출발,,A321neo,182,"A,B,C,D"
출발,인천,대한항공,KE477,떤 선녓(호찌민),20250909,19:45,20:10,20:47,여객,지연,항공기 연결에 의한 지연,B737-900,188,"A,B,C,D"
출발,인천,대한항공,KE659,수안나폼(방콕),20250909,19:45,19:45,20:23,여객,지연,여객 및 화물처리에 의한 지연,B737-900,188,"A,B,C,D"
출발,인천,에어서울,RS527,깜라인(나트랑),20250909,19:50,20:05,20:57,여객,지연,항공기 정비에 의한 지연,A321,195,"E,F,G,L"
출발,인천,진에어,LJ001,수안나폼(방콕),20250909,19:55,19:55,20:40,여객,지연,,B737-800,189,"H,F,G,L"
출발,인천,대한항공,KE467,깜라인(나트랑),20250909,20:00,20:25,21:07,여객,지연,항공기 연결에 의한 지연,B737-900,188,"A,B,C,D"
출발,인천,대한항공,KE853,베이징,20250909,20:00,20:00,20:33,여객,출발,,A330-300,272,"A,B,C,D"
출발,인천,대한항공,KE615,세부,20250909,20:05,20:05,20:43,여객,지연,항공교통흐름에 의한 지연,B737-900,188,"A,B,C,D"
출발,인천,대한항공,KE625,마닐라,20250909,20:15,20:32,20:59,여객,지연,항공교통흐름에 의한 지연,B737-900,188,"A,B,C,D"
출발,인천,대한항공,KE011,로스앤젤레스,20250909,20:25,20:25,21:09,여객,지연,여객 및 화물처리에 의한 지연,A380-800,407,"A,B,C,D"
출발,인천,진에어,LJ081,다낭,20250909,20:25,20:25,20:53,여객,출발,,B737-800,189,"H,F,G,L"
출발,인천,대한항공,KE719,하네다,20250909,20:30,20:30,21:03,여객,출발,,A321neo,182,"A,B,C,D"
출발,인천,중화항공,CI163,타오위안,20250909,20:35,20:35,21:02,여객,출발,,A330-300,277,"J,F,G,L"
출발,인천,진에어,LJ087,깜라인(나트랑),20250909,20:40,20:40,21:12,여객,출발,,B737-800,189,"H,F,G,L"
출발,인천,진에어,LJ917,괌,20250909,20:50,20:50,21:07,여객,출발,,B737-800,189,"H,F,G,L"
출발,인천,에어서울,RS581,팡라로,20250909,20:55,21:35,21:51,여객,지연,항공기 연결에 의한 지연,A321,195,"E,F,G,L"
출발,인천,대한항공,KE005,라스베이거스,20250909,21:00,21:00,21:19,여객,출발,,B777-300ER,277,"A,B,C,D"
출발,인천,대한항공,KE053,호놀룰루,20250909,21:05,21:05,21:34,여객,출발,,A330-300,272,"A,B,C,D"
출발,인천,대한항공,KE655,수안나폼(방콕),20250909,21:15,21:15,21:37,여객,출발,,A330-300,272,"A,B,C,D"
출발,인천,네덜란드항공,KL856,암스테르담,20250909,22:25,22:25,22:58,여객,출발,,B787-9,294,"M,F,G,L"
출발,인천,대한항공,KE619,마닐라,20250909,22:35,22:35,22:43,여객,출발,,A330-300,272,"A,B,C,D"
출발,인천,대한항공,KE1401,김해,20250910,06:35,06:35,06:37,여객,출발,,B737-900,188,
출발,인천,에어부산,BX164,도쿄/나리타,20250910,07:15,07:15,07:56,여객,지연,공항 및 출입국 절차에 의한 지연,A321,195,"E,F,G,L"
출발,인천,에어서울,RS711,간사이,20250910,07:15,07:15,07:40,여객,출발,,A321,195,"E,F,G,L"
출발,인천,진에어,LJ261,후쿠오카,20250910,07:15,07:15,07:37,여객,출발,,B737-800,189,"H,F,G,L"
출발,인천,에어부산,BX156,후쿠오카,20250910,07:20,07:20,07:42,여객,출발,,A321,195,"E,F,G,L"
출발,인천,대한항공,KE787,후쿠오카,20250910,07:25,08:25,08:41,여객,지연,기상에 의한 지연,B737-900,188,"A,B,C,D"
출발,인천,진에어,LJ201,도쿄/나리타,20250910,07:25,07:44,08:12,여객,지연,여객 및 화물처리에 의한 지연,B737-800,189,"H,F,G,L"
출발,인천,대한항공,KE771,오카야마,20250910,07:30,07:30,07:51,여객,출발,,B737-900,188,"A,B,C,D"
출발,인천,진에어,LJ345,나고야,20250910,07:30,07:30,08:08,여객,출발,,B737-800,189,"H,F,G,L"
출발,인천,진에어,LJ231,간사이,20250910,07:40,07:40,08:04,여객,출발,,B737-800,189,"H,F,G,L"
출발,인천,대한항공,KE173,홍콩,20250910,07:45,07:45,08:10,여객,출발,,A321neo,182,"A,B,C,D"
출발,인천,대한항공,KE621,마닐라,20250910,07:50,07:50,08:26,여객,지연,공항 및 출입국 절차에 의한 지연,B737-900,188,"A,B,C,D"
출발,인천,대한항공,KE845,청도,20250910,07:50,07:50,08:06,여객,출발,,B737-900,188,"A,B,C,D"
출발,인천,진에어,LJ731,타오위안,20250910,07:50,07:50,08:18,여객,출발,,B737-800,189,"H,F,G,L"
출발,인천,대한항공,KE131,정저우,20250910,08:00,08:00,08:16,여객,출발,,B737-900,188,"A,B,C,D"
출발,인천,대한항공,KE441,노이바이(하노이),20250910,08:00,08:00,08:20,여객,출발,,A330-300,272,"A,B,C,D"
출발,인천,대한항공,KE197,칭기즈칸(신 울란바토르) 국제공항,20250910,08:10,08:10,08:33,여객,출발,,B737-900,188,"A,B,C,D"
출발,인천,에어서울,RS705,도쿄/나리타,20250910,08:10,08:30,09:09,여객,지연,항공기 연결에 의한 지연,A321,195,"E,F,G,L"
출발,인천,진에어,LJ241,간사이,20250910,08:10,08:31,08:55,여객,지연,항공교통흐름에 의한 지연,B737-800,189,"H,F,G,L"
출발,인천,진에어,LJ357,시모지시마,20250910,08:10,08:10,08:30,여객,출발,,B737-800,189,"H,F,G,L"
출발,인천,대한항공,KE859,베이징,20250910,08:15,08:15,08:37,여객,출발,,B777-300ER,277,"A,B,C,D"
출발,인천,진에어,LJ203,도쿄/나리타,20250910,08:15,08:30,08:50,여객,지연,항공기 연결에 의한 지연,B737-800,189,"H,F,G,L"
출발,인천,대한항공,KE1403,김해,20250910,08:20,08:40,08:38,여객,출발,,B737-900,188,
출발,인천,진에어,LJ301,삿포로,20250910,08:20,08:20,08:39,여객,출발,,B737-800,189,"H,F,G,L"
출발,인천,대한항공,KE731,고베,20250910,08:25,08:25,08:52,여객,출발,,A321neo,182,"A,B,C,D"
출발,인천,대한항공,KE893,푸동,20250910,08:25,08:25,08:55,여객,출발,,A330-300,272,"A,B,C,D"
출발,인천,델타항공,DL9926,애틀랜타,20250910,08:30,08:30,08:47,여객,출발,,A350-900,306,"K,F,G,L"
출발,인천,에어 프랑스,AF267,파리,20250910,08:30,08:30,08:52,여객,출발,,B777-300ER,296,"M,F,G,L"
출발,인천,대한항공,KE775,고마쓰,20250910,08:35,08:35,09:01,여객,출발,,B737-900,188,"A,B,C,D"
출발,인천,대한항공,KE827,선전(심천),20250910,08:40,08:40,09:08,여객,출발,,B737-900,188,"A,B,C,D"
출발,인천,대한항공,KE831,심양,20250910,08:45,08:35,09:11,여객,지연,항공기 연결에 의한 지연,B737-900,188,"A,B,C,D"
출발,인천,에어서울,RS741,다카마쓰,20250910,08:45,08:45,09:12,여객,출발,,A321,195,"E,F,G,L"
출발,인천,대한항공,KE137,우한,20250910,08:50,08:50,09:13,여객,출발,,B737-900,188,"A,B,C,D"
출발,인천,대한항공,KE865,광저우,20250910,08:50,08:50,09:16,여객,출발,,A330-300,272,"A,B,C,D"
출발,인천,대한항공,KE819,창사(장사),20250910,09:00,09:00,09:40,여객,출발,,B737-900,188,"A,B,C,D"
출발,인천,대한항공,KE469,떤 선녓(호찌민),20250910,09:05,09:05,09:27,여객,출발,,A330-300,272,"A,B,C,D"
출발,인천,대한항공,KE805,천진,20250910,09:10,09:10,09:35,여객,출발,,B737-900,188,"A,B,C,D"
출발,인천,대한항공,KE811,시안,20250910,09:10,09:10,09:44,여객,출발,,B737-900,188,"A,B,C,D"
출발,인천,에어부산,BX172,간사이,20250910,09:15,09:15,09:41,여객,출발,,A321,195,"E,F,G,L"
출발,인천,대한항공,KE035,애틀랜타,20250910,09:20,09:20,09:43,여객,출발,,B777-300ER,277,"A,B,C,D"
출발,인천,대한항공,KE785,가고시마,20250910,09:20,09:20,09:39,여객,출발,,B737-900,188,"A,B,C,D"
출발,인천,진에어,LJ913,괌,20250910,09:20,09:20,09:37,여객,출발,,B737-800,189,"H,F,G,L"
출발,인천,에어서울,RS701,도쿄/나리타,20250910,09:25,09:25,09:48,여객,출발,,A321,195,"E,F,G,L"
출발,인천,대한항공,KE031,댈러스,20250910,09:30,09:30,10:15,여객,출발,,B787-9,269,"A,B,C,D"
출발,인천,대한항공,KE091,보스턴,20250910,09:30,09:30,10:00,여객,출발,,B787-9,269,"A,B,C,D"
출발,인천,대한항공,KE657,수안나폼(방콕),20250910,09:30,09:30,09:57,여객,출발,,A330-300,272,"A,B,C,D"
출발,인천,대한항공,KE755,오키나와,20250910,09:30,09:30,09:51,여객,출발,,B737-900,188,"A,B,C,D"
출발,인천,대한항공,KE073,토론토,20250910,09:35,09:35,10:23,여객,지연,공항 및 출입국 절차에 의한 지연,B777-300ER,277,"A,B,C,D"
출발,인천,대한항공,KE723,간사이,20250910,09:35,09:35,10:12,여객,출발,,A321neo,182,"A,B,C,D"
출발,인천,대한항공,KE421,괌,20250910,09:45,09:45,10:25,여객,출발,,B737-900,188,"A,B,C,D"
출발,인천,진에어,LJ205,도쿄/나리타,20250910,09:45,09:45,10:18,여객,출발,,B737-800,189,"H,F,G,L"
출발,인천,진에어,LJ341,오키나와,20250910,09:55,09:55,10:15,여객,출발,,B737-800,189,"H,F,G,L"
출발,인천,대한항공,KE081,뉴욕,20250910,10:00,10:00,10:41,여객,지연,운항 기준 및 승무원 관련 지연,A380-800,407,"A,B,C,D"
출발,인천,대한항공,KE765,삿포로,20250910,10:05,10:05,10:32,여객,출발,,B737-900,188,"A,B,C,D"
출발,인천,대한항공,KE703,도쿄/나리타,20250910,10:10,10:10,11:08,여객,지연,지상조업 관련 지연,A321neo,182,"A,B,C,D"
출발,인천,델타항공,DL158,디트로이트,20250910,10:15,10:15,10:37,여객,출발,,A350-900,306,"K,F,G,L"
출발,인천,대한항공,KE169,마카오,20250910,10:20,10:20,10:35,여객,출발,,A321neo,182,"A,B,C,D"
출발,인천,대한항공,KE093,워싱톤,20250910,10:25,10:25,10:56,여객,출발,,B777-300ER,277,"A,B,C,D"
출발,인천,대한항공,KE101,남경,20250910,10:25,10:25,11:01,여객,출발,,A321neo,182,"A,B,C,D"
출발,인천,대한항공,KE937,비엔나,20250910,10:25,10:25,10:43,여객,출발,,B787-9,269,"A,B,C,D"
출발,인천,대한항공,KE185,타오위안,20250910,10:30,10:30,11:08,여객,지연,기타 원인에 의한 지연,A321neo,182,"A,B,C,D"
출발,인천,가루다인도네시아,GA879,자카르타(수카르노 하타),20250910,10:35,10:35,10:48,여객,출발,,A330-900neo,301,"J,F,G,L"
출발,인천,대한항공,KE741,나고야,20250910,10:35,10:35,10:53,여객,출발,,A321neo,182,"A,B,C,D"
출발,인천,대한항공,KE037,시카고,20250910,10:40,10:40,11:05,여객,출발,,B777-300ER,277,"A,B,C,D"
출발,인천,대한항공,KE855,베이징,20250910,10:40,10:40,11:05,여객,출발,,A330-300,272,"A,B,C,D"
출발,인천,대한항공,KE969,프라하,20250910,10:45,10:45,11:21,여객,출발,,B787-9,269,"A,B,C,D"
출발,인천,대한항공,KE457,다낭,20250910,10:55,10:55,11:17,여객,출발,,B737-900,188,"A,B,C,D"
출발,인천,대한항공,KE907,런던히드로,20250910,10:55,10:55,11:25,여객,출발,,A380-800,407,"A,B,C,D"
출발,인천,대한항공,KE945,프랑크푸르트,20250910,11:05,11:32,12:01,여객,지연,공항 및 출입국 절차에 의한 지연,A380-800,407,"A,B,C,D"
출발,인천,대한항공,KE897,푸동,20250910,11:10,11:10,11:37,여객,출발,,B777-300ER,277,"A,B,C,D"
출발,인천,대한항공,KE901,파리,20250910,11:10,11:10,11:39,여객,출발,,B777-300ER,277,"A,B,C,D"
출발,인천,에어부산,BX158,후쿠오카,20250910,11:25,11:25,11:41,여객,출발,,A321,195,"E,F,G,L"
출발,인천,아에로멕시코,AM091,멕시코시티,20250910,11:40,11:40,12:12,여객,출발,,B787-9,274,"H,F,G,L"
출발,인천,대한항공,KE107,항저우,20250910,12:00,12:00,12:24,여객,출발,,A321neo,182,"A,B,C,D"
출발,인천,중화항공,CI165,가오슝,20250910,12:05,12:05,12:26,여객,출발,,A321neo,180,"J,F,G,L"
출발,인천,진에어,LJ263,후쿠오카,20250910,12:10,12:10,12:36,여객,출발,,B737-800,189,"H,F,G,L"
출발,인천,대한항공,KE769,삿포로,20250910,12:35,12:35,12:53,여객,출발,,B737-900,188,"A,B,C,D"
출발,인천,대한항공,KE803,천진,20250910,12:35,12:35,12:48,여객,출발,,B737-900,188,"A,B,C,D"
출발,인천,중화항공,CI161,타오위안,20250910,12:35,12:35,12:42,여객,출발,,A330-300,277,"J,F,G,L"
출발,인천,에어부산,BX174,간사이,20250910,12:40,12:40,13:00,여객,출발,,A321,195,"E,F,G,L"
출발,인천,대한항공,KE711,도쿄/나리타,20250910,13:00,13:00,13:28,여객,출발,,A321neo,182,"A,B,C,D"
출발,인천,대한항공,KE869,대련,20250910,13:00,13:00,13:15,여객,출발,,B737-900,188,"A,B,C,D"
출발,인천,대한항공,KE921,리스본,20250910,13:00,13:00,13:22,여객,출발,,B787-9,269,"A,B,C,D"
출발,인천,대한항공,KE843,청도,20250910,13:05,13:05,13:40,여객,출발,,B737-900,188,"A,B,C,D"
출발,인천,대한항공,KE931,로마,20250910,13:20,14:20,14:51,여객,지연,항공기 연결에 의한 지연,B777-300ER,277,"A,B,C,D"
출발,인천,대한항공,KE135,허페이,20250910,13:25,13:25,13:44,여객,출발,,B737-900,188,"A,B,C,D"
출발,인천,대한항공,KE175,홍콩,20250910,13:25,13:25,13:46,여객,출발,,A321neo,182,"A,B,C,D"
출발,인천,대한항공,KE951,두바이,20250910,13:25,13:25,14:04,여객,지연,항공교통흐름에 의한 지연,B777-300ER,277,"A,B,C,D"
출발,인천,에어서울,RS745,요나고,20250910,13:25,13:25,13:48,여객,출발,,A321,195,"E,F,G,L"
출발,인천,샤먼항공,MF872,샤먼 가오치,20250910,13:30,13:30,13:51,여객,출발,,B737-800,168,"J,F,G,L"
출발,인천,대한항공,KE927,밀라노,20250910,13:40,13:40,14:09,여객,출발,,B787-9,269,"A,B,C,D"
출발,인천,대한항공,KE955,이스탄불,20250910,13:40,13:40,14:13,여객,출발,,B777-300ER,277,"A,B,C,D"
출발,인천,대한항공,KE789,후쿠오카,20250910,13:45,13:45,14:11,여객,출발,,B737-900,188,"A,B,C,D"
출발,인천,진에어,LJ861,청도,20250910,13:50,13:50,14:17,여객,출발,,B737-800,189,"H,F,G,L"
출발,인천,에어서울,RS723,후쿠오카,20250910,14:25,14:25,14:43,여객,출발,,A321,195,"E,F,G,L"
출발,인천,대한항공,KE017,로스앤젤레스,20250910,14:30,14:30,14:49,여객,출발,,B747-8i,368,"A,B,C,D"
출발,인천,진에어,LJ359,다카마쓰,20250910,14:30,14:30,14:53,여객,출발,,B737-800,189,"H,F,G,L"
출발,인천,대한항공,KE833,심양,20250910,14:35,14:35,14:59,여객,출발,,B737-900,188,"A,B,C,D"
출발,인천,진에어,LJ237,간사이,20250910,14:40,14:40,15:08,여객,출발,,B737-800,189,"H,F,G,L"
출발,인천,대한항공,KE643,싱가포르,20250910,14:45,14:45,15:12,여객,출발,,A330-300,272,"A,B,C,D"
출발,인천,진에어,LJ209,도쿄/나리타,20250910,14:45,14:45,15:04,여객,출발,,B737-800,189,"H,F,G,L"
출발,인천,대한항공,KE725,간사이,20250910,14:55,14:55,15:31,여객,지연,항공교통흐름에 의한 지연,A321neo,182,"A,B,C,D"
출발,인천,대한항공,KE627,자카르타(수카르노 하타),20250910,15:10,15:10,15:41,여객,출발,,A330-300,272,"A,B,C,D"
출발,인천,대한항공,KE189,타이중,20250910,15:15,15:15,15:54,여객,출발,,A321neo,182,"A,B,C,D"
출발,인천,에어서울,RS715,간사이,20250910,15:20,15:50,16:34,여객,지연,항공교통흐름에 의한 지연,A321,195,"E,F,G,L"
출발,인천,에어부산,BX176,간사이,20250910,15:25,15:25,16:20,여객,지연,항공교통흐름에 의한 지연,A321,195,"E,F,G,L"
출발,인천,대한항공,KE733,고베,20250910,15:50,16:20,17:06,여객,지연,항공기 연결에 의한 지연,A321neo,182,"A,B,C,D"
출발,인천,에어부산,BX166,도쿄/나리타,20250910,15:50,15:50,16:24,여객,출발,,A321,195,"E,F,G,L"
출발,인천,진에어,LJ265,후쿠오카,20250910,15:50,15:50,16:18,여객,출발,,B737-800,189,"H,F,G,L"
출발,인천,대한항공,KE023,샌프란시스코,20250910,16:00,16:00,16:38,여객,지연,항공교통흐름에 의한 지연,B777-300ER,277,"A,B,C,D"
출발,인천,진에어,LJ347,나고야,20250910,16:05,16:05,16:28,여객,출발,,B737-800,189,"H,F,G,L"
출발,인천,대한항공,KE187,타오위안,20250910,16:10,16:10,16:49,여객,지연,기타 원인에 의한 지연,A321neo,182,"A,B,C,D"
출발,인천,대한항공,KE633,덴파사(응우라 라이),20250910,16:10,16:10,16:36,여객,출발,,A330-300,272,"A,B,C,D"
출발,인천,진에어,LJ351,기타규슈,20250910,16:15,16:31,16:59,여객,지연,공항 및 출입국 절차에 의한 지연,B737-800,189,"H,F,G,L"
출발,인천,대한항공,KE671,쿠알라룸푸르,20250910,16:20,16:20,16:55,여객,출발,,A330-300,272,"A,B,C,D"
출발,인천,델타항공,DL188,애틀랜타,20250910,16:25,16:41,17:02,여객,지연,공항 및 출입국 절차에 의한 지연,A350-900,306,"K,F,G,L"
출발,인천,대한항공,KE041,시애틀,20250910,16:40,16:40,17:13,여객,출발,,A330-300,272,"A,B,C,D"
출발,인천,에어서울,RS703,도쿄/나리타,20250910,16:45,16:45,17:20,여객,출발,,A321,195,"E,F,G,L"
출발,인천,대한항공,KE713,도쿄/나리타,20250910,17:05,17:05,17:26,여객,출발,,A321neo,182,"A,B,C,D"
출발,인천,대한항공,KE1405,김해,20250910,17:10,17:10,17:24,여객,출발,,B737-900,188,
출발,인천,진에어,LJ009,치앙마이,20250910,17:10,17:32,17:52,여객,지연,여객 및 화물처리에 의한 지연,B737-800,189,"H,F,G,L"
출발,인천,대한항공,KE8425,괌,20250910,17:15,17:15,17:41,여객,출발,,B737-900,188,"A,B,C,D"
출발,인천,에어부산,BX747,수안나폼(방콕),20250910,17:15,17:15,17:29,여객,출발,,A321,195,"E,F,G,L"
출발,인천,진에어,LJ919,괌,20250910,17:35,17:35,17:54,여객,출발,,B737-800,189,"H,F,G,L"
출발,인천,대한항공,KE629,덴파사(응우라 라이),20250910,17:45,17:45,18:14,여객,출발,,A330-300,272,"A,B,C,D"
출발,인천,대한항공,KE663,푸껫,20250910,17:50,17:50,18:18,여객,출발,,B737-900,188,"A,B,C,D"
출발,인천,대한항공,KE411,오클랜드,20250910,18:00,18:00,18:29,여객,출발,,B787-9,269,"A,B,C,D"
출발,인천,대한항공,KE651,수안나폼(방콕),20250910,18:05,18:05,18:47,여객,지연,항공교통흐름에 의한 지연,A330-300,272,"A,B,C,D"
출발,인천,대한항공,KE461,다낭,20250910,18:20,18:20,18:45,여객,출발,,B737-900,188,"A,B,C,D"
출발,인천,대한항공,KE1407,김해,20250910,18:25,18:40,19:07,여객,지연,항공기 정비에 의한 지연,B737-900,188,
출발,인천,대한항공,KE667,치앙마이,20250910,18:25,18:25,19:00,여객,출발,,B737-900,188,"A,B,C,D"
출발,인천,대한항공,KE705,도쿄/나리타,20250910,18:35,18:35,19:06,여객,출발,,A321neo,182,"A,B,C,D"
출발,인천,대한항공,KE871,대련,20250910,18:35,18:35,18:57,여객,출발,,B737-900,188,"A,B,C,D"
출발,인천,대한항공,KE161,쿤밍,20250910,18:40,18:40,19:09,여객,출발,,B737-900,188,"A,B,C,D"
출발,인천,대한항공,KE423,괌,20250910,18:40,19:05,19:45,여객,지연,항공기 연결에 의한 지연,B737-900,188,"A,B,C,D"
출발,인천,대한항공,KE645,싱가포르,20250910,18:40,18:40,19:17,여객,출발,,A330-300,272,"A,B,C,D"
출발,인천,대한항공,KE781,후쿠오카,20250910,18:40,18:40,19:04,여객,출발,,B737-900,188,"A,B,C,D"
출발,인천,델타항공,DL170,미니애폴리스,20250910,18:40,18:40,19:20,여객,출발,,A350-900,306,"K,F,G,L"
출발,인천,대한항공,KE071,밴쿠버,20250910,18:45,18:45,19:23,여객,지연,항공교통흐름에 의한 지연,B787-9,269,"A,B,C,D"
출발,인천,대한항공,KE453,노이바이(하노이),20250910,18:45,18:45,19:28,여객,지연,항공기 연결에 의한 지연,B737-900,188,"A,B,C,D"
출발,인천,대한항공,KE475,떤 선녓(호찌민),20250910,18:45,18:45,19:26,여객,지연,여객 및 화물처리에 의한 지연,B737-900,188,"A,B,C,D"
출발,인천,대한항공,KE623,마닐라,20250910,18:50,18:50,19:24,여객,지연,항공기 연결에 의한 지연,B737-900,188,"A,B,C,D"
출발,인천,대한항공,KE689,프놈펜,20250910,18:50,18:50,19:15,여객,출발,,B737-900,188,"A,B,C,D"
출발,인천,대한항공,KE743,나고야,20250910,18:50,18:50,19:17,여객,출발,,A321neo,182,"A,B,C,D"
출발,인천,델타항공,DL26,애틀랜타,20250910,18:50,18:50,19:14,여객,출발,,A350-900,306,"K,F,G,L"
출발,인천,대한항공,KE895,푸동,20250910,18:55,18:55,19:21,여객,출발,,A330-300,272,"A,B,C,D"
출발,인천,대한항공,KE721,간사이,20250910,19:00,19:00,19:26,여객,출발,,A321neo,182,"A,B,C,D"
출발,인천,대한항공,KE401,시드니,20250910,19:10,19:10,19:34,여객,출발,,A380-800,407,"A,B,C,D"
출발,인천,진에어,LJ131,코타키나발루,20250910,19:10,19:10,19:43,여객,출발,,B737-800,189,"H,F,G,L"
출발,인천,델타항공,DL196,시애틀,20250910,19:20,19:20,19:38,여객,출발,,A330-900neo,281,"K,F,G,L"
출발,인천,대한항공,KE163,장가계,20250910,19:25,19:25,19:39,여객,출발,,B737-900,188,"A,B,C,D"
출발,인천,에어서울,RS581,팡라로,20250910,19:25,19:25,19:48,여객,출발,,A321,195,"E,F,G,L"
출발,인천,대한항공,KE085,뉴욕,20250910,19:30,19:30,19:51,여객,출발,,B747-8i,368,"A,B,C,D"
출발,인천,대한항공,KE1431,대구,20250910,19:30,19:30,20:01,여객,출발,,B737-900,188,
출발,인천,대한항공,KE1409,김해,20250910,19:35,19:35,19:56,여객,출발,,B737-900,188,
출발,인천,델타항공,DL172,솔트레이크시티,20250910,19:40,19:40,19:59,여객,출발,,A350-900,306,"K,F,G,L"
출발,인천,대한항공,KE177,홍콩,20250910,19:45,19:45,20:03,여객,출발,,A321neo,182,"A,B,C,D"
출발,인천,대한항공,KE477,떤 선녓(호찌민),20250910,19:45,19:45,20:29,여객,지연,여객 및 화물처리에 의한 지연,B737-900,188,"A,B,C,D"
출발,인천,대한항공,KE659,수안나폼(방콕),20250910,19:45,19:45,20:15,여객,출발,,B737-900,188,"A,B,C,D"
출발,인천,에어서울,RS527,깜라인(나트랑),20250910,19:50,19:50,20:51,여객,지연,항공교통흐름에 의한 지연,A321,195,"E,F,G,L"
출발,인천,진에어,LJ001,수안나폼(방콕),20250910,19:55,20:22,20:41,여객,지연,공항 및 출입국 절차에 의한 지연,B737-800,189,"H,F,G,L"
출발,인천,대한항공,KE467,깜라인(나트랑),20250910,20:00,20:00,20:25,여객,출발,,B737-900,188,"A,B,C,D"
출발,인천,대한항공,KE853,베이징,20250910,20:00,20:00,20:36,여객,출발,,A330-300,272,"A,B,C,D"
출발,인천,대한항공,KE407,브리즈번,20250910,20:05,20:20,20:57,여객,지연,공항 및 출입국 절차에 의한 지연,A330-300,272,"A,B,C,D"
출발,인천,대한항공,KE615,세부,20250910,20:05,20:05,20:56,여객,지연,항공기 연결에 의한 지연,B737-900,188,"A,B,C,D"
출발,인천,대한항공,KE625,마닐라,20250910,20:15,20:35,21:08,여객,지연,항공기 연결에 의한 지연,B737-900,188,"A,B,C,D"
출발,인천,대한항공,KE011,로스앤젤레스,20250910,20:25,20:25,20:40,여객,출발,,A380-800,407,"A,B,C,D"
출발,인천,진에어,LJ081,다낭,20250910,20:25,20:25,20:48,여객,출발,,B737-800,189,"H,F,G,L"
출발,인천,대한항공,KE719,하네다,20250910,20:30,20:30,20:46,여객,출발,,A321neo,182,"A,B,C,D"
출발,인천,샤먼항공,MF878,푸저우(복주),20250910,20:35,20:35,20:39,여객,출발,,B737-800,168,"J,F,G,L"
출발,인천,중화항공,CI163,타오위안,20250910,20:35,20:35,20:53,여객,출발,,A330-300,277,"J,F,G,L"
출발,인천,진에어,LJ087,깜라인(나트랑),20250910,20:40,20:56,21:20,여객,지연,항공교통흐름에 의한 지연,B737-800,189,"H,F,G,L"
출발,인천,진에어,LJ043,팡라로,20250910,20:50,20:50,21:14,여객,출발,,B737-800,189,"H,F,G,L"
출발,인천,진에어,LJ917,괌,20250910,20:50,20:50,21:10,여객,출발,,B737-800,189,"H,F,G,L"
출발,인천,대한항공,KE005,라스베이거스,20250910,21:00,21:00,21:12,여객,출발,,B777-300ER,277,"A,B,C,D"
출발,인천,대한항공,KE053,호놀룰루,20250910,21:05,21:05,21:27,여객,출발,,A330-300,272,"A,B,C,D"
출발,인천,대한항공,KE655,수안나폼(방콕),20250910,21:15,21:15,21:42,여객,출발,,A330-300,272,"A,B,C,D"
출발,인천,에어부산,BX787,깜라인(나트랑),20250910,21:30,21:30,22:26,여객,지연,항공교통흐름에 의한 지연,A321,195,"E,F,G,L"
출발,인천,네덜란드항공,KL856,암스테르담,20250910,22:25,22:25,22:44,여객,출발,,B787-9,294,"M,F,G,L"
출발,인천,대한항공,KE619,마닐라,20250910,22:35,22:35,22:46,여객,출발,,A330-300,272,"A,B,C,D"
출발,인천,대한항공,KE075,밴쿠버,20250910,22:40,22:40,23:01,여객,출발,,B787-9,269,"A,B,C,D"
출발,인천,대한항공,KE647,싱가포르,20250910,23:35,23:35,23:58,여객,출발,,B777-300ER,277,"A,B,C,D"
출발,인천,대한항공,KE1401,김해,20250911,06:35,06:35,06:50,여객,출발,,B737-900,188,
출발,인천,에어부산,BX164,도쿄/나리타,20250911,07:15,07:15,07:31,여객,출발,,A321,195,"E,F,G,L"
출발,인천,에어서울,RS711,간사이,20250911,07:15,07:15,07:41,여객,출발,,A321,195,"E,F,G,L"
출발,인천,진에어,LJ261,후쿠오카,20250911,07:15,07:15,07:32,여객,출발,,B737-800,189,"H,F,G,L"
출발,인천,에어부산,BX156,후쿠오카,20250911,07:20,07:20,07:43,여객,출발,,A321,195,"E,F,G,L"
출발,인천,에어서울,RS727,후쿠오카,20250911,07:20,07:20,07:54,여객,지연,공항 및 출입국 절차에 의한 지연,A321,195,"E,F,G,L"
출발,인천,대한항공,KE787,후쿠오카,20250911,07:25,07:25,07:46,여객,출발,,B737-900,188,"A,B,C,D"
출발,인천,진에어,LJ201,도쿄/나리타,20250911,07:25,07:54,08:12,여객,지연,공항 및 출입국 절차에 의한 지연,B737-800,189,"H,F,G,L"
출발,인천,대한항공,KE795,나가사키,20250911,07:30,07:30,07:57,여객,지연,항공교통흐름에 의한 지연,B737-900,188,"A,B,C,D"
출발,인천,진에어,LJ345,나고야,20250911,07:30,07:30,07:52,여객,출발,,B737-800,189,"H,F,G,L"
출발,인천,진에어,LJ231,간사이,20250911,07:40,07:40,07:59,여객,출발,,B737-800,189,"H,F,G,L"
출발,인천,대한항공,KE173,홍콩,20250911,07:45,07:45,08:06,여객,출발,,A321neo,182,"A,B,C,D"
출발,인천,대한항공,KE621,마닐라,20250911,07:50,07:50,08:17,여객,출발,,B737-900,188,"A,B,C,D"
출발,인천,대한항공,KE845,청도,20250911,07:50,07:50,08:13,여객,출발,,B737-900,188,"A,B,C,D"
출발,인천,진에어,LJ731,타오위안,20250911,07:50,08:08,08:28,여객,지연,여객 및 화물처리에 의한 지연,B737-800,189,"H,F,G,L"
출발,인천,대한항공,KE131,정저우,20250911,08:00,08:00,08:22,여객,출발,,B737-900,188,"A,B,C,D"
출발,인천,대한항공,KE441,노이바이(하노이),20250911,08:00,08:00,08:24,여객,출발,,A330-300,272,"A,B,C,D"
출발,인천,대한항공,KE197,칭기즈칸(신 울란바토르) 국제공항,20250911,08:10,08:10,08:30,여객,출발,,B737-900,188,"A,B,C,D"
출발,인천,대한항공,KE767,아오모리,20250911,08:10,08:10,08:34,여객,출발,,B737-900,188,"A,B,C,D"
출발,인천,진에어,LJ357,시모지시마,20250911,08:10,08:10,08:32,여객,출발,,B737-800,189,"H,F,G,L"
출발,인천,대한항공,KE859,베이징,20250911,08:15,08:15,08:40,여객,출발,,B777-300ER,277,"A,B,C,D"
출발,인천,진에어,LJ203,도쿄/나리타,20250911,08:15,08:15,08:31,여객,출발,,B737-800,189,"H,F,G,L"
출발,인천,대한항공,KE127,푸저우(복주),20250911,08:20,08:20,08:48,여객,출발,,B737-900,188,"A,B,C,D"
출발,인천,대한항공,KE1403,김해,20250911,08:20,08:20,08:36,여객,출발,,B737-900,188,
출발,인천,진에어,LJ301,삿포로,20250911,08:20,08:20,08:50,여객,출발,,B737-800,189,"H,F,G,L"
출발,인천,대한항공,KE731,고베,20250911,08:25,08:25,08:53,여객,출발,,A321neo,182,"A,B,C,D"
출발,인천,대한항공,KE893,푸동,20250911,08:25,08:25,08:38,여객,출발,,A330-300,272,"A,B,C,D"
출발,인천,에어 프랑스,AF267,파리,20250911,08:30,08:53,09:09,여객,지연,항공기 연결에 의한 지연,B777-300ER,296,"M,F,G,L"
출발,인천,대한항공,KE827,선전(심천),20250911,08:40,08:40,09:00,여객,출발,,B737-900,188,"A,B,C,D"
출발,인천,대한항공,KE831,심양,20250911,08:45,08:05,08:26,여객,출발,,B737-900,188,"A,B,C,D"
출발,인천,대한항공,KE137,우한,20250911,08:50,08:50,09:19,여객,출발,,B737-900,188,"A,B,C,D"
출발,인천,대한항공,KE865,광저우,20250911,08:50,08:50,09:06,여객,출발,,A330-300,272,"A,B,C,D"
출발,인천,대한항공,KE819,창사(장사),20250911,09:00,09:00,09:27,여객,출발,,B737-900,188,"A,B,C,D"
출발,인천,대한항공,KE469,떤 선녓(호찌민),20250911,09:05,09:05,09:38,여객,출발,,A330-300,272,"A,B,C,D"
출발,인천,진에어,LJ361,이시가키,20250911,09:05,09:05,09:22,여객,출발,,B737-800,189,"H,F,G,L"
출발,인천,대한항공,KE805,천진,20250911,09:10,09:10,09:44,여객,출발,,B737-900,188,"A,B,C,D"
출발,인천,대한항공,KE811,시안,20250911,09:10,09:10,09:52,여객,지연,항공교통흐름에 의한 지연,B737-900,188,"A,B,C,D"
출발,인천,에어부산,BX172,간사이,20250911,09:15,09:15,09:30,여객,출발,,A321,195,"E,F,G,L"
출발,인천,대한항공,KE035,애틀랜타,20250911,09:20,09:20,09:41,여객,출발,,B777-300ER,277,"A,B,C,D"
출발,인천,진에어,LJ913,괌,20250911,09:20,09:20,09:36,여객,출발,,B737-800,189,"H,F,G,L"
출발,인천,에어서울,RS701,도쿄/나리타,20250911,09:25,09:25,09:57,여객,지연,공항 및 출입국 절차에 의한 지연,A321,195,"E,F,G,L"
출발,인천,대한항공,KE031,댈러스,20250911,09:30,09:30,10:00,여객,출발,,B787-9,269,"A,B,C,D"
출발,인천,대한항공,KE091,보스턴,20250911,09:30,09:30,09:54,여객,출발,,B787-9,269,"A,B,C,D"
출발,인천,대한항공,KE657,수안나폼(방콕),20250911,09:30,09:30,09:58,여객,출발,,A330-300,272,"A,B,C,D"
출발,인천,대한항공,KE755,오키나와,20250911,09:30,09:48,10:04,여객,지연,지상조업 관련 지연,B737-900,188,"A,B,C,D"
출발,인천,대한항공,KE777,구마모토,20250911,09:30,09:30,09:59,여객,출발,,B737-900,188,"A,B,C,D"
출발,인천,에어서울,RS745,요나고,20250911,09:30,09:30,09:44,여객,출발,,A321,195,"E,F,G,L"
출발,인천,대한항공,KE073,토론토,20250911,09:35,09:35,10:10,여객,출발,,B777-300ER,277,"A,B,C,D"
출발,인천,대한항공,KE723,간사이,20250911,09:35,09:35,10:04,여객,출발,,A321neo,182,"A,B,C,D"
출발,인천,대한항공,KE763,니가타,20250911,09:40,09:40,10:07,여객,출발,,B737-900,188,"A,B,C,D"
출발,인천,대한항공,KE421,괌,20250911,09:45,09:45,10:12,여객,출발,,B737-900,188,"A,B,C,D"
출발,인천,진에어,LJ205,도쿄/나리타,20250911,09:45,10:02,10:18,여객,지연,항공교통흐름에 의한 지연,B737-800,189,"H,F,G,L"
출발,인천,대한항공,KE913,마드리드,20250911,09:55,10:15,10:44,여객,지연,공항 및 출입국 절차에 의한 지연,B787-9,269,"A,B,C,D"
출발,인천,진에어,LJ341,오키나와,20250911,09:55,09:55,10:13,여객,출발,,B737-800,189,"H,F,G,L"
출발,인천,대한항공,KE081,뉴욕,20250911,10:00,10:00,10:33,여객,출발,,A380-800,407,"A,B,C,D"
출발,인천,대한항공,KE765,삿포로,20250911,10:05,10:20,10:24,여객,출발,,B737-900,188,"A,B,C,D"
출발,인천,대한항공,KE703,도쿄/나리타,20250911,10:10,10:10,10:43,여객,출발,,A321neo,182,"A,B,C,D"
출발,인천,델타항공,DL158,디트로이트,20250911,10:15,10:15,10:27,여객,출발,,A350-900,306,"K,F,G,L"
출발,인천,대한항공,KE125,샤먼 가오치,20250911,10:20,10:20,10:59,여객,지연,항공기 연결에 의한 지연,B737-900,188,"A,B,C,D"
출발,인천,대한항공,KE169,마카오,20250911,10:20,10:20,10:46,여객,출발,,A321neo,182,"A,B,C,D"
출발,인천,대한항공,KE093,워싱톤,20250911,10:25,10:25,10:49,여객,출발,,B777-300ER,277,"A,B,C,D"
출발,인천,대한항공,KE185,타오위안,20250911,10:30,10:50,11:21,여객,지연,항공기 연결에 의한 지연,A321neo,182,"A,B,C,D"
출발,인천,가루다인도네시아,GA879,자카르타(수카르노 하타),20250911,10:35,10:35,10:55,여객,출발,,A330-900neo,301,"J,F,G,L"
출발,인천,대한항공,KE741,나고야,20250911,10:35,10:35,10:54,여객,출발,,A321neo,182,"A,B,C,D"
출발,인천,대한항공,KE037,시카고,20250911,10:40,10:40,11:17,여객,지연,여객 및 화물처리에 의한 지연,B777-300ER,277,"A,B,C,D"
출발,인천,대한항공,KE457,다낭,20250911,10:55,10:55,11:25,여객,출발,,B737-900,188,"A,B,C,D"
출발,인천,대한항공,KE907,런던히드로,20250911,10:55,10:55,11:29,여객,출발,,A380-800,407,"A,B,C,D"
출발,인천,대한항공,KE917,취리히,20250911,11:05,11:05,11:35,여객,출발,,B787-9,269,"A,B,C,D"
출발,인천,대한항공,KE897,푸동,20250911,11:10,11:43,12:06,여객,지연,여객 및 화물처리에 의한 지연,B777-300ER,277,"A,B,C,D"
출발,인천,대한항공,KE901,파리,20250911,11:10,11:35,11:51,여객,지연,운항 기준 및 승무원 관련 지연,B777-300ER,277,"A,B,C,D"
출발,인천,가루다인도네시아,GA871,덴파사(응우라 라이),20250911,11:25,11:49,12:09,여객,지연,항공기 연결에 의한 지연,A330-300,251,"J,F,G,L"
출발,인천,에어부산,BX158,후쿠오카,20250911,11:25,11:25,12:13,여객,지연,공항 및 출입국 절차에 의한 지연,A321,195,"E,F,G,L"
출발,인천,아에로멕시코,AM091,멕시코시티,20250911,11:40,11:40,12:45,여객,지연,항공기 정비에 의한 지연,B787-9,274,"H,F,G,L"
출발,인천,대한항공,KE925,암스테르담,20250911,11:55,11:55,12:33,여객,지연,항공교통흐름에 의한 지연,B777-300ER,277,"A,B,C,D"
출발,인천,중화항공,CI165,가오슝,20250911,12:05,12:05,12:36,여객,출발,,A321neo,180,"J,F,G,L"
출발,인천,진에어,LJ263,후쿠오카,20250911,12:10,12:10,12:35,여객,출발,,B737-800,189,"H,F,G,L"
출발,인천,에어서울,RS811,장가계,20250911,12:20,12:20,12:41,여객,출발,,A321,195,"E,F,G,L"
출발,인천,대한항공,KE769,삿포로,20250911,12:35,12:35,12:54,여객,출발,,B737-900,188,"A,B,C,D"
출발,인천,대한항공,KE803,천진,20250911,12:35,12:35,13:13,여객,지연,항공교통흐름에 의한 지연,B737-900,188,"A,B,C,D"
출발,인천,대한항공,KE963,부다페스트,20250911,12:35,12:35,13:16,여객,지연,운항 기준 및 승무원 관련 지연,B787-9,269,"A,B,C,D"
출발,인천,중화항공,CI161,타오위안,20250911,12:35,12:35,12:56,여객,출발,,A330-300,277,"J,F,G,L"
출발,인천,에어부산,BX174,간사이,20250911,12:40,12:40,12:58,여객,출발,,A321,195,"E,F,G,L"
출발,인천,대한항공,KE497,델리,20250911,12:55,13:10,13:39,여객,지연,항공기 연결에 의한 지연,B787-9,269,"A,B,C,D"
출발,인천,대한항공,KE711,도쿄/나리타,20250911,13:00,13:25,13:49,여객,지연,항공교통흐름에 의한 지연,A321neo,182,"A,B,C,D"
출발,인천,대한항공,KE869,대련,20250911,13:00,13:00,13:31,여객,출발,,B737-900,188,"A,B,C,D"
출발,인천,대한항공,KE843,청도,20250911,13:05,13:05,13:35,여객,출발,,B737-900,188,"A,B,C,D"
출발,인천,대한항공,KE135,허페이,20250911,13:25,13:42,14:03,여객,지연,항공교통흐름에 의한 지연,B737-900,188,"A,B,C,D"
출발,인천,대한항공,KE175,홍콩,20250911,13:25,13:25,13:55,여객,출발,,A321neo,182,"A,B,C,D"
출발,인천,대한항공,KE951,두바이,20250911,13:25,13:40,14:17,여객,지연,항공기 연결에 의한 지연,B777-300ER,277,"A,B,C,D"
출발,인천,샤먼항공,MF872,샤먼 가오치,20250911,13:30,13:30,13:56,여객,출발,,B737-800,168,"J,F,G,L"
출발,인천,대한항공,KE789,후쿠오카,20250911,13:45,13:45,14:07,여객,출발,,B737-900,188,"A,B,C,D"
출발,인천,에어서울,RS723,후쿠오카,20250911,14:25,14:25,14:40,여객,출발,,A321,195,"E,F,G,L"
출발,인천,대한항공,KE017,로스앤젤레스,20250911,14:30,14:30,15:14,여객,지연,여객 및 화물처리에 의한 지연,B747-8i,368,"A,B,C,D"
출발,인천,진에어,LJ359,다카마쓰,20250911,14:30,14:30,15:05,여객,출발,,B737-800,189,"H,F,G,L"
출발,인천,대한항공,KE833,심양,20250911,14:35,14:35,15:03,여객,출발,,B737-900,188,"A,B,C,D"
출발,인천,진에어,LJ237,간사이,20250911,14:40,14:40,15:08,여객,출발,,B737-800,189,"H,F,G,L"
출발,인천,대한항공,KE643,싱가포르,20250911,14:45,16:00,16:26,여객,지연,항공기 연결에 의한 지연,A330-300,272,"A,B,C,D"
출발,인천,진에어,LJ209,도쿄/나리타,20250911,14:45,14:55,15:46,여객,지연,항공기 연결에 의한 지연,B737-800,189,"H,F,G,L"
출발,인천,대한항공,KE725,간사이,20250911,14:55,14:55,15:23,여객,출발,,A321neo,182,"A,B,C,D"
출발,인천,대한항공,KE627,자카르타(수카르노 하타),20250911,15:10,15:30,15:49,여객,지연,항공기 연결에 의한 지연,A330-300,272,"A,B,C,D"
출발,인천,대한항공,KE189,타이중,20250911,15:15,15:15,15:33,여객,출발,,A321neo,182,"A,B,C,D"
출발,인천,에어서울,RS715,간사이,20250911,15:20,15:20,15:56,여객,지연,항공교통흐름에 의한 지연,A321,195,"E,F,G,L"
출발,인천,에어부산,BX176,간사이,20250911,15:25,15:25,16:24,여객,지연,항공교통흐름에 의한 지연,A321,195,"E,F,G,L"
출발,인천,대한항공,KE733,고베,20250911,15:50,15:50,16:05,여객,출발,,A321neo,182,"A,B,C,D"
출발,인천,에어부산,BX166,도쿄/나리타,20250911,15:50,15:50,16:32,여객,지연,항공교통흐름에 의한 지연,A321,195,"E,F,G,L"
출발,인천,진에어,LJ265,후쿠오카,20250911,15:50,15:50,16:18,여객,출발,,B737-800,189,"H,F,G,L"
출발,인천,대한항공,KE023,샌프란시스코,20250911,16:00,17:00,17:47,여객,지연,항공기 연결에 의한 지연,B777-300ER,277,"A,B,C,D"
출발,인천,진에어,LJ347,나고야,20250911,16:05,16:05,16:28,여객,출발,,B737-800,189,"H,F,G,L"
출발,인천,대한항공,KE187,타오위안,20250911,16:10,16:10,16:21,여객,출발,,A321neo,182,"A,B,C,D"
출발,인천,대한항공,KE633,덴파사(응우라 라이),20250911,16:10,16:30,16:49,여객,지연,여객 및 화물처리에 의한 지연,A330-300,272,"A,B,C,D"
출발,인천,진에어,LJ351,기타규슈,20250911,16:15,16:15,16:35,여객,출발,,B737-800,189,"H,F,G,L"
출발,인천,대한항공,KE671,쿠알라룸푸르,20250911,16:20,16:20,16:46,여객,출발,,A330-300,272,"A,B,C,D"
출발,인천,델타항공,DL188,애틀랜타,20250911,16:25,16:25,16:41,여객,출발,,A350-900,306,"K,F,G,L"
출발,인천,대한항공,KE041,시애틀,20250911,16:40,16:40,17:01,여객,출발,,A330-300,272,"A,B,C,D"
출발,인천,에어서울,RS703,도쿄/나리타,20250911,16:45,16:45,17:14,여객,출발,,A321,195,"E,F,G,L"
출발,인천,대한항공,KE713,도쿄/나리타,20250911,17:05,17:05,17:20,여객,출발,,A321neo,182,"A,B,C,D"
출발,인천,대한항공,KE1405,김해,20250911,17:10,17:10,17:24,여객,출발,,B737-900,188,
출발,인천,대한항공,KE485,푸꾸옥,20250911,17:10,17:10,17:27,여객,출발,,B737-900,188,"A,B,C,D"
출발,인천,진에어,LJ009,치앙마이,20250911,17:10,17:10,17:31,여객,출발,,B737-800,189,"H,F,G,L"
출발,인천,대한항공,KE8425,괌,20250911,17:15,17:15,17:29,여객,출발,,B737-900,188,"A,B,C,D"
출발,인천,에어부산,BX747,수안나폼(방콕),20250911,17:15,17:15,17:36,여객,출발,,A321,195,"E,F,G,L"
출발,인천,진에어,LJ919,괌,20250911,17:35,17:35,17:56,여객,출발,,B737-800,189,"H,F,G,L"
출발,인천,대한항공,KE629,덴파사(응우라 라이),20250911,17:45,18:15,18:47,여객,지연,항공기 연결에 의한 지연,A330-300,272,"A,B,C,D"
출발,인천,대한항공,KE663,푸껫,20250911,17:50,17:50,18:24,여객,출발,,B737-900,188,"A,B,C,D"
출발,인천,대한항공,KE651,수안나폼(방콕),20250911,18:05,18:05,18:44,여객,지연,운항 기준 및 승무원 관련 지연,A330-300,272,"A,B,C,D"
출발,인천,대한항공,KE461,다낭,20250911,18:20,18:20,18:41,여객,출발,,B737-900,188,"A,B,C,D"
출발,인천,대한항공,KE1407,김해,20250911,18:25,18:25,18:53,여객,출발,,B737-900,188,
출발,인천,대한항공,KE705,도쿄/나리타,20250911,18:35,18:35,19:00,여객,출발,,A321neo,182,"A,B,C,D"
출발,인천,대한항공,KE423,괌,20250911,18:40,18:40,19:05,여객,출발,,B737-900,188,"A,B,C,D"
출발,인천,대한항공,KE645,싱가포르,20250911,18:40,18:40,18:57,여객,출발,,A330-300,272,"A,B,C,D"
출발,인천,대한항공,KE781,후쿠오카,20250911,18:40,18:40,19:08,여객,출발,,B737-900,188,"A,B,C,D"
출발,인천,델타항공,DL170,미니애폴리스,20250911,18:40,18:40,19:03,여객,출발,,A350-900,306,"K,F,G,L"
출발,인천,대한항공,KE071,밴쿠버,20250911,18:45,18:45,19:35,여객,지연,여객 및 화물처리에 의한 지연,B787-9,269,"A,B,C,D"
출발,인천,대한항공,KE453,노이바이(하노이),20250911,18:45,18:45,19:18,여객,출발,,B737-900,188,"A,B,C,D"
출발,인천,대한항공,KE475,떤 선녓(호찌민),20250911,18:45,19:07,19:27,여객,지연,항공기 연결에 의한 지연,B737-900,188,"A,B,C,D"
출발,인천,대한항공,KE623,마닐라,20250911,18:50,18:50,19:33,여객,지연,항공기 연결에 의한 지연,B737-900,188,"A,B,C,D"
출발,인천,대한항공,KE689,프놈펜,20250911,18:50,19:10,19:31,여객,지연,항공기 연결에 의한 지연,B737-900,188,"A,B,C,D"
출발,인천,대한항공,KE743,나고야,20250911,18:50,19:03,19:26,여객,지연,항공기 연결에 의한 지연,A321neo,182,"A,B,C,D"
출발,인천,델타항공,DL26,애틀랜타,20250911,18:50,18:50,19:23,여객,출발,,A350-900,306,"K,F,G,L"
출발,인천,대한항공,KE895,푸동,20250911,18:55,19:17,19:38,여객,지연,항공기 연결에 의한 지연,A330-300,272,"A,B,C,D"
출발,인천,대한항공,KE721,간사이,20250911,19:00,19:00,19:29,여객,출발,,A321neo,182,"A,B,C,D"
출발,인천,대한항공,KE401,시드니,20250911,19:10,19:31,19:52,여객,지연,항공교통흐름에 의한 지연,A380-800,407,"A,B,C,D"
출발,인천,진에어,LJ131,코타키나발루,20250911,19:10,19:10,19:43,여객,출발,,B737-800,189,"H,F,G,L"
출발,인천,델타항공,DL196,시애틀,20250911,19:20,19:20,19:40,여객,출발,,A330-900neo,281,"K,F,G,L"
출발,인천,대한항공,KE085,뉴욕,20250911,19:30,20:00,20:25,여객,지연,기타 원인에 의한 지연,B747-8i,368,"A,B,C,D"
출발,인천,대한항공,KE1431,대구,20250911,19:30,19:30,20:06,여객,출발,,B737-900,188,
출발,인천,대한항공,KE1409,김해,20250911,19:35,19:35,20:24,여객,지연,항공기 연결에 의한 지연,B737-900,188,
출발,인천,델타항공,DL172,솔트레이크시티,20250911,19:40,19:40,19:55,여객,출발,,A350-900,306,"K,F,G,L"
출발,인천,대한항공,KE177,홍콩,20250911,19:45,19:45,20:42,여객,지연,항공기 연결에 의한 지연,A321neo,182,"A,B,C,D"
출발,인천,대한항공,KE477,떤 선녓(호찌민),20250911,19:45,20:00,21:02,여객,지연,,B737-900,188,"A,B,C,D"
출발,인천,대한항공,KE659,수안나폼(방콕),20250911,19:45,19:45,20:54,여객,지연,운항 기준 및 승무원 관련 지연,B737-900,188,"A,B,C,D"
출발,인천,에어서울,RS527,깜라인(나트랑),20250911,19:50,19:50,20:13,여객,출발,,A321,195,"E,F,G,L"
출발,인천,진에어,LJ001,수안나폼(방콕),20250911,19:55,19:55,20:31,여객,출발,,B737-800,189,"H,F,G,L"
출발,인천,대한항공,KE467,깜라인(나트랑),20250911,20:00,20:00,20:36,여객,출발,,B737-900,188,"A,B,C,D"
출발,인천,대한항공,KE615,세부,20250911,20:05,20:05,20:44,여객,출발,,B737-900,188,"A,B,C,D"
출발,인천,대한항공,KE625,마닐라,20250911,20:15,20:15,21:11,여객,지연,,B737-900,188,"A,B,C,D"
출발,인천,대한항공,KE011,로스앤젤레스,20250911,20:25,20:25,21:03,여객,지연,여객 및 화물처리에 의한 지연,A380-800,407,"A,B,C,D"
출발,인천,진에어,LJ081,다낭,20250911,20:25,20:25,20:51,여객,출발,,B737-800,189,"H,F,G,L"
출발,인천,대한항공,KE719,하네다,20250911,20:30,20:30,20:55,여객,출발,,A321neo,182,"A,B,C,D"
출발,인천,샤먼항공,MF878,푸저우(복주),20250911,20:35,20:35,21:01,여객,출발,,B737-800,168,"J,F,G,L"
출발,인천,중화항공,CI163,타오위안,20250911,20:35,20:54,21:21,여객,지연,항공교통흐름에 의한 지연,A330-300,277,"J,F,G,L"
출발,인천,진에어,LJ087,깜라인(나트랑),20250911,20:40,20:40,21:26,여객,출발,,B737-800,189,"H,F,G,L"
출발,인천,대한항공,KE853,베이징,20250911,20:45,20:45,21:13,여객,출발,,A330-300,272,"A,B,C,D"
출발,인천,진에어,LJ043,팡라로,20250911,20:50,21:07,21:32,여객,지연,기타 원인에 의한 지연,B737-800,189,"H,F,G,L"
출발,인천,진에어,LJ917,괌,20250911,20:50,20:50,21:09,여객,출발,,B737-800,189,"H,F,G,L"
출발,인천,에어서울,RS581,팡라로,20250911,20:55,21:20,21:51,여객,지연,항공기 연결에 의한 지연,A321,195,"E,F,G,L"
출발,인천,대한항공,KE005,라스베이거스,20250911,21:00,21:00,21:16,여객,출발,,B777-300ER,277,"A,B,C,D"
출발,인천,대한항공,KE053,호놀룰루,20250911,21:05,21:05,21:22,여객,출발,,A330-300,272,"A,B,C,D"
출발,인천,대한항공,KE655,수안나폼(방콕),20250911,21:15,21:15,21:41,여객,출발,,A330-300,272,"A,B,C,D"
출발,인천,에어부산,BX787,깜라인(나트랑),20250911,21:30,21:30,21:48,여객,출발,,A321,195,"E,F,G,L"
출발,인천,진에어,LJ885,엔스 쉬자핑,20250911,21:45,21:45,21:56,여객,출발,,B737-800,189,"H,F,G,L"
출발,인천,네덜란드항공,KL856,암스테르담,20250911,22:25,22:25,22:47,여객,출발,,B787-9,294,"M,F,G,L"
출발,인천,대한항공,KE619,마닐라,20250911,22:35,22:35,22:43,여객,출발,,A330-300,272,"A,B,C,D"
출발,인천,대한항공,KE647,싱가포르,20250911,23:35,23:35,23:50,여객,출발,,B777-300ER,277,"A,B,C,D"
출발,인천,대한항공,KE1401,김해,20250912,06:35,06:35,06:46,여객,출발,,B737-900,188,
출발,인천,에어부산,BX164,도쿄/나리타,20250912,07:15,07:15,07:37,여객,출발,,A321,195,"E,F,G,L"
출발,인천,에어서울,RS711,간사이,20250912,07:15,07:15,07:41,여객,출발,,A321,195,"E,F,G,L"
출발,인천,진에어,LJ261,후쿠오카,20250912,07:15,07:15,07:35,여객,출발,,B737-800,189,"H,F,G,L"
출발,인천,에어부산,BX156,후쿠오카,20250912,07:20,08:20,09:06,여객,지연,항공기 정비에 의한 지연,A321,195,"E,F,G,L"
출발,인천,대한항공,KE787,후쿠오카,20250912,07:25,07:25,07:54,여객,출발,,B737-900,188,"A,B,C,D"
출발,인천,진에어,LJ201,도쿄/나리타,20250912,07:25,07:40,08:09,여객,지연,공항 및 출입국 절차에 의한 지연,B737-800,189,"H,F,G,L"
출발,인천,대한항공,KE771,오카야마,20250912,07:30,07:30,07:48,여객,출발,,B737-900,188,"A,B,C,D"
출발,인천,진에어,LJ345,나고야,20250912,07:30,07:30,07:59,여객,출발,,B737-800,189,"H,F,G,L"
출발,인천,진에어,LJ231,간사이,20250912,07:40,07:40,08:13,여객,출발,,B737-800,189,"H,F,G,L"
출발,인천,대한항공,KE173,홍콩,20250912,07:45,07:45,08:16,여객,출발,,A321neo,182,"A,B,C,D"
출발,인천,대한항공,KE621,마닐라,20250912,07:50,08:07,08:27,여객,지연,항공교통흐름에 의한 지연,B737-900,188,"A,B,C,D"
출발,인천,대한항공,KE845,청도,20250912,07:50,08:50,09:13,여객,지연,항공기 연결에 의한 지연,B737-900,188,"A,B,C,D"
출발,인천,진에어,LJ731,타오위안,20250912,07:50,07:50,08:31,여객,지연,,B737-800,189,"H,F,G,L"
출발,인천,대한항공,KE131,정저우,20250912,08:00,08:00,08:22,여객,출발,,B737-900,188,"A,B,C,D"
출발,인천,대한항공,KE441,노이바이(하노이),20250912,08:00,08:00,08:23,여객,출발,,A330-300,272,"A,B,C,D"
출발,인천,대한항공,KE197,칭기즈칸(신 울란바토르) 국제공항,20250912,08:10,08:10,08:39,여객,출발,,B737-900,188,"A,B,C,D"
출발,인천,에어서울,RS705,도쿄/나리타,20250912,08:10,08:25,08:45,여객,지연,여객 및 화물처리에 의한 지연,A321,195,"E,F,G,L"
출발,인천,진에어,LJ241,간사이,20250912,08:10,08:10,08:32,여객,출발,,B737-800,189,"H,F,G,L"
출발,인천,대한항공,KE859,베이징,20250912,08:15,08:15,08:29,여객,출발,,B777-300ER,277,"A,B,C,D"
출발,인천,진에어,LJ203,도쿄/나리타,20250912,08:15,08:56,09:18,여객,지연,공항 및 출입국 절차에 의한 지연,B737-800,189,"H,F,G,L"
출발,인천,대한항공,KE1403,김해,20250912,08:20,08:35,08:53,여객,출발,,B737-900,188,
출발,인천,진에어,LJ301,삿포로,20250912,08:20,08:20,08:48,여객,출발,,B737-800,189,"H,F,G,L"
출발,인천,대한항공,KE731,고베,20250912,08:25,08:25,08:51,여객,출발,,A321neo,182,"A,B,C,D"
출발,인천,대한항공,KE893,푸동,20250912,08:25,08:25,08:49,여객,출발,,A330-300,272,"A,B,C,D"
출발,인천,에어 프랑스,AF267,파리,20250912,08:30,08:30,08:59,여객,출발,,B777-300ER,296,"M,F,G,L"
출발,인천,대한항공,KE775,고마쓰,20250912,08:35,08:35,08:54,여객,출발,,B737-900,188,"A,B,C,D"
출발,인천,대한항공,KE827,선전(심천),20250912,08:40,08:40,09:12,여객,출발,,B737-900,188,"A,B,C,D"
출발,인천,대한항공,KE831,심양,20250912,08:45,08:05,08:25,여객,출발,,B737-900,188,"A,B,C,D"
출발,인천,에어서울,RS741,다카마쓰,20250912,08:45,08:45,09:11,여객,출발,,A321,195,"E,F,G,L"
출발,인천,대한항공,KE137,우한,20250912,08:50,08:50,09:07,여객,출발,,B737-900,188,"A,B,C,D"
출발,인천,대한항공,KE865,광저우,20250912,08:50,08:50,09:05,여객,출발,,A330-300,272,"A,B,C,D"
출발,인천,대한항공,KE819,창사(장사),20250912,09:00,09:00,09:20,여객,출발,,B737-900,188,"A,B,C,D"
출발,인천,대한항공,KE469,떤 선녓(호찌민),20250912,09:05,09:05,09:36,여객,출발,,A330-300,272,"A,B,C,D"
출발,인천,진에어,LJ361,이시가키,20250912,09:05,09:05,09:33,여객,출발,,B737-800,189,"H,F,G,L"
출발,인천,대한항공,KE805,천진,20250912,09:10,09:10,09:32,여객,출발,,B737-900,188,"A,B,C,D"
출발,인천,대한항공,KE811,시안,20250912,09:10,09:10,09:37,여객,출발,,B737-900,188,"A,B,C,D"
출발,인천,에어부산,BX172,간사이,20250912,09:15,09:15,09:36,여객,출발,,A321,195,"E,F,G,L"
출발,인천,대한항공,KE035,애틀랜타,20250912,09:20,09:20,09:44,여객,출발,,B777-300ER,277,"A,B,C,D"
출발,인천,대한항공,KE785,가고시마,20250912,09:20,09:20,09:41,여객,출발,,B737-900,188,"A,B,C,D"
출발,인천,진에어,LJ913,괌,20250912,09:20,09:20,09:29,여객,출발,,B737-800,189,"H,F,G,L"
출발,인천,에어서울,RS701,도쿄/나리타,20250912,09:25,09:25,09:52,여객,출발,,A321,195,"E,F,G,L"
출발,인천,대한항공,KE031,댈러스,20250912,09:30,09:30,09:56,여객,출발,,B787-9,269,"A,B,C,D"
출발,인천,대한항공,KE091,보스턴,20250912,09:30,09:30,10:01,여객,출발,,B787-9,269,"A,B,C,D"
출발,인천,대한항공,KE657,수안나폼(방콕),20250912,09:30,09:30,09:47,여객,출발,,A330-300,272,"A,B,C,D"
출발,인천,대한항공,KE755,오키나와,20250912,09:30,09:30,09:54,여객,출발,,B737-900,188,"A,B,C,D"
출발,인천,대한항공,KE073,토론토,20250912,09:35,09:35,10:11,여객,출발,,B777-300ER,277,"A,B,C,D"
출발,인천,대한항공,KE723,간사이,20250912,09:35,09:35,10:08,여객,출발,,A321neo,182,"A,B,C,D"
출발,인천,대한항공,KE421,괌,20250912,09:45,10:06,10:25,여객,지연,기타 원인에 의한 지연,B737-900,188,"A,B,C,D"
출발,인천,진에어,LJ205,도쿄/나리타,20250912,09:45,09:45,10:15,여객,출발,,B737-800,189,"H,F,G,L"
출발,인천,대한항공,KE913,마드리드,20250912,09:55,09:55,10:17,여객,출발,,B787-9,269,"A,B,C,D"
출발,인천,진에어,LJ341,오키나와,20250912,09:55,09:55,10:14,여객,출발,,B737-800,189,"H,F,G,L"
출발,인천,대한항공,KE081,뉴욕,20250912,10:00,10:00,10:27,여객,출발,,A380-800,407,"A,B,C,D"
출발,인천,대한항공,KE765,삿포로,20250912,10:05,10:05,10:37,여객,출발,,B737-900,188,"A,B,C,D"
출발,인천,대한항공,KE703,도쿄/나리타,20250912,10:10,10:10,10:46,여객,출발,,A321neo,182,"A,B,C,D"
출발,인천,델타항공,DL158,디트로이트,20250912,10:15,10:15,10:34,여객,출발,,A350-900,306,"K,F,G,L"
출발,인천,대한항공,KE169,마카오,20250912,10:20,10:20,10:41,여객,출발,,A321neo,182,"A,B,C,D"
출발,인천,대한항공,KE093,워싱톤,20250912,10:25,10:25,10:43,여객,출발,,B777-300ER,277,"A,B,C,D"
출발,인천,대한항공,KE101,남경,20250912,10:25,10:25,10:43,여객,출발,,A321neo,182,"A,B,C,D"
출발,인천,대한항공,KE937,비엔나,20250912,10:25,10:25,10:46,여객,출발,,B787-9,269,"A,B,C,D"
출발,인천,대한항공,KE185,타오위안,20250912,10:30,10:30,11:01,여객,출발,,A321neo,182,"A,B,C,D"
출발,인천,가루다인도네시아,GA879,자카르타(수카르노 하타),20250912,10:35,10:35,10:53,여객,출발,,A330-900neo,301,"J,F,G,L"
출발,인천,대한항공,KE741,나고야,20250912,10:35,10:35,10:55,여객,출발,,A321neo,182,"A,B,C,D"
출발,인천,대한항공,KE037,시카고,20250912,10:40,10:55,11:21,여객,지연,기타 원인에 의한 지연,B777-300ER,277,"A,B,C,D"
출발,인천,대한항공,KE855,베이징,20250912,10:40,10:40,11:08,여객,출발,,A330-300,272,"A,B,C,D"
출발,인천,대한항공,KE969,프라하,20250912,10:45,10:45,11:11,여객,출발,,B787-9,269,"A,B,C,D"
출발,인천,대한항공,KE457,다낭,20250912,10:55,10:55,11:23,여객,출발,,B737-900,188,"A,B,C,D"
출발,인천,대한항공,KE907,런던히드로,20250912,10:55,10:55,11:34,여객,출발,,A380-800,407,"A,B,C,D"
출발,인천,대한항공,KE945,프랑크푸르트,20250912,11:05,11:05,11:50,여객,지연,운항 기준 및 승무원 관련 지연,A380-800,407,"A,B,C,D"
출발,인천,대한항공,KE897,푸동,20250912,11:10,11:10,11:40,여객,출발,,B777-300ER,277,"A,B,C,D"
출발,인천,대한항공,KE901,파리,20250912,11:10,11:10,11:57,여객,지연,공항 및 출입국 절차에 의한 지연,B777-300ER,277,"A,B,C,D"
출발,인천,가루다인도네시아,GA871,덴파사(응우라 라이),20250912,11:25,11:25,11:48,여객,출발,,A330-300,251,"J,F,G,L"
출발,인천,에어부산,BX158,후쿠오카,20250912,11:25,13:30,13:59,여객,지연,항공기 연결에 의한 지연,A321,195,"E,F,G,L"
출발,인천,아에로멕시코,AM091,멕시코시티,20250912,11:40,11:40,12:02,여객,출발,,B787-9,274,"H,F,G,L"
출발,인천,대한항공,KE925,암스테르담,20250912,11:55,11:55,12:15,여객,출발,,B777-300ER,277,"A,B,C,D"
출발,인천,대한항공,KE107,항저우,20250912,12:00,12:00,12:31,여객,출발,,A321neo,182,"A,B,C,D"
출발,인천,중화항공,CI165,가오슝,20250912,12:05,12:05,12:34,여객,출발,,A321neo,180,"J,F,G,L"
출발,인천,진에어,LJ263,후쿠오카,20250912,12:10,12:10,12:29,여객,출발,,B737-800,189,"H,F,G,L"
출발,인천,대한항공,KE769,삿포로,20250912,12:35,12:35,12:47,여객,출발,,B737-900,188,"A,B,C,D"
출발,인천,대한항공,KE803,천진,20250912,12:35,12:35,13:12,여객,출발,,B737-900,188,"A,B,C,D"
출발,인천,중화항공,CI161,타오위안,20250912,12:35,12:35,13:01,여객,출발,,A330-300,277,"J,F,G,L"
출발,인천,에어부산,BX174,간사이,20250912,12:40,12:40,13:03,여객,출발,,A321,195,"E,F,G,L"
출발,인천,대한항공,KE711,도쿄/나리타,20250912,13:00,13:00,13:27,여객,출발,,A321neo,182,"A,B,C,D"
출발,인천,대한항공,KE869,대련,20250912,13:00,13:00,13:30,여객,출발,,B737-900,188,"A,B,C,D"
출발,인천,대한항공,KE921,리스본,20250912,13:00,13:00,13:33,여객,출발,,B787-9,269,"A,B,C,D"
출발,인천,대한항공,KE843,청도,20250912,13:05,13:05,13:36,여객,지연,항공교통흐름에 의한 지연,B737-900,188,"A,B,C,D"
출발,인천,대한항공,KE175,홍콩,20250912,13:25,13:25,13:44,여객,출발,,A321neo,182,"A,B,C,D"
출발,인천,대한항공,KE951,두바이,20250912,13:25,13:45,14:10,여객,지연,항공기 연결에 의한 지연,B777-300ER,277,"A,B,C,D"
출발,인천,에어서울,RS745,요나고,20250912,13:25,13:25,13:41,여객,출발,,A321,195,"E,F,G,L"
출발,인천,샤먼항공,MF872,샤먼 가오치,20250912,13:30,13:30,13:35,여객,출발,,B737-800,168,"J,F,G,L"
출발,인천,대한항공,KE695,카트만두,20250912,13:35,13:35,13:51,여객,출발,,A330-300,272,"A,B,C,D"
출발,인천,대한항공,KE927,밀라노,20250912,13:40,13:40,14:03,여객,출발,,B787-9,269,"A,B,C,D"
출발,인천,대한항공,KE955,이스탄불,20250912,13:40,14:00,14:26,여객,지연,기타 원인에 의한 지연,B777-300ER,277,"A,B,C,D"
출발,인천,대한항공,KE789,후쿠오카,20250912,13:45,13:45,14:15,여객,출발,,B737-900,188,"A,B,C,D"
출발,인천,진에어,LJ861,청도,20250912,13:50,13:50,14:18,여객,출발,,B737-800,189,"H,F,G,L"
출발,인천,에어서울,RS723,후쿠오카,20250912,14:25,14:25,14:59,여객,지연,공항 및 출입국 절차에 의한 지연,A321,195,"E,F,G,L"
출발,인천,대한항공,KE017,로스앤젤레스,20250912,14:30,14:30,15:01,여객,지연,항공기 연결에 의한 지연,B747-8i,368,"A,B,C,D"
출발,인천,진에어,LJ359,다카마쓰,20250912,14:30,14:30,14:44,여객,출발,,B737-800,189,"H,F,G,L"
출발,인천,대한항공,KE833,심양,20250912,14:35,14:35,14:50,여객,출발,,B737-900,188,"A,B,C,D"
출발,인천,진에어,LJ237,간사이,20250912,14:40,15:00,15:20,여객,지연,항공기 연결에 의한 지연,B737-800,189,"H,F,G,L"
출발,인천,대한항공,KE643,싱가포르,20250912,14:45,15:45,16:23,여객,지연,항공기 연결에 의한 지연,A330-300,272,"A,B,C,D"
출발,인천,진에어,LJ209,도쿄/나리타,20250912,14:45,14:45,15:14,여객,출발,,B737-800,189,"H,F,G,L"
출발,인천,대한항공,KE725,간사이,20250912,15:05,15:05,15:37,여객,출발,,A321neo,182,"A,B,C,D"
출발,인천,대한항공,KE627,자카르타(수카르노 하타),20250912,15:10,15:34,15:54,여객,지연,항공교통흐름에 의한 지연,A330-300,272,"A,B,C,D"
출발,인천,대한항공,KE189,타이중,20250912,15:15,15:15,15:35,여객,출발,,A321neo,182,"A,B,C,D"
출발,인천,에어서울,RS715,간사이,20250912,15:20,18:10,19:10,여객,지연,기타 원인에 의한 지연,A321,195,"E,F,G,L"
출발,인천,에어부산,BX176,간사이,20250912,15:25,15:25,16:08,여객,지연,항공교통흐름에 의한 지연,A321,195,"E,F,G,L"
출발,인천,진에어,LJ211,도쿄/나리타,20250912,15:35,15:53,16:13,여객,지연,공항 및 출입국 절차에 의한 지연,B737-800,189,"H,F,G,L"
출발,인천,대한항공,KE733,고베,20250912,15:50,16:15,16:35,여객,지연,항공교통흐름에 의한 지연,A321neo,182,"A,B,C,D"
출발,인천,에어부산,BX166,도쿄/나리타,20250912,15:50,15:50,16:26,여객,출발,,A321,195,"E,F,G,L"
출발,인천,진에어,LJ265,후쿠오카,20250912,15:50,15:50,16:15,여객,출발,,B737-800,189,"H,F,G,L"
출발,인천,대한항공,KE023,샌프란시스코,20250912,16:00,16:00,16:21,여객,출발,,B777-300ER,277,"A,B,C,D"
출발,인천,진에어,LJ239,간사이,20250912,16:05,16:05,16:39,여객,출발,,B737-800,189,"H,F,G,L"
출발,인천,진에어,LJ347,나고야,20250912,16:05,16:39,16:57,여객,지연,공항 및 출입국 절차에 의한 지연,B737-800,189,"H,F,G,L"
출발,인천,대한항공,KE187,타오위안,20250912,16:10,16:10,16:33,여객,출발,,A321neo,182,"A,B,C,D"
출발,인천,대한항공,KE633,덴파사(응우라 라이),20250912,16:10,16:30,16:47,여객,지연,항공교통흐름에 의한 지연,A330-300,272,"A,B,C,D"
출발,인천,진에어,LJ351,기타규슈,20250912,16:15,16:45,17:02,여객,지연,공항 및 출입국 절차에 의한 지연,B737-800,189,"H,F,G,L"
출발,인천,대한항공,KE671,쿠알라룸푸르,20250912,16:20,16:36,16:54,여객,지연,항공교통흐름에 의한 지연,A330-300,272,"A,B,C,D"
출발,인천,델타항공,DL188,애틀랜타,20250912,16:25,16:25,17:04,여객,출발,,A350-900,306,"K,F,G,L"
출발,인천,대한항공,KE041,시애틀,20250912,16:40,16:40,17:00,여객,출발,,A330-300,272,"A,B,C,D"
출발,인천,에어서울,RS703,도쿄/나리타,20250912,16:45,18:30,18:56,여객,지연,기타 원인에 의한 지연,A321,195,"E,F,G,L"
출발,인천,대한항공,KE713,도쿄/나리타,20250912,17:05,17:05,17:24,여객,출발,,A321neo,182,"A,B,C,D"
출발,인천,대한항공,KE1405,김해,20250912,17:10,17:10,17:32,여객,출발,,B737-900,188,
출발,인천,대한항공,KE485,푸꾸옥,20250912,17:10,17:10,17:42,여객,출발,,B737-900,188,"A,B,C,D"
출발,인천,진에어,LJ009,치앙마이,20250912,17:10,17:10,17:39,여객,출발,,B737-800,189,"H,F,G,L"
출발,인천,대한항공,KE8425,괌,20250912,17:15,17:15,17:26,여객,출발,,B737-900,188,"A,B,C,D"
출발,인천,에어부산,BX747,수안나폼(방콕),20250912,17:15,18:20,19:12,여객,지연,항공기 연결에 의한 지연,A321,195,"E,F,G,L"
출발,인천,진에어,LJ919,괌,20250912,17:35,17:35,17:57,여객,출발,,B737-800,189,"H,F,G,L"
출발,인천,대한항공,KE629,덴파사(응우라 라이),20250912,17:45,17:45,18:10,여객,출발,,A330-300,272,"A,B,C,D"
출발,인천,대한항공,KE663,푸껫,20250912,17:50,17:50,18:06,여객,출발,,B737-900,188,"A,B,C,D"
출발,인천,대한항공,KE411,오클랜드,20250912,18:00,18:00,18:22,여객,출발,,B787-9,269,"A,B,C,D"
출발,인천,대한항공,KE651,수안나폼(방콕),20250912,18:05,18:31,18:57,여객,지연,여객 및 화물처리에 의한 지연,A330-300,272,"A,B,C,D"
출발,인천,대한항공,KE461,다낭,20250912,18:20,18:36,18:53,여객,지연,항공교통흐름에 의한 지연,B737-900,188,"A,B,C,D"
출발,인천,대한항공,KE1407,김해,20250912,18:25,18:25,18:46,여객,출발,,B737-900,188,
출발,인천,대한항공,KE705,도쿄/나리타,20250912,18:35,18:35,19:21,여객,지연,항공교통흐름에 의한 지연,A321neo,182,"A,B,C,D"
출발,인천,대한항공,KE871,대련,20250912,18:35,18:35,19:15,여객,지연,항공교통흐름에 의한 지연,B737-900,188,"A,B,C,D"
출발,인천,대한항공,KE161,쿤밍,20250912,18:40,18:40,19:33,여객,지연,항공교통흐름에 의한 지연,B737-900,188,"A,B,C,D"
출발,인천,대한항공,KE423,괌,20250912,18:40,18:40,19:17,여객,출발,,B737-900,188,"A,B,C,D"
출발,인천,대한항공,KE645,싱가포르,20250912,18:40,18:40,19:03,여객,출발,,A330-300,272,"A,B,C,D"
출발,인천,대한항공,KE781,후쿠오카,20250912,18:40,18:40,19:30,여객,지연,항공교통흐름에 의한 지연,B737-900,188,"A,B,C,D"
출발,인천,델타항공,DL170,미니애폴리스,20250912,18:40,19:04,19:25,여객,지연,공항 및 출입국 절차에 의한 지연,A350-900,306,"K,F,G,L"
출발,인천,대한항공,KE071,밴쿠버,20250912,18:45,18:45,19:45,여객,지연,항공교통흐름에 의한 지연,B787-9,269,"A,B,C,D"
출발,인천,대한항공,KE453,노이바이(하노이),20250912,18:45,19:20,19:59,여객,지연,항공기 연결에 의한 지연,B737-900,188,"A,B,C,D"
출발,인천,대한항공,KE475,떤 선녓(호찌민),20250912,18:45,18:45,19:23,여객,지연,항공교통흐름에 의한 지연,B737-900,188,"A,B,C,D"
출발,인천,대한항공,KE623,마닐라,20250912,18:50,18:50,19:47,여객,지연,항공교통흐름에 의한 지연,B737-900,188,"A,B,C,D"
출발,인천,대한항공,KE689,프놈펜,20250912,18:50,18:50,19:39,여객,지연,항공교통흐름에 의한 지연,B737-900,188,"A,B,C,D"
출발,인천,대한항공,KE743,나고야,20250912,18:50,18:50,19:49,여객,지연,항공교통흐름에 의한 지연,A321neo,182,"A,B,C,D"
출발,인천,델타항공,DL26,애틀랜타,20250912,18:50,19:09,19:35,여객,지연,공항 및 출입국 절차에 의한 지연,A350-900,306,"K,F,G,L"
출발,인천,대한항공,KE895,푸동,20250912,18:55,19:10,20:03,여객,지연,항공기 연결에 의한 지연,A330-300,272,"A,B,C,D"
출발,인천,대한항공,KE721,간사이,20250912,19:00,19:15,20:32,여객,지연,항공기 연결에 의한 지연,A321neo,182,"A,B,C,D"
출발,인천,대한항공,KE401,시드니,20250912,19:10,19:50,20:28,여객,지연,항공기 연결에 의한 지연,A380-800,407,"A,B,C,D"
출발,인천,델타항공,DL196,시애틀,20250912,19:20,19:37,20:00,여객,지연,공항 및 출입국 절차에 의한 지연,A330-900neo,281,"K,F,G,L"
출발,인천,에어서울,RS581,팡라로,20250912,19:25,19:25,20:18,여객,지연,공항 및 출입국 절차에 의한 지연,A321,195,"E,F,G,L"
출발,인천,대한항공,KE085,뉴욕,20250912,19:30,19:45,20:24,여객,지연,기타 원인에 의한 지연,B747-8i,368,"A,B,C,D"
출발,인천,대한항공,KE1431,대구,20250912,19:30,19:30,20:12,여객,지연,항공교통흐름에 의한 지연,B737-900,188,
출발,인천,대한항공,KE1409,김해,20250912,19:35,19:35,20:15,여객,지연,항공교통흐름에 의한 지연,B737-900,188,
출발,인천,델타항공,DL172,솔트레이크시티,20250912,19:40,19:40,20:08,여객,출발,,A350-900,306,"K,F,G,L"
출발,인천,대한항공,KE177,홍콩,20250912,19:45,19:45,20:26,여객,지연,항공교통흐름에 의한 지연,A321neo,182,"A,B,C,D"
출발,인천,대한항공,KE477,떤 선녓(호찌민),20250912,19:45,19:45,20:40,여객,지연,항공교통흐름에 의한 지연,B737-900,188,"A,B,C,D"
출발,인천,대한항공,KE659,수안나폼(방콕),20250912,19:45,19:45,20:36,여객,지연,항공교통흐름에 의한 지연,B737-900,188,"A,B,C,D"
출발,인천,에어서울,RS527,깜라인(나트랑),20250912,19:50,19:50,20:58,여객,지연,항공교통흐름에 의한 지연,A321,195,"E,F,G,L"
출발,인천,진에어,LJ001,수안나폼(방콕),20250912,19:55,20:35,21:10,여객,지연,공항 및 출입국 절차에 의한 지연,B737-800,189,"H,F,G,L"
출발,인천,대한항공,KE467,깜라인(나트랑),20250912,20:00,21:10,21:35,여객,지연,항공교통흐름에 의한 지연,B737-900,188,"A,B,C,D"
출발,인천,대한항공,KE853,베이징,20250912,20:00,20:00,20:38,여객,지연,항공교통흐름에 의한 지연,A330-300,272,"A,B,C,D"
출발,인천,대한항공,KE407,브리즈번,20250912,20:05,20:05,20:47,여객,지연,여객 및 화물처리에 의한 지연,A330-300,272,"A,B,C,D"
출발,인천,대한항공,KE615,세부,20250912,20:05,20:55,21:23,여객,지연,항공교통흐름에 의한 지연,B737-900,188,"A,B,C,D"
출발,인천,대한항공,KE625,마닐라,20250912,20:15,21:33,21:56,여객,지연,항공교통흐름에 의한 지연,B737-900,188,"A,B,C,D"
출발,인천,대한항공,KE011,로스앤젤레스,20250912,20:25,20:25,20:56,여객,출발,,A380-800,407,"A,B,C,D"
출발,인천,진에어,LJ081,다낭,20250912,20:25,20:25,20:53,여객,출발,,B737-800,189,"H,F,G,L"
출발,인천,대한항공,KE719,하네다,20250912,20:30,20:30,21:00,여객,출발,,A321neo,182,"A,B,C,D"
출발,인천,샤먼항공,MF878,푸저우(복주),20250912,20:35,21:15,21:48,여객,지연,공항 및 출입국 절차에 의한 지연,B737-800,168,"J,F,G,L"
출발,인천,중화항공,CI163,타오위안,20250912,20:35,21:46,22:07,여객,지연,항공기 연결에 의한 지연,A330-300,277,"J,F,G,L"
출발,인천,진에어,LJ087,깜라인(나트랑),20250912,20:40,20:58,21:27,여객,지연,항공교통흐름에 의한 지연,B737-800,189,"H,F,G,L"
출발,인천,진에어,LJ917,괌,20250912,20:50,20:50,21:17,여객,출발,,B737-800,189,"H,F,G,L"
출발,인천,대한항공,KE005,라스베이거스,20250912,21:00,22:25,23:28,여객,지연,항공기 연결에 의한 지연,B777-300ER,277,"A,B,C,D"
출발,인천,대한항공,KE053,호놀룰루,20250912,21:05,21:05,21:29,여객,출발,,A330-300,272,"A,B,C,D"
출발,인천,대한항공,KE655,수안나폼(방콕),20250912,21:15,22:30,22:41,여객,지연,항공교통흐름에 의한 지연,A330-300,272,"A,B,C,D"
출발,인천,네덜란드항공,KL856,암스테르담,20250912,22:25,22:25,23:26,여객,지연,항공교통흐름에 의한 지연,B787-9,294,"M,F,G,L"
출발,인천,대한항공,KE619,마닐라,20250912,22:35,22:35,23:32,여객,지연,항공교통흐름에 의한 지연,A330-300,272,"A,B,C,D"
출발,인천,대한항공,KE075,밴쿠버,20250912,22:40,22:40,23:42,여객,지연,항공교통흐름에 의한 지연,B787-9,269,"A,B,C,D"
출발,인천,대한항공,KE647,싱가포르,20250913,00:05,23:50,00:29,여객,출발,,B777-300ER,277,"A,B,C,D"
출발,인천,에어부산,BX164,도쿄/나리타,20250913,07:15,07:15,07:33,여객,출발,,A321,195,"E,F,G,L"
출발,인천,에어서울,RS711,간사이,20250913,07:15,07:15,07:40,여객,출발,,A321,195,"E,F,G,L"
출발,인천,진에어,LJ261,후쿠오카,20250913,07:15,07:15,07:30,여객,출발,,B737-800,189,"H,F,G,L"
출발,인천,에어부산,BX156,후쿠오카,20250913,07:20,08:10,08:38,여객,지연,항공기 연결에 의한 지연,A321,195,"E,F,G,L"
출발,인천,에어서울,RS727,후쿠오카,20250913,07:20,09:08,09:22,여객,지연,항공기 연결에 의한 지연,A321,195,"E,F,G,L"
출발,인천,대한항공,KE787,후쿠오카,20250913,07:25,07:25,07:42,여객,출발,,B737-900,188,"A,B,C,D"
출발,인천,진에어,LJ201,도쿄/나리타,20250913,07:25,07:25,07:52,여객,출발,,B737-800,189,"H,F,G,L"
출발,인천,대한항공,KE795,나가사키,20250913,07:30,07:30,07:54,여객,출발,,B737-900,188,"A,B,C,D"
출발,인천,진에어,LJ345,나고야,20250913,07:30,07:30,08:04,여객,출발,,B737-800,189,"H,F,G,L"
출발,인천,진에어,LJ231,간사이,20250913,07:40,07:40,08:07,여객,출발,,B737-800,189,"H,F,G,L"
출발,인천,대한항공,KE173,홍콩,20250913,07:45,07:45,08:17,여객,출발,,A321neo,182,"A,B,C,D"
출발,인천,대한항공,KE621,마닐라,20250913,07:50,07:50,08:13,여객,출발,,B737-900,188,"A,B,C,D"
출발,인천,대한항공,KE845,청도,20250913,07:50,07:50,08:12,여객,출발,,B737-900,188,"A,B,C,D"
출발,인천,진에어,LJ731,타오위안,20250913,07:50,08:08,08:26,여객,지연,공항 및 출입국 절차에 의한 지연,B737-800,189,"H,F,G,L"
출발,인천,대한항공,KE131,정저우,20250913,08:00,08:00,08:20,여객,출발,,B737-900,188,"A,B,C,D"
출발,인천,대한항공,KE441,노이바이(하노이),20250913,08:00,08:00,08:34,여객,출발,,A330-300,272,"A,B,C,D"
출발,인천,대한항공,KE197,칭기즈칸(신 울란바토르) 국제공항,20250913,08:10,08:10,08:44,여객,출발,,B737-900,188,"A,B,C,D"
출발,인천,대한항공,KE767,아오모리,20250913,08:10,08:10,08:39,여객,출발,,B737-900,188,"A,B,C,D"
출발,인천,에어서울,RS705,도쿄/나리타,20250913,08:10,08:10,08:48,여객,출발,,A321,195,"E,F,G,L"
출발,인천,진에어,LJ241,간사이,20250913,08:10,08:10,08:53,여객,출발,,B737-800,189,"H,F,G,L"
출발,인천,진에어,LJ357,시모지시마,20250913,08:10,08:10,08:46,여객,출발,,B737-800,189,"H,F,G,L"
출발,인천,대한항공,KE859,베이징,20250913,08:15,08:15,08:53,여객,출발,,B777-300ER,277,"A,B,C,D"
출발,인천,진에어,LJ203,도쿄/나리타,20250913,08:15,08:31,08:57,여객,지연,공항 및 출입국 절차에 의한 지연,B737-800,189,"H,F,G,L"
출발,인천,대한항공,KE127,푸저우(복주),20250913,08:20,08:20,08:55,여객,출발,,B737-900,188,"A,B,C,D"
출발,인천,진에어,LJ301,삿포로,20250913,08:20,08:38,09:03,여객,지연,공항 및 출입국 절차에 의한 지연,B737-800,189,"H,F,G,L"
출발,인천,대한항공,KE731,고베,20250913,08:25,08:25,09:00,여객,출발,,A321neo,182,"A,B,C,D"
출발,인천,대한항공,KE893,푸동,20250913,08:25,08:25,08:59,여객,출발,,A330-300,272,"A,B,C,D"
출발,인천,에어 프랑스,AF267,파리,20250913,08:30,08:30,09:12,여객,지연,항공교통흐름에 의한 지연,B777-300ER,296,"M,F,G,L"
출발,인천,대한항공,KE827,선전(심천),20250913,08:40,08:40,09:25,여객,지연,운항 기준 및 승무원 관련 지연,B737-900,188,"A,B,C,D"
출발,인천,대한항공,KE831,심양,20250913,08:45,08:45,09:08,여객,지연,기타 원인에 의한 지연,B737-900,188,"A,B,C,D"
출발,인천,대한항공,KE865,광저우,20250913,08:50,08:50,09:15,여객,출발,,A330-300,272,"A,B,C,D"
출발,인천,대한항공,KE469,떤 선녓(호찌민),20250913,09:05,09:05,09:40,여객,출발,,A330-300,272,"A,B,C,D"
출발,인천,대한항공,KE805,천진,20250913,09:10,09:40,10:01,여객,지연,항공교통흐름에 의한 지연,B737-900,188,"A,B,C,D"
출발,인천,대한항공,KE811,시안,20250913,09:10,09:10,10:09,여객,지연,여객 및 화물처리에 의한 지연,B737-900,188,"A,B,C,D"
출발,인천,에어부산,BX172,간사이,20250913,09:15,09:15,09:40,여객,출발,,A321,195,"E,F,G,L"
출발,인천,대한항공,KE035,애틀랜타,20250913,09:20,09:20,09:37,여객,출발,,B777-300ER,277,"A,B,C,D"
출발,인천,대한항공,KE785,가고시마,20250913,09:20,09:20,09:35,여객,출발,,B737-900,188,"A,B,C,D"
출발,인천,진에어,LJ913,괌,20250913,09:20,09:20,09:32,여객,출발,,B737-800,189,"H,F,G,L"
출발,인천,에어서울,RS701,도쿄/나리타,20250913,09:25,09:25,10:01,여객,지연,기타 원인에 의한 지연,A321,195,"E,F,G,L"
출발,인천,대한항공,KE031,댈러스,20250913,09:30,09:30,09:52,여객,출발,,B787-9,269,"A,B,C,D"
출발,인천,대한항공,KE091,보스턴,20250913,09:30,09:30,09:57,여객,출발,,B787-9,269,"A,B,C,D"
출발,인천,대한항공,KE657,수안나폼(방콕),20250913,09:30,09:30,09:51,여객,출발,,A330-300,272,"A,B,C,D"
출발,인천,대한항공,KE755,오키나와,20250913,09:30,09:30,09:59,여객,출발,,B737-900,188,"A,B,C,D"
출발,인천,대한항공,KE073,토론토,20250913,09:35,09:35,10:04,여객,출발,,B777-300ER,277,"A,B,C,D"
출발,인천,대한항공,KE723,간사이,20250913,09:35,09:35,10:07,여객,출발,,A321neo,182,"A,B,C,D"
출발,인천,대한항공,KE763,니가타,20250913,09:40,09:40,10:10,여객,출발,,B737-900,188,"A,B,C,D"
출발,인천,대한항공,KE421,괌,20250913,09:45,09:45,09:59,여객,출발,,B737-900,188,"A,B,C,D"
출발,인천,진에어,LJ205,도쿄/나리타,20250913,09:45,09:45,10:13,여객,출발,,B737-800,189,"H,F,G,L"
출발,인천,진에어,LJ341,오키나와,20250913,09:55,09:55,10:20,여객,출발,,B737-800,189,"H,F,G,L"
출발,인천,대한항공,KE081,뉴욕,20250913,10:00,10:00,10:32,여객,출발,,A380-800,407,"A,B,C,D"
출발,인천,대한항공,KE765,삿포로,20250913,10:05,10:05,10:23,여객,출발,,B737-900,188,"A,B,C,D"
출발,인천,대한항공,KE703,도쿄/나리타,20250913,10:10,10:30,10:35,여객,출발,,A321neo,182,"A,B,C,D"
출발,인천,델타항공,DL158,디트로이트,20250913,10:15,10:15,10:16,여객,출발,,A350-900,306,"K,F,G,L"
출발,인천,대한항공,KE125,샤먼 가오치,20250913,10:20,10:20,10:40,여객,출발,,B737-900,188,"A,B,C,D"
출발,인천,대한항공,KE169,마카오,20250913,10:20,10:37,11:00,여객,지연,운항 기준 및 승무원 관련 지연,A321neo,182,"A,B,C,D"
출발,인천,대한항공,KE093,워싱톤,20250913,10:25,10:25,10:49,여객,출발,,B777-300ER,277,"A,B,C,D"
출발,인천,대한항공,KE185,타오위안,20250913,10:30,10:30,11:08,여객,출발,,A321neo,182,"A,B,C,D"
출발,인천,가루다인도네시아,GA879,자카르타(수카르노 하타),20250913,10:35,10:54,11:16,여객,지연,공항 및 출입국 절차에 의한 지연,A330-900neo,301,"J,F,G,L"
출발,인천,대한항공,KE741,나고야,20250913,10:35,10:35,10:54,여객,출발,,A321neo,182,"A,B,C,D"
출발,인천,대한항공,KE037,시카고,20250913,10:40,10:40,10:57,여객,출발,,B777-300ER,277,"A,B,C,D"
출발,인천,대한항공,KE969,프라하,20250913,10:45,10:45,11:51,여객,지연,여객 및 화물처리에 의한 지연,B787-9,269,"A,B,C,D"
출발,인천,대한항공,KE457,다낭,20250913,10:55,10:55,11:24,여객,출발,,B737-900,188,"A,B,C,D"
출발,인천,대한항공,KE907,런던히드로,20250913,10:55,12:13,12:32,여객,지연,항공교통흐름에 의한 지연,A380-800,407,"A,B,C,D"
출발,인천,대한항공,KE917,취리히,20250913,11:05,12:48,13:01,여객,지연,항공교통흐름에 의한 지연,B787-9,269,"A,B,C,D"
출발,인천,대한항공,KE897,푸동,20250913,11:10,11:10,11:41,여객,출발,,B777-300ER,277,"A,B,C,D"
출발,인천,대한항공,KE901,파리,20250913,11:10,13:10,13:33,여객,지연,항공교통흐름에 의한 지연,B777-300ER,277,"A,B,C,D"
출발,인천,가루다인도네시아,GA871,덴파사(응우라 라이),20250913,11:25,11:25,11:38,여객,출발,,A330-300,251,"J,F,G,L"
출발,인천,에어부산,BX158,후쿠오카,20250913,11:25,11:25,11:41,여객,출발,,A321,195,"E,F,G,L"
출발,인천,아에로멕시코,AM091,멕시코시티,20250913,11:40,11:40,11:57,여객,출발,,B787-9,274,"H,F,G,L"
출발,인천,대한항공,KE925,암스테르담,20250913,11:55,12:10,12:51,여객,지연,항공기 연결에 의한 지연,B777-300ER,277,"A,B,C,D"
출발,인천,중화항공,CI165,가오슝,20250913,12:05,12:05,12:16,여객,출발,,A321neo,180,"J,F,G,L"
출발,인천,진에어,LJ263,후쿠오카,20250913,12:10,12:10,12:24,여객,출발,,B737-800,189,"H,F,G,L"
출발,인천,에어서울,RS811,장가계,20250913,12:20,13:35,14:16,여객,지연,항공기 연결에 의한 지연,A321,195,"E,F,G,L"
출발,인천,대한항공,KE769,삿포로,20250913,12:35,12:35,12:57,여객,출발,,B737-900,188,"A,B,C,D"
출발,인천,대한항공,KE803,천진,20250913,12:35,14:30,14:52,여객,지연,항공교통흐름에 의한 지연,B737-900,188,"A,B,C,D"
출발,인천,대한항공,KE963,부다페스트,20250913,12:35,14:35,15:00,여객,지연,항공교통흐름에 의한 지연,B787-9,269,"A,B,C,D"
출발,인천,중화항공,CI161,타오위안,20250913,12:35,12:35,13:09,여객,출발,,A330-300,277,"J,F,G,L"
출발,인천,에어부산,BX174,간사이,20250913,12:40,13:05,13:44,여객,지연,항공기 연결에 의한 지연,A321,195,"E,F,G,L"
출발,인천,대한항공,KE711,도쿄/나리타,20250913,13:00,13:27,13:56,여객,지연,항공교통흐름에 의한 지연,A321neo,182,"A,B,C,D"
출발,인천,대한항공,KE869,대련,20250913,13:00,13:00,13:37,여객,출발,,B737-900,188,"A,B,C,D"
출발,인천,대한항공,KE843,청도,20250913,13:05,13:05,13:28,여객,출발,,B737-900,188,"A,B,C,D"
출발,인천,대한항공,KE931,로마,20250913,13:20,15:15,15:33,여객,지연,항공교통흐름에 의한 지연,B777-300ER,277,"A,B,C,D"
출발,인천,대한항공,KE135,허페이,20250913,13:25,13:45,14:05,여객,지연,항공교통흐름에 의한 지연,B737-900,188,"A,B,C,D"
출발,인천,대한항공,KE175,홍콩,20250913,13:25,13:25,14:02,여객,출발,,A321neo,182,"A,B,C,D"
출발,인천,대한항공,KE951,두바이,20250913,13:25,13:45,14:29,여객,지연,항공기 연결에 의한 지연,B777-300ER,277,"A,B,C,D"
출발,인천,샤먼항공,MF872,샤먼 가오치,20250913,13:30,13:30,14:00,여객,출발,,B737-800,168,"J,F,G,L"
출발,인천,대한항공,KE955,이스탄불,20250913,13:40,15:30,15:55,여객,지연,항공교통흐름에 의한 지연,B777-300ER,277,"A,B,C,D"
출발,인천,대한항공,KE789,후쿠오카,20250913,13:45,13:45,14:33,여객,지연,항공교통흐름에 의한 지연,B737-900,188,"A,B,C,D"
출발,인천,진에어,LJ861,청도,20250913,13:50,13:50,14:20,여객,출발,,B737-800,189,"H,F,G,L"
출발,인천,에어서울,RS723,후쿠오카,20250913,14:25,14:25,15:04,여객,지연,여객 및 화물처리에 의한 지연,A321,195,"E,F,G,L"
출발,인천,대한항공,KE017,로스앤젤레스,20250913,14:30,14:50,15:52,여객,지연,항공기 연결에 의한 지연,B747-8i,368,"A,B,C,D"
출발,인천,진에어,LJ359,다카마쓰,20250913,14:30,14:30,14:58,여객,출발,,B737-800,189,"H,F,G,L"
출발,인천,대한항공,KE833,심양,20250913,14:35,14:35,15:02,여객,출발,,B737-900,188,"A,B,C,D"
출발,인천,대한항공,KE643,싱가포르,20250913,14:45,14:45,15:14,여객,출발,,A330-300,272,"A,B,C,D"
출발,인천,진에어,LJ209,도쿄/나리타,20250913,14:45,15:08,15:31,여객,지연,공항 및 출입국 절차에 의한 지연,B737-800,189,"H,F,G,L"
출발,인천,대한항공,KE725,간사이,20250913,15:05,15:05,15:35,여객,출발,,A321neo,182,"A,B,C,D"
출발,인천,대한항공,KE627,자카르타(수카르노 하타),20250913,15:10,15:10,15:49,여객,지연,항공교통흐름에 의한 지연,A330-300,272,"A,B,C,D"
출발,인천,대한항공,KE189,타이중,20250913,15:15,15:40,16:11,여객,지연,항공교통흐름에 의한 지연,A321neo,182,"A,B,C,D"
출발,인천,에어서울,RS715,간사이,20250913,15:20,15:20,16:00,여객,출발,,A321,195,"E,F,G,L"
출발,인천,에어부산,BX176,간사이,20250913,15:25,15:25,16:26,여객,지연,항공교통흐름에 의한 지연,A321,195,"E,F,G,L"
출발,인천,진에어,LJ211,도쿄/나리타,20250913,15:35,15:59,16:24,여객,지연,공항 및 출입국 절차에 의한 지연,B737-800,189,"H,F,G,L"
출발,인천,대한항공,KE733,고베,20250913,15:50,15:50,16:28,여객,출발,,A321neo,182,"A,B,C,D"
출발,인천,에어부산,BX166,도쿄/나리타,20250913,15:50,15:50,16:14,여객,출발,,A321,195,"E,F,G,L"
출발,인천,진에어,LJ265,후쿠오카,20250913,15:50,15:50,16:18,여객,출발,,B737-800,189,"H,F,G,L"
출발,인천,대한항공,KE023,샌프란시스코,20250913,16:00,16:00,16:31,여객,출발,,B777-300ER,277,"A,B,C,D"
출발,인천,진에어,LJ239,간사이,20250913,16:05,16:29,16:56,여객,지연,항공교통흐름에 의한 지연,B737-800,189,"H,F,G,L"
출발,인천,진에어,LJ347,나고야,20250913,16:05,16:05,16:34,여객,출발,,B737-800,189,"H,F,G,L"
출발,인천,대한항공,KE187,타오위안,20250913,16:10,16:10,16:42,여객,출발,,A321neo,182,"A,B,C,D"
출발,인천,대한항공,KE633,덴파사(응우라 라이),20250913,16:10,16:10,16:39,여객,출발,,A330-300,272,"A,B,C,D"
출발,인천,진에어,LJ351,기타규슈,20250913,16:15,16:30,16:54,여객,지연,공항 및 출입국 절차에 의한 지연,B737-800,189,"H,F,G,L"
출발,인천,대한항공,KE671,쿠알라룸푸르,20250913,16:20,16:20,17:07,여객,지연,항공교통흐름에 의한 지연,A330-300,272,"A,B,C,D"
출발,인천,델타항공,DL188,애틀랜타,20250913,16:25,16:25,16:36,여객,출발,,A350-900,306,"K,F,G,L"
출발,인천,대한항공,KE041,시애틀,20250913,16:40,16:40,17:12,여객,출발,,A330-300,272,"A,B,C,D"
출발,인천,에어서울,RS703,도쿄/나리타,20250913,16:45,16:45,17:23,여객,지연,공항 및 출입국 절차에 의한 지연,A321,195,"E,F,G,L"
출발,인천,대한항공,KE713,도쿄/나리타,20250913,17:05,17:05,17:30,여객,출발,,A321neo,182,"A,B,C,D"
출발,인천,대한항공,KE1405,김해,20250913,17:10,17:10,17:43,여객,출발,,B737-900,188,
출발,인천,진에어,LJ009,치앙마이,20250913,17:10,17:10,17:34,여객,출발,,B737-800,189,"H,F,G,L"
출발,인천,대한항공,KE8425,괌,20250913,17:15,17:15,17:40,여객,출발,,B737-900,188,"A,B,C,D"
출발,인천,에어부산,BX747,수안나폼(방콕),20250913,17:15,17:15,17:46,여객,출발,,A321,195,"E,F,G,L"
출발,인천,진에어,LJ919,괌,20250913,17:35,17:35,18:03,여객,출발,,B737-800,189,"H,F,G,L"
출발,인천,대한항공,KE629,덴파사(응우라 라이),20250913,17:45,17:45,18:10,여객,출발,,A330-300,272,"A,B,C,D"
출발,인천,대한항공,KE663,푸껫,20250913,17:50,17:50,18:12,여객,출발,,B737-900,188,"A,B,C,D"
출발,인천,대한항공,KE651,수안나폼(방콕),20250913,18:05,18:05,18:44,여객,지연,운항 기준 및 승무원 관련 지연,A330-300,272,"A,B,C,D"
출발,인천,대한항공,KE461,다낭,20250913,18:20,18:20,18:40,여객,출발,,B737-900,188,"A,B,C,D"
출발,인천,대한항공,KE1407,김해,20250913,18:25,18:25,18:42,여객,출발,,B737-900,188,
출발,인천,대한항공,KE667,치앙마이,20250913,18:25,18:25,18:59,여객,출발,,B737-900,188,"A,B,C,D"
출발,인천,대한항공,KE705,도쿄/나리타,20250913,18:35,18:35,18:55,여객,출발,,A321neo,182,"A,B,C,D"
출발,인천,대한항공,KE423,괌,20250913,18:40,18:40,19:17,여객,출발,,B737-900,188,"A,B,C,D"
출발,인천,대한항공,KE645,싱가포르,20250913,18:40,18:40,19:10,여객,출발,,A330-300,272,"A,B,C,D"
출발,인천,대한항공,KE781,후쿠오카,20250913,18:40,18:40,19:31,여객,지연,항공교통흐름에 의한 지연,B737-900,188,"A,B,C,D"
출발,인천,델타항공,DL170,미니애폴리스,20250913,18:40,18:40,19:11,여객,출발,,A350-900,306,"K,F,G,L"
출발,인천,대한항공,KE071,밴쿠버,20250913,18:45,19:00,20:09,여객,지연,기타 원인에 의한 지연,B787-9,269,"A,B,C,D"
출발,인천,대한항공,KE453,노이바이(하노이),20250913,18:45,19:06,19:33,여객,지연,항공교통흐름에 의한 지연,B737-900,188,"A,B,C,D"
출발,인천,대한항공,KE475,떤 선녓(호찌민),20250913,18:45,19:06,19:29,여객,지연,항공교통흐름에 의한 지연,B737-900,188,"A,B,C,D"
출발,인천,대한항공,KE623,마닐라,20250913,18:50,18:50,19:25,여객,출발,,B737-900,188,"A,B,C,D"
출발,인천,대한항공,KE689,프놈펜,20250913,18:50,18:50,19:23,여객,출발,,B737-900,188,"A,B,C,D"
출발,인천,대한항공,KE743,나고야,20250913,18:50,20:10,20:39,여객,지연,항공기 연결에 의한 지연,A321neo,182,"A,B,C,D"
출발,인천,델타항공,DL26,애틀랜타,20250913,18:50,18:50,19:21,여객,출발,,A350-900,306,"K,F,G,L"
출발,인천,대한항공,KE895,푸동,20250913,18:55,19:21,19:43,여객,지연,항공교통흐름에 의한 지연,A330-300,272,"A,B,C,D"
출발,인천,대한항공,KE721,간사이,20250913,19:00,19:00,19:27,여객,출발,,A321neo,182,"A,B,C,D"
출발,인천,대한항공,KE401,시드니,20250913,19:10,19:10,19:47,여객,출발,,A380-800,407,"A,B,C,D"
출발,인천,진에어,LJ131,코타키나발루,20250913,19:10,19:10,19:46,여객,출발,,B737-800,189,"H,F,G,L"
출발,인천,델타항공,DL196,시애틀,20250913,19:20,21:15,21:39,여객,지연,항공기 연결에 의한 지연,A330-900neo,281,"K,F,G,L"
출발,인천,대한항공,KE163,장가계,20250913,19:25,19:25,19:57,여객,출발,,B737-900,188,"A,B,C,D"
출발,인천,대한항공,KE085,뉴욕,20250913,19:30,20:45,21:15,여객,지연,기타 원인에 의한 지연,B747-8i,368,"A,B,C,D"
출발,인천,대한항공,KE1431,대구,20250913,19:30,19:30,20:12,여객,지연,항공교통흐름에 의한 지연,B737-900,188,
출발,인천,대한항공,KE195,칭기즈칸(신 울란바토르) 국제공항,20250913,19:30,20:58,21:18,여객,지연,여객 및 화물처리에 의한 지연,B737-900,188,"A,B,C,D"
출발,인천,대한항공,KE1409,김해,20250913,19:35,19:35,20:11,여객,출발,,B737-900,188,
출발,인천,델타항공,DL172,솔트레이크시티,20250913,19:40,19:40,19:55,여객,출발,,A350-900,306,"K,F,G,L"
출발,인천,대한항공,KE177,홍콩,20250913,19:45,19:45,20:17,여객,출발,,A321neo,182,"A,B,C,D"
출발,인천,대한항공,KE477,떤 선녓(호찌민),20250913,19:45,19:45,20:22,여객,출발,,B737-900,188,"A,B,C,D"
출발,인천,대한항공,KE659,수안나폼(방콕),20250913,19:45,19:45,20:29,여객,지연,항공교통흐름에 의한 지연,B737-900,188,"A,B,C,D"
출발,인천,에어서울,RS527,깜라인(나트랑),20250913,19:50,19:50,20:34,여객,지연,공항 및 출입국 절차에 의한 지연,A321,195,"E,F,G,L"
출발,인천,진에어,LJ001,수안나폼(방콕),20250913,19:55,19:55,20:38,여객,지연,,B737-800,189,"H,F,G,L"
출발,인천,대한항공,KE467,깜라인(나트랑),20250913,20:00,20:35,21:25,여객,지연,항공기 연결에 의한 지연,B737-900,188,"A,B,C,D"
출발,인천,대한항공,KE853,베이징,20250913,20:00,20:45,21:27,여객,지연,항공기 연결에 의한 지연,A330-300,272,"A,B,C,D"
출발,인천,대한항공,KE407,브리즈번,20250913,20:05,20:05,20:19,여객,출발,,A330-300,272,"A,B,C,D"
출발,인천,대한항공,KE615,세부,20250913,20:05,20:05,20:27,여객,출발,,B737-900,188,"A,B,C,D"
출발,인천,대한항공,KE625,마닐라,20250913,20:15,20:30,21:03,여객,지연,항공기 연결에 의한 지연,B737-900,188,"A,B,C,D"
출발,인천,대한항공,KE011,로스앤젤레스,20250913,20:25,20:25,21:05,여객,출발,,A380-800,407,"A,B,C,D"
출발,인천,진에어,LJ081,다낭,20250913,20:25,20:25,20:49,여객,출발,,B737-800,189,"H,F,G,L"
출발,인천,대한항공,KE719,하네다,20250913,20:30,20:30,21:09,여객,출발,,A321neo,182,"A,B,C,D"
출발,인천,샤먼항공,MF878,푸저우(복주),20250913,20:35,20:35,20:51,여객,출발,,B737-800,168,"J,F,G,L"
출발,인천,중화항공,CI163,타오위안,20250913,20:35,20:35,21:06,여객,출발,,A330-300,277,"J,F,G,L"
출발,인천,진에어,LJ087,깜라인(나트랑),20250913,20:40,20:40,21:11,여객,출발,,B737-800,189,"H,F,G,L"
출발,인천,진에어,LJ043,팡라로,20250913,20:50,21:34,21:57,여객,지연,항공기 연결에 의한 지연,B737-800,189,"H,F,G,L"
출발,인천,진에어,LJ917,괌,20250913,20:50,21:40,22:20,여객,지연,공항 및 출입국 절차에 의한 지연,B737-800,189,"H,F,G,L"
출발,인천,에어서울,RS581,팡라로,20250913,20:55,21:20,22:06,여객,지연,항공기 연결에 의한 지연,A321,195,"E,F,G,L"
출발,인천,대한항공,KE005,라스베이거스,20250913,21:00,21:00,21:29,여객,출발,,B777-300ER,277,"A,B,C,D"
출발,인천,대한항공,KE053,호놀룰루,20250913,21:05,21:30,22:03,여객,지연,여객 및 화물처리에 의한 지연,A330-300,272,"A,B,C,D"
출발,인천,대한항공,KE655,수안나폼(방콕),20250913,21:15,21:35,22:10,여객,지연,기타 원인에 의한 지연,A330-300,272,"A,B,C,D"
출발,인천,에어부산,BX787,깜라인(나트랑),20250913,21:30,21:30,22:03,여객,출발,,A321,195,"E,F,G,L"
출발,인천,네덜란드항공,KL856,암스테르담,20250913,22:25,22:25,22:58,여객,출발,,B787-9,294,"M,F,G,L"
출발,인천,대한항공,KE619,마닐라,20250913,22:35,22:35,22:42,여객,출발,,A330-300,272,"A,B,C,D"
출발,인천,대한항공,KE075,밴쿠버,20250913,22:40,22:40,23:08,여객,출발,,B787-9,269,"A,B,C,D"
출발,인천,대한항공,KE647,싱가포르,20250913,23:35,23:35,23:53,여객,출발,,B777-300ER,277,"A,B,C,D"
출발,인천,스칸디나비아항공,SK988,코펜하겐,20250914,00:05,23:45,00:11,여객,출발,,A350-900,300,"K,F,G,L"
출발,인천,대한항공,KE1401,김해,20250914,06:35,06:35,06:50,여객,출발,,B737-900,188,
출발,인천,에어부산,BX164,도쿄/나리타,20250914,07:15,07:15,07:23,여객,출발,,A321,195,"E,F,G,L"
출발,인천,에어서울,RS711,간사이,20250914,07:15,07:35,08:20,여객,지연,공항 및 출입국 절차에 의한 지연,A321,195,"E,F,G,L"
출발,인천,진에어,LJ261,후쿠오카,20250914,07:15,07:15,07:41,여객,출발,,B737-800,189,"H,F,G,L"
출발,인천,에어부산,BX156,후쿠오카,20250914,07:20,07:20,07:45,여객,출발,,A321,195,"E,F,G,L"
출발,인천,대한항공,KE787,후쿠오카,20250914,07:25,07:25,07:37,여객,출발,,B737-900,188,"A,B,C,D"
출발,인천,진에어,LJ201,도쿄/나리타,20250914,07:25,07:25,07:57,여객,출발,,B737-800,189,"H,F,G,L"
출발,인천,대한항공,KE771,오카야마,20250914,07:30,07:30,07:54,여객,출발,,B737-900,188,"A,B,C,D"
출발,인천,진에어,LJ345,나고야,20250914,07:30,07:30,07:48,여객,출발,,B737-800,189,"H,F,G,L"
출발,인천,진에어,LJ231,간사이,20250914,07:40,07:40,08:12,여객,출발,,B737-800,189,"H,F,G,L"
출발,인천,대한항공,KE173,홍콩,20250914,07:45,07:45,08:14,여객,출발,,A321neo,182,"A,B,C,D"
출발,인천,대한항공,KE621,마닐라,20250914,07:50,07:50,08:18,여객,출발,,B737-900,188,"A,B,C,D"
출발,인천,대한항공,KE845,청도,20250914,07:50,07:50,08:16,여객,출발,,B737-900,188,"A,B,C,D"
출발,인천,진에어,LJ731,타오위안,20250914,07:50,08:06,08:31,여객,지연,공항 및 출입국 절차에 의한 지연,B737-800,189,"H,F,G,L"
출발,인천,대한항공,KE131,정저우,20250914,08:00,08:00,08:20,여객,출발,,B737-900,188,"A,B,C,D"
출발,인천,대한항공,KE441,노이바이(하노이),20250914,08:00,08:00,08:26,여객,출발,,A330-300,272,"A,B,C,D"
출발,인천,대한항공,KE197,칭기즈칸(신 울란바토르) 국제공항,20250914,08:10,08:10,08:25,여객,출발,,B737-900,188,"A,B,C,D"
출발,인천,에어서울,RS705,도쿄/나리타,20250914,08:10,08:30,08:53,여객,지연,항공기 연결에 의한 지연,A321,195,"E,F,G,L"
출발,인천,진에어,LJ241,간사이,20250914,08:10,08:26,08:42,여객,지연,공항 및 출입국 절차에 의한 지연,B737-800,189,"H,F,G,L"
출발,인천,진에어,LJ357,시모지시마,20250914,08:10,08:10,08:35,여객,출발,,B737-800,189,"H,F,G,L"
출발,인천,대한항공,KE859,베이징,20250914,08:15,08:15,08:52,여객,출발,,B777-300ER,277,"A,B,C,D"
출발,인천,진에어,LJ203,도쿄/나리타,20250914,08:15,08:32,08:57,여객,지연,공항 및 출입국 절차에 의한 지연,B737-800,189,"H,F,G,L"
출발,인천,대한항공,KE127,푸저우(복주),20250914,08:20,08:20,08:47,여객,출발,,B737-900,188,"A,B,C,D"
출발,인천,대한항공,KE1403,김해,20250914,08:20,08:20,08:38,여객,출발,,B737-900,188,
출발,인천,진에어,LJ301,삿포로,20250914,08:20,08:20,08:45,여객,출발,,B737-800,189,"H,F,G,L"
출발,인천,대한항공,KE731,고베,20250914,08:25,08:25,08:50,여객,출발,,A321neo,182,"A,B,C,D"
출발,인천,대한항공,KE893,푸동,20250914,08:25,08:25,09:01,여객,출발,,A330-300,272,"A,B,C,D"
출발,인천,에어 프랑스,AF267,파리,20250914,08:30,08:30,08:59,여객,출발,,B777-300ER,296,"M,F,G,L"
출발,인천,대한항공,KE775,고마쓰,20250914,08:35,08:35,09:03,여객,출발,,B737-900,188,"A,B,C,D"
출발,인천,대한항공,KE831,심양,20250914,08:45,08:05,08:37,여객,출발,,B737-900,188,"A,B,C,D"
출발,인천,에어서울,RS741,다카마쓰,20250914,08:45,09:30,10:04,여객,지연,항공기 정비에 의한 지연,A321,195,"E,F,G,L"
출발,인천,대한항공,KE137,우한,20250914,08:50,08:50,09:06,여객,출발,,B737-900,188,"A,B,C,D"
출발,인천,대한항공,KE865,광저우,20250914,08:50,08:50,09:20,여객,출발,,A330-300,272,"A,B,C,D"
출발,인천,대한항공,KE819,창사(장사),20250914,09:00,09:00,09:15,여객,출발,,B737-900,188,"A,B,C,D"
출발,인천,대한항공,KE469,떤 선녓(호찌민),20250914,09:05,09:05,09:42,여객,지연,기타 원인에 의한 지연,A330-300,272,"A,B,C,D"
출발,인천,진에어,LJ361,이시가키,20250914,09:05,09:05,09:31,여객,출발,,B737-800,189,"H,F,G,L"
출발,인천,대한항공,KE805,천진,20250914,09:10,09:10,09:41,여객,출발,,B737-900,188,"A,B,C,D"
출발,인천,대한항공,KE811,시안,20250914,09:10,09:10,09:37,여객,출발,,B737-900,188,"A,B,C,D"
출발,인천,에어부산,BX172,간사이,20250914,09:15,09:15,09:26,여객,출발,,A321,195,"E,F,G,L"
출발,인천,대한항공,KE035,애틀랜타,20250914,09:20,09:20,09:34,여객,출발,,B777-300ER,277,"A,B,C,D"
출발,인천,진에어,LJ913,괌,20250914,09:20,09:20,09:48,여객,출발,,B737-800,189,"H,F,G,L"
출발,인천,에어서울,RS701,도쿄/나리타,20250914,09:25,09:25,09:50,여객,출발,,A321,195,"E,F,G,L"
출발,인천,대한항공,KE031,댈러스,20250914,09:30,09:30,09:40,여객,출발,,B787-9,269,"A,B,C,D"
출발,인천,대한항공,KE091,보스턴,20250914,09:30,09:30,10:00,여객,출발,,B787-9,269,"A,B,C,D"
출발,인천,대한항공,KE657,수안나폼(방콕),20250914,09:30,09:30,09:57,여객,출발,,A330-300,272,"A,B,C,D"
출발,인천,대한항공,KE755,오키나와,20250914,09:30,09:30,09:54,여객,출발,,B737-900,188,"A,B,C,D"
출발,인천,대한항공,KE777,구마모토,20250914,09:30,09:30,09:51,여객,출발,,B737-900,188,"A,B,C,D"
출발,인천,대한항공,KE073,토론토,20250914,09:35,09:35,10:07,여객,출발,,B777-300ER,277,"A,B,C,D"
출발,인천,대한항공,KE723,간사이,20250914,09:35,09:35,10:10,여객,출발,,A321neo,182,"A,B,C,D"
출발,인천,대한항공,KE421,괌,20250914,09:45,09:45,10:02,여객,출발,,B737-900,188,"A,B,C,D"
출발,인천,진에어,LJ205,도쿄/나리타,20250914,09:45,09:45,10:14,여객,출발,,B737-800,189,"H,F,G,L"
출발,인천,대한항공,KE913,마드리드,20250914,09:55,09:55,10:14,여객,출발,,B787-9,269,"A,B,C,D"
출발,인천,진에어,LJ341,오키나와,20250914,09:55,09:55,10:29,여객,출발,,B737-800,189,"H,F,G,L"
출발,인천,대한항공,KE081,뉴욕,20250914,10:00,10:00,10:24,여객,출발,,A380-800,407,"A,B,C,D"
출발,인천,대한항공,KE765,삿포로,20250914,10:05,10:05,10:30,여객,출발,,B737-900,188,"A,B,C,D"
출발,인천,대한항공,KE703,도쿄/나리타,20250914,10:10,10:10,10:36,여객,출발,,A321neo,182,"A,B,C,D"
출발,인천,델타항공,DL158,디트로이트,20250914,10:15,10:15,10:18,여객,출발,,A350-900,306,"K,F,G,L"
출발,인천,대한항공,KE125,샤먼 가오치,20250914,10:20,10:20,10:43,여객,출발,,B737-900,188,"A,B,C,D"
출발,인천,대한항공,KE169,마카오,20250914,10:20,10:20,10:45,여객,출발,,A321neo,182,"A,B,C,D"
출발,인천,대한항공,KE093,워싱톤,20250914,10:25,10:25,10:53,여객,출발,,B777-300ER,277,"A,B,C,D"
출발,인천,대한항공,KE101,남경,20250914,10:25,10:25,10:52,여객,출발,,A321neo,182,"A,B,C,D"
출발,인천,대한항공,KE937,비엔나,20250914,10:25,10:25,10:47,여객,출발,,B787-9,269,"A,B,C,D"
출발,인천,대한항공,KE185,타오위안,20250914,10:30,10:30,10:57,여객,출발,,A321neo,182,"A,B,C,D"
출발,인천,대한항공,KE741,나고야,20250914,10:35,10:35,11:11,여객,출발,,A321neo,182,"A,B,C,D"
출발,인천,대한항공,KE037,시카고,20250914,10:40,10:40,11:07,여객,출발,,B777-300ER,277,"A,B,C,D"
출발,인천,대한항공,KE855,베이징,20250914,10:40,11:10,11:41,여객,지연,항공기 연결에 의한 지연,A330-300,272,"A,B,C,D"
출발,인천,대한항공,KE457,다낭,20250914,10:55,10:55,11:24,여객,출발,,B737-900,188,"A,B,C,D"
출발,인천,대한항공,KE907,런던히드로,20250914,10:55,10:55,11:33,여객,지연,여객 및 화물처리에 의한 지연,A380-800,407,"A,B,C,D"
출발,인천,대한항공,KE791,후쿠오카,20250914,11:05,11:23,11:43,여객,지연,항공교통흐름에 의한 지연,B737-900,188,"A,B,C,D"
출발,인천,대한항공,KE945,프랑크푸르트,20250914,11:05,11:29,11:52,여객,지연,항공교통흐름에 의한 지연,A380-800,407,"A,B,C,D"
출발,인천,대한항공,KE897,푸동,20250914,11:10,11:27,11:50,여객,지연,여객 및 화물처리에 의한 지연,B777-300ER,277,"A,B,C,D"
출발,인천,가루다인도네시아,GA871,덴파사(응우라 라이),20250914,11:25,11:43,12:16,여객,지연,항공기 연결에 의한 지연,A330-300,251,"J,F,G,L"
출발,인천,에어부산,BX158,후쿠오카,20250914,11:25,11:25,12:11,여객,출발,,A321,195,"E,F,G,L"
출발,인천,아에로멕시코,AM091,멕시코시티,20250914,11:40,11:40,12:23,여객,지연,항공기 연결에 의한 지연,B787-9,274,"H,F,G,L"
출발,인천,대한항공,KE925,암스테르담,20250914,11:55,11:55,12:13,여객,출발,,B777-300ER,277,"A,B,C,D"
출발,인천,중화항공,CI165,가오슝,20250914,12:05,12:05,12:24,여객,출발,,A321neo,180,"J,F,G,L"
출발,인천,진에어,LJ263,후쿠오카,20250914,12:10,12:10,12:30,여객,출발,,B737-800,189,"H,F,G,L"
출발,인천,대한항공,KE769,삿포로,20250914,12:35,12:35,12:47,여객,출발,,B737-900,188,"A,B,C,D"
출발,인천,대한항공,KE803,천진,20250914,12:35,13:10,13:30,여객,지연,항공기 연결에 의한 지연,B737-900,188,"A,B,C,D"
출발,인천,중화항공,CI161,타오위안,20250914,12:35,12:50,13:09,여객,지연,항공교통흐름에 의한 지연,A330-300,277,"J,F,G,L"
출발,인천,에어부산,BX174,간사이,20250914,12:40,12:40,12:56,여객,출발,,A321,195,"E,F,G,L"
출발,인천,대한항공,KE497,델리,20250914,12:55,12:55,13:13,여객,출발,,B787-9,269,"A,B,C,D"
출발,인천,대한항공,KE711,도쿄/나리타,20250914,13:00,14:00,14:24,여객,지연,항공기 연결에 의한 지연,A321neo,182,"A,B,C,D"
출발,인천,대한항공,KE869,대련,20250914,13:00,13:00,13:17,여객,출발,,B737-900,188,"A,B,C,D"
출발,인천,대한항공,KE921,리스본,20250914,13:00,13:00,13:33,여객,출발,,B787-9,269,"A,B,C,D"
출발,인천,대한항공,KE843,청도,20250914,13:05,13:05,13:20,여객,출발,,B737-900,188,"A,B,C,D"
출발,인천,대한항공,KE175,홍콩,20250914,13:25,13:25,13:47,여객,출발,,A321neo,182,"A,B,C,D"
출발,인천,대한항공,KE951,두바이,20250914,13:25,13:40,14:06,여객,출발,,B777-300ER,277,"A,B,C,D"
출발,인천,에어서울,RS745,요나고,20250914,13:25,13:25,13:41,여객,출발,,A321,195,"E,F,G,L"
출발,인천,샤먼항공,MF872,샤먼 가오치,20250914,13:30,13:30,13:43,여객,출발,,B737-800,168,"J,F,G,L"
출발,인천,대한항공,KE927,밀라노,20250914,13:40,13:40,14:02,여객,출발,,B787-9,269,"A,B,C,D"
출발,인천,대한항공,KE789,후쿠오카,20250914,13:45,13:45,13:59,여객,출발,,B737-900,188,"A,B,C,D"
출발,인천,진에어,LJ861,청도,20250914,13:50,14:32,14:54,여객,지연,항공기 연결에 의한 지연,B737-800,189,"H,F,G,L"
출발,인천,에어서울,RS723,후쿠오카,20250914,14:25,14:45,15:11,여객,지연,항공기 연결에 의한 지연,A321,195,"E,F,G,L"
출발,인천,대한항공,KE017,로스앤젤레스,20250914,14:30,14:30,14:56,여객,출발,,B747-8i,368,"A,B,C,D"
출발,인천,진에어,LJ359,다카마쓰,20250914,14:30,14:30,14:38,여객,출발,,B737-800,189,"H,F,G,L"
출발,인천,대한항공,KE833,심양,20250914,14:35,14:35,15:15,여객,지연,항공교통흐름에 의한 지연,B737-900,188,"A,B,C,D"
출발,인천,대한항공,KE643,싱가포르,20250914,14:45,14:45,15:08,여객,출발,,A330-300,272,"A,B,C,D"
출발,인천,진에어,LJ209,도쿄/나리타,20250914,14:45,14:45,15:17,여객,출발,,B737-800,189,"H,F,G,L"
출발,인천,대한항공,KE725,간사이,20250914,15:05,15:05,15:29,여객,출발,,A321neo,182,"A,B,C,D"
출발,인천,대한항공,KE627,자카르타(수카르노 하타),20250914,15:10,15:50,16:19,여객,지연,항공기 연결에 의한 지연,A330-300,272,"A,B,C,D"
출발,인천,대한항공,KE189,타이중,20250914,15:15,15:37,15:59,여객,지연,항공교통흐름에 의한 지연,A321neo,182,"A,B,C,D"
출발,인천,에어서울,RS715,간사이,20250914,15:20,15:20,16:13,여객,지연,공항 및 출입국 절차에 의한 지연,A321,195,"E,F,G,L"
출발,인천,에어부산,BX176,간사이,20250914,15:25,15:25,16:11,여객,지연,공항 및 출입국 절차에 의한 지연,A321,195,"E,F,G,L"
출발,인천,진에어,LJ211,도쿄/나리타,20250914,15:35,15:57,16:15,여객,지연,공항 및 출입국 절차에 의한 지연,B737-800,189,"H,F,G,L"
출발,인천,대한항공,KE733,고베,20250914,15:50,15:50,16:30,여객,출발,,A321neo,182,"A,B,C,D"
출발,인천,에어부산,BX166,도쿄/나리타,20250914,15:50,15:50,16:42,여객,지연,공항 및 출입국 절차에 의한 지연,A321,195,"E,F,G,L"
출발,인천,진에어,LJ265,후쿠오카,20250914,15:50,15:50,16:32,여객,출발,,B737-800,189,"H,F,G,L"
출발,인천,대한항공,KE023,샌프란시스코,20250914,16:00,16:55,17:27,여객,지연,항공기 연결에 의한 지연,B777-300ER,277,"A,B,C,D"
출발,인천,진에어,LJ239,간사이,20250914,16:05,16:23,16:46,여객,지연,공항 및 출입국 절차에 의한 지연,B737-800,189,"H,F,G,L"
출발,인천,진에어,LJ347,나고야,20250914,16:05,16:26,16:50,여객,지연,공항 및 출입국 절차에 의한 지연,B737-800,189,"H,F,G,L"
출발,인천,대한항공,KE187,타오위안,20250914,16:10,16:10,16:49,여객,출발,,A321neo,182,"A,B,C,D"
출발,인천,대한항공,KE633,덴파사(응우라 라이),20250914,16:10,16:10,16:39,여객,출발,,A330-300,272,"A,B,C,D"
출발,인천,대한항공,KE671,쿠알라룸푸르,20250914,16:20,16:20,17:08,여객,지연,항공교통흐름에 의한 지연,A330-300,272,"A,B,C,D"
출발,인천,델타항공,DL188,애틀랜타,20250914,16:25,16:44,17:06,여객,지연,공항 및 출입국 절차에 의한 지연,A350-900,306,"K,F,G,L"
출발,인천,대한항공,KE041,시애틀,20250914,16:40,17:20,17:53,여객,지연,항공기 연결에 의한 지연,A330-300,272,"A,B,C,D"
출발,인천,에어서울,RS703,도쿄/나리타,20250914,16:45,16:45,17:21,여객,출발,,A321,195,"E,F,G,L"
출발,인천,대한항공,KE713,도쿄/나리타,20250914,17:05,17:05,17:35,여객,출발,,A321neo,182,"A,B,C,D"
출발,인천,대한항공,KE1405,김해,20250914,17:10,17:10,17:42,여객,출발,,B737-900,188,
출발,인천,진에어,LJ009,치앙마이,20250914,17:10,17:10,17:36,여객,출발,,B737-800,189,"H,F,G,L"
출발,인천,대한항공,KE8425,괌,20250914,17:15,17:15,17:40,여객,출발,,B737-900,188,"A,B,C,D"
출발,인천,에어부산,BX747,수안나폼(방콕),20250914,17:15,17:15,17:46,여객,출발,,A321,195,"E,F,G,L"
출발,인천,진에어,LJ919,괌,20250914,17:35,17:35,17:55,여객,출발,,B737-800,189,"H,F,G,L"
출발,인천,대한항공,KE629,덴파사(응우라 라이),20250914,17:45,17:45,18:05,여객,출발,,A330-300,272,"A,B,C,D"
출발,인천,대한항공,KE663,푸껫,20250914,17:50,17:50,18:16,여객,출발,,B737-900,188,"A,B,C,D"
출발,인천,대한항공,KE411,오클랜드,20250914,18:00,18:20,18:48,여객,지연,항공기 연결에 의한 지연,B787-9,269,"A,B,C,D"
출발,인천,대한항공,KE651,수안나폼(방콕),20250914,18:05,18:05,18:32,여객,출발,,A330-300,272,"A,B,C,D"
출발,인천,대한항공,KE461,다낭,20250914,18:20,18:20,18:45,여객,출발,,B737-900,188,"A,B,C,D"
출발,인천,대한항공,KE1407,김해,20250914,18:25,18:25,18:54,여객,출발,,B737-900,188,
출발,인천,대한항공,KE667,치앙마이,20250914,18:25,18:25,18:50,여객,출발,,B737-900,188,"A,B,C,D"
출발,인천,대한항공,KE705,도쿄/나리타,20250914,18:35,18:35,19:02,여객,출발,,A321neo,182,"A,B,C,D"
출발,인천,대한항공,KE871,대련,20250914,18:35,18:35,19:03,여객,출발,,B737-900,188,"A,B,C,D"
출발,인천,대한항공,KE161,쿤밍,20250914,18:40,19:00,19:27,여객,지연,항공기 연결에 의한 지연,B737-900,188,"A,B,C,D"
출발,인천,대한항공,KE423,괌,20250914,18:40,18:40,19:06,여객,출발,,B737-900,188,"A,B,C,D"
출발,인천,대한항공,KE645,싱가포르,20250914,18:40,18:40,19:17,여객,지연,항공교통흐름에 의한 지연,A330-300,272,"A,B,C,D"
출발,인천,대한항공,KE781,후쿠오카,20250914,18:40,18:40,19:11,여객,출발,,B737-900,188,"A,B,C,D"
출발,인천,델타항공,DL170,미니애폴리스,20250914,18:40,18:40,19:05,여객,출발,,A350-900,306,"K,F,G,L"
출발,인천,대한항공,KE071,밴쿠버,20250914,18:45,18:45,19:30,여객,지연,항공교통흐름에 의한 지연,B787-9,269,"A,B,C,D"
출발,인천,대한항공,KE453,노이바이(하노이),20250914,18:45,19:00,19:22,여객,지연,항공교통흐름에 의한 지연,B737-900,188,"A,B,C,D"
출발,인천,대한항공,KE475,떤 선녓(호찌민),20250914,18:45,18:45,19:32,여객,지연,항공교통흐름에 의한 지연,B737-900,188,"A,B,C,D"
출발,인천,대한항공,KE623,마닐라,20250914,18:50,18:50,19:28,여객,지연,항공교통흐름에 의한 지연,B737-900,188,"A,B,C,D"
출발,인천,대한항공,KE689,프놈펜,20250914,18:50,19:46,20:10,여객,지연,항공교통흐름에 의한 지연,B737-900,188,"A,B,C,D"
출발,인천,대한항공,KE743,나고야,20250914,18:50,18:50,19:24,여객,출발,,A321neo,182,"A,B,C,D"
출발,인천,델타항공,DL26,애틀랜타,20250914,18:50,18:50,19:14,여객,출발,,A350-900,306,"K,F,G,L"
출발,인천,대한항공,KE895,푸동,20250914,18:55,19:25,19:49,여객,지연,항공기 연결에 의한 지연,A330-300,272,"A,B,C,D"
출발,인천,대한항공,KE721,간사이,20250914,19:00,19:00,19:34,여객,출발,,A321neo,182,"A,B,C,D"
출발,인천,대한항공,KE401,시드니,20250914,19:10,19:10,19:36,여객,출발,,A380-800,407,"A,B,C,D"
출발,인천,진에어,LJ131,코타키나발루,20250914,19:10,19:37,19:58,여객,지연,공항 및 출입국 절차에 의한 지연,B737-800,189,"H,F,G,L"
출발,인천,델타항공,DL196,시애틀,20250914,19:20,20:49,21:09,여객,지연,항공기 연결에 의한 지연,A330-900neo,281,"K,F,G,L"
출발,인천,에어서울,RS581,팡라로,20250914,19:25,19:25,20:20,여객,지연,항공교통흐름에 의한 지연,A321,195,"E,F,G,L"
출발,인천,대한항공,KE085,뉴욕,20250914,19:30,19:50,20:07,여객,지연,기타 원인에 의한 지연,B747-8i,368,"A,B,C,D"
출발,인천,대한항공,KE1431,대구,20250914,19:30,19:30,19:48,여객,출발,,B737-900,188,
출발,인천,대한항공,KE1409,김해,20250914,19:35,19:35,19:56,여객,출발,,B737-900,188,
출발,인천,델타항공,DL172,솔트레이크시티,20250914,19:40,19:40,20:00,여객,출발,,A350-900,306,"K,F,G,L"
출발,인천,대한항공,KE177,홍콩,20250914,19:45,19:45,20:40,여객,지연,항공교통흐름에 의한 지연,A321neo,182,"A,B,C,D"
출발,인천,대한항공,KE477,떤 선녓(호찌민),20250914,19:45,19:45,20:36,여객,지연,항공교통흐름에 의한 지연,B737-900,188,"A,B,C,D"
출발,인천,대한항공,KE659,수안나폼(방콕),20250914,19:45,19:45,20:44,여객,지연,항공교통흐름에 의한 지연,B737-900,188,"A,B,C,D"
출발,인천,에어서울,RS527,깜라인(나트랑),20250914,19:50,19:50,20:48,여객,지연,항공교통흐름에 의한 지연,A321,195,"E,F,G,L"
출발,인천,진에어,LJ001,수안나폼(방콕),20250914,19:55,20:29,20:56,여객,지연,공항 및 출입국 절차에 의한 지연,B737-800,189,"H,F,G,L"
출발,인천,대한항공,KE467,깜라인(나트랑),20250914,20:00,20:00,21:12,여객,지연,여객 및 화물처리에 의한 지연,B737-900,188,"A,B,C,D"
출발,인천,대한항공,KE853,베이징,20250914,20:00,20:00,20:26,여객,출발,,A330-300,272,"A,B,C,D"
출발,인천,대한항공,KE615,세부,20250914,20:05,20:05,21:31,여객,지연,항공기 연결에 의한 지연,B737-900,188,"A,B,C,D"
출발,인천,대한항공,KE625,마닐라,20250914,20:15,21:30,21:51,여객,지연,항공교통흐름에 의한 지연,B737-900,188,"A,B,C,D"
출발,인천,대한항공,KE011,로스앤젤레스,20250914,20:25,20:25,20:52,여객,출발,,A380-800,407,"A,B,C,D"
출발,인천,진에어,LJ081,다낭,20250914,20:25,20:25,21:02,여객,출발,,B737-800,189,"H,F,G,L"
출발,인천,대한항공,KE719,하네다,20250914,20:30,20:30,20:49,여객,출발,,A321neo,182,"A,B,C,D"
출발,인천,샤먼항공,MF878,푸저우(복주),20250914,20:35,21:25,21:43,여객,지연,공항 및 출입국 절차에 의한 지연,B737-800,168,"J,F,G,L"
출발,인천,중화항공,CI163,타오위안,20250914,20:35,21:47,22:14,여객,지연,항공기 연결에 의한 지연,A330-300,277,"J,F,G,L"
출발,인천,진에어,LJ087,깜라인(나트랑),20250914,20:40,20:40,21:04,여객,출발,,B737-800,189,"H,F,G,L"
출발,인천,진에어,LJ043,팡라로,20250914,20:50,21:44,22:11,여객,지연,공항 및 출입국 절차에 의한 지연,B737-800,189,"H,F,G,L"
출발,인천,진에어,LJ917,괌,20250914,20:50,20:50,21:10,여객,출발,,B737-800,189,"H,F,G,L"
출발,인천,대한항공,KE005,라스베이거스,20250914,21:00,21:00,21:15,여객,출발,,B777-300ER,277,"A,B,C,D"
출발,인천,대한항공,KE053,호놀룰루,20250914,21:05,21:05,21:24,여객,출발,,A330-300,272,"A,B,C,D"
출발,인천,대한항공,KE655,수안나폼(방콕),20250914,21:15,21:15,22:25,여객,지연,항공교통흐름에 의한 지연,A330-300,272,"A,B,C,D"
출발,인천,에어부산,BX787,깜라인(나트랑),20250914,21:30,21:30,22:07,여객,출발,,A321,195,"E,F,G,L"
출발,인천,진에어,LJ885,엔스 쉬자핑,20250914,21:45,22:14,22:39,여객,지연,공항 및 출입국 절차에 의한 지연,B737-800,189,"H,F,G,L"
출발,인천,네덜란드항공,KL856,암스테르담,20250914,22:25,22:25,23:06,여객,지연,항공교통흐름에 의한 지연,B787-9,294,"M,F,G,L"
출발,인천,대한항공,KE619,마닐라,20250914,22:35,22:35,23:05,여객,출발,,A330-300,272,"A,B,C,D"
출발,인천,대한항공,KE647,싱가포르,20250914,23:35,23:35,23:50,여객,출발,,B777-300ER,277,"A,B,C,D"
출발,인천,대한항공,KE1401,김해,20250915,06:35,06:35,07:02,여객,출발,,B737-900,188,
출발,인천,에어부산,BX164,도쿄/나리타,20250915,07:15,07:15,07:31,여객,출발,,A321,195,"E,F,G,L"
출발,인천,진에어,LJ261,후쿠오카,20250915,07:15,07:15,07:37,여객,출발,,B737-800,189,"H,F,G,L"
출발,인천,에어부산,BX156,후쿠오카,20250915,07:20,07:20,07:41,여객,출발,,A321,195,"E,F,G,L"
출발,인천,대한항공,KE787,후쿠오카,20250915,07:25,07:42,08:04,여객,지연,여객 및 화물처리에 의한 지연,B737-900,188,"A,B,C,D"
출발,인천,진에어,LJ201,도쿄/나리타,20250915,07:25,07:25,07:58,여객,출발,,B737-800,189,"H,F,G,L"
출발,인천,대한항공,KE795,나가사키,20250915,07:30,07:30,07:54,여객,출발,,B737-900,188,"A,B,C,D"
출발,인천,진에어,LJ345,나고야,20250915,07:30,08:02,08:24,여객,지연,공항 및 출입국 절차에 의한 지연,B737-800,189,"H,F,G,L"
출발,인천,진에어,LJ231,간사이,20250915,07:40,08:08,08:17,여객,지연,공항 및 출입국 절차에 의한 지연,B737-800,189,"H,F,G,L"
출발,인천,대한항공,KE173,홍콩,20250915,07:45,07:45,08:14,여객,출발,,A321neo,182,"A,B,C,D"
출발,인천,대한항공,KE621,마닐라,20250915,07:50,07:50,08:18,여객,출발,,B737-900,188,"A,B,C,D"
출발,인천,대한항공,KE845,청도,20250915,07:50,07:50,08:16,여객,출발,,B737-900,188,"A,B,C,D"
출발,인천,진에어,LJ731,타오위안,20250915,07:50,08:08,08:28,여객,지연,공항 및 출입국 절차에 의한 지연,B737-800,189,"H,F,G,L"
출발,인천,대한항공,KE131,정저우,20250915,08:00,08:00,08:26,여객,출발,,B737-900,188,"A,B,C,D"
출발,인천,대한항공,KE441,노이바이(하노이),20250915,08:00,08:00,08:20,여객,출발,,A330-300,272,"A,B,C,D"
출발,인천,에어서울,RS705,도쿄/나리타,20250915,08:05,08:05,08:39,여객,지연,여객 및 화물처리에 의한 지연,A321,195,"E,F,G,L"
출발,인천,대한항공,KE197,칭기즈칸(신 울란바토르) 국제공항,20250915,08:10,08:26,08:46,여객,지연,운항 기준 및 승무원 관련 지연,B737-900,188,"A,B,C,D"
출발,인천,대한항공,KE767,아오모리,20250915,08:10,08:10,08:31,여객,출발,,B737-900,188,"A,B,C,D"
출발,인천,진에어,LJ241,간사이,20250915,08:10,08:44,08:57,여객,지연,공항 및 출입국 절차에 의한 지연,B737-800,189,"H,F,G,L"
출발,인천,진에어,LJ357,시모지시마,20250915,08:10,08:40,09:10,여객,지연,항공기 연결에 의한 지연,B737-800,189,"H,F,G,L"
출발,인천,대한항공,KE859,베이징,20250915,08:15,08:31,08:50,여객,지연,항공교통흐름에 의한 지연,B777-300ER,277,"A,B,C,D"
출발,인천,진에어,LJ203,도쿄/나리타,20250915,08:15,08:31,08:48,여객,지연,공항 및 출입국 절차에 의한 지연,B737-800,189,"H,F,G,L"
출발,인천,대한항공,KE1403,김해,20250915,08:20,08:35,08:55,여객,출발,,B737-900,188,
출발,인천,진에어,LJ301,삿포로,20250915,08:20,08:20,08:45,여객,출발,,B737-800,189,"H,F,G,L"
출발,인천,대한항공,KE731,고베,20250915,08:25,08:25,08:42,여객,출발,,A321neo,182,"A,B,C,D"
출발,인천,대한항공,KE893,푸동,20250915,08:25,08:25,08:48,여객,출발,,A330-300,272,"A,B,C,D"
출발,인천,에어서울,RS727,후쿠오카,20250915,08:25,08:45,08:59,여객,지연,기타 원인에 의한 지연,A321,195,"E,F,G,L"
출발,인천,에어 프랑스,AF267,파리,20250915,08:30,09:17,09:54,여객,지연,항공교통흐름에 의한 지연,B777-300ER,296,"M,F,G,L"
출발,인천,대한항공,KE827,선전(심천),20250915,08:40,08:40,09:07,여객,출발,,B737-900,188,"A,B,C,D"
출발,인천,대한항공,KE831,심양,20250915,08:45,08:20,08:31,여객,출발,,B737-900,188,"A,B,C,D"
출발,인천,에어서울,RS741,다카마쓰,20250915,08:45,08:45,09:06,여객,출발,,A321,195,"E,F,G,L"
출발,인천,대한항공,KE865,광저우,20250915,08:50,08:50,09:17,여객,출발,,A330-300,272,"A,B,C,D"
출발,인천,대한항공,KE819,창사(장사),20250915,09:00,09:20,09:45,여객,지연,공항 및 출입국 절차에 의한 지연,B737-900,188,"A,B,C,D"
출발,인천,대한항공,KE469,떤 선녓(호찌민),20250915,09:05,09:05,09:28,여객,출발,,A330-300,272,"A,B,C,D"
출발,인천,진에어,LJ361,이시가키,20250915,09:05,09:22,09:42,여객,지연,공항 및 출입국 절차에 의한 지연,B737-800,189,"H,F,G,L"
출발,인천,대한항공,KE805,천진,20250915,09:10,09:10,09:34,여객,출발,,B737-900,188,"A,B,C,D"
출발,인천,대한항공,KE811,시안,20250915,09:10,09:46,10:03,여객,지연,여객 및 화물처리에 의한 지연,B737-900,188,"A,B,C,D"
출발,인천,에어부산,BX172,간사이,20250915,09:15,09:15,09:44,여객,지연,공항 및 출입국 절차에 의한 지연,A321,195,"E,F,G,L"
출발,인천,대한항공,KE035,애틀랜타,20250915,09:20,09:20,09:33,여객,출발,,B777-300ER,277,"A,B,C,D"
출발,인천,대한항공,KE785,가고시마,20250915,09:20,09:20,09:42,여객,출발,,B737-900,188,"A,B,C,D"
출발,인천,진에어,LJ913,괌,20250915,09:20,09:20,10:01,여객,출발,,B737-800,189,"H,F,G,L"
출발,인천,에어서울,RS701,도쿄/나리타,20250915,09:25,09:25,09:55,여객,출발,,A321,195,"E,F,G,L"
출발,인천,대한항공,KE031,댈러스,20250915,09:30,09:30,10:03,여객,출발,,B787-9,269,"A,B,C,D"
출발,인천,대한항공,KE091,보스턴,20250915,09:30,09:30,09:58,여객,출발,,B787-9,269,"A,B,C,D"
출발,인천,대한항공,KE657,수안나폼(방콕),20250915,09:30,09:30,10:01,여객,출발,,A330-300,272,"A,B,C,D"
출발,인천,대한항공,KE755,오키나와,20250915,09:30,09:30,09:59,여객,출발,,B737-900,188,"A,B,C,D"
출발,인천,대한항공,KE073,토론토,20250915,09:35,09:35,10:11,여객,출발,,B777-300ER,277,"A,B,C,D"
출발,인천,대한항공,KE723,간사이,20250915,09:35,09:35,10:15,여객,지연,운항 기준 및 승무원 관련 지연,A321neo,182,"A,B,C,D"
출발,인천,대한항공,KE421,괌,20250915,09:45,09:45,10:17,여객,출발,,B737-900,188,"A,B,C,D"
출발,인천,진에어,LJ205,도쿄/나리타,20250915,09:45,10:01,10:22,여객,지연,공항 및 출입국 절차에 의한 지연,B737-800,189,"H,F,G,L"
출발,인천,진에어,LJ341,오키나와,20250915,09:55,10:15,10:34,여객,지연,공항 및 출입국 절차에 의한 지연,B737-800,189,"H,F,G,L"
출발,인천,대한항공,KE081,뉴욕,20250915,10:00,10:00,10:42,여객,지연,여객 및 화물처리에 의한 지연,A380-800,407,"A,B,C,D"
출발,인천,대한항공,KE703,도쿄/나리타,20250915,10:05,10:05,10:26,여객,출발,,A321neo,182,"A,B,C,D"
출발,인천,대한항공,KE765,삿포로,20250915,10:05,10:05,10:39,여객,출발,,B737-900,188,"A,B,C,D"
출발,인천,델타항공,DL158,디트로이트,20250915,10:15,10:15,10:29,여객,출발,,A350-900,306,"K,F,G,L"
출발,인천,대한항공,KE125,샤먼 가오치,20250915,10:20,10:20,10:39,여객,출발,,B737-900,188,"A,B,C,D"
출발,인천,대한항공,KE169,마카오,20250915,10:20,10:20,10:42,여객,출발,,A321neo,182,"A,B,C,D"
출발,인천,대한항공,KE093,워싱톤,20250915,10:25,10:25,11:01,여객,지연,여객 및 화물처리에 의한 지연,B777-300ER,277,"A,B,C,D"
출발,인천,대한항공,KE101,남경,20250915,10:25,11:19,11:40,여객,지연,항공교통흐름에 의한 지연,A321neo,182,"A,B,C,D"
출발,인천,대한항공,KE937,비엔나,20250915,10:25,11:21,11:43,여객,지연,항공교통흐름에 의한 지연,B787-9,269,"A,B,C,D"
출발,인천,대한항공,KE185,타오위안,20250915,10:30,10:30,10:47,여객,출발,,A321neo,182,"A,B,C,D"
출발,인천,가루다인도네시아,GA879,자카르타(수카르노 하타),20250915,10:35,10:35,10:58,여객,출발,,A330-900neo,301,"J,F,G,L"
출발,인천,대한항공,KE741,나고야,20250915,10:35,10:50,11:12,여객,지연,항공기 연결에 의한 지연,A321neo,182,"A,B,C,D"
출발,인천,대한항공,KE037,시카고,20250915,10:40,10:40,10:55,여객,출발,,B777-300ER,277,"A,B,C,D"
출발,인천,대한항공,KE855,베이징,20250915,10:40,11:29,11:52,여객,지연,항공교통흐름에 의한 지연,A330-300,272,"A,B,C,D"
출발,인천,대한항공,KE969,프라하,20250915,10:45,11:36,11:55,여객,지연,항공교통흐름에 의한 지연,B787-9,269,"A,B,C,D"
출발,인천,대한항공,KE457,다낭,20250915,10:55,10:55,11:14,여객,출발,,B737-900,188,"A,B,C,D"
출발,인천,대한항공,KE907,런던히드로,20250915,10:55,11:40,12:06,여객,지연,항공교통흐름에 의한 지연,A380-800,407,"A,B,C,D"
출발,인천,대한항공,KE791,후쿠오카,20250915,11:05,11:22,11:50,여객,지연,항공기 연결에 의한 지연,B737-900,188,"A,B,C,D"
출발,인천,대한항공,KE901,파리,20250915,11:10,11:47,12:11,여객,지연,항공교통흐름에 의한 지연,B777-300ER,277,"A,B,C,D"
출발,인천,가루다인도네시아,GA871,덴파사(응우라 라이),20250915,11:25,11:25,11:46,여객,출발,,A330-300,251,"J,F,G,L"
출발,인천,에어부산,BX158,후쿠오카,20250915,11:25,11:25,11:42,여객,출발,,A321,195,"E,F,G,L"
출발,인천,아에로멕시코,AM091,멕시코시티,20250915,11:40,11:40,12:01,여객,출발,,B787-9,274,"H,F,G,L"
출발,인천,대한항공,KE925,암스테르담,20250915,11:55,11:55,12:17,여객,출발,,B777-300ER,277,"A,B,C,D"
출발,인천,대한항공,KE107,항저우,20250915,12:00,12:00,12:18,여객,출발,,A321neo,182,"A,B,C,D"
출발,인천,중화항공,CI165,가오슝,20250915,12:05,12:05,12:21,여객,출발,,A321neo,180,"J,F,G,L"
출발,인천,진에어,LJ263,후쿠오카,20250915,12:10,12:10,12:44,여객,출발,,B737-800,189,"H,F,G,L"
출발,인천,대한항공,KE769,삿포로,20250915,12:35,12:35,12:50,여객,출발,,B737-900,188,"A,B,C,D"
출발,인천,대한항공,KE803,천진,20250915,12:35,13:10,13:28,여객,지연,항공교통흐름에 의한 지연,B737-900,188,"A,B,C,D"
출발,인천,대한항공,KE963,부다페스트,20250915,12:35,13:28,13:51,여객,지연,항공교통흐름에 의한 지연,B787-9,269,"A,B,C,D"
출발,인천,중화항공,CI161,타오위안,20250915,12:35,12:35,13:00,여객,출발,,A330-300,277,"J,F,G,L"
출발,인천,에어부산,BX174,간사이,20250915,12:40,12:40,13:04,여객,출발,,A321,195,"E,F,G,L"
출발,인천,대한항공,KE869,대련,20250915,13:00,13:00,13:37,여객,출발,,B737-900,188,"A,B,C,D"
출발,인천,대한항공,KE843,청도,20250915,13:05,13:39,14:04,여객,지연,항공교통흐름에 의한 지연,B737-900,188,"A,B,C,D"
출발,인천,대한항공,KE931,로마,20250915,13:20,14:09,14:33,여객,지연,항공교통흐름에 의한 지연,B777-300ER,277,"A,B,C,D"
출발,인천,대한항공,KE135,허페이,20250915,13:25,13:25,13:54,여객,출발,,B737-900,188,"A,B,C,D"
출발,인천,대한항공,KE175,홍콩,20250915,13:25,13:25,13:42,여객,출발,,A321neo,182,"A,B,C,D"
출발,인천,대한항공,KE951,두바이,20250915,13:25,13:50,14:21,여객,지연,항공기 연결에 의한 지연,B777-300ER,277,"A,B,C,D"
출발,인천,샤먼항공,MF872,샤먼 가오치,20250915,13:30,13:30,13:46,여객,출발,,B737-800,168,"J,F,G,L"
출발,인천,대한항공,KE695,카트만두,20250915,13:35,13:35,14:11,여객,출발,,A330-300,272,"A,B,C,D"
출발,인천,에어서울,RS745,요나고,20250915,13:35,13:35,14:09,여객,출발,,A321,195,"E,F,G,L"
출발,인천,대한항공,KE927,밀라노,20250915,13:40,14:27,14:49,여객,지연,항공교통흐름에 의한 지연,B787-9,269,"A,B,C,D"
출발,인천,대한항공,KE955,이스탄불,20250915,13:40,14:19,14:45,여객,지연,항공기 연결에 의한 지연,B777-300ER,277,"A,B,C,D"
출발,인천,대한항공,KE789,후쿠오카,20250915,13:45,13:45,14:16,여객,출발,,B737-900,188,"A,B,C,D"
출발,인천,진에어,LJ861,청도,20250915,13:50,13:50,14:29,여객,출발,,B737-800,189,"H,F,G,L"
출발,인천,에어서울,RS713,간사이,20250915,14:20,14:20,14:52,여객,출발,,A321,195,"E,F,G,L"
출발,인천,대한항공,KE017,로스앤젤레스,20250915,14:30,14:30,15:05,여객,출발,,B747-8i,368,"A,B,C,D"
출발,인천,진에어,LJ359,다카마쓰,20250915,14:30,14:30,15:00,여객,출발,,B737-800,189,"H,F,G,L"
출발,인천,대한항공,KE833,심양,20250915,14:35,14:35,15:02,여객,출발,,B737-900,188,"A,B,C,D"
출발,인천,진에어,LJ237,간사이,20250915,14:40,14:40,15:17,여객,출발,,B737-800,189,"H,F,G,L"
출발,인천,대한항공,KE643,싱가포르,20250915,14:45,14:45,15:15,여객,출발,,A330-300,272,"A,B,C,D"
출발,인천,진에어,LJ209,도쿄/나리타,20250915,14:45,14:45,15:11,여객,출발,,B737-800,189,"H,F,G,L"
출발,인천,대한항공,KE725,간사이,20250915,14:55,14:55,15:20,여객,출발,,A321neo,182,"A,B,C,D"
출발,인천,대한항공,KE627,자카르타(수카르노 하타),20250915,15:10,15:10,15:45,여객,출발,,A330-300,272,"A,B,C,D"
출발,인천,대한항공,KE189,타이중,20250915,15:15,15:15,16:04,여객,지연,항공교통흐름에 의한 지연,A321neo,182,"A,B,C,D"
출발,인천,에어서울,RS715,간사이,20250915,15:20,15:20,15:57,여객,출발,,A321,195,"E,F,G,L"
출발,인천,에어부산,BX176,간사이,20250915,15:25,15:25,16:06,여객,지연,공항 및 출입국 절차에 의한 지연,A321,195,"E,F,G,L"
출발,인천,진에어,LJ211,도쿄/나리타,20250915,15:35,15:52,16:16,여객,지연,공항 및 출입국 절차에 의한 지연,B737-800,189,"H,F,G,L"
출발,인천,대한항공,KE733,고베,20250915,15:50,15:50,16:22,여객,출발,,A321neo,182,"A,B,C,D"
출발,인천,에어부산,BX166,도쿄/나리타,20250915,15:50,16:30,17:09,여객,지연,항공기 정비에 의한 지연,A321,195,"E,F,G,L"
출발,인천,진에어,LJ265,후쿠오카,20250915,15:50,16:24,16:46,여객,지연,공항 및 출입국 절차에 의한 지연,B737-800,189,"H,F,G,L"
출발,인천,대한항공,KE023,샌프란시스코,20250915,16:00,17:00,17:36,여객,지연,항공기 연결에 의한 지연,B777-300ER,277,"A,B,C,D"
출발,인천,진에어,LJ239,간사이,20250915,16:05,16:37,17:02,여객,지연,공항 및 출입국 절차에 의한 지연,B737-800,189,"H,F,G,L"
출발,인천,진에어,LJ347,나고야,20250915,16:05,16:34,16:58,여객,지연,기타 원인에 의한 지연,B737-800,189,"H,F,G,L"
출발,인천,대한항공,KE187,타오위안,20250915,16:10,16:10,17:00,여객,지연,여객 및 화물처리에 의한 지연,A321neo,182,"A,B,C,D"
출발,인천,대한항공,KE633,덴파사(응우라 라이),20250915,16:10,16:10,16:44,여객,출발,,A330-300,272,"A,B,C,D"
출발,인천,진에어,LJ351,기타규슈,20250915,16:15,16:45,17:19,여객,지연,항공기 연결에 의한 지연,B737-800,189,"H,F,G,L"
출발,인천,대한항공,KE671,쿠알라룸푸르,20250915,16:20,16:20,17:11,여객,지연,항공교통흐름에 의한 지연,A330-300,272,"A,B,C,D"
출발,인천,델타항공,DL188,애틀랜타,20250915,16:25,16:44,17:06,여객,지연,공항 및 출입국 절차에 의한 지연,A350-900,306,"K,F,G,L"
출발,인천,대한항공,KE041,시애틀,20250915,16:40,17:20,17:48,여객,지연,항공기 연결에 의한 지연,A330-300,272,"A,B,C,D"
출발,인천,에어서울,RS703,도쿄/나리타,20250915,16:45,16:45,17:18,여객,출발,,A321,195,"E,F,G,L"
출발,인천,대한항공,KE713,도쿄/나리타,20250915,17:05,20:00,20:38,여객,지연,항공기 정비에 의한 지연,A321neo,182,"A,B,C,D"
출발,인천,대한항공,KE1405,김해,20250915,17:10,17:10,17:27,여객,출발,,B737-900,188,
출발,인천,대한항공,KE485,푸꾸옥,20250915,17:10,17:10,17:42,여객,출발,,B737-900,188,"A,B,C,D"
출발,인천,진에어,LJ009,치앙마이,20250915,17:10,17:10,17:44,여객,출발,,B737-800,189,"H,F,G,L"
출발,인천,대한항공,KE489,양곤,20250915,17:15,17:15,17:50,여객,출발,,B737-900,188,"A,B,C,D"
출발,인천,대한항공,KE8425,괌,20250915,17:15,17:15,17:23,여객,출발,,B737-900,188,"A,B,C,D"
출발,인천,에어부산,BX747,수안나폼(방콕),20250915,17:15,19:03,19:30,여객,지연,항공기 정비에 의한 지연,A321,195,"E,F,G,L"
출발,인천,진에어,LJ919,괌,20250915,17:35,17:35,17:56,여객,출발,,B737-800,189,"H,F,G,L"
출발,인천,대한항공,KE629,덴파사(응우라 라이),20250915,17:45,17:45,18:25,여객,지연,여객 및 화물처리에 의한 지연,A330-300,272,"A,B,C,D"
출발,인천,대한항공,KE411,오클랜드,20250915,18:00,18:00,18:18,여객,출발,,B787-9,269,"A,B,C,D"
출발,인천,대한항공,KE651,수안나폼(방콕),20250915,18:05,18:20,18:49,여객,지연,항공기 연결에 의한 지연,A330-300,272,"A,B,C,D"
출발,인천,대한항공,KE461,다낭,20250915,18:20,18:20,18:41,여객,출발,,B737-900,188,"A,B,C,D"
출발,인천,대한항공,KE1407,김해,20250915,18:25,18:25,18:50,여객,출발,,B737-900,188,
출발,인천,대한항공,KE667,치앙마이,20250915,18:25,18:25,18:52,여객,출발,,B737-900,188,"A,B,C,D"
출발,인천,대한항공,KE705,도쿄/나리타,20250915,18:35,18:35,19:15,여객,지연,항공교통흐름에 의한 지연,A321neo,182,"A,B,C,D"
출발,인천,대한항공,KE871,대련,20250915,18:35,18:35,19:01,여객,출발,,B737-900,188,"A,B,C,D"
출발,인천,대한항공,KE161,쿤밍,20250915,18:40,18:40,19:24,여객,지연,항공교통흐름에 의한 지연,B737-900,188,"A,B,C,D"
출발,인천,대한항공,KE423,괌,20250915,18:40,18:40,19:04,여객,출발,,B737-900,188,"A,B,C,D"
출발,인천,대한항공,KE645,싱가포르,20250915,18:40,18:40,19:06,여객,출발,,A330-300,272,"A,B,C,D"
출발,인천,대한항공,KE781,후쿠오카,20250915,18:40,18:40,19:08,여객,출발,,B737-900,188,"A,B,C,D"
출발,인천,델타항공,DL170,미니애폴리스,20250915,18:40,18:40,19:03,여객,출발,,A350-900,306,"K,F,G,L"
출발,인천,대한항공,KE071,밴쿠버,20250915,18:45,18:45,19:19,여객,출발,,B787-9,269,"A,B,C,D"
출발,인천,대한항공,KE453,노이바이(하노이),20250915,18:45,18:45,19:17,여객,출발,,B737-900,188,"A,B,C,D"
출발,인천,대한항공,KE475,떤 선녓(호찌민),20250915,18:45,18:45,19:11,여객,출발,,B737-900,188,"A,B,C,D"
출발,인천,대한항공,KE623,마닐라,20250915,18:50,18:50,19:21,여객,출발,,B737-900,188,"A,B,C,D"
출발,인천,대한항공,KE689,프놈펜,20250915,18:50,18:50,19:38,여객,지연,항공교통흐름에 의한 지연,B737-900,188,"A,B,C,D"
출발,인천,대한항공,KE743,나고야,20250915,18:50,18:50,19:28,여객,지연,항공교통흐름에 의한 지연,A321neo,182,"A,B,C,D"
출발,인천,델타항공,DL26,애틀랜타,20250915,18:50,18:50,19:25,여객,출발,,A350-900,306,"K,F,G,L"
출발,인천,대한항공,KE895,푸동,20250915,18:55,19:27,19:49,여객,지연,항공교통흐름에 의한 지연,A330-300,272,"A,B,C,D"
출발,인천,대한항공,KE721,간사이,20250915,19:00,19:00,19:36,여객,출발,,A321neo,182,"A,B,C,D"
출발,인천,대한항공,KE401,시드니,20250915,19:10,19:10,19:43,여객,출발,,A380-800,407,"A,B,C,D"
출발,인천,델타항공,DL196,시애틀,20250915,19:20,19:20,19:45,여객,출발,,A330-900neo,281,"K,F,G,L"
출발,인천,에어서울,RS581,팡라로,20250915,19:25,19:25,19:47,여객,출발,,A321,195,"E,F,G,L"
출발,인천,대한항공,KE085,뉴욕,20250915,19:30,19:30,19:56,여객,출발,,B747-8i,368,"A,B,C,D"
출발,인천,대한항공,KE1431,대구,20250915,19:30,19:30,19:58,여객,출발,,B737-900,188,
출발,인천,대한항공,KE1409,김해,20250915,19:35,19:35,20:11,여객,출발,,B737-900,188,
출발,인천,델타항공,DL172,솔트레이크시티,20250915,19:40,19:40,20:05,여객,출발,,A350-900,306,"K,F,G,L"
출발,인천,대한항공,KE177,홍콩,20250915,19:45,20:10,20:59,여객,지연,항공기 연결에 의한 지연,A321neo,182,"A,B,C,D"
출발,인천,대한항공,KE477,떤 선녓(호찌민),20250915,19:45,19:45,20:09,여객,출발,,B737-900,188,"A,B,C,D"
출발,인천,대한항공,KE659,수안나폼(방콕),20250915,19:45,19:45,20:22,여객,지연,여객 및 화물처리에 의한 지연,B737-900,188,"A,B,C,D"
출발,인천,에어서울,RS527,깜라인(나트랑),20250915,19:50,19:50,20:41,여객,지연,항공교통흐름에 의한 지연,A321,195,"E,F,G,L"
출발,인천,대한항공,KE467,깜라인(나트랑),20250915,20:00,20:00,20:31,여객,출발,,B737-900,188,"A,B,C,D"
출발,인천,대한항공,KE853,베이징,20250915,20:00,20:18,20:43,여객,지연,운항 기준 및 승무원 관련 지연,A330-300,272,"A,B,C,D"
출발,인천,대한항공,KE407,브리즈번,20250915,20:05,20:05,20:24,여객,출발,,A330-300,272,"A,B,C,D"
출발,인천,대한항공,KE615,세부,20250915,20:05,20:05,20:34,여객,출발,,B737-900,188,"A,B,C,D"
출발,인천,대한항공,KE625,마닐라,20250915,20:15,20:41,21:03,여객,지연,항공교통흐름에 의한 지연,B737-900,188,"A,B,C,D"
출발,인천,대한항공,KE011,로스앤젤레스,20250915,20:25,20:25,21:20,여객,지연,항공교통흐름에 의한 지연,A380-800,407,"A,B,C,D"
출발,인천,진에어,LJ081,다낭,20250915,20:25,20:25,20:50,여객,출발,,B737-800,189,"H,F,G,L"
출발,인천,대한항공,KE719,하네다,20250915,20:30,20:30,21:09,여객,지연,항공기 연결에 의한 지연,A321neo,182,"A,B,C,D"
출발,인천,샤먼항공,MF878,푸저우(복주),20250915,20:35,20:35,21:01,여객,출발,,B737-800,168,"J,F,G,L"
출발,인천,중화항공,CI163,타오위안,20250915,20:35,20:54,21:19,여객,지연,항공교통흐름에 의한 지연,A330-300,277,"J,F,G,L"
출발,인천,진에어,LJ087,깜라인(나트랑),20250915,20:40,20:40,21:09,여객,출발,,B737-800,189,"H,F,G,L"
출발,인천,진에어,LJ917,괌,20250915,20:50,20:50,21:14,여객,출발,,B737-800,189,"H,F,G,L"
출발,인천,에어서울,RS511,다낭,20250915,20:55,20:55,21:21,여객,출발,,A321,195,"E,F,G,L"
출발,인천,대한항공,KE005,라스베이거스,20250915,21:00,21:00,21:28,여객,출발,,B777-300ER,277,"A,B,C,D"
출발,인천,대한항공,KE053,호놀룰루,20250915,21:05,21:05,21:32,여객,출발,,A330-300,272,"A,B,C,D"
출발,인천,대한항공,KE655,수안나폼(방콕),20250915,21:15,21:15,21:37,여객,출발,,A330-300,272,"A,B,C,D"
출발,인천,네덜란드항공,KL856,암스테르담,20250915,22:25,22:25,22:45,여객,출발,,B787-9,294,"M,F,G,L"
출발,인천,대한항공,KE619,마닐라,20250915,22:35,22:35,23:00,여객,출발,,A330-300,272,"A,B,C,D"
출발,인천,대한항공,KE075,밴쿠버,20250915,22:40,22:40,23:06,여객,출발,,B787-9,269,"A,B,C,D"
출발,인천,스칸디나비아항공,SK988,코펜하겐,20250916,00:05,23:45,00:07,여객,출발,,A350-900,300,"K,F,G,L"
출발,인천,대한항공,KE1401,김해,20250916,06:35,06:35,06:40,여객,출발,,B737-900,188,
출발,인천,에어부산,BX164,도쿄/나리타,20250916,07:15,07:15,07:30,여객,출발,,A321,195,"E,F,G,L"
출발,인천,에어서울,RS711,간사이,20250916,07:15,07:15,08:04,여객,지연,여객 및 화물처리에 의한 지연,A321,195,"E,F,G,L"
출발,인천,진에어,LJ261,후쿠오카,20250916,07:15,07:15,07:33,여객,출발,,B737-800,189,"H,F,G,L"
출발,인천,에어부산,BX156,후쿠오카,20250916,07:20,07:20,07:43,여객,출발,,A321,195,"E,F,G,L"
출발,인천,에어서울,RS727,후쿠오카,20250916,07:20,07:20,07:47,여객,출발,,A321,195,"E,F,G,L"
출발,인천,대한항공,KE787,후쿠오카,20250916,07:25,07:25,08:06,여객,출발,,B737-900,188,"A,B,C,D"
출발,인천,진에어,LJ201,도쿄/나리타,20250916,07:25,07:25,07:49,여객,출발,,B737-800,189,"H,F,G,L"
출발,인천,대한항공,KE771,오카야마,20250916,07:30,07:30,08:00,여객,출발,,B737-900,188,"A,B,C,D"
출발,인천,진에어,LJ345,나고야,20250916,07:30,07:30,07:54,여객,출발,,B737-800,189,"H,F,G,L"
출발,인천,진에어,LJ231,간사이,20250916,07:40,07:40,08:13,여객,출발,,B737-800,189,"H,F,G,L"
출발,인천,대한항공,KE173,홍콩,20250916,07:45,07:45,08:30,여객,지연,여객 및 화물처리에 의한 지연,A321neo,182,"A,B,C,D"
출발,인천,대한항공,KE621,마닐라,20250916,07:50,07:50,08:19,여객,출발,,B737-900,188,"A,B,C,D"
출발,인천,대한항공,KE845,청도,20250916,07:50,07:50,08:28,여객,지연,기상에 의한 지연,B737-900,188,"A,B,C,D"
출발,인천,진에어,LJ731,타오위안,20250916,07:50,08:18,08:44,여객,지연,운항 기준 및 승무원 관련 지연,B737-800,189,"H,F,G,L"
출발,인천,대한항공,KE131,정저우,20250916,08:00,08:00,08:35,여객,출발,,B737-900,188,"A,B,C,D"
출발,인천,대한항공,KE441,노이바이(하노이),20250916,08:00,08:00,08:32,여객,출발,,A330-300,272,"A,B,C,D"
출발,인천,대한항공,KE197,칭기즈칸(신 울란바토르) 국제공항,20250916,08:10,08:10,08:48,여객,지연,항공교통흐름에 의한 지연,B737-900,188,"A,B,C,D"
출발,인천,에어서울,RS705,도쿄/나리타,20250916,08:10,08:10,08:36,여객,출발,,A321,195,"E,F,G,L"
출발,인천,진에어,LJ241,간사이,20250916,08:10,08:10,08:31,여객,출발,,B737-800,189,"H,F,G,L"
출발,인천,대한항공,KE859,베이징,20250916,08:15,08:15,08:51,여객,출발,,B777-300ER,277,"A,B,C,D"
출발,인천,진에어,LJ203,도쿄/나리타,20250916,08:15,08:36,08:58,여객,지연,공항 및 출입국 절차에 의한 지연,B737-800,189,"H,F,G,L"
출발,인천,대한항공,KE127,푸저우(복주),20250916,08:20,08:20,08:47,여객,출발,,B737-900,188,"A,B,C,D"
출발,인천,대한항공,KE1403,김해,20250916,08:20,08:20,08:38,여객,출발,,B737-900,188,
출발,인천,진에어,LJ301,삿포로,20250916,08:20,08:20,08:44,여객,출발,,B737-800,189,"H,F,G,L"
출발,인천,대한항공,KE731,고베,20250916,08:25,08:25,08:52,여객,출발,,A321neo,182,"A,B,C,D"
출발,인천,대한항공,KE893,푸동,20250916,08:25,08:25,08:52,여객,출발,,A330-300,272,"A,B,C,D"
출발,인천,에어 프랑스,AF267,파리,20250916,08:30,10:10,10:36,여객,지연,항공기 연결에 의한 지연,B777-300ER,296,"M,F,G,L"
출발,인천,대한항공,KE827,선전(심천),20250916,08:40,08:40,09:05,여객,출발,,B737-900,188,"A,B,C,D"
출발,인천,대한항공,KE831,심양,20250916,08:45,08:35,09:07,여객,지연,기타 원인에 의한 지연,B737-900,188,"A,B,C,D"
출발,인천,에어서울,RS741,다카마쓰,20250916,08:45,09:05,09:16,여객,지연,항공기 연결에 의한 지연,A321,195,"E,F,G,L"
출발,인천,대한항공,KE137,우한,20250916,08:50,08:50,09:10,여객,출발,,B737-900,188,"A,B,C,D"
출발,인천,대한항공,KE865,광저우,20250916,08:50,09:10,09:32,여객,지연,항공기 연결에 의한 지연,A330-300,272,"A,B,C,D"
출발,인천,대한항공,KE469,떤 선녓(호찌민),20250916,09:05,09:28,09:55,여객,지연,항공교통흐름에 의한 지연,A330-300,272,"A,B,C,D"
출발,인천,아에로멕시코,AM091,멕시코시티,20250916,09:05,09:05,09:22,여객,출발,,B787-9,274,"H,F,G,L"
출발,인천,진에어,LJ361,이시가키,20250916,09:05,09:05,09:24,여객,출발,,B737-800,189,"H,F,G,L"
출발,인천,대한항공,KE805,천진,20250916,09:10,09:10,09:38,여객,출발,,B737-900,188,"A,B,C,D"
출발,인천,대한항공,KE811,시안,20250916,09:10,09:10,09:31,여객,출발,,B737-900,188,"A,B,C,D"
출발,인천,에어부산,BX172,간사이,20250916,09:15,09:45,10:05,여객,지연,공항 및 출입국 절차에 의한 지연,A321,195,"E,F,G,L"
출발,인천,대한항공,KE035,애틀랜타,20250916,09:20,09:20,10:01,여객,출발,,B777-300ER,277,"A,B,C,D"
출발,인천,진에어,LJ913,괌,20250916,09:20,09:20,09:41,여객,출발,,B737-800,189,"H,F,G,L"
출발,인천,에어서울,RS701,도쿄/나리타,20250916,09:25,09:40,10:15,여객,지연,공항 및 출입국 절차에 의한 지연,A321,195,"E,F,G,L"
출발,인천,대한항공,KE031,댈러스,20250916,09:30,09:30,09:54,여객,출발,,B787-9,269,"A,B,C,D"
출발,인천,대한항공,KE091,보스턴,20250916,09:30,09:30,09:51,여객,출발,,B787-9,269,"A,B,C,D"
출발,인천,대한항공,KE657,수안나폼(방콕),20250916,09:30,09:30,10:01,여객,출발,,A330-300,272,"A,B,C,D"
출발,인천,대한항공,KE755,오키나와,20250916,09:30,09:30,10:03,여객,출발,,B737-900,188,"A,B,C,D"
출발,인천,대한항공,KE777,구마모토,20250916,09:30,09:30,10:07,여객,출발,,B737-900,188,"A,B,C,D"
출발,인천,대한항공,KE073,토론토,20250916,09:35,09:35,10:18,여객,지연,항공교통흐름에 의한 지연,B777-300ER,277,"A,B,C,D"
출발,인천,대한항공,KE723,간사이,20250916,09:35,09:35,10:09,여객,출발,,A321neo,182,"A,B,C,D"
출발,인천,대한항공,KE763,니가타,20250916,09:40,09:40,10:12,여객,출발,,B737-900,188,"A,B,C,D"
출발,인천,대한항공,KE421,괌,20250916,09:45,09:45,10:10,여객,출발,,B737-900,188,"A,B,C,D"
출발,인천,진에어,LJ205,도쿄/나리타,20250916,09:45,10:35,10:53,여객,지연,운항 기준 및 승무원 관련 지연,B737-800,189,"H,F,G,L"
출발,인천,대한항공,KE913,마드리드,20250916,09:55,10:33,10:57,여객,지연,항공교통흐름에 의한 지연,B787-9,269,"A,B,C,D"
출발,인천,진에어,LJ341,오키나와,20250916,09:55,09:55,10:21,여객,출발,,B737-800,189,"H,F,G,L"
출발,인천,대한항공,KE081,뉴욕,20250916,10:00,10:00,10:35,여객,지연,운항 기준 및 승무원 관련 지연,A380-800,407,"A,B,C,D"
출발,인천,대한항공,KE765,삿포로,20250916,10:05,10:05,10:32,여객,출발,,B737-900,188,"A,B,C,D"
출발,인천,대한항공,KE703,도쿄/나리타,20250916,10:10,10:10,10:41,여객,지연,공항 및 출입국 절차에 의한 지연,A321neo,182,"A,B,C,D"
출발,인천,델타항공,DL158,디트로이트,20250916,10:15,10:15,10:26,여객,출발,,A350-900,306,"K,F,G,L"
출발,인천,대한항공,KE125,샤먼 가오치,20250916,10:20,10:20,10:49,여객,출발,,B737-900,188,"A,B,C,D"
출발,인천,대한항공,KE169,마카오,20250916,10:20,10:20,10:55,여객,출발,,A321neo,182,"A,B,C,D"
출발,인천,대한항공,KE093,워싱톤,20250916,10:25,10:25,10:56,여객,출발,,B777-300ER,277,"A,B,C,D"
출발,인천,대한항공,KE185,타오위안,20250916,10:30,10:30,11:12,여객,출발,,A321neo,182,"A,B,C,D"
출발,인천,가루다인도네시아,GA879,자카르타(수카르노 하타),20250916,10:35,10:35,11:06,여객,출발,,A330-900neo,301,"J,F,G,L"
출발,인천,대한항공,KE741,나고야,20250916,10:35,10:35,11:05,여객,출발,,A321neo,182,"A,B,C,D"
출발,인천,대한항공,KE037,시카고,20250916,10:40,10:40,11:02,여객,출발,,B777-300ER,277,"A,B,C,D"
출발,인천,대한항공,KE457,다낭,20250916,10:55,10:55,11:28,여객,출발,,B737-900,188,"A,B,C,D"
출발,인천,대한항공,KE907,런던히드로,20250916,10:55,10:55,11:21,여객,출발,,A380-800,407,"A,B,C,D"
출발,인천,대한항공,KE791,후쿠오카,20250916,11:05,11:05,11:35,여객,출발,,B737-900,188,"A,B,C,D"
출발,인천,대한항공,KE917,취리히,20250916,11:05,11:05,11:34,여객,출발,,B787-9,269,"A,B,C,D"
출발,인천,대한항공,KE945,프랑크푸르트,20250916,11:05,11:05,11:39,여객,출발,,A380-800,407,"A,B,C,D"
출발,인천,대한항공,KE897,푸동,20250916,11:10,11:10,12:02,여객,지연,항공교통흐름에 의한 지연,B777-300ER,277,"A,B,C,D"
출발,인천,대한항공,KE901,파리,20250916,11:10,11:10,11:49,여객,출발,,B777-300ER,277,"A,B,C,D"
출발,인천,가루다인도네시아,GA871,덴파사(응우라 라이),20250916,11:25,11:25,11:54,여객,출발,,A330-300,251,"J,F,G,L"
출발,인천,에어부산,BX158,후쿠오카,20250916,11:25,11:25,12:00,여객,지연,공항 및 출입국 절차에 의한 지연,A321,195,"E,F,G,L"
출발,인천,대한항공,KE925,암스테르담,20250916,11:55,11:55,12:47,여객,지연,항공교통흐름에 의한 지연,B777-300ER,277,"A,B,C,D"
출발,인천,중화항공,CI165,가오슝,20250916,12:05,12:05,12:19,여객,출발,,A321neo,180,"J,F,G,L"
출발,인천,진에어,LJ263,후쿠오카,20250916,12:10,12:10,12:26,여객,출발,,B737-800,189,"H,F,G,L"
출발,인천,에어서울,RS811,장가계,20250916,12:20,12:20,12:45,여객,출발,,A321,195,"E,F,G,L"
출발,인천,대한항공,KE769,삿포로,20250916,12:35,12:35,12:56,여객,출발,,B737-900,188,"A,B,C,D"
출발,인천,대한항공,KE803,천진,20250916,12:35,12:35,13:31,여객,지연,항공교통흐름에 의한 지연,B737-900,188,"A,B,C,D"
출발,인천,대한항공,KE963,부다페스트,20250916,12:35,12:35,13:38,여객,지연,항공교통흐름에 의한 지연,B787-9,269,"A,B,C,D"
출발,인천,중화항공,CI161,타오위안,20250916,12:35,12:35,12:51,여객,출발,,A330-300,277,"J,F,G,L"
출발,인천,에어부산,BX174,간사이,20250916,12:40,15:36,16:05,여객,지연,항공기 정비에 의한 지연,A321,195,"E,F,G,L"
출발,인천,대한항공,KE497,델리,20250916,12:55,14:32,14:53,여객,지연,기상에 의한 지연,B787-9,269,"A,B,C,D"
출발,인천,대한항공,KE711,도쿄/나리타,20250916,13:00,13:00,13:55,여객,지연,항공교통흐름에 의한 지연,A321neo,182,"A,B,C,D"
출발,인천,대한항공,KE869,대련,20250916,13:00,13:00,14:49,여객,지연,기상에 의한 지연,B737-900,188,"A,B,C,D"
출발,인천,대한항공,KE843,청도,20250916,13:05,14:33,14:55,여객,지연,기상에 의한 지연,B737-900,188,"A,B,C,D"
출발,인천,에어서울,RS713,간사이,20250916,13:15,13:15,14:57,여객,지연,기상에 의한 지연,A321,195,"E,F,G,L"
출발,인천,대한항공,KE175,홍콩,20250916,13:25,13:25,15:25,여객,지연,기상에 의한 지연,A321neo,182,"A,B,C,D"
출발,인천,대한항공,KE951,두바이,20250916,13:25,13:25,15:02,여객,지연,기상에 의한 지연,B777-300ER,277,"A,B,C,D"
출발,인천,샤먼항공,MF872,샤먼 가오치,20250916,13:30,14:57,15:18,여객,지연,기상에 의한 지연,B737-800,168,"J,F,G,L"
출발,인천,대한항공,KE789,후쿠오카,20250916,13:45,14:00,15:30,여객,지연,항공기 연결에 의한 지연,B737-900,188,"A,B,C,D"
출발,인천,진에어,LJ861,청도,20250916,13:50,14:45,15:04,여객,지연,기상에 의한 지연,B737-800,189,"H,F,G,L"
출발,인천,에어서울,RS723,후쿠오카,20250916,14:25,15:10,15:42,여객,지연,기상에 의한 지연,A321,195,"E,F,G,L"
출발,인천,대한항공,KE017,로스앤젤레스,20250916,14:30,17:10,17:59,여객,지연,기상에 의한 지연,B747-8i,368,"A,B,C,D"
출발,인천,진에어,LJ359,다카마쓰,20250916,14:30,14:55,15:15,여객,지연,공항 및 출입국 절차에 의한 지연,B737-800,189,"H,F,G,L"
출발,인천,대한항공,KE833,심양,20250916,14:35,15:37,15:56,여객,지연,기상에 의한 지연,B737-900,188,"A,B,C,D"
출발,인천,대한항공,KE643,싱가포르,20250916,14:45,15:10,15:54,여객,지연,기상에 의한 지연,A330-300,272,"A,B,C,D"
출발,인천,진에어,LJ209,도쿄/나리타,20250916,14:45,15:16,15:38,여객,지연,공항 및 출입국 절차에 의한 지연,B737-800,189,"H,F,G,L"
출발,인천,대한항공,KE725,간사이,20250916,14:55,15:15,16:40,여객,지연,기상에 의한 지연,A321neo,182,"A,B,C,D"
출발,인천,대한항공,KE627,자카르타(수카르노 하타),20250916,15:10,17:13,17:35,여객,지연,기상에 의한 지연,A330-300,272,"A,B,C,D"
출발,인천,대한항공,KE189,타이중,20250916,15:15,16:19,16:42,여객,지연,기상에 의한 지연,A321neo,182,"A,B,C,D"
출발,인천,에어서울,RS715,간사이,20250916,15:20,15:20,16:37,여객,지연,항공교통흐름에 의한 지연,A321,195,"E,F,G,L"
출발,인천,에어부산,BX176,간사이,20250916,15:25,15:25,16:30,여객,지연,공항 및 출입국 절차에 의한 지연,A321,195,"E,F,G,L"
출발,인천,대한항공,KE733,고베,20250916,15:50,15:50,17:04,여객,지연,여객 및 화물처리에 의한 지연,A321neo,182,"A,B,C,D"
출발,인천,에어부산,BX166,도쿄/나리타,20250916,15:50,15:50,16:43,여객,지연,공항 및 출입국 절차에 의한 지연,A321,195,"E,F,G,L"
출발,인천,진에어,LJ265,후쿠오카,20250916,15:50,16:56,17:16,여객,지연,공항 및 출입국 절차에 의한 지연,B737-800,189,"H,F,G,L"
출발,인천,대한항공,KE023,샌프란시스코,20250916,16:00,16:40,17:45,여객,지연,항공기 연결에 의한 지연,B777-300ER,277,"A,B,C,D"
출발,인천,진에어,LJ239,간사이,20250916,16:05,17:05,17:28,여객,지연,항공기 연결에 의한 지연,B737-800,189,"H,F,G,L"
출발,인천,진에어,LJ347,나고야,20250916,16:05,16:56,17:23,여객,지연,공항 및 출입국 절차에 의한 지연,B737-800,189,"H,F,G,L"
출발,인천,대한항공,KE187,타오위안,20250916,16:10,16:10,17:25,여객,지연,여객 및 화물처리에 의한 지연,A321neo,182,"A,B,C,D"
출발,인천,대한항공,KE633,덴파사(응우라 라이),20250916,16:10,16:10,17:29,여객,지연,항공교통흐름에 의한 지연,A330-300,272,"A,B,C,D"
출발,인천,진에어,LJ351,기타규슈,20250916,16:15,17:07,17:33,여객,지연,항공교통흐름에 의한 지연,B737-800,189,"H,F,G,L"
출발,인천,대한항공,KE671,쿠알라룸푸르,20250916,16:20,16:20,16:46,여객,출발,,A330-300,272,"A,B,C,D"
출발,인천,델타항공,DL188,애틀랜타,20250916,16:25,17:03,17:31,여객,지연,공항 및 출입국 절차에 의한 지연,A350-900,306,"K,F,G,L"
출발,인천,대한항공,KE041,시애틀,20250916,16:40,16:40,18:06,여객,지연,항공교통흐름에 의한 지연,A330-300,272,"A,B,C,D"
출발,인천,에어서울,RS703,도쿄/나리타,20250916,16:45,17:05,18:20,여객,지연,공항 및 출입국 절차에 의한 지연,A321,195,"E,F,G,L"
출발,인천,대한항공,KE713,도쿄/나리타,20250916,17:05,17:05,18:14,여객,지연,여객 및 화물처리에 의한 지연,A321neo,182,"A,B,C,D"
출발,인천,대한항공,KE1405,김해,20250916,17:10,17:10,18:09,여객,지연,항공교통흐름에 의한 지연,B737-900,188,
출발,인천,대한항공,KE485,푸꾸옥,20250916,17:10,17:10,17:39,여객,출발,,B737-900,188,"A,B,C,D"
출발,인천,진에어,LJ009,치앙마이,20250916,17:10,17:57,18:26,여객,지연,항공교통흐름에 의한 지연,B737-800,189,"H,F,G,L"
출발,인천,대한항공,KE8425,괌,20250916,17:15,17:15,18:27,여객,지연,항공교통흐름에 의한 지연,B737-900,188,"A,B,C,D"
출발,인천,에어부산,BX747,수안나폼(방콕),20250916,17:15,17:15,18:19,여객,지연,공항 및 출입국 절차에 의한 지연,A321,195,"E,F,G,L"
출발,인천,진에어,LJ919,괌,20250916,17:35,18:13,18:31,여객,지연,항공교통흐름에 의한 지연,B737-800,189,"H,F,G,L"
출발,인천,대한항공,KE629,덴파사(응우라 라이),20250916,17:45,18:20,18:42,여객,지연,항공교통흐름에 의한 지연,A330-300,272,"A,B,C,D"
출발,인천,대한항공,KE663,푸껫,20250916,17:50,18:16,18:34,여객,지연,여객 및 화물처리에 의한 지연,B737-900,188,"A,B,C,D"
출발,인천,대한항공,KE651,수안나폼(방콕),20250916,18:05,18:36,19:01,여객,지연,항공교통흐름에 의한 지연,A330-300,272,"A,B,C,D"
출발,인천,대한항공,KE461,다낭,20250916,18:20,18:35,18:57,여객,지연,항공기 연결에 의한 지연,B737-900,188,"A,B,C,D"
출발,인천,대한항공,KE1407,김해,20250916,18:25,18:25,18:48,여객,출발,,B737-900,188,
출발,인천,대한항공,KE667,치앙마이,20250916,18:25,18:25,19:05,여객,지연,항공교통흐름에 의한 지연,B737-900,188,"A,B,C,D"
출발,인천,대한항공,KE705,도쿄/나리타,20250916,18:35,18:35,19:07,여객,지연,항공교통흐름에 의한 지연,A321neo,182,"A,B,C,D"
출발,인천,대한항공,KE423,괌,20250916,18:40,18:40,19:31,여객,지연,항공교통흐름에 의한 지연,B737-900,188,"A,B,C,D"
출발,인천,대한항공,KE645,싱가포르,20250916,18:40,18:40,19:14,여객,출발,,A330-300,272,"A,B,C,D"
출발,인천,대한항공,KE781,후쿠오카,20250916,18:40,18:40,19:18,여객,지연,여객 및 화물처리에 의한 지연,B737-900,188,"A,B,C,D"
출발,인천,델타항공,DL170,미니애폴리스,20250916,18:40,19:03,19:22,여객,지연,공항 및 출입국 절차에 의한 지연,A350-900,306,"K,F,G,L"
출발,인천,대한항공,KE071,밴쿠버,20250916,18:45,19:10,19:57,여객,지연,공항 및 출입국 절차에 의한 지연,B787-9,269,"A,B,C,D"
출발,인천,대한항공,KE453,노이바이(하노이),20250916,18:45,19:37,19:59,여객,지연,항공교통흐름에 의한 지연,B737-900,188,"A,B,C,D"
출발,인천,대한항공,KE475,떤 선녓(호찌민),20250916,18:45,19:20,20:27,여객,지연,공항 및 출입국 절차에 의한 지연,B737-900,188,"A,B,C,D"
출발,인천,대한항공,KE623,마닐라,20250916,18:50,18:50,19:32,여객,지연,항공기 연결에 의한 지연,B737-900,188,"A,B,C,D"
출발,인천,대한항공,KE689,프놈펜,20250916,18:50,18:50,19:48,여객,지연,항공기 연결에 의한 지연,B737-900,188,"A,B,C,D"
출발,인천,대한항공,KE743,나고야,20250916,18:50,19:10,20:01,여객,지연,항공기 연결에 의한 지연,A321neo,182,"A,B,C,D"
출발,인천,델타항공,DL26,애틀랜타,20250916,18:50,19:10,19:34,여객,지연,공항 및 출입국 절차에 의한 지연,A350-900,306,"K,F,G,L"
출발,인천,대한항공,KE895,푸동,20250916,18:55,19:10,19:40,여객,지연,항공기 연결에 의한 지연,A330-300,272,"A,B,C,D"
출발,인천,대한항공,KE721,간사이,20250916,19:00,19:00,19:46,여객,지연,항공교통흐름에 의한 지연,A321neo,182,"A,B,C,D"
출발,인천,대한항공,KE401,시드니,20250916,19:10,19:31,19:54,여객,지연,항공교통흐름에 의한 지연,A380-800,407,"A,B,C,D"
출발,인천,델타항공,DL196,시애틀,20250916,19:20,19:42,20:06,여객,지연,공항 및 출입국 절차에 의한 지연,A330-900neo,281,"K,F,G,L"
출발,인천,대한항공,KE163,장가계,20250916,19:25,19:25,20:04,여객,지연,항공교통흐름에 의한 지연,B737-900,188,"A,B,C,D"
출발,인천,에어서울,RS581,팡라로,20250916,19:25,19:55,20:57,여객,지연,공항 및 출입국 절차에 의한 지연,A321,195,"E,F,G,L"
출발,인천,대한항공,KE085,뉴욕,20250916,19:30,19:30,20:26,여객,지연,운항 기준 및 승무원 관련 지연,B747-8i,368,"A,B,C,D"
출발,인천,대한항공,KE1431,대구,20250916,19:30,19:30,20:13,여객,지연,항공교통흐름에 의한 지연,B737-900,188,
출발,인천,대한항공,KE1409,김해,20250916,19:35,20:06,20:30,여객,지연,항공교통흐름에 의한 지연,B737-900,188,
출발,인천,델타항공,DL172,솔트레이크시티,20250916,19:40,19:40,20:17,여객,출발,,A350-900,306,"K,F,G,L"
출발,인천,대한항공,KE177,홍콩,20250916,19:45,20:11,20:37,여객,지연,항공교통흐름에 의한 지연,A321neo,182,"A,B,C,D"
출발,인천,대한항공,KE477,떤 선녓(호찌민),20250916,19:45,20:45,21:06,여객,지연,항공교통흐름에 의한 지연,B737-900,188,"A,B,C,D"
출발,인천,대한항공,KE659,수안나폼(방콕),20250916,19:45,20:52,21:12,여객,지연,운항 기준 및 승무원 관련 지연,B737-900,188,"A,B,C,D"
출발,인천,에어서울,RS527,깜라인(나트랑),20250916,19:50,21:00,21:50,여객,지연,기타 원인에 의한 지연,A321,195,"E,F,G,L"
출발,인천,대한항공,KE467,깜라인(나트랑),20250916,20:00,21:03,21:15,여객,지연,항공교통흐름에 의한 지연,B737-900,188,"A,B,C,D"
출발,인천,대한항공,KE853,베이징,20250916,20:00,20:22,20:47,여객,지연,항공교통흐름에 의한 지연,A330-300,272,"A,B,C,D"
출발,인천,대한항공,KE615,세부,20250916,20:05,21:17,21:22,여객,지연,여객 및 화물처리에 의한 지연,B737-900,188,"A,B,C,D"
출발,인천,대한항공,KE625,마닐라,20250916,20:15,20:15,21:40,여객,지연,기타 원인에 의한 지연,B737-900,188,"A,B,C,D"
출발,인천,대한항공,KE011,로스앤젤레스,20250916,20:25,20:25,21:04,여객,지연,운항 기준 및 승무원 관련 지연,A380-800,407,"A,B,C,D"
출발,인천,진에어,LJ081,다낭,20250916,20:25,20:25,20:48,여객,출발,,B737-800,189,"H,F,G,L"
출발,인천,대한항공,KE719,하네다,20250916,20:30,20:30,21:00,여객,출발,,A321neo,182,"A,B,C,D"
출발,인천,샤먼항공,MF878,푸저우(복주),20250916,20:35,21:24,21:34,여객,지연,공항 및 출입국 절차에 의한 지연,B737-800,168,"J,F,G,L"
출발,인천,중화항공,CI163,타오위안,20250916,20:35,21:37,21:27,여객,지연,항공교통흐름에 의한 지연,A330-300,277,"J,F,G,L"
출발,인천,진에어,LJ087,깜라인(나트랑),20250916,20:40,20:40,21:02,여객,출발,,B737-800,189,"H,F,G,L"
출발,인천,진에어,LJ917,괌,20250916,20:50,21:07,21:20,여객,지연,공항 및 출입국 절차에 의한 지연,B737-800,189,"H,F,G,L"
출발,인천,에어서울,RS511,다낭,20250916,20:55,22:30,22:54,여객,지연,항공기 연결에 의한 지연,A321,195,"E,F,G,L"
출발,인천,대한항공,KE005,라스베이거스,20250916,21:00,21:00,21:24,여객,출발,,B777-300ER,277,"A,B,C,D"
출발,인천,대한항공,KE053,호놀룰루,20250916,21:05,21:05,21:27,여객,출발,,A330-300,272,"A,B,C,D"
출발,인천,대한항공,KE655,수안나폼(방콕),20250916,21:15,21:15,21:59,여객,지연,여객 및 화물처리에 의한 지연,A330-300,272,"A,B,C,D"
출발,인천,네덜란드항공,KL856,암스테르담,20250916,22:25,22:25,23:03,여객,지연,항공교통흐름에 의한 지연,B787-9,294,"M,F,G,L"
출발,인천,대한항공,KE619,마닐라,20250916,22:35,22:35,23:09,여객,출발,,A330-300,272,"A,B,C,D"
출발,인천,대한항공,KE647,싱가포르,20250916,23:35,23:35,23:58,여객,출발,,B777-300ER,277,"A,B,C,D"
출발,인천,대한항공,KE1401,김해,20250917,06:35,06:35,06:54,여객,출발,,B737-900,188,
출발,인천,에어부산,BX164,도쿄/나리타,20250917,07:15,07:15,07:27,여객,출발,,A321,195,"E,F,G,L"
출발,인천,에어서울,RS711,간사이,20250917,07:15,07:15,07:41,여객,출발,,A321,195,"E,F,G,L"
출발,인천,진에어,LJ261,후쿠오카,20250917,07:15,07:15,07:45,여객,출발,,B737-800,189,"H,F,G,L"
출발,인천,에어부산,BX156,후쿠오카,20250917,07:20,07:20,07:57,여객,출발,,A321,195,"E,F,G,L"
출발,인천,대한항공,KE787,후쿠오카,20250917,07:25,07:25,07:49,여객,출발,,B737-900,188,"A,B,C,D"
출발,인천,진에어,LJ201,도쿄/나리타,20250917,07:25,07:25,08:00,여객,출발,,B737-800,189,"H,F,G,L"
출발,인천,대한항공,KE771,오카야마,20250917,07:30,07:30,07:47,여객,출발,,B737-900,188,"A,B,C,D"
출발,인천,진에어,LJ345,나고야,20250917,07:30,07:30,08:07,여객,출발,,B737-800,189,"H,F,G,L"
출발,인천,진에어,LJ231,간사이,20250917,07:40,07:57,08:15,여객,지연,공항 및 출입국 절차에 의한 지연,B737-800,189,"H,F,G,L"
출발,인천,대한항공,KE173,홍콩,20250917,07:45,07:45,08:28,여객,지연,여객 및 화물처리에 의한 지연,A321neo,182,"A,B,C,D"
출발,인천,대한항공,KE621,마닐라,20250917,07:50,07:50,08:17,여객,출발,,B737-900,188,"A,B,C,D"
출발,인천,대한항공,KE845,청도,20250917,07:50,07:50,08:26,여객,지연,항공교통흐름에 의한 지연,B737-900,188,"A,B,C,D"
출발,인천,진에어,LJ731,타오위안,20250917,07:50,08:09,08:32,여객,지연,공항 및 출입국 절차에 의한 지연,B737-800,189,"H,F,G,L"
출발,인천,대한항공,KE131,정저우,20250917,08:00,08:00,08:31,여객,출발,,B737-900,188,"A,B,C,D"
출발,인천,대한항공,KE441,노이바이(하노이),20250917,08:00,08:00,08:34,여객,출발,,A330-300,272,"A,B,C,D"
출발,인천,에어서울,RS727,후쿠오카,20250917,08:05,08:20,08:45,여객,지연,항공기 연결에 의한 지연,A321,195,"E,F,G,L"
출발,인천,대한항공,KE197,칭기즈칸(신 울란바토르) 국제공항,20250917,08:10,08:10,08:40,여객,출발,,B737-900,188,"A,B,C,D"
출발,인천,에어서울,RS705,도쿄/나리타,20250917,08:10,08:45,09:16,여객,지연,항공기 정비에 의한 지연,A321,195,"E,F,G,L"
출발,인천,진에어,LJ241,간사이,20250917,08:10,08:10,08:40,여객,출발,,B737-800,189,"H,F,G,L"
출발,인천,진에어,LJ357,시모지시마,20250917,08:10,08:10,08:38,여객,출발,,B737-800,189,"H,F,G,L"
출발,인천,대한항공,KE859,베이징,20250917,08:15,08:15,08:47,여객,출발,,B777-300ER,277,"A,B,C,D"
출발,인천,대한항공,KE1403,김해,20250917,08:20,08:40,09:02,여객,지연,항공기 연결에 의한 지연,B737-900,188,
출발,인천,진에어,LJ301,삿포로,20250917,08:20,08:20,08:49,여객,출발,,B737-800,189,"H,F,G,L"
출발,인천,대한항공,KE731,고베,20250917,08:25,08:25,08:52,여객,출발,,A321neo,182,"A,B,C,D"
출발,인천,대한항공,KE893,푸동,20250917,08:25,08:25,08:49,여객,출발,,A330-300,272,"A,B,C,D"
출발,인천,에어 프랑스,AF267,파리,20250917,08:30,08:30,08:55,여객,출발,,B777-300ER,296,"M,F,G,L"
출발,인천,대한항공,KE775,고마쓰,20250917,08:35,08:35,09:04,여객,출발,,B737-900,188,"A,B,C,D"
출발,인천,대한항공,KE827,선전(심천),20250917,08:40,08:40,09:05,여객,출발,,B737-900,188,"A,B,C,D"
출발,인천,대한항공,KE831,심양,20250917,08:45,08:05,08:36,여객,출발,,B737-900,188,"A,B,C,D"
출발,인천,에어서울,RS741,다카마쓰,20250917,08:45,10:05,10:52,여객,지연,항공기 연결에 의한 지연,A321,195,"E,F,G,L"
출발,인천,대한항공,KE137,우한,20250917,08:50,08:50,09:10,여객,출발,,B737-900,188,"A,B,C,D"
출발,인천,대한항공,KE865,광저우,20250917,08:50,08:50,09:27,여객,출발,,A330-300,272,"A,B,C,D"
출발,인천,대한항공,KE819,창사(장사),20250917,09:00,09:00,09:17,여객,출발,,B737-900,188,"A,B,C,D"
출발,인천,대한항공,KE469,떤 선녓(호찌민),20250917,09:05,09:05,09:39,여객,출발,,A330-300,272,"A,B,C,D"
출발,인천,대한항공,KE805,천진,20250917,09:10,09:10,09:43,여객,출발,,B737-900,188,"A,B,C,D"
출발,인천,대한항공,KE811,시안,20250917,09:10,09:10,09:48,여객,출발,,B737-900,188,"A,B,C,D"
출발,인천,에어부산,BX172,간사이,20250917,09:15,09:15,09:27,여객,출발,,A321,195,"E,F,G,L"
출발,인천,대한항공,KE035,애틀랜타,20250917,09:20,10:10,10:49,여객,지연,기상에 의한 지연,B777-300ER,277,"A,B,C,D"
출발,인천,대한항공,KE785,가고시마,20250917,09:20,09:20,09:49,여객,출발,,B737-900,188,"A,B,C,D"
출발,인천,진에어,LJ913,괌,20250917,09:20,09:20,09:42,여객,출발,,B737-800,189,"H,F,G,L"
출발,인천,에어서울,RS701,도쿄/나리타,20250917,09:25,10:30,11:32,여객,지연,항공기 연결에 의한 지연,A321,195,"E,F,G,L"
출발,인천,대한항공,KE031,댈러스,20250917,09:30,09:50,10:15,여객,지연,항공기 연결에 의한 지연,B787-9,269,"A,B,C,D"
출발,인천,대한항공,KE091,보스턴,20250917,09:30,10:10,11:06,여객,지연,기상에 의한 지연,B787-9,269,"A,B,C,D"
출발,인천,대한항공,KE657,수안나폼(방콕),20250917,09:30,09:30,09:58,여객,출발,,A330-300,272,"A,B,C,D"
출발,인천,대한항공,KE755,오키나와,20250917,09:30,09:30,10:13,여객,지연,항공기 정비에 의한 지연,B737-900,188,"A,B,C,D"
출발,인천,대한항공,KE073,토론토,20250917,09:35,10:10,11:25,여객,지연,기상에 의한 지연,B777-300ER,277,"A,B,C,D"
출발,인천,대한항공,KE723,간사이,20250917,09:35,09:35,09:57,여객,출발,,A321neo,182,"A,B,C,D"
출발,인천,대한항공,KE421,괌,20250917,09:45,09:45,10:12,여객,출발,,B737-900,188,"A,B,C,D"
출발,인천,진에어,LJ205,도쿄/나리타,20250917,09:45,09:45,10:10,여객,출발,,B737-800,189,"H,F,G,L"
출발,인천,진에어,LJ341,오키나와,20250917,09:55,09:55,10:18,여객,출발,,B737-800,189,"H,F,G,L"
출발,인천,대한항공,KE081,뉴욕,20250917,10:00,10:00,10:29,여객,출발,,A380-800,407,"A,B,C,D"
출발,인천,대한항공,KE765,삿포로,20250917,10:05,10:05,10:58,여객,지연,항공교통흐름에 의한 지연,B737-900,188,"A,B,C,D"
출발,인천,대한항공,KE703,도쿄/나리타,20250917,10:10,10:10,11:03,여객,출발,,A321neo,182,"A,B,C,D"
출발,인천,델타항공,DL158,디트로이트,20250917,10:15,10:15,10:42,여객,출발,,A350-900,306,"K,F,G,L"
출발,인천,대한항공,KE125,샤먼 가오치,20250917,10:20,10:20,11:08,여객,지연,항공교통흐름에 의한 지연,B737-900,188,"A,B,C,D"
출발,인천,대한항공,KE169,마카오,20250917,10:20,10:20,10:53,여객,출발,,A321neo,182,"A,B,C,D"
출발,인천,대한항공,KE093,워싱톤,20250917,10:25,10:25,11:14,여객,지연,항공교통흐름에 의한 지연,B777-300ER,277,"A,B,C,D"
출발,인천,대한항공,KE101,남경,20250917,10:25,10:25,11:26,여객,지연,기상에 의한 지연,A321neo,182,"A,B,C,D"
출발,인천,대한항공,KE937,비엔나,20250917,10:25,10:25,11:19,여객,지연,항공교통흐름에 의한 지연,B787-9,269,"A,B,C,D"
출발,인천,대한항공,KE185,타오위안,20250917,10:30,10:30,11:28,여객,지연,항공교통흐름에 의한 지연,A321neo,182,"A,B,C,D"
출발,인천,대한항공,KE741,나고야,20250917,10:35,10:35,11:29,여객,지연,항공교통흐름에 의한 지연,A321neo,182,"A,B,C,D"
출발,인천,대한항공,KE037,시카고,20250917,10:40,10:40,11:21,여객,출발,,B777-300ER,277,"A,B,C,D"
출발,인천,대한항공,KE855,베이징,20250917,10:40,10:40,11:11,여객,출발,,A330-300,272,"A,B,C,D"
출발,인천,대한항공,KE969,프라하,20250917,10:45,10:45,11:33,여객,지연,항공교통흐름에 의한 지연,B787-9,269,"A,B,C,D"
출발,인천,대한항공,KE457,다낭,20250917,10:55,10:55,11:23,여객,출발,,B737-900,188,"A,B,C,D"
출발,인천,대한항공,KE907,런던히드로,20250917,10:55,10:55,12:19,여객,지연,항공교통흐름에 의한 지연,A380-800,407,"A,B,C,D"
출발,인천,대한항공,KE791,후쿠오카,20250917,11:05,11:05,11:33,여객,출발,,B737-900,188,"A,B,C,D"
출발,인천,대한항공,KE945,프랑크푸르트,20250917,11:05,11:05,12:03,여객,지연,항공교통흐름에 의한 지연,A380-800,407,"A,B,C,D"
출발,인천,대한항공,KE901,파리,20250917,11:10,11:10,12:15,여객,지연,항공교통흐름에 의한 지연,B777-300ER,277,"A,B,C,D"
출발,인천,가루다인도네시아,GA871,덴파사(응우라 라이),20250917,11:25,11:25,11:52,여객,출발,,A330-300,251,"J,F,G,L"
출발,인천,에어부산,BX158,후쿠오카,20250917,11:25,11:25,11:51,여객,출발,,A321,195,"E,F,G,L"
출발,인천,아에로멕시코,AM091,멕시코시티,20250917,11:40,11:40,12:13,여객,출발,,B787-9,274,"H,F,G,L"
출발,인천,대한항공,KE107,항저우,20250917,12:00,12:00,12:32,여객,출발,,A321neo,182,"A,B,C,D"
출발,인천,중화항공,CI165,가오슝,20250917,12:05,12:05,12:41,여객,출발,,A321neo,180,"J,F,G,L"
출발,인천,진에어,LJ263,후쿠오카,20250917,12:10,12:10,12:48,여객,출발,,B737-800,189,"H,F,G,L"
출발,인천,대한항공,KE769,삿포로,20250917,12:35,12:35,13:13,여객,출발,,B737-900,188,"A,B,C,D"
출발,인천,대한항공,KE803,천진,20250917,12:35,12:35,13:23,여객,지연,항공교통흐름에 의한 지연,B737-900,188,"A,B,C,D"
출발,인천,중화항공,CI161,타오위안,20250917,12:35,13:00,13:25,여객,지연,항공교통흐름에 의한 지연,A330-300,277,"J,F,G,L"
출발,인천,에어부산,BX174,간사이,20250917,12:40,12:40,13:27,여객,지연,항공교통흐름에 의한 지연,A321,195,"E,F,G,L"
출발,인천,대한항공,KE711,도쿄/나리타,20250917,13:00,13:00,13:52,여객,지연,항공교통흐름에 의한 지연,A321neo,182,"A,B,C,D"
출발,인천,대한항공,KE869,대련,20250917,13:00,13:00,14:02,여객,지연,항공교통흐름에 의한 지연,B737-900,188,"A,B,C,D"
출발,인천,대한항공,KE921,리스본,20250917,13:00,13:00,13:50,여객,지연,항공교통흐름에 의한 지연,B787-9,269,"A,B,C,D"
출발,인천,대한항공,KE843,청도,20250917,13:05,13:05,14:42,여객,지연,항공기 연결에 의한 지연,B737-900,188,"A,B,C,D"
출발,인천,에어서울,RS713,간사이,20250917,13:15,13:15,14:04,여객,지연,항공교통흐름에 의한 지연,A321,195,"E,F,G,L"
출발,인천,대한항공,KE931,로마,20250917,13:20,13:20,13:59,여객,지연,항공교통흐름에 의한 지연,B777-300ER,277,"A,B,C,D"
출발,인천,대한항공,KE175,홍콩,20250917,13:25,13:25,14:24,여객,지연,항공교통흐름에 의한 지연,A321neo,182,"A,B,C,D"
출발,인천,대한항공,KE951,두바이,20250917,13:25,13:25,14:00,여객,출발,,B777-300ER,277,"A,B,C,D"
출발,인천,에어서울,RS745,요나고,20250917,13:25,13:25,14:11,여객,지연,항공교통흐름에 의한 지연,A321,195,"E,F,G,L"
출발,인천,샤먼항공,MF872,샤먼 가오치,20250917,13:30,14:00,14:28,여객,지연,공항 및 출입국 절차에 의한 지연,B737-800,168,"J,F,G,L"
출발,인천,대한항공,KE927,밀라노,20250917,13:40,13:55,14:20,여객,지연,항공기 연결에 의한 지연,B787-9,269,"A,B,C,D"
출발,인천,대한항공,KE955,이스탄불,20250917,13:40,13:40,14:05,여객,출발,,B777-300ER,277,"A,B,C,D"
출발,인천,대한항공,KE789,후쿠오카,20250917,13:45,13:45,14:13,여객,출발,,B737-900,188,"A,B,C,D"
출발,인천,진에어,LJ861,청도,20250917,13:50,14:34,15:02,여객,지연,공항 및 출입국 절차에 의한 지연,B737-800,189,"H,F,G,L"
출발,인천,에어서울,RS723,후쿠오카,20250917,14:25,15:35,16:08,여객,지연,항공기 연결에 의한 지연,A321,195,"E,F,G,L"
출발,인천,대한항공,KE017,로스앤젤레스,20250917,14:30,14:30,15:05,여객,출발,,B747-8i,368,"A,B,C,D"
출발,인천,진에어,LJ359,다카마쓰,20250917,14:30,14:50,15:09,여객,지연,공항 및 출입국 절차에 의한 지연,B737-800,189,"H,F,G,L"
출발,인천,대한항공,KE833,심양,20250917,14:35,14:55,15:22,여객,지연,항공기 연결에 의한 지연,B737-900,188,"A,B,C,D"
출발,인천,대한항공,KE643,싱가포르,20250917,14:45,14:45,15:10,여객,출발,,A330-300,272,"A,B,C,D"
출발,인천,진에어,LJ209,도쿄/나리타,20250917,14:45,15:08,15:31,여객,지연,공항 및 출입국 절차에 의한 지연,B737-800,189,"H,F,G,L"
출발,인천,대한항공,KE725,간사이,20250917,14:55,14:55,15:45,여객,지연,항공교통흐름에 의한 지연,A321neo,182,"A,B,C,D"
출발,인천,대한항공,KE627,자카르타(수카르노 하타),20250917,15:10,15:10,15:33,여객,출발,,A330-300,272,"A,B,C,D"
출발,인천,대한항공,KE189,타이중,20250917,15:15,15:15,15:48,여객,출발,,A321neo,182,"A,B,C,D"
출발,인천,에어서울,RS715,간사이,20250917,15:20,17:20,17:45,여객,지연,항공교통흐름에 의한 지연,A321,195,"E,F,G,L"
출발,인천,에어부산,BX176,간사이,20250917,15:25,16:43,17:04,여객,지연,항공교통흐름에 의한 지연,A321,195,"E,F,G,L"
출발,인천,대한항공,KE671,쿠알라룸푸르,20250917,15:40,15:40,16:20,여객,지연,지상조업 관련 지연,A330-300,272,"A,B,C,D"
출발,인천,대한항공,KE733,고베,20250917,15:50,15:50,16:24,여객,출발,,A321neo,182,"A,B,C,D"
출발,인천,에어부산,BX166,도쿄/나리타,20250917,15:50,15:50,17:09,여객,지연,항공교통흐름에 의한 지연,A321,195,"E,F,G,L"
출발,인천,진에어,LJ265,후쿠오카,20250917,15:50,15:50,16:14,여객,출발,,B737-800,189,"H,F,G,L"
출발,인천,대한항공,KE023,샌프란시스코,20250917,16:00,16:00,17:24,여객,지연,항공교통흐름에 의한 지연,B777-300ER,277,"A,B,C,D"
출발,인천,진에어,LJ239,간사이,20250917,16:05,16:43,17:01,여객,지연,공항 및 출입국 절차에 의한 지연,B737-800,189,"H,F,G,L"
출발,인천,진에어,LJ347,나고야,20250917,16:05,16:44,17:32,여객,지연,공항 및 출입국 절차에 의한 지연,B737-800,189,"H,F,G,L"
출발,인천,대한항공,KE187,타오위안,20250917,16:10,16:10,16:36,여객,출발,,A321neo,182,"A,B,C,D"
출발,인천,대한항공,KE633,덴파사(응우라 라이),20250917,16:10,16:10,16:30,여객,출발,,A330-300,272,"A,B,C,D"
출발,인천,진에어,LJ351,기타규슈,20250917,16:15,16:15,16:32,여객,출발,,B737-800,189,"H,F,G,L"
출발,인천,델타항공,DL188,애틀랜타,20250917,16:25,17:05,17:36,여객,지연,항공교통흐름에 의한 지연,A350-900,306,"K,F,G,L"
출발,인천,대한항공,KE041,시애틀,20250917,16:40,16:40,17:53,여객,지연,항공교통흐름에 의한 지연,A330-300,272,"A,B,C,D"
출발,인천,에어서울,RS703,도쿄/나리타,20250917,16:45,18:55,19:35,여객,지연,항공기 연결에 의한 지연,A321,195,"E,F,G,L"
출발,인천,대한항공,KE713,도쿄/나리타,20250917,17:05,17:05,17:40,여객,출발,,A321neo,182,"A,B,C,D"
출발,인천,대한항공,KE1405,김해,20250917,17:10,17:30,18:03,여객,지연,기타 원인에 의한 지연,B737-900,188,
출발,인천,대한항공,KE485,푸꾸옥,20250917,17:10,17:10,17:43,여객,출발,,B737-900,188,"A,B,C,D"
출발,인천,진에어,LJ009,치앙마이,20250917,17:10,17:10,17:35,여객,출발,,B737-800,189,"H,F,G,L"
출발,인천,대한항공,KE8425,괌,20250917,17:15,17:15,17:30,여객,출발,,B737-900,188,"A,B,C,D"
출발,인천,에어부산,BX747,수안나폼(방콕),20250917,17:15,17:15,17:51,여객,출발,,A321,195,"E,F,G,L"
출발,인천,진에어,LJ919,괌,20250917,17:35,17:35,18:06,여객,출발,,B737-800,189,"H,F,G,L"
출발,인천,대한항공,KE629,덴파사(응우라 라이),20250917,17:45,17:45,18:17,여객,출발,,A330-300,272,"A,B,C,D"
출발,인천,대한항공,KE411,오클랜드,20250917,18:00,18:45,19:23,여객,지연,항공기 연결에 의한 지연,B787-9,269,"A,B,C,D"
출발,인천,대한항공,KE651,수안나폼(방콕),20250917,18:05,18:30,19:05,여객,지연,항공기 연결에 의한 지연,A330-300,272,"A,B,C,D"
출발,인천,대한항공,KE461,다낭,20250917,18:20,18:20,18:44,여객,출발,,B737-900,188,"A,B,C,D"
출발,인천,대한항공,KE1407,김해,20250917,18:25,18:25,18:46,여객,출발,,B737-900,188,
출발,인천,대한항공,KE667,치앙마이,20250917,18:25,18:25,18:50,여객,출발,,B737-900,188,"A,B,C,D"
출발,인천,대한항공,KE705,도쿄/나리타,20250917,18:35,18:56,19:29,여객,지연,항공교통흐름에 의한 지연,A321neo,182,"A,B,C,D"
출발,인천,대한항공,KE871,대련,20250917,18:35,18:35,18:51,여객,출발,,B737-900,188,"A,B,C,D"
출발,인천,대한항공,KE161,쿤밍,20250917,18:40,18:40,19:22,여객,출발,,B737-900,188,"A,B,C,D"
출발,인천,대한항공,KE423,괌,20250917,18:40,18:40,19:13,여객,출발,,B737-900,188,"A,B,C,D"
출발,인천,대한항공,KE645,싱가포르,20250917,18:40,18:40,19:15,여객,출발,,A330-300,272,"A,B,C,D"
출발,인천,대한항공,KE781,후쿠오카,20250917,18:40,18:40,19:07,여객,출발,,B737-900,188,"A,B,C,D"
출발,인천,델타항공,DL170,미니애폴리스,20250917,18:40,18:40,18:58,여객,출발,,A350-900,306,"K,F,G,L"
출발,인천,대한항공,KE071,밴쿠버,20250917,18:45,18:45,19:41,여객,지연,운항 기준 및 승무원 관련 지연,B787-9,269,"A,B,C,D"
출발,인천,대한항공,KE453,노이바이(하노이),20250917,18:45,19:03,19:27,여객,지연,항공교통흐름에 의한 지연,B737-900,188,"A,B,C,D"
출발,인천,대한항공,KE475,떤 선녓(호찌민),20250917,18:45,19:22,19:41,여객,지연,항공기 연결에 의한 지연,B737-900,188,"A,B,C,D"
출발,인천,대한항공,KE623,마닐라,20250917,18:50,18:50,19:31,여객,지연,항공기 연결에 의한 지연,B737-900,188,"A,B,C,D"
출발,인천,대한항공,KE689,프놈펜,20250917,18:50,18:50,19:29,여객,지연,여객 및 화물처리에 의한 지연,B737-900,188,"A,B,C,D"
출발,인천,대한항공,KE743,나고야,20250917,18:50,19:08,19:32,여객,지연,항공교통흐름에 의한 지연,A321neo,182,"A,B,C,D"
출발,인천,델타항공,DL26,애틀랜타,20250917,18:50,18:50,19:17,여객,출발,,A350-900,306,"K,F,G,L"
출발,인천,대한항공,KE895,푸동,20250917,18:55,19:20,20:02,여객,지연,항공기 연결에 의한 지연,A330-300,272,"A,B,C,D"
출발,인천,대한항공,KE721,간사이,20250917,19:00,19:16,19:44,여객,지연,항공교통흐름에 의한 지연,A321neo,182,"A,B,C,D"
출발,인천,대한항공,KE401,시드니,20250917,19:10,19:10,19:49,여객,출발,,A380-800,407,"A,B,C,D"
출발,인천,진에어,LJ131,코타키나발루,20250917,19:10,19:10,19:33,여객,출발,,B737-800,189,"H,F,G,L"
출발,인천,델타항공,DL196,시애틀,20250917,19:20,19:20,19:50,여객,출발,,A330-900neo,281,"K,F,G,L"
출발,인천,대한항공,KE163,장가계,20250917,19:25,19:25,19:46,여객,출발,,B737-900,188,"A,B,C,D"
출발,인천,에어서울,RS581,팡라로,20250917,19:25,19:25,19:50,여객,출발,,A321,195,"E,F,G,L"
출발,인천,대한항공,KE085,뉴욕,20250917,19:30,19:45,20:06,여객,지연,기타 원인에 의한 지연,B747-8i,368,"A,B,C,D"
출발,인천,대한항공,KE1431,대구,20250917,19:30,19:30,20:01,여객,출발,,B737-900,188,
출발,인천,대한항공,KE1409,김해,20250917,19:35,19:35,20:03,여객,출발,,B737-900,188,
출발,인천,델타항공,DL172,솔트레이크시티,20250917,19:40,19:40,19:58,여객,출발,,A350-900,306,"K,F,G,L"
출발,인천,대한항공,KE177,홍콩,20250917,19:45,19:45,20:23,여객,출발,,A321neo,182,"A,B,C,D"
출발,인천,대한항공,KE477,떤 선녓(호찌민),20250917,19:45,19:45,20:27,여객,출발,,B737-900,188,"A,B,C,D"
출발,인천,대한항공,KE659,수안나폼(방콕),20250917,19:45,19:45,20:19,여객,출발,,B737-900,188,"A,B,C,D"
출발,인천,에어서울,RS527,깜라인(나트랑),20250917,19:50,19:50,20:46,여객,지연,항공교통흐름에 의한 지연,A321,195,"E,F,G,L"
출발,인천,대한항공,KE467,깜라인(나트랑),20250917,20:00,20:47,21:08,여객,지연,항공교통흐름에 의한 지연,B737-900,188,"A,B,C,D"
출발,인천,대한항공,KE853,베이징,20250917,20:00,20:00,20:25,여객,출발,,A330-300,272,"A,B,C,D"
출발,인천,대한항공,KE407,브리즈번,20250917,20:05,20:05,20:34,여객,출발,,A330-300,272,"A,B,C,D"
출발,인천,대한항공,KE615,세부,20250917,20:05,20:05,20:41,여객,출발,,B737-900,188,"A,B,C,D"
출발,인천,대한항공,KE625,마닐라,20250917,20:15,20:36,21:00,여객,지연,항공교통흐름에 의한 지연,B737-900,188,"A,B,C,D"
출발,인천,대한항공,KE011,로스앤젤레스,20250917,20:25,22:09,22:38,여객,지연,항공기 연결에 의한 지연,A380-800,407,"A,B,C,D"
출발,인천,진에어,LJ081,다낭,20250917,20:25,20:25,20:50,여객,출발,,B737-800,189,"H,F,G,L"
출발,인천,대한항공,KE719,하네다,20250917,20:30,20:30,21:07,여객,지연,항공기 연결에 의한 지연,A321neo,182,"A,B,C,D"
출발,인천,샤먼항공,MF878,푸저우(복주),20250917,20:35,20:35,20:55,여객,출발,,B737-800,168,"J,F,G,L"
출발,인천,중화항공,CI163,타오위안,20250917,20:35,20:50,21:11,여객,지연,항공교통흐름에 의한 지연,A330-300,277,"J,F,G,L"
출발,인천,진에어,LJ087,깜라인(나트랑),20250917,20:40,20:40,21:15,여객,출발,,B737-800,189,"H,F,G,L"
출발,인천,진에어,LJ043,팡라로,20250917,20:50,20:50,21:19,여객,출발,,B737-800,189,"H,F,G,L"
출발,인천,진에어,LJ917,괌,20250917,20:50,21:22,21:46,여객,지연,공항 및 출입국 절차에 의한 지연,B737-800,189,"H,F,G,L"
출발,인천,에어서울,RS511,다낭,20250917,20:55,21:40,22:51,여객,지연,항공교통흐름에 의한 지연,A321,195,"E,F,G,L"
출발,인천,대한항공,KE005,라스베이거스,20250917,21:00,21:00,21:17,여객,출발,,B777-300ER,277,"A,B,C,D"
출발,인천,대한항공,KE053,호놀룰루,20250917,21:05,21:05,21:23,여객,출발,,A330-300,272,"A,B,C,D"
출발,인천,대한항공,KE655,수안나폼(방콕),20250917,21:15,21:15,21:40,여객,출발,,A330-300,272,"A,B,C,D"
출발,인천,에어부산,BX787,깜라인(나트랑),20250917,21:30,21:30,22:41,여객,지연,항공교통흐름에 의한 지연,A321,195,"E,F,G,L"
출발,인천,네덜란드항공,KL856,암스테르담,20250917,22:25,22:25,22:58,여객,출발,,B787-9,294,"M,F,G,L"
출발,인천,대한항공,KE619,마닐라,20250917,22:35,22:50,23:11,여객,지연,항공교통흐름에 의한 지연,A330-300,272,"A,B,C,D"
출발,인천,대한항공,KE075,밴쿠버,20250917,22:40,22:40,23:16,여객,출발,,B787-9,269,"A,B,C,D"
출발,인천,대한항공,KE647,싱가포르,20250917,23:35,23:35,23:58,여객,출발,,B777-300ER,277,"A,B,C,D"
출발,인천,스칸디나비아항공,SK988,코펜하겐,20250917,23:45,23:45,23:52,여객,출발,,A350-900,300,"K,F,G,L"
출발,인천,대한항공,KE1401,김해,20250918,06:35,06:35,06:47,여객,출발,,B737-900,188,
출발,인천,에어부산,BX164,도쿄/나리타,20250918,07:15,07:15,07:50,여객,출발,,A321,195,"E,F,G,L"
출발,인천,에어서울,RS711,간사이,20250918,07:15,07:15,08:04,여객,지연,여객 및 화물처리에 의한 지연,A321,195,"E,F,G,L"
출발,인천,진에어,LJ261,후쿠오카,20250918,07:15,07:15,07:32,여객,출발,,B737-800,189,"H,F,G,L"
출발,인천,에어부산,BX156,후쿠오카,20250918,07:20,07:20,07:44,여객,출발,,A321,195,"E,F,G,L"
출발,인천,에어서울,RS727,후쿠오카,20250918,07:20,07:20,08:06,여객,지연,여객 및 화물처리에 의한 지연,A321,195,"E,F,G,L"
출발,인천,대한항공,KE787,후쿠오카,20250918,07:25,07:25,07:51,여객,출발,,B737-900,188,"A,B,C,D"
출발,인천,진에어,LJ201,도쿄/나리타,20250918,07:25,07:25,07:46,여객,출발,,B737-800,189,"H,F,G,L"
출발,인천,대한항공,KE795,나가사키,20250918,07:30,07:30,08:02,여객,출발,,B737-900,188,"A,B,C,D"
출발,인천,진에어,LJ345,나고야,20250918,07:30,07:30,08:00,여객,출발,,B737-800,189,"H,F,G,L"
출발,인천,진에어,LJ231,간사이,20250918,07:40,07:40,08:11,여객,출발,,B737-800,189,"H,F,G,L"
출발,인천,대한항공,KE173,홍콩,20250918,07:45,07:45,08:08,여객,출발,,A321neo,182,"A,B,C,D"
출발,인천,대한항공,KE621,마닐라,20250918,07:50,07:50,08:24,여객,지연,항공기 정비에 의한 지연,B737-900,188,"A,B,C,D"
출발,인천,대한항공,KE845,청도,20250918,07:50,07:50,08:15,여객,출발,,B737-900,188,"A,B,C,D"
출발,인천,진에어,LJ731,타오위안,20250918,07:50,08:07,08:28,여객,지연,공항 및 출입국 절차에 의한 지연,B737-800,189,"H,F,G,L"
출발,인천,대한항공,KE131,정저우,20250918,08:00,08:00,08:19,여객,출발,,B737-900,188,"A,B,C,D"
출발,인천,대한항공,KE441,노이바이(하노이),20250918,08:00,08:00,08:21,여객,출발,,A330-300,272,"A,B,C,D"
출발,인천,대한항공,KE197,칭기즈칸(신 울란바토르) 국제공항,20250918,08:10,08:10,08:33,여객,출발,,B737-900,188,"A,B,C,D"
출발,인천,대한항공,KE767,아오모리,20250918,08:10,08:10,08:33,여객,출발,,B737-900,188,"A,B,C,D"
출발,인천,진에어,LJ357,시모지시마,20250918,08:10,08:10,08:39,여객,출발,,B737-800,189,"H,F,G,L"
출발,인천,대한항공,KE859,베이징,20250918,08:15,08:15,08:37,여객,출발,,B777-300ER,277,"A,B,C,D"
출발,인천,대한항공,KE127,푸저우(복주),20250918,08:20,08:20,08:52,여객,출발,,B737-900,188,"A,B,C,D"
출발,인천,대한항공,KE1403,김해,20250918,08:20,08:40,09:04,여객,지연,항공기 연결에 의한 지연,B737-900,188,
출발,인천,진에어,LJ301,삿포로,20250918,08:20,08:20,08:45,여객,출발,,B737-800,189,"H,F,G,L"
출발,인천,대한항공,KE731,고베,20250918,08:25,08:25,08:42,여객,출발,,A321neo,182,"A,B,C,D"
출발,인천,대한항공,KE893,푸동,20250918,08:25,08:25,08:44,여객,출발,,A330-300,272,"A,B,C,D"
출발,인천,에어 프랑스,AF267,파리,20250918,08:30,08:30,09:04,여객,출발,,B777-300ER,296,"M,F,G,L"
출발,인천,대한항공,KE831,심양,20250918,08:45,08:05,08:27,여객,출발,,B737-900,188,"A,B,C,D"
출발,인천,에어서울,RS741,다카마쓰,20250918,08:45,09:35,09:55,여객,지연,항공기 연결에 의한 지연,A321,195,"E,F,G,L"
출발,인천,대한항공,KE137,우한,20250918,08:50,08:50,09:10,여객,출발,,B737-900,188,"A,B,C,D"
출발,인천,대한항공,KE865,광저우,20250918,08:50,08:50,09:21,여객,출발,,A330-300,272,"A,B,C,D"
출발,인천,대한항공,KE819,창사(장사),20250918,09:00,09:00,09:16,여객,출발,,B737-900,188,"A,B,C,D"
출발,인천,대한항공,KE469,떤 선녓(호찌민),20250918,09:05,09:05,09:36,여객,출발,,A330-300,272,"A,B,C,D"
출발,인천,진에어,LJ361,이시가키,20250918,09:05,09:05,09:28,여객,출발,,B737-800,189,"H,F,G,L"
출발,인천,대한항공,KE805,천진,20250918,09:10,09:10,09:40,여객,출발,,B737-900,188,"A,B,C,D"
출발,인천,대한항공,KE811,시안,20250918,09:10,09:10,09:34,여객,출발,,B737-900,188,"A,B,C,D"
출발,인천,에어부산,BX172,간사이,20250918,09:15,09:15,09:27,여객,출발,,A321,195,"E,F,G,L"
출발,인천,대한항공,KE035,애틀랜타,20250918,09:20,09:20,09:53,여객,출발,,B777-300ER,277,"A,B,C,D"
출발,인천,진에어,LJ913,괌,20250918,09:20,09:20,09:41,여객,출발,,B737-800,189,"H,F,G,L"
출발,인천,에어서울,RS701,도쿄/나리타,20250918,09:25,09:50,10:17,여객,지연,여객 및 화물처리에 의한 지연,A321,195,"E,F,G,L"
출발,인천,대한항공,KE031,댈러스,20250918,09:30,09:30,09:58,여객,출발,,B787-9,269,"A,B,C,D"
출발,인천,대한항공,KE091,보스턴,20250918,09:30,09:30,10:04,여객,출발,,B787-9,269,"A,B,C,D"
출발,인천,대한항공,KE657,수안나폼(방콕),20250918,09:30,09:30,10:09,여객,지연,운항 기준 및 승무원 관련 지연,A330-300,272,"A,B,C,D"
출발,인천,대한항공,KE755,오키나와,20250918,09:30,10:50,11:19,여객,지연,항공기 정비에 의한 지연,B737-900,188,"A,B,C,D"
출발,인천,대한항공,KE777,구마모토,20250918,09:30,09:30,10:00,여객,출발,,B737-900,188,"A,B,C,D"
출발,인천,에어서울,RS745,요나고,20250918,09:30,09:30,09:47,여객,출발,,A321,195,"E,F,G,L"
출발,인천,대한항공,KE073,토론토,20250918,09:35,09:35,10:22,여객,지연,여객 및 화물처리에 의한 지연,B777-300ER,277,"A,B,C,D"
출발,인천,대한항공,KE723,간사이,20250918,09:35,09:35,10:02,여객,출발,,A321neo,182,"A,B,C,D"
출발,인천,대한항공,KE763,니가타,20250918,09:40,09:40,10:07,여객,출발,,B737-900,188,"A,B,C,D"
출발,인천,대한항공,KE421,괌,20250918,09:45,09:45,10:15,여객,출발,,B737-900,188,"A,B,C,D"
출발,인천,진에어,LJ205,도쿄/나리타,20250918,09:45,09:45,10:20,여객,출발,,B737-800,189,"H,F,G,L"
출발,인천,대한항공,KE913,마드리드,20250918,09:55,09:55,10:14,여객,출발,,B787-9,269,"A,B,C,D"
출발,인천,진에어,LJ341,오키나와,20250918,09:55,09:55,10:19,여객,출발,,B737-800,189,"H,F,G,L"
출발,인천,대한항공,KE081,뉴욕,20250918,10:00,10:00,11:06,여객,지연,여객 및 화물처리에 의한 지연,A380-800,407,"A,B,C,D"
출발,인천,대한항공,KE765,삿포로,20250918,10:05,10:05,10:37,여객,출발,,B737-900,188,"A,B,C,D"
출발,인천,대한항공,KE703,도쿄/나리타,20250918,10:10,10:10,10:46,여객,출발,,A321neo,182,"A,B,C,D"
출발,인천,델타항공,DL158,디트로이트,20250918,10:15,10:15,10:34,여객,출발,,A350-900,306,"K,F,G,L"
출발,인천,대한항공,KE125,샤먼 가오치,20250918,10:20,10:20,10:40,여객,출발,,B737-900,188,"A,B,C,D"
출발,인천,대한항공,KE169,마카오,20250918,10:20,10:20,10:38,여객,출발,,A321neo,182,"A,B,C,D"
출발,인천,대한항공,KE093,워싱톤,20250918,10:25,10:25,11:00,여객,출발,,B777-300ER,277,"A,B,C,D"
출발,인천,대한항공,KE185,타오위안,20250918,10:30,10:30,10:48,여객,출발,,A321neo,182,"A,B,C,D"
출발,인천,가루다인도네시아,GA879,자카르타(수카르노 하타),20250918,10:35,10:35,10:56,여객,출발,,A330-900neo,301,"J,F,G,L"
출발,인천,대한항공,KE741,나고야,20250918,10:35,10:35,10:55,여객,출발,,A321neo,182,"A,B,C,D"
출발,인천,대한항공,KE037,시카고,20250918,10:40,10:40,11:17,여객,출발,,B777-300ER,277,"A,B,C,D"
출발,인천,대한항공,KE457,다낭,20250918,10:55,10:55,11:23,여객,출발,,B737-900,188,"A,B,C,D"
출발,인천,대한항공,KE907,런던히드로,20250918,10:55,10:55,11:12,여객,출발,,A380-800,407,"A,B,C,D"
출발,인천,대한항공,KE791,후쿠오카,20250918,11:05,11:05,11:30,여객,출발,,B737-900,188,"A,B,C,D"
출발,인천,대한항공,KE917,취리히,20250918,11:05,11:05,11:35,여객,출발,,B787-9,269,"A,B,C,D"
출발,인천,대한항공,KE897,푸동,20250918,11:10,11:10,11:49,여객,출발,,B777-300ER,277,"A,B,C,D"
출발,인천,대한항공,KE901,파리,20250918,11:10,11:10,11:50,여객,지연,항공교통흐름에 의한 지연,B777-300ER,277,"A,B,C,D"
출발,인천,가루다인도네시아,GA871,덴파사(응우라 라이),20250918,11:25,11:25,11:56,여객,출발,,A330-300,251,"J,F,G,L"
출발,인천,에어부산,BX158,후쿠오카,20250918,11:25,11:25,12:04,여객,출발,,A321,195,"E,F,G,L"
출발,인천,아에로멕시코,AM091,멕시코시티,20250918,11:40,11:40,12:21,여객,지연,항공기 연결에 의한 지연,B787-9,274,"H,F,G,L"
출발,인천,대한항공,KE925,암스테르담,20250918,11:55,11:55,12:35,여객,지연,항공교통흐름에 의한 지연,B777-300ER,277,"A,B,C,D"
출발,인천,중화항공,CI165,가오슝,20250918,12:05,12:05,12:19,여객,출발,,A321neo,180,"J,F,G,L"
출발,인천,진에어,LJ263,후쿠오카,20250918,12:10,12:10,12:29,여객,출발,,B737-800,189,"H,F,G,L"
출발,인천,에어서울,RS811,장가계,20250918,12:20,12:20,12:33,여객,출발,,A321,195,"E,F,G,L"
출발,인천,대한항공,KE769,삿포로,20250918,12:35,12:35,12:53,여객,출발,,B737-900,188,"A,B,C,D"
출발,인천,대한항공,KE803,천진,20250918,12:35,12:35,13:13,여객,지연,항공교통흐름에 의한 지연,B737-900,188,"A,B,C,D"
출발,인천,대한항공,KE963,부다페스트,20250918,12:35,12:35,13:23,여객,지연,여객 및 화물처리에 의한 지연,B787-9,269,"A,B,C,D"
출발,인천,중화항공,CI161,타오위안,20250918,12:35,12:35,12:51,여객,출발,,A330-300,277,"J,F,G,L"
출발,인천,에어부산,BX174,간사이,20250918,12:40,13:00,13:25,여객,지연,항공기 정비에 의한 지연,A321,195,"E,F,G,L"
출발,인천,대한항공,KE497,델리,20250918,12:55,12:55,13:33,여객,지연,항공교통흐름에 의한 지연,B787-9,269,"A,B,C,D"
출발,인천,대한항공,KE869,대련,20250918,13:00,13:00,13:43,여객,지연,항공교통흐름에 의한 지연,B737-900,188,"A,B,C,D"
출발,인천,대한항공,KE843,청도,20250918,13:05,13:05,13:47,여객,지연,항공교통흐름에 의한 지연,B737-900,188,"A,B,C,D"
출발,인천,에어서울,RS713,간사이,20250918,13:15,13:15,13:48,여객,출발,,A321,195,"E,F,G,L"
출발,인천,대한항공,KE135,허페이,20250918,13:25,13:25,13:59,여객,지연,항공교통흐름에 의한 지연,B737-900,188,"A,B,C,D"
출발,인천,대한항공,KE175,홍콩,20250918,13:25,13:25,13:57,여객,지연,항공교통흐름에 의한 지연,A321neo,182,"A,B,C,D"
출발,인천,대한항공,KE951,두바이,20250918,13:25,13:25,14:10,여객,지연,항공교통흐름에 의한 지연,B777-300ER,277,"A,B,C,D"
출발,인천,샤먼항공,MF872,샤먼 가오치,20250918,13:30,13:30,14:05,여객,출발,,B737-800,168,"J,F,G,L"
출발,인천,대한항공,KE789,후쿠오카,20250918,13:45,13:45,14:20,여객,지연,여객 및 화물처리에 의한 지연,B737-900,188,"A,B,C,D"
출발,인천,에어서울,RS723,후쿠오카,20250918,14:25,14:45,15:12,여객,지연,여객 및 화물처리에 의한 지연,A321,195,"E,F,G,L"
출발,인천,대한항공,KE017,로스앤젤레스,20250918,14:30,14:30,14:53,여객,출발,,B747-8i,368,"A,B,C,D"
출발,인천,대한항공,KE833,심양,20250918,14:35,14:35,14:55,여객,출발,,B737-900,188,"A,B,C,D"
출발,인천,대한항공,KE643,싱가포르,20250918,14:45,14:45,15:08,여객,출발,,A330-300,272,"A,B,C,D"
출발,인천,진에어,LJ209,도쿄/나리타,20250918,14:45,15:03,15:20,여객,지연,공항 및 출입국 절차에 의한 지연,B737-800,189,"H,F,G,L"
출발,인천,대한항공,KE725,간사이,20250918,14:55,14:55,15:27,여객,출발,,A321neo,182,"A,B,C,D"
출발,인천,대한항공,KE627,자카르타(수카르노 하타),20250918,15:10,15:10,16:10,여객,지연,항공기 정비에 의한 지연,A330-300,272,"A,B,C,D"
출발,인천,대한항공,KE189,타이중,20250918,15:15,15:15,15:41,여객,출발,,A321neo,182,"A,B,C,D"
출발,인천,에어서울,RS715,간사이,20250918,15:20,15:20,15:48,여객,출발,,A321,195,"E,F,G,L"
출발,인천,에어부산,BX176,간사이,20250918,15:25,15:25,16:12,여객,지연,항공교통흐름에 의한 지연,A321,195,"E,F,G,L"
출발,인천,대한항공,KE671,쿠알라룸푸르,20250918,15:40,15:40,16:00,여객,출발,,A330-300,272,"A,B,C,D"
출발,인천,대한항공,KE733,고베,20250918,15:50,15:50,16:29,여객,출발,,A321neo,182,"A,B,C,D"
출발,인천,에어부산,BX166,도쿄/나리타,20250918,15:50,15:50,16:21,여객,출발,,A321,195,"E,F,G,L"
출발,인천,진에어,LJ265,후쿠오카,20250918,15:50,15:50,16:14,여객,출발,,B737-800,189,"H,F,G,L"
출발,인천,대한항공,KE023,샌프란시스코,20250918,16:00,16:00,16:57,여객,지연,항공기 연결에 의한 지연,B777-300ER,277,"A,B,C,D"
출발,인천,진에어,LJ239,간사이,20250918,16:05,16:38,16:59,여객,지연,공항 및 출입국 절차에 의한 지연,B737-800,189,"H,F,G,L"
출발,인천,진에어,LJ347,나고야,20250918,16:05,16:05,16:38,여객,출발,,B737-800,189,"H,F,G,L"
출발,인천,대한항공,KE187,타오위안,20250918,16:10,16:10,16:47,여객,출발,,A321neo,182,"A,B,C,D"
출발,인천,대한항공,KE633,덴파사(응우라 라이),20250918,16:10,16:10,17:18,여객,지연,여객 및 화물처리에 의한 지연,A330-300,272,"A,B,C,D"
출발,인천,진에어,LJ351,기타규슈,20250918,16:15,16:33,16:55,여객,지연,공항 및 출입국 절차에 의한 지연,B737-800,189,"H,F,G,L"
출발,인천,델타항공,DL188,애틀랜타,20250918,16:25,16:40,17:03,여객,출발,,A350-900,306,"K,F,G,L"
출발,인천,대한항공,KE041,시애틀,20250918,16:40,16:40,17:24,여객,지연,항공기 연결에 의한 지연,A330-300,272,"A,B,C,D"
출발,인천,에어서울,RS703,도쿄/나리타,20250918,16:45,16:45,17:10,여객,출발,,A321,195,"E,F,G,L"
출발,인천,대한항공,KE713,도쿄/나리타,20250918,17:05,17:05,17:36,여객,출발,,A321neo,182,"A,B,C,D"
출발,인천,대한항공,KE1405,김해,20250918,17:10,17:10,17:32,여객,출발,,B737-900,188,
출발,인천,진에어,LJ009,치앙마이,20250918,17:10,17:36,17:53,여객,지연,항공기 연결에 의한 지연,B737-800,189,"H,F,G,L"
출발,인천,대한항공,KE8425,괌,20250918,17:15,17:15,17:34,여객,출발,,B737-900,188,"A,B,C,D"
출발,인천,에어부산,BX747,수안나폼(방콕),20250918,17:15,17:15,17:42,여객,출발,,A321,195,"E,F,G,L"
출발,인천,진에어,LJ919,괌,20250918,17:35,17:35,17:55,여객,출발,,B737-800,189,"H,F,G,L"
출발,인천,대한항공,KE629,덴파사(응우라 라이),20250918,17:45,18:25,18:45,여객,지연,항공기 연결에 의한 지연,A330-300,272,"A,B,C,D"
출발,인천,대한항공,KE663,푸껫,20250918,17:50,17:50,18:19,여객,출발,,B737-900,188,"A,B,C,D"
출발,인천,대한항공,KE651,수안나폼(방콕),20250918,18:05,18:05,18:38,여객,출발,,A330-300,272,"A,B,C,D"
출발,인천,대한항공,KE461,다낭,20250918,18:20,18:20,19:17,여객,지연,항공교통흐름에 의한 지연,B737-900,188,"A,B,C,D"
출발,인천,대한항공,KE1407,김해,20250918,18:25,18:45,19:16,여객,지연,항공기 연결에 의한 지연,B737-900,188,
출발,인천,대한항공,KE667,치앙마이,20250918,18:25,18:25,18:53,여객,출발,,B737-900,188,"A,B,C,D"
출발,인천,대한항공,KE705,도쿄/나리타,20250918,18:35,18:35,18:56,여객,출발,,A321neo,182,"A,B,C,D"
출발,인천,대한항공,KE423,괌,20250918,18:40,18:40,19:03,여객,출발,,B737-900,188,"A,B,C,D"
출발,인천,대한항공,KE645,싱가포르,20250918,18:40,18:40,19:09,여객,출발,,A330-300,272,"A,B,C,D"
출발,인천,대한항공,KE781,후쿠오카,20250918,18:40,18:40,19:04,여객,출발,,B737-900,188,"A,B,C,D"
출발,인천,델타항공,DL170,미니애폴리스,20250918,18:40,18:40,18:46,여객,출발,,A350-900,306,"K,F,G,L"
출발,인천,대한항공,KE071,밴쿠버,20250918,18:45,19:15,19:47,여객,지연,항공기 연결에 의한 지연,B787-9,269,"A,B,C,D"
출발,인천,대한항공,KE453,노이바이(하노이),20250918,18:45,19:25,20:09,여객,지연,항공기 연결에 의한 지연,B737-900,188,"A,B,C,D"
출발,인천,대한항공,KE475,떤 선녓(호찌민),20250918,18:45,19:05,19:38,여객,지연,항공교통흐름에 의한 지연,B737-900,188,"A,B,C,D"
출발,인천,대한항공,KE623,마닐라,20250918,18:50,19:30,20:06,여객,지연,항공교통흐름에 의한 지연,B737-900,188,"A,B,C,D"
출발,인천,대한항공,KE689,프놈펜,20250918,18:50,18:50,19:43,여객,지연,항공교통흐름에 의한 지연,B737-900,188,"A,B,C,D"
출발,인천,대한항공,KE743,나고야,20250918,18:50,18:50,19:22,여객,지연,항공교통흐름에 의한 지연,A321neo,182,"A,B,C,D"
출발,인천,델타항공,DL26,애틀랜타,20250918,18:50,18:50,19:19,여객,출발,,A350-900,306,"K,F,G,L"
출발,인천,대한항공,KE895,푸동,20250918,18:55,19:15,19:49,여객,지연,항공기 연결에 의한 지연,A330-300,272,"A,B,C,D"
출발,인천,대한항공,KE721,간사이,20250918,19:00,19:00,19:26,여객,출발,,A321neo,182,"A,B,C,D"
출발,인천,대한항공,KE401,시드니,20250918,19:10,19:10,19:32,여객,출발,,A380-800,407,"A,B,C,D"
출발,인천,진에어,LJ131,코타키나발루,20250918,19:10,19:10,19:35,여객,출발,,B737-800,189,"H,F,G,L"
출발,인천,델타항공,DL196,시애틀,20250918,19:20,19:20,19:36,여객,출발,,A330-900neo,281,"K,F,G,L"
출발,인천,에어서울,RS581,팡라로,20250918,19:25,19:25,20:02,여객,지연,기타 원인에 의한 지연,A321,195,"E,F,G,L"
출발,인천,대한항공,KE085,뉴욕,20250918,19:30,20:00,20:26,여객,지연,기타 원인에 의한 지연,B747-8i,368,"A,B,C,D"
출발,인천,대한항공,KE1431,대구,20250918,19:30,19:30,20:04,여객,출발,,B737-900,188,
출발,인천,대한항공,KE1409,김해,20250918,19:35,19:35,20:13,여객,지연,항공기 연결에 의한 지연,B737-900,188,
출발,인천,델타항공,DL172,솔트레이크시티,20250918,19:40,19:40,19:56,여객,출발,,A350-900,306,"K,F,G,L"
출발,인천,대한항공,KE177,홍콩,20250918,19:45,20:05,20:40,여객,지연,항공기 연결에 의한 지연,A321neo,182,"A,B,C,D"
출발,인천,대한항공,KE477,떤 선녓(호찌민),20250918,19:45,19:45,20:22,여객,출발,,B737-900,188,"A,B,C,D"
출발,인천,대한항공,KE659,수안나폼(방콕),20250918,19:45,19:45,21:17,여객,지연,항공교통흐름에 의한 지연,B737-900,188,"A,B,C,D"
출발,인천,에어서울,RS527,깜라인(나트랑),20250918,19:50,19:50,20:34,여객,지연,항공교통흐름에 의한 지연,A321,195,"E,F,G,L"
출발,인천,대한항공,KE467,깜라인(나트랑),20250918,20:00,20:00,20:28,여객,출발,,B737-900,188,"A,B,C,D"
출발,인천,대한항공,KE615,세부,20250918,20:05,20:05,20:42,여객,지연,기타 원인에 의한 지연,B737-900,188,"A,B,C,D"
출발,인천,대한항공,KE625,마닐라,20250918,20:15,20:35,20:54,여객,지연,기타 원인에 의한 지연,B737-900,188,"A,B,C,D"
출발,인천,대한항공,KE011,로스앤젤레스,20250918,20:25,20:25,20:56,여객,출발,,A380-800,407,"A,B,C,D"
출발,인천,진에어,LJ081,다낭,20250918,20:25,20:25,20:50,여객,출발,,B737-800,189,"H,F,G,L"
출발,인천,대한항공,KE719,하네다,20250918,20:30,20:30,21:01,여객,출발,,A321neo,182,"A,B,C,D"
출발,인천,샤먼항공,MF878,푸저우(복주),20250918,20:35,20:35,20:46,여객,출발,,B737-800,168,"J,F,G,L"
출발,인천,중화항공,CI163,타오위안,20250918,20:35,20:35,21:09,여객,출발,,A330-300,277,"J,F,G,L"
출발,인천,진에어,LJ087,깜라인(나트랑),20250918,20:40,20:57,21:21,여객,지연,항공교통흐름에 의한 지연,B737-800,189,"H,F,G,L"
출발,인천,대한항공,KE853,베이징,20250918,20:45,20:45,21:13,여객,출발,,A330-300,272,"A,B,C,D"
출발,인천,진에어,LJ917,괌,20250918,20:50,21:24,21:47,여객,지연,항공기 연결에 의한 지연,B737-800,189,"H,F,G,L"
출발,인천,에어서울,RS511,다낭,20250918,20:55,21:15,22:17,여객,지연,항공교통흐름에 의한 지연,A321,195,"E,F,G,L"
출발,인천,대한항공,KE005,라스베이거스,20250918,21:00,21:00,21:15,여객,출발,,B777-300ER,277,"A,B,C,D"
출발,인천,대한항공,KE053,호놀룰루,20250918,21:05,21:05,21:40,여객,지연,항공교통흐름에 의한 지연,A330-300,272,"A,B,C,D"
출발,인천,대한항공,KE655,수안나폼(방콕),20250918,21:15,21:15,22:00,여객,지연,항공교통흐름에 의한 지연,A330-300,272,"A,B,C,D"
출발,인천,에어부산,BX787,깜라인(나트랑),20250918,21:30,21:30,22:15,여객,지연,공항 및 출입국 절차에 의한 지연,A321,195,"E,F,G,L"
출발,인천,진에어,LJ885,엔스 쉬자핑,20250918,21:45,22:14,22:34,여객,지연,항공교통흐름에 의한 지연,B737-800,189,"H,F,G,L"
출발,인천,네덜란드항공,KL856,암스테르담,20250918,22:25,22:25,23:18,여객,지연,항공교통흐름에 의한 지연,B787-9,294,"M,F,G,L"
출발,인천,대한항공,KE619,마닐라,20250918,22:35,22:35,23:20,여객,지연,,A330-300,272,"A,B,C,D"
출발,인천,대한항공,KE647,싱가포르,20250918,23:35,23:35,23:54,여객,출발,,B777-300ER,277,"A,B,C,D"
출발,인천,대한항공,KE1401,김해,20250919,06:35,06:35,06:47,여객,출발,,B737-900,188,
출발,인천,에어부산,BX164,도쿄/나리타,20250919,07:15,07:15,07:26,여객,출발,,A321,195,"E,F,G,L"
출발,인천,에어서울,RS711,간사이,20250919,07:15,07:15,07:34,여객,출발,,A321,195,"E,F,G,L"
출발,인천,진에어,LJ261,후쿠오카,20250919,07:15,07:15,07:36,여객,출발,,B737-800,189,"H,F,G,L"
출발,인천,에어부산,BX156,후쿠오카,20250919,07:20,07:20,07:39,여객,출발,,A321,195,"E,F,G,L"
출발,인천,대한항공,KE787,후쿠오카,20250919,07:25,07:25,07:45,여객,출발,,B737-900,188,"A,B,C,D"
출발,인천,진에어,LJ201,도쿄/나리타,20250919,07:25,07:25,07:43,여객,출발,,B737-800,189,"H,F,G,L"
출발,인천,대한항공,KE771,오카야마,20250919,07:30,07:30,07:54,여객,출발,,B737-900,188,"A,B,C,D"
출발,인천,진에어,LJ345,나고야,20250919,07:30,07:30,08:01,여객,출발,,B737-800,189,"H,F,G,L"
출발,인천,진에어,LJ231,간사이,20250919,07:40,07:40,08:09,여객,출발,,B737-800,189,"H,F,G,L"
출발,인천,대한항공,KE173,홍콩,20250919,07:45,07:45,08:17,여객,출발,,A321neo,182,"A,B,C,D"
출발,인천,대한항공,KE621,마닐라,20250919,07:50,07:50,08:20,여객,출발,,B737-900,188,"A,B,C,D"
출발,인천,대한항공,KE845,청도,20250919,07:50,07:50,08:09,여객,출발,,B737-900,188,"A,B,C,D"
출발,인천,진에어,LJ731,타오위안,20250919,07:50,07:50,08:24,여객,출발,,B737-800,189,"H,F,G,L"
출발,인천,대한항공,KE131,정저우,20250919,08:00,08:00,08:15,여객,출발,,B737-900,188,"A,B,C,D"
출발,인천,대한항공,KE441,노이바이(하노이),20250919,08:00,08:00,08:31,여객,출발,,A330-300,272,"A,B,C,D"
출발,인천,대한항공,KE197,칭기즈칸(신 울란바토르) 국제공항,20250919,08:10,08:10,08:29,여객,출발,,B737-900,188,"A,B,C,D"
출발,인천,에어서울,RS705,도쿄/나리타,20250919,08:10,08:10,08:29,여객,출발,,A321,195,"E,F,G,L"
출발,인천,진에어,LJ241,간사이,20250919,08:10,08:10,08:26,여객,출발,,B737-800,189,"H,F,G,L"
출발,인천,대한항공,KE859,베이징,20250919,08:15,08:15,08:38,여객,출발,,B777-300ER,277,"A,B,C,D"
출발,인천,진에어,LJ203,도쿄/나리타,20250919,08:15,08:15,08:39,여객,출발,,B737-800,189,"H,F,G,L"
출발,인천,대한항공,KE1403,김해,20250919,08:20,08:40,09:00,여객,지연,항공기 연결에 의한 지연,B737-900,188,
출발,인천,진에어,LJ301,삿포로,20250919,08:20,08:20,08:35,여객,출발,,B737-800,189,"H,F,G,L"
출발,인천,대한항공,KE731,고베,20250919,08:25,08:25,08:57,여객,출발,,A321neo,182,"A,B,C,D"
출발,인천,대한항공,KE893,푸동,20250919,08:25,08:25,08:48,여객,출발,,A330-300,272,"A,B,C,D"
출발,인천,에어서울,RS727,후쿠오카,20250919,08:25,08:25,08:53,여객,출발,,A321,195,"E,F,G,L"
출발,인천,에어 프랑스,AF267,파리,20250919,08:30,08:30,08:54,여객,출발,,B777-300ER,296,"M,F,G,L"
출발,인천,대한항공,KE775,고마쓰,20250919,08:35,08:35,08:54,여객,출발,,B737-900,188,"A,B,C,D"
출발,인천,대한항공,KE831,심양,20250919,08:45,08:05,08:22,여객,출발,,B737-900,188,"A,B,C,D"
출발,인천,에어서울,RS741,다카마쓰,20250919,08:45,09:45,10:18,여객,지연,항공기 연결에 의한 지연,A321,195,"E,F,G,L"
출발,인천,대한항공,KE137,우한,20250919,08:50,08:50,08:58,여객,출발,,B737-900,188,"A,B,C,D"
출발,인천,대한항공,KE865,광저우,20250919,08:50,08:50,09:09,여객,출발,,A330-300,272,"A,B,C,D"
출발,인천,대한항공,KE819,창사(장사),20250919,09:00,09:00,09:11,여객,출발,,B737-900,188,"A,B,C,D"
출발,인천,대한항공,KE469,떤 선녓(호찌민),20250919,09:05,09:05,09:29,여객,출발,,A330-300,272,"A,B,C,D"
출발,인천,진에어,LJ361,이시가키,20250919,09:05,09:05,09:25,여객,출발,,B737-800,189,"H,F,G,L"
출발,인천,대한항공,KE805,천진,20250919,09:10,09:10,09:26,여객,출발,,B737-900,188,"A,B,C,D"
출발,인천,대한항공,KE811,시안,20250919,09:10,09:10,09:33,여객,출발,,B737-900,188,"A,B,C,D"
출발,인천,에어부산,BX172,간사이,20250919,09:15,09:15,09:28,여객,출발,,A321,195,"E,F,G,L"
출발,인천,대한항공,KE035,애틀랜타,20250919,09:20,09:20,09:45,여객,출발,,B777-300ER,277,"A,B,C,D"
출발,인천,대한항공,KE785,가고시마,20250919,09:20,09:20,09:47,여객,출발,,B737-900,188,"A,B,C,D"
출발,인천,진에어,LJ913,괌,20250919,09:20,09:20,09:43,여객,출발,,B737-800,189,"H,F,G,L"
출발,인천,에어서울,RS701,도쿄/나리타,20250919,09:25,09:25,09:56,여객,출발,,A321,195,"E,F,G,L"
출발,인천,대한항공,KE031,댈러스,20250919,09:30,09:30,10:14,여객,지연,항공기 연결에 의한 지연,B787-9,269,"A,B,C,D"
출발,인천,대한항공,KE091,보스턴,20250919,09:30,09:30,09:59,여객,출발,,B787-9,269,"A,B,C,D"
출발,인천,대한항공,KE657,수안나폼(방콕),20250919,09:30,09:55,10:42,여객,지연,항공기 연결에 의한 지연,A330-300,272,"A,B,C,D"
출발,인천,대한항공,KE755,오키나와,20250919,09:30,09:30,09:51,여객,출발,,B737-900,188,"A,B,C,D"
출발,인천,대한항공,KE073,토론토,20250919,09:35,09:35,10:06,여객,지연,기타 원인에 의한 지연,B777-300ER,277,"A,B,C,D"
출발,인천,대한항공,KE723,간사이,20250919,09:35,09:35,10:03,여객,출발,,A321neo,182,"A,B,C,D"
출발,인천,대한항공,KE421,괌,20250919,09:45,09:45,10:09,여객,출발,,B737-900,188,"A,B,C,D"
출발,인천,진에어,LJ205,도쿄/나리타,20250919,09:45,09:45,10:11,여객,출발,,B737-800,189,"H,F,G,L"
출발,인천,대한항공,KE913,마드리드,20250919,09:55,09:55,10:13,여객,출발,,B787-9,269,"A,B,C,D"
출발,인천,진에어,LJ341,오키나와,20250919,09:55,09:55,10:11,여객,출발,,B737-800,189,"H,F,G,L"
출발,인천,대한항공,KE081,뉴욕,20250919,10:00,10:00,10:34,여객,출발,,A380-800,407,"A,B,C,D"
출발,인천,대한항공,KE765,삿포로,20250919,10:05,10:05,10:40,여객,출발,,B737-900,188,"A,B,C,D"
출발,인천,대한항공,KE703,도쿄/나리타,20250919,10:10,10:10,10:37,여객,출발,,A321neo,182,"A,B,C,D"
출발,인천,델타항공,DL158,디트로이트,20250919,10:15,10:15,10:28,여객,출발,,A350-900,306,"K,F,G,L"
출발,인천,대한항공,KE125,샤먼 가오치,20250919,10:20,10:20,10:56,여객,출발,,B737-900,188,"A,B,C,D"
출발,인천,대한항공,KE169,마카오,20250919,10:20,10:20,11:02,여객,지연,여객 및 화물처리에 의한 지연,A321neo,182,"A,B,C,D"
출발,인천,대한항공,KE093,워싱톤,20250919,10:25,10:25,11:17,여객,지연,여객 및 화물처리에 의한 지연,B777-300ER,277,"A,B,C,D"
출발,인천,대한항공,KE101,남경,20250919,10:25,10:25,10:51,여객,출발,,A321neo,182,"A,B,C,D"
출발,인천,대한항공,KE937,비엔나,20250919,10:25,10:25,11:04,여객,지연,항공교통흐름에 의한 지연,B787-9,269,"A,B,C,D"
출발,인천,대한항공,KE185,타오위안,20250919,10:30,10:30,11:18,여객,지연,기타 원인에 의한 지연,A321neo,182,"A,B,C,D"
출발,인천,가루다인도네시아,GA879,자카르타(수카르노 하타),20250919,10:35,10:35,10:52,여객,출발,,A330-900neo,301,"J,F,G,L"
출발,인천,대한항공,KE741,나고야,20250919,10:35,10:35,11:28,여객,지연,여객 및 화물처리에 의한 지연,A321neo,182,"A,B,C,D"
출발,인천,대한항공,KE037,시카고,20250919,10:40,10:40,11:24,여객,지연,항공교통흐름에 의한 지연,B777-300ER,277,"A,B,C,D"
출발,인천,대한항공,KE855,베이징,20250919,10:40,10:40,11:25,여객,지연,항공교통흐름에 의한 지연,A330-300,272,"A,B,C,D"
출발,인천,대한항공,KE969,프라하,20250919,10:45,10:45,11:40,여객,지연,여객 및 화물처리에 의한 지연,B787-9,269,"A,B,C,D"
출발,인천,대한항공,KE457,다낭,20250919,10:55,10:55,11:22,여객,출발,,B737-900,188,"A,B,C,D"
출발,인천,대한항공,KE907,런던히드로,20250919,10:55,10:55,11:49,여객,지연,여객 및 화물처리에 의한 지연,A380-800,407,"A,B,C,D"
출발,인천,대한항공,KE791,후쿠오카,20250919,11:05,11:05,11:39,여객,지연,항공교통흐름에 의한 지연,B737-900,188,"A,B,C,D"
출발,인천,대한항공,KE945,프랑크푸르트,20250919,11:05,11:05,11:55,여객,지연,항공교통흐름에 의한 지연,A380-800,407,"A,B,C,D"
출발,인천,대한항공,KE897,푸동,20250919,11:10,11:10,12:04,여객,지연,항공교통흐름에 의한 지연,B777-300ER,277,"A,B,C,D"
출발,인천,대한항공,KE901,파리,20250919,11:10,11:10,12:06,여객,지연,항공교통흐름에 의한 지연,B777-300ER,277,"A,B,C,D"
출발,인천,가루다인도네시아,GA871,덴파사(응우라 라이),20250919,11:25,11:46,12:02,여객,지연,항공기 연결에 의한 지연,A330-300,251,"J,F,G,L"
출발,인천,에어부산,BX158,후쿠오카,20250919,11:25,11:25,12:00,여객,지연,공항 및 출입국 절차에 의한 지연,A321,195,"E,F,G,L"
출발,인천,아에로멕시코,AM091,멕시코시티,20250919,11:40,11:40,12:28,여객,출발,,B787-9,274,"H,F,G,L"
출발,인천,대한항공,KE925,암스테르담,20250919,11:55,11:55,12:41,여객,지연,여객 및 화물처리에 의한 지연,B777-300ER,277,"A,B,C,D"
출발,인천,대한항공,KE107,항저우,20250919,12:00,12:00,12:30,여객,출발,,A321neo,182,"A,B,C,D"
출발,인천,중화항공,CI165,가오슝,20250919,12:05,12:05,12:22,여객,출발,,A321neo,180,"J,F,G,L"
출발,인천,진에어,LJ263,후쿠오카,20250919,12:10,12:10,12:39,여객,출발,,B737-800,189,"H,F,G,L"
출발,인천,대한항공,KE769,삿포로,20250919,12:35,12:35,12:52,여객,출발,,B737-900,188,"A,B,C,D"
출발,인천,대한항공,KE803,천진,20250919,12:35,12:35,13:01,여객,출발,,B737-900,188,"A,B,C,D"
출발,인천,중화항공,CI161,타오위안,20250919,12:35,12:35,12:46,여객,출발,,A330-300,277,"J,F,G,L"
출발,인천,에어부산,BX174,간사이,20250919,12:40,12:40,13:04,여객,출발,,A321,195,"E,F,G,L"
출발,인천,대한항공,KE711,도쿄/나리타,20250919,13:00,13:00,13:17,여객,출발,,A321neo,182,"A,B,C,D"
출발,인천,대한항공,KE869,대련,20250919,13:00,13:00,13:52,여객,지연,여객 및 화물처리에 의한 지연,B737-900,188,"A,B,C,D"
출발,인천,대한항공,KE921,리스본,20250919,13:00,13:00,13:32,여객,출발,,B787-9,269,"A,B,C,D"
출발,인천,대한항공,KE843,청도,20250919,13:05,13:05,13:58,여객,지연,항공기 연결에 의한 지연,B737-900,188,"A,B,C,D"
출발,인천,에어서울,RS713,간사이,20250919,13:15,13:15,13:42,여객,출발,,A321,195,"E,F,G,L"
출발,인천,대한항공,KE175,홍콩,20250919,13:25,13:25,13:47,여객,출발,,A321neo,182,"A,B,C,D"
출발,인천,대한항공,KE951,두바이,20250919,13:25,13:25,14:05,여객,지연,항공교통흐름에 의한 지연,B777-300ER,277,"A,B,C,D"
출발,인천,에어서울,RS745,요나고,20250919,13:25,13:25,13:50,여객,출발,,A321,195,"E,F,G,L"
출발,인천,샤먼항공,MF872,샤먼 가오치,20250919,13:30,13:30,13:59,여객,출발,,B737-800,168,"J,F,G,L"
출발,인천,대한항공,KE695,카트만두,20250919,13:35,13:35,14:20,여객,지연,항공교통흐름에 의한 지연,A330-300,272,"A,B,C,D"
출발,인천,대한항공,KE927,밀라노,20250919,13:40,13:40,14:15,여객,출발,,B787-9,269,"A,B,C,D"
출발,인천,대한항공,KE955,이스탄불,20250919,13:40,13:40,14:09,여객,출발,,B777-300ER,277,"A,B,C,D"
출발,인천,대한항공,KE789,후쿠오카,20250919,13:45,13:45,14:25,여객,지연,항공교통흐름에 의한 지연,B737-900,188,"A,B,C,D"
출발,인천,진에어,LJ861,청도,20250919,13:50,13:50,14:32,여객,지연,,B737-800,189,"H,F,G,L"
출발,인천,에어서울,RS723,후쿠오카,20250919,14:25,14:55,15:30,여객,지연,항공기 연결에 의한 지연,A321,195,"E,F,G,L"
출발,인천,대한항공,KE017,로스앤젤레스,20250919,14:30,14:30,15:11,여객,지연,여객 및 화물처리에 의한 지연,B747-8i,368,"A,B,C,D"
출발,인천,진에어,LJ359,다카마쓰,20250919,14:30,14:30,15:02,여객,출발,,B737-800,189,"H,F,G,L"
출발,인천,대한항공,KE833,심양,20250919,14:35,14:35,15:14,여객,지연,항공교통흐름에 의한 지연,B737-900,188,"A,B,C,D"
출발,인천,진에어,LJ237,간사이,20250919,14:40,14:40,15:07,여객,출발,,B737-800,189,"H,F,G,L"
출발,인천,대한항공,KE643,싱가포르,20250919,14:45,14:45,15:26,여객,지연,항공교통흐름에 의한 지연,A330-300,272,"A,B,C,D"
출발,인천,진에어,LJ209,도쿄/나리타,20250919,14:45,14:45,15:22,여객,출발,,B737-800,189,"H,F,G,L"
출발,인천,대한항공,KE725,간사이,20250919,15:05,15:05,15:32,여객,출발,,A321neo,182,"A,B,C,D"
출발,인천,대한항공,KE627,자카르타(수카르노 하타),20250919,15:10,15:10,16:12,여객,지연,운항 기준 및 승무원 관련 지연,A330-300,272,"A,B,C,D"
출발,인천,대한항공,KE189,타이중,20250919,15:15,15:15,15:49,여객,지연,항공교통흐름에 의한 지연,A321neo,182,"A,B,C,D"
출발,인천,에어서울,RS715,간사이,20250919,15:20,15:20,16:01,여객,지연,공항 및 출입국 절차에 의한 지연,A321,195,"E,F,G,L"
출발,인천,에어부산,BX176,간사이,20250919,15:25,15:25,16:10,여객,지연,공항 및 출입국 절차에 의한 지연,A321,195,"E,F,G,L"
출발,인천,진에어,LJ211,도쿄/나리타,20250919,15:35,16:25,16:48,여객,지연,항공기 연결에 의한 지연,B737-800,189,"H,F,G,L"
출발,인천,대한항공,KE671,쿠알라룸푸르,20250919,15:40,15:40,16:06,여객,출발,,A330-300,272,"A,B,C,D"
출발,인천,대한항공,KE733,고베,20250919,15:50,15:50,16:18,여객,출발,,A321neo,182,"A,B,C,D"
출발,인천,에어부산,BX166,도쿄/나리타,20250919,15:50,15:50,16:24,여객,지연,공항 및 출입국 절차에 의한 지연,A321,195,"E,F,G,L"
출발,인천,대한항공,KE023,샌프란시스코,20250919,16:00,16:00,16:40,여객,지연,항공교통흐름에 의한 지연,B777-300ER,277,"A,B,C,D"
출발,인천,진에어,LJ265,후쿠오카,20250919,16:00,16:39,17:02,여객,지연,항공기 연결에 의한 지연,B737-800,189,"H,F,G,L"
출발,인천,진에어,LJ239,간사이,20250919,16:05,16:45,17:06,여객,지연,공항 및 출입국 절차에 의한 지연,B737-800,189,"H,F,G,L"
출발,인천,진에어,LJ347,나고야,20250919,16:05,16:32,16:56,여객,지연,공항 및 출입국 절차에 의한 지연,B737-800,189,"H,F,G,L"
출발,인천,대한항공,KE187,타오위안,20250919,16:10,16:10,16:50,여객,지연,항공교통흐름에 의한 지연,A321neo,182,"A,B,C,D"
출발,인천,대한항공,KE633,덴파사(응우라 라이),20250919,16:10,16:10,16:46,여객,지연,항공교통흐름에 의한 지연,A330-300,272,"A,B,C,D"
출발,인천,델타항공,DL188,애틀랜타,20250919,16:25,16:25,17:00,여객,출발,,A350-900,306,"K,F,G,L"
출발,인천,대한항공,KE041,시애틀,20250919,16:40,16:40,17:36,여객,지연,공항 및 출입국 절차에 의한 지연,A330-300,272,"A,B,C,D"
출발,인천,에어서울,RS703,도쿄/나리타,20250919,16:45,16:45,17:17,여객,출발,,A321,195,"E,F,G,L"
출발,인천,진에어,LJ271,후쿠오카,20250919,17:00,17:00,17:24,여객,출발,,B737-800,189,"H,F,G,L"
출발,인천,대한항공,KE713,도쿄/나리타,20250919,17:05,17:26,17:51,여객,지연,항공교통흐름에 의한 지연,A321neo,182,"A,B,C,D"
출발,인천,대한항공,KE1405,김해,20250919,17:10,17:10,17:34,여객,출발,,B737-900,188,
출발,인천,진에어,LJ009,치앙마이,20250919,17:10,17:10,17:47,여객,출발,,B737-800,189,"H,F,G,L"
출발,인천,대한항공,KE8425,괌,20250919,17:15,17:15,17:31,여객,출발,,B737-900,188,"A,B,C,D"
출발,인천,에어부산,BX747,수안나폼(방콕),20250919,17:15,17:15,17:45,여객,출발,,A321,195,"E,F,G,L"
출발,인천,진에어,LJ919,괌,20250919,17:35,17:35,18:06,여객,출발,,B737-800,189,"H,F,G,L"
출발,인천,대한항공,KE629,덴파사(응우라 라이),20250919,17:45,17:45,18:10,여객,출발,,A330-300,272,"A,B,C,D"
출발,인천,대한항공,KE663,푸껫,20250919,17:50,17:50,18:15,여객,출발,,B737-900,188,"A,B,C,D"
출발,인천,대한항공,KE411,오클랜드,20250919,18:00,18:25,19:12,여객,지연,항공기 연결에 의한 지연,B787-9,269,"A,B,C,D"
출발,인천,대한항공,KE651,수안나폼(방콕),20250919,18:05,18:05,18:46,여객,지연,운항 기준 및 승무원 관련 지연,A330-300,272,"A,B,C,D"
출발,인천,대한항공,KE461,다낭,20250919,18:20,18:35,19:02,여객,지연,항공기 연결에 의한 지연,B737-900,188,"A,B,C,D"
출발,인천,대한항공,KE1407,김해,20250919,18:25,18:25,18:56,여객,출발,,B737-900,188,
출발,인천,대한항공,KE667,치앙마이,20250919,18:25,18:25,18:50,여객,출발,,B737-900,188,"A,B,C,D"
출발,인천,대한항공,KE705,도쿄/나리타,20250919,18:35,18:35,19:10,여객,지연,운항 기준 및 승무원 관련 지연,A321neo,182,"A,B,C,D"
출발,인천,대한항공,KE871,대련,20250919,18:35,18:35,19:13,여객,지연,항공교통흐름에 의한 지연,B737-900,188,"A,B,C,D"
출발,인천,대한항공,KE161,쿤밍,20250919,18:40,18:40,19:01,여객,출발,,B737-900,188,"A,B,C,D"
출발,인천,대한항공,KE423,괌,20250919,18:40,18:40,18:54,여객,출발,,B737-900,188,"A,B,C,D"
출발,인천,대한항공,KE645,싱가포르,20250919,18:40,18:40,19:14,여객,출발,,A330-300,272,"A,B,C,D"
출발,인천,대한항공,KE781,후쿠오카,20250919,18:40,18:57,19:18,여객,지연,항공기 연결에 의한 지연,B737-900,188,"A,B,C,D"
출발,인천,델타항공,DL170,미니애폴리스,20250919,18:40,18:40,19:04,여객,출발,,A350-900,306,"K,F,G,L"
출발,인천,대한항공,KE071,밴쿠버,20250919,18:45,18:45,19:29,여객,지연,여객 및 화물처리에 의한 지연,B787-9,269,"A,B,C,D"
출발,인천,대한항공,KE453,노이바이(하노이),20250919,18:45,19:06,19:23,여객,지연,항공기 연결에 의한 지연,B737-900,188,"A,B,C,D"
출발,인천,대한항공,KE475,떤 선녓(호찌민),20250919,18:45,18:45,19:16,여객,출발,,B737-900,188,"A,B,C,D"
출발,인천,대한항공,KE623,마닐라,20250919,18:50,18:50,19:19,여객,출발,,B737-900,188,"A,B,C,D"
출발,인천,대한항공,KE689,프놈펜,20250919,18:50,18:50,19:21,여객,출발,,B737-900,188,"A,B,C,D"
출발,인천,대한항공,KE743,나고야,20250919,18:50,18:50,19:25,여객,출발,,A321neo,182,"A,B,C,D"
출발,인천,델타항공,DL26,애틀랜타,20250919,18:50,18:50,19:22,여객,출발,,A350-900,306,"K,F,G,L"
출발,인천,대한항공,KE895,푸동,20250919,18:55,19:25,19:45,여객,지연,항공기 연결에 의한 지연,A330-300,272,"A,B,C,D"
출발,인천,대한항공,KE721,간사이,20250919,19:00,19:17,19:39,여객,지연,항공기 정비에 의한 지연,A321neo,182,"A,B,C,D"
출발,인천,대한항공,KE401,시드니,20250919,19:10,19:10,19:44,여객,출발,,A380-800,407,"A,B,C,D"
출발,인천,델타항공,DL196,시애틀,20250919,19:20,19:20,19:41,여객,출발,,A330-900neo,281,"K,F,G,L"
출발,인천,에어서울,RS581,팡라로,20250919,19:25,19:40,20:07,여객,지연,공항 및 출입국 절차에 의한 지연,A321,195,"E,F,G,L"
출발,인천,대한항공,KE085,뉴욕,20250919,19:30,20:00,20:23,여객,지연,기타 원인에 의한 지연,B747-8i,368,"A,B,C,D"
출발,인천,대한항공,KE1431,대구,20250919,19:30,19:30,19:52,여객,출발,,B737-900,188,
출발,인천,대한항공,KE1409,김해,20250919,19:35,19:35,19:57,여객,출발,,B737-900,188,
출발,인천,델타항공,DL172,솔트레이크시티,20250919,19:40,23:23,23:43,여객,지연,항공기 연결에 의한 지연,A350-900,306,"K,F,G,L"
출발,인천,대한항공,KE177,홍콩,20250919,19:45,20:00,20:45,여객,지연,항공기 연결에 의한 지연,A321neo,182,"A,B,C,D"
출발,인천,대한항공,KE477,떤 선녓(호찌민),20250919,19:45,20:10,20:29,여객,지연,항공교통흐름에 의한 지연,B737-900,188,"A,B,C,D"
출발,인천,대한항공,KE659,수안나폼(방콕),20250919,19:45,19:45,20:17,여객,출발,,B737-900,188,"A,B,C,D"
출발,인천,에어서울,RS527,깜라인(나트랑),20250919,19:50,19:50,20:47,여객,지연,항공교통흐름에 의한 지연,A321,195,"E,F,G,L"
출발,인천,대한항공,KE467,깜라인(나트랑),20250919,20:00,20:00,20:22,여객,출발,,B737-900,188,"A,B,C,D"
출발,인천,대한항공,KE853,베이징,20250919,20:00,20:00,20:31,여객,출발,,A330-300,272,"A,B,C,D"
출발,인천,대한항공,KE407,브리즈번,20250919,20:05,20:05,20:37,여객,출발,,A330-300,272,"A,B,C,D"
출발,인천,대한항공,KE615,세부,20250919,20:05,20:05,20:36,여객,출발,,B737-900,188,"A,B,C,D"
출발,인천,대한항공,KE625,마닐라,20250919,20:15,20:35,21:09,여객,지연,항공기 연결에 의한 지연,B737-900,188,"A,B,C,D"
출발,인천,대한항공,KE011,로스앤젤레스,20250919,20:25,20:25,20:58,여객,출발,,A380-800,407,"A,B,C,D"
출발,인천,진에어,LJ081,다낭,20250919,20:25,20:44,21:02,여객,지연,항공교통흐름에 의한 지연,B737-800,189,"H,F,G,L"
출발,인천,대한항공,KE719,하네다,20250919,20:30,20:30,20:56,여객,출발,,A321neo,182,"A,B,C,D"
출발,인천,샤먼항공,MF878,푸저우(복주),20250919,20:35,20:35,20:51,여객,출발,,B737-800,168,"J,F,G,L"
출발,인천,중화항공,CI163,타오위안,20250919,20:35,20:35,21:07,여객,출발,,A330-300,277,"J,F,G,L"
출발,인천,진에어,LJ087,깜라인(나트랑),20250919,20:40,20:57,21:19,여객,지연,항공교통흐름에 의한 지연,B737-800,189,"H,F,G,L"
출발,인천,진에어,LJ917,괌,20250919,20:50,21:16,21:37,여객,지연,항공기 연결에 의한 지연,B737-800,189,"H,F,G,L"
출발,인천,에어서울,RS511,다낭,20250919,20:55,21:25,21:51,여객,지연,항공기 연결에 의한 지연,A321,195,"E,F,G,L"
출발,인천,대한항공,KE005,라스베이거스,20250919,21:00,21:00,21:31,여객,출발,,B777-300ER,277,"A,B,C,D"
출발,인천,대한항공,KE053,호놀룰루,20250919,21:05,21:05,21:26,여객,출발,,A330-300,272,"A,B,C,D"
출발,인천,대한항공,KE655,수안나폼(방콕),20250919,21:15,21:15,21:35,여객,출발,,A330-300,272,"A,B,C,D"
출발,인천,네덜란드항공,KL856,암스테르담,20250919,22:25,22:25,23:03,여객,지연,,B787-9,294,"M,F,G,L"
출발,인천,대한항공,KE619,마닐라,20250919,22:35,22:35,23:09,여객,출발,,A330-300,272,"A,B,C,D"
출발,인천,대한항공,KE075,밴쿠버,20250919,22:40,22:40,23:15,여객,출발,,B787-9,269,"A,B,C,D"
출발,인천,대한항공,KE647,싱가포르,20250920,00:05,23:35,00:04,여객,출발,,B777-300ER,277,"A,B,C,D"
출발,인천,스칸디나비아항공,SK988,코펜하겐,20250920,00:05,23:45,00:05,여객,출발,,A350-900,300,"K,F,G,L"
출발,인천,대한항공,KE1401,김해,20250920,06:35,06:35,06:47,여객,출발,,B737-900,188,
출발,인천,에어부산,BX164,도쿄/나리타,20250920,07:15,07:15,07:44,여객,출발,,A321,195,"E,F,G,L"
출발,인천,에어서울,RS711,간사이,20250920,07:15,07:15,08:07,여객,지연,여객 및 화물처리에 의한 지연,A321,195,"E,F,G,L"
출발,인천,진에어,LJ261,후쿠오카,20250920,07:15,07:15,07:31,여객,출발,,B737-800,189,"H,F,G,L"
출발,인천,에어부산,BX156,후쿠오카,20250920,07:20,07:20,07:46,여객,출발,,A321,195,"E,F,G,L"
출발,인천,에어서울,RS727,후쿠오카,20250920,07:20,07:20,08:05,여객,출발,,A321,195,"E,F,G,L"
출발,인천,대한항공,KE787,후쿠오카,20250920,07:25,07:25,08:01,여객,지연,여객 및 화물처리에 의한 지연,B737-900,188,"A,B,C,D"
출발,인천,진에어,LJ201,도쿄/나리타,20250920,07:25,08:25,09:01,여객,지연,항공기 정비에 의한 지연,B737-800,189,"H,F,G,L"
출발,인천,대한항공,KE795,나가사키,20250920,07:30,07:30,07:56,여객,출발,,B737-900,188,"A,B,C,D"
출발,인천,진에어,LJ345,나고야,20250920,07:30,07:59,08:26,여객,지연,공항 및 출입국 절차에 의한 지연,B737-800,189,"H,F,G,L"
출발,인천,진에어,LJ231,간사이,20250920,07:40,07:57,08:23,여객,지연,여객 및 화물처리에 의한 지연,B737-800,189,"H,F,G,L"
출발,인천,대한항공,KE173,홍콩,20250920,07:45,07:45,08:21,여객,출발,,A321neo,182,"A,B,C,D"
출발,인천,대한항공,KE621,마닐라,20250920,07:50,07:50,08:27,여객,출발,,B737-900,188,"A,B,C,D"
출발,인천,대한항공,KE845,청도,20250920,07:50,07:50,08:14,여객,출발,,B737-900,188,"A,B,C,D"
출발,인천,진에어,LJ731,타오위안,20250920,07:50,08:13,08:31,여객,지연,공항 및 출입국 절차에 의한 지연,B737-800,189,"H,F,G,L"
출발,인천,대한항공,KE131,정저우,20250920,08:00,08:45,09:09,여객,지연,공항 및 출입국 절차에 의한 지연,B737-900,188,"A,B,C,D"
출발,인천,대한항공,KE441,노이바이(하노이),20250920,08:00,08:00,08:16,여객,출발,,A330-300,272,"A,B,C,D"
출발,인천,대한항공,KE197,칭기즈칸(신 울란바토르) 국제공항,20250920,08:10,08:10,08:25,여객,출발,,B737-900,188,"A,B,C,D"
출발,인천,대한항공,KE767,아오모리,20250920,08:10,08:10,08:29,여객,출발,,B737-900,188,"A,B,C,D"
출발,인천,에어서울,RS705,도쿄/나리타,20250920,08:10,08:10,08:56,여객,지연,여객 및 화물처리에 의한 지연,A321,195,"E,F,G,L"
출발,인천,진에어,LJ241,간사이,20250920,08:10,08:10,08:47,여객,출발,,B737-800,189,"H,F,G,L"
출발,인천,진에어,LJ357,시모지시마,20250920,08:10,08:10,08:35,여객,출발,,B737-800,189,"H,F,G,L"
출발,인천,대한항공,KE859,베이징,20250920,08:15,08:15,08:45,여객,출발,,B777-300ER,277,"A,B,C,D"
출발,인천,진에어,LJ203,도쿄/나리타,20250920,08:15,08:15,08:59,여객,출발,,B737-800,189,"H,F,G,L"
출발,인천,대한항공,KE127,푸저우(복주),20250920,08:20,08:20,08:55,여객,출발,,B737-900,188,"A,B,C,D"
출발,인천,대한항공,KE1403,김해,20250920,08:20,08:20,08:52,여객,출발,,B737-900,188,
출발,인천,진에어,LJ301,삿포로,20250920,08:20,08:20,08:41,여객,출발,,B737-800,189,"H,F,G,L"
출발,인천,대한항공,KE731,고베,20250920,08:25,08:25,08:53,여객,출발,,A321neo,182,"A,B,C,D"
출발,인천,대한항공,KE893,푸동,20250920,08:25,08:25,08:47,여객,출발,,A330-300,272,"A,B,C,D"
출발,인천,에어 프랑스,AF267,파리,20250920,08:30,08:55,09:20,여객,지연,항공기 연결에 의한 지연,B777-300ER,296,"M,F,G,L"
출발,인천,대한항공,KE827,선전(심천),20250920,08:40,08:40,09:07,여객,출발,,B737-900,188,"A,B,C,D"
출발,인천,대한항공,KE831,심양,20250920,08:45,08:05,08:29,여객,출발,,B737-900,188,"A,B,C,D"
출발,인천,에어서울,RS741,다카마쓰,20250920,08:45,08:45,09:22,여객,지연,항공기 연결에 의한 지연,A321,195,"E,F,G,L"
출발,인천,대한항공,KE865,광저우,20250920,08:50,09:10,09:25,여객,출발,,A330-300,272,"A,B,C,D"
출발,인천,대한항공,KE469,떤 선녓(호찌민),20250920,09:05,09:05,09:38,여객,출발,,A330-300,272,"A,B,C,D"
출발,인천,대한항공,KE805,천진,20250920,09:10,09:10,09:27,여객,출발,,B737-900,188,"A,B,C,D"
출발,인천,대한항공,KE811,시안,20250920,09:10,09:10,09:45,여객,지연,여객 및 화물처리에 의한 지연,B737-900,188,"A,B,C,D"
출발,인천,에어부산,BX172,간사이,20250920,09:15,09:15,09:34,여객,출발,,A321,195,"E,F,G,L"
출발,인천,대한항공,KE035,애틀랜타,20250920,09:20,09:20,09:42,여객,출발,,B777-300ER,277,"A,B,C,D"
출발,인천,대한항공,KE785,가고시마,20250920,09:20,09:20,09:44,여객,출발,,B737-900,188,"A,B,C,D"
출발,인천,진에어,LJ913,괌,20250920,09:20,09:20,09:50,여객,출발,,B737-800,189,"H,F,G,L"
출발,인천,에어서울,RS701,도쿄/나리타,20250920,09:25,09:25,09:40,여객,출발,,A321,195,"E,F,G,L"
출발,인천,대한항공,KE031,댈러스,20250920,09:30,09:30,09:59,여객,출발,,B787-9,269,"A,B,C,D"
출발,인천,대한항공,KE091,보스턴,20250920,09:30,09:30,09:52,여객,출발,,B787-9,269,"A,B,C,D"
출발,인천,대한항공,KE657,수안나폼(방콕),20250920,09:30,09:30,09:46,여객,출발,,A330-300,272,"A,B,C,D"
출발,인천,대한항공,KE755,오키나와,20250920,09:30,09:45,10:06,여객,지연,공항 및 출입국 절차에 의한 지연,B737-900,188,"A,B,C,D"
출발,인천,대한항공,KE073,토론토,20250920,09:35,09:35,10:05,여객,출발,,B777-300ER,277,"A,B,C,D"
출발,인천,대한항공,KE723,간사이,20250920,09:35,09:35,09:55,여객,출발,,A321neo,182,"A,B,C,D"
출발,인천,대한항공,KE763,니가타,20250920,09:40,09:40,10:08,여객,출발,,B737-900,188,"A,B,C,D"
출발,인천,대한항공,KE421,괌,20250920,09:45,09:45,10:21,여객,출발,,B737-900,188,"A,B,C,D"
출발,인천,진에어,LJ205,도쿄/나리타,20250920,09:45,09:45,10:13,여객,출발,,B737-800,189,"H,F,G,L"
출발,인천,진에어,LJ341,오키나와,20250920,09:55,09:55,10:15,여객,출발,,B737-800,189,"H,F,G,L"
출발,인천,대한항공,KE081,뉴욕,20250920,10:00,10:00,10:30,여객,출발,,A380-800,407,"A,B,C,D"
출발,인천,대한항공,KE765,삿포로,20250920,10:05,10:05,10:19,여객,출발,,B737-900,188,"A,B,C,D"
출발,인천,대한항공,KE703,도쿄/나리타,20250920,10:10,10:10,10:37,여객,출발,,A321neo,182,"A,B,C,D"
출발,인천,델타항공,DL158,디트로이트,20250920,10:15,10:15,10:22,여객,출발,,A350-900,306,"K,F,G,L"
출발,인천,대한항공,KE125,샤먼 가오치,20250920,10:20,10:20,10:44,여객,출발,,B737-900,188,"A,B,C,D"
출발,인천,대한항공,KE169,마카오,20250920,10:20,10:20,10:46,여객,출발,,A321neo,182,"A,B,C,D"
출발,인천,대한항공,KE093,워싱톤,20250920,10:25,10:25,10:40,여객,출발,,B777-300ER,277,"A,B,C,D"
출발,인천,대한항공,KE185,타오위안,20250920,10:30,10:30,11:01,여객,출발,,A321neo,182,"A,B,C,D"
출발,인천,가루다인도네시아,GA879,자카르타(수카르노 하타),20250920,10:35,10:54,11:15,여객,지연,항공기 연결에 의한 지연,A330-900neo,301,"J,F,G,L"
출발,인천,대한항공,KE741,나고야,20250920,10:35,10:35,10:54,여객,출발,,A321neo,182,"A,B,C,D"
출발,인천,대한항공,KE037,시카고,20250920,10:40,10:40,11:13,여객,출발,,B777-300ER,277,"A,B,C,D"
출발,인천,대한항공,KE969,프라하,20250920,10:45,10:45,11:11,여객,출발,,B787-9,269,"A,B,C,D"
출발,인천,대한항공,KE457,다낭,20250920,10:55,10:55,11:19,여객,출발,,B737-900,188,"A,B,C,D"
출발,인천,대한항공,KE907,런던히드로,20250920,10:55,10:55,11:24,여객,출발,,A380-800,407,"A,B,C,D"
출발,인천,대한항공,KE791,후쿠오카,20250920,11:05,11:05,11:55,여객,지연,항공교통흐름에 의한 지연,B737-900,188,"A,B,C,D"
출발,인천,대한항공,KE917,취리히,20250920,11:05,11:05,11:37,여객,출발,,B787-9,269,"A,B,C,D"
출발,인천,대한항공,KE897,푸동,20250920,11:10,11:10,11:54,여객,지연,항공교통흐름에 의한 지연,B777-300ER,277,"A,B,C,D"
출발,인천,대한항공,KE901,파리,20250920,11:10,11:10,11:52,여객,지연,항공교통흐름에 의한 지연,B777-300ER,277,"A,B,C,D"
출발,인천,가루다인도네시아,GA871,덴파사(응우라 라이),20250920,11:25,11:47,12:07,여객,지연,항공기 연결에 의한 지연,A330-300,251,"J,F,G,L"
출발,인천,에어부산,BX158,후쿠오카,20250920,11:25,11:25,12:01,여객,지연,공항 및 출입국 절차에 의한 지연,A321,195,"E,F,G,L"
출발,인천,아에로멕시코,AM091,멕시코시티,20250920,11:40,11:40,12:31,여객,지연,기상에 의한 지연,B787-9,274,"H,F,G,L"
출발,인천,대한항공,KE925,암스테르담,20250920,11:55,11:55,12:22,여객,출발,,B777-300ER,277,"A,B,C,D"
출발,인천,중화항공,CI165,가오슝,20250920,12:05,12:05,12:34,여객,출발,,A321neo,180,"J,F,G,L"
출발,인천,진에어,LJ263,후쿠오카,20250920,12:10,12:10,12:44,여객,출발,,B737-800,189,"H,F,G,L"
출발,인천,에어서울,RS811,장가계,20250920,12:20,12:20,12:45,여객,출발,,A321,195,"E,F,G,L"
출발,인천,대한항공,KE769,삿포로,20250920,12:35,12:35,12:50,여객,출발,,B737-900,188,"A,B,C,D"
출발,인천,대한항공,KE803,천진,20250920,12:35,12:35,12:54,여객,출발,,B737-900,188,"A,B,C,D"
출발,인천,대한항공,KE963,부다페스트,20250920,12:35,12:35,12:58,여객,출발,,B787-9,269,"A,B,C,D"
출발,인천,중화항공,CI161,타오위안,20250920,12:35,12:35,12:48,여객,출발,,A330-300,277,"J,F,G,L"
출발,인천,에어부산,BX174,간사이,20250920,12:40,12:40,13:03,여객,출발,,A321,195,"E,F,G,L"
출발,인천,대한항공,KE869,대련,20250920,13:00,13:00,13:29,여객,출발,,B737-900,188,"A,B,C,D"
출발,인천,대한항공,KE843,청도,20250920,13:05,13:05,13:33,여객,출발,,B737-900,188,"A,B,C,D"
출발,인천,에어서울,RS713,간사이,20250920,13:15,13:15,13:42,여객,출발,,A321,195,"E,F,G,L"
출발,인천,대한항공,KE931,로마,20250920,13:20,13:20,13:53,여객,출발,,B777-300ER,277,"A,B,C,D"
출발,인천,대한항공,KE135,허페이,20250920,13:25,13:25,13:59,여객,출발,,B737-900,188,"A,B,C,D"
출발,인천,대한항공,KE175,홍콩,20250920,13:25,13:25,14:03,여객,지연,항공교통흐름에 의한 지연,A321neo,182,"A,B,C,D"
출발,인천,대한항공,KE951,두바이,20250920,13:25,13:25,13:51,여객,출발,,B777-300ER,277,"A,B,C,D"
출발,인천,샤먼항공,MF872,샤먼 가오치,20250920,13:30,13:30,13:45,여객,출발,,B737-800,168,"J,F,G,L"
출발,인천,대한항공,KE955,이스탄불,20250920,13:40,13:40,13:57,여객,출발,,B777-300ER,277,"A,B,C,D"
출발,인천,대한항공,KE789,후쿠오카,20250920,13:45,13:45,14:06,여객,출발,,B737-900,188,"A,B,C,D"
출발,인천,진에어,LJ861,청도,20250920,13:50,13:50,14:19,여객,출발,,B737-800,189,"H,F,G,L"
출발,인천,에어서울,RS723,후쿠오카,20250920,14:25,14:25,14:45,여객,출발,,A321,195,"E,F,G,L"
출발,인천,대한항공,KE017,로스앤젤레스,20250920,14:30,14:30,14:52,여객,출발,,B747-8i,368,"A,B,C,D"
출발,인천,대한항공,KE833,심양,20250920,14:35,14:35,14:56,여객,출발,,B737-900,188,"A,B,C,D"
출발,인천,진에어,LJ237,간사이,20250920,14:40,14:40,15:02,여객,출발,,B737-800,189,"H,F,G,L"
출발,인천,대한항공,KE643,싱가포르,20250920,14:45,14:45,15:16,여객,출발,,A330-300,272,"A,B,C,D"
출발,인천,진에어,LJ209,도쿄/나리타,20250920,14:45,14:45,15:06,여객,출발,,B737-800,189,"H,F,G,L"
출발,인천,대한항공,KE725,간사이,20250920,15:05,15:05,15:47,여객,지연,여객 및 화물처리에 의한 지연,A321neo,182,"A,B,C,D"
출발,인천,대한항공,KE627,자카르타(수카르노 하타),20250920,15:10,15:10,15:33,여객,출발,,A330-300,272,"A,B,C,D"
출발,인천,대한항공,KE189,타이중,20250920,15:15,15:15,15:44,여객,출발,,A321neo,182,"A,B,C,D"
출발,인천,에어서울,RS715,간사이,20250920,15:20,15:20,16:12,여객,지연,항공교통흐름에 의한 지연,A321,195,"E,F,G,L"
출발,인천,에어부산,BX176,간사이,20250920,15:25,16:24,16:52,여객,지연,항공교통흐름에 의한 지연,A321,195,"E,F,G,L"
출발,인천,진에어,LJ211,도쿄/나리타,20250920,15:35,15:35,16:10,여객,출발,,B737-800,189,"H,F,G,L"
출발,인천,대한항공,KE671,쿠알라룸푸르,20250920,15:40,15:40,16:03,여객,출발,,A330-300,272,"A,B,C,D"
출발,인천,대한항공,KE733,고베,20250920,15:50,15:50,16:07,여객,출발,,A321neo,182,"A,B,C,D"
출발,인천,에어부산,BX166,도쿄/나리타,20250920,15:50,15:50,16:19,여객,출발,,A321,195,"E,F,G,L"
출발,인천,대한항공,KE023,샌프란시스코,20250920,16:00,16:00,16:39,여객,지연,여객 및 화물처리에 의한 지연,B777-300ER,277,"A,B,C,D"
출발,인천,진에어,LJ265,후쿠오카,20250920,16:00,16:00,16:21,여객,출발,,B737-800,189,"H,F,G,L"
출발,인천,진에어,LJ239,간사이,20250920,16:05,17:00,17:25,여객,지연,공항 및 출입국 절차에 의한 지연,B737-800,189,"H,F,G,L"
출발,인천,진에어,LJ347,나고야,20250920,16:05,16:05,16:30,여객,출발,,B737-800,189,"H,F,G,L"
출발,인천,대한항공,KE187,타오위안,20250920,16:10,16:10,16:48,여객,지연,여객 및 화물처리에 의한 지연,A321neo,182,"A,B,C,D"
출발,인천,대한항공,KE633,덴파사(응우라 라이),20250920,16:10,16:10,16:31,여객,출발,,A330-300,272,"A,B,C,D"
출발,인천,델타항공,DL188,애틀랜타,20250920,16:25,16:47,17:12,여객,지연,항공기 정비에 의한 지연,A350-900,306,"K,F,G,L"
출발,인천,대한항공,KE041,시애틀,20250920,16:40,16:40,17:58,여객,지연,공항 및 출입국 절차에 의한 지연,A330-300,272,"A,B,C,D"
출발,인천,에어서울,RS703,도쿄/나리타,20250920,16:45,16:45,17:20,여객,출발,,A321,195,"E,F,G,L"
출발,인천,진에어,LJ271,후쿠오카,20250920,17:00,17:00,17:33,여객,출발,,B737-800,189,"H,F,G,L"
출발,인천,대한항공,KE713,도쿄/나리타,20250920,17:05,17:05,17:35,여객,출발,,A321neo,182,"A,B,C,D"
출발,인천,대한항공,KE1405,김해,20250920,17:10,17:10,17:49,여객,지연,항공교통흐름에 의한 지연,B737-900,188,
출발,인천,대한항공,KE485,푸꾸옥,20250920,17:10,17:10,17:41,여객,출발,,B737-900,188,"A,B,C,D"
출발,인천,진에어,LJ009,치앙마이,20250920,17:10,17:10,17:45,여객,출발,,B737-800,189,"H,F,G,L"
출발,인천,대한항공,KE8425,괌,20250920,17:15,17:15,17:36,여객,출발,,B737-900,188,"A,B,C,D"
출발,인천,에어부산,BX747,수안나폼(방콕),20250920,17:15,17:15,17:47,여객,출발,,A321,195,"E,F,G,L"
출발,인천,진에어,LJ919,괌,20250920,17:35,17:35,18:01,여객,출발,,B737-800,189,"H,F,G,L"
출발,인천,대한항공,KE629,덴파사(응우라 라이),20250920,17:45,17:45,18:08,여객,출발,,A330-300,272,"A,B,C,D"
출발,인천,대한항공,KE663,푸껫,20250920,17:50,17:50,18:33,여객,출발,,B737-900,188,"A,B,C,D"
출발,인천,대한항공,KE651,수안나폼(방콕),20250920,18:05,18:30,19:00,여객,지연,항공기 정비에 의한 지연,A330-300,272,"A,B,C,D"
출발,인천,대한항공,KE461,다낭,20250920,18:20,18:20,18:42,여객,출발,,B737-900,188,"A,B,C,D"
출발,인천,대한항공,KE1407,김해,20250920,18:25,18:25,18:49,여객,출발,,B737-900,188,
출발,인천,대한항공,KE667,치앙마이,20250920,18:25,18:25,18:48,여객,출발,,B737-900,188,"A,B,C,D"
출발,인천,대한항공,KE705,도쿄/나리타,20250920,18:35,18:35,19:02,여객,출발,,A321neo,182,"A,B,C,D"
출발,인천,대한항공,KE423,괌,20250920,18:40,18:40,19:00,여객,출발,,B737-900,188,"A,B,C,D"
출발,인천,대한항공,KE645,싱가포르,20250920,18:40,18:40,19:17,여객,출발,,A330-300,272,"A,B,C,D"
출발,인천,대한항공,KE781,후쿠오카,20250920,18:40,18:40,19:03,여객,출발,,B737-900,188,"A,B,C,D"
출발,인천,델타항공,DL170,미니애폴리스,20250920,18:40,18:40,18:58,여객,출발,,A350-900,306,"K,F,G,L"
출발,인천,대한항공,KE071,밴쿠버,20250920,18:45,18:45,19:10,여객,출발,,B787-9,269,"A,B,C,D"
출발,인천,대한항공,KE453,노이바이(하노이),20250920,18:45,18:45,19:07,여객,출발,,B737-900,188,"A,B,C,D"
출발,인천,대한항공,KE475,떤 선녓(호찌민),20250920,18:45,18:45,19:18,여객,출발,,B737-900,188,"A,B,C,D"
출발,인천,대한항공,KE623,마닐라,20250920,18:50,18:50,19:21,여객,출발,,B737-900,188,"A,B,C,D"
출발,인천,대한항공,KE689,프놈펜,20250920,18:50,18:50,19:10,여객,출발,,B737-900,188,"A,B,C,D"
출발,인천,대한항공,KE743,나고야,20250920,18:50,18:50,19:13,여객,출발,,A321neo,182,"A,B,C,D"
출발,인천,델타항공,DL26,애틀랜타,20250920,18:50,18:50,19:18,여객,출발,,A350-900,306,"K,F,G,L"
출발,인천,대한항공,KE895,푸동,20250920,18:55,18:55,19:14,여객,출발,,A330-300,272,"A,B,C,D"
출발,인천,대한항공,KE721,간사이,20250920,19:00,19:00,19:25,여객,출발,,A321neo,182,"A,B,C,D"
출발,인천,대한항공,KE401,시드니,20250920,19:10,19:10,19:36,여객,출발,,A380-800,407,"A,B,C,D"
출발,인천,진에어,LJ131,코타키나발루,20250920,19:10,19:10,19:37,여객,출발,,B737-800,189,"H,F,G,L"
출발,인천,델타항공,DL196,시애틀,20250920,19:20,22:24,22:41,여객,지연,항공기 연결에 의한 지연,A330-900neo,281,"K,F,G,L"
출발,인천,대한항공,KE163,장가계,20250920,19:25,19:25,19:41,여객,출발,,B737-900,188,"A,B,C,D"
출발,인천,에어서울,RS581,팡라로,20250920,19:25,19:25,19:48,여객,출발,,A321,195,"E,F,G,L"
출발,인천,대한항공,KE085,뉴욕,20250920,19:30,19:45,20:14,여객,지연,기타 원인에 의한 지연,B747-8i,368,"A,B,C,D"
출발,인천,대한항공,KE1431,대구,20250920,19:30,19:30,19:42,여객,출발,,B737-900,188,
출발,인천,대한항공,KE195,칭기즈칸(신 울란바토르) 국제공항,20250920,19:30,19:30,20:00,여객,출발,,B737-900,188,"A,B,C,D"
출발,인천,대한항공,KE1409,김해,20250920,19:35,19:35,20:08,여객,출발,,B737-900,188,
출발,인천,델타항공,DL172,솔트레이크시티,20250920,19:40,19:40,19:46,여객,출발,,A350-900,306,"K,F,G,L"
출발,인천,대한항공,KE177,홍콩,20250920,19:45,19:45,20:16,여객,출발,,A321neo,182,"A,B,C,D"
출발,인천,대한항공,KE477,떤 선녓(호찌민),20250920,19:45,19:45,20:11,여객,출발,,B737-900,188,"A,B,C,D"
출발,인천,대한항공,KE659,수안나폼(방콕),20250920,19:45,19:45,20:03,여객,출발,,B737-900,188,"A,B,C,D"
출발,인천,에어서울,RS527,깜라인(나트랑),20250920,19:50,19:50,20:49,여객,지연,항공교통흐름에 의한 지연,A321,195,"E,F,G,L"
출발,인천,대한항공,KE467,깜라인(나트랑),20250920,20:00,20:00,20:32,여객,출발,,B737-900,188,"A,B,C,D"
출발,인천,대한항공,KE853,베이징,20250920,20:00,20:00,20:24,여객,출발,,A330-300,272,"A,B,C,D"
출발,인천,대한항공,KE407,브리즈번,20250920,20:05,20:05,20:36,여객,출발,,A330-300,272,"A,B,C,D"
출발,인천,대한항공,KE615,세부,20250920,20:05,20:05,20:26,여객,출발,,B737-900,188,"A,B,C,D"
출발,인천,대한항공,KE625,마닐라,20250920,20:15,20:15,20:42,여객,출발,,B737-900,188,"A,B,C,D"
출발,인천,대한항공,KE011,로스앤젤레스,20250920,20:25,20:50,21:12,여객,지연,여객 및 화물처리에 의한 지연,A380-800,407,"A,B,C,D"
출발,인천,진에어,LJ081,다낭,20250920,20:25,20:25,20:51,여객,출발,,B737-800,189,"H,F,G,L"
출발,인천,대한항공,KE719,하네다,20250920,20:30,20:30,20:46,여객,출발,,A321neo,182,"A,B,C,D"
출발,인천,샤먼항공,MF878,푸저우(복주),20250920,20:35,20:35,20:34,여객,출발,,B737-800,168,"J,F,G,L"
출발,인천,중화항공,CI163,타오위안,20250920,20:35,20:35,20:53,여객,출발,,A330-300,277,"J,F,G,L"
출발,인천,진에어,LJ087,깜라인(나트랑),20250920,20:40,20:59,21:25,여객,지연,항공기 연결에 의한 지연,B737-800,189,"H,F,G,L"
출발,인천,진에어,LJ917,괌,20250920,20:50,21:29,21:54,여객,지연,항공기 연결에 의한 지연,B737-800,189,"H,F,G,L"
출발,인천,에어서울,RS511,다낭,20250920,20:55,21:15,22:11,여객,지연,항공기 연결에 의한 지연,A321,195,"E,F,G,L"
출발,인천,대한항공,KE005,라스베이거스,20250920,21:00,21:00,21:23,여객,출발,,B777-300ER,277,"A,B,C,D"
출발,인천,대한항공,KE053,호놀룰루,20250920,21:05,21:05,21:32,여객,출발,,A330-300,272,"A,B,C,D"
출발,인천,대한항공,KE655,수안나폼(방콕),20250920,21:15,21:15,21:31,여객,출발,,A330-300,272,"A,B,C,D"
출발,인천,에어부산,BX787,깜라인(나트랑),20250920,21:30,21:30,22:08,여객,출발,,A321,195,"E,F,G,L"
출발,인천,네덜란드항공,KL856,암스테르담,20250920,22:25,22:25,22:40,여객,출발,,B787-9,294,"M,F,G,L"
출발,인천,대한항공,KE619,마닐라,20250920,22:35,22:35,22:49,여객,출발,,A330-300,272,"A,B,C,D"
출발,인천,대한항공,KE075,밴쿠버,20250920,22:40,22:40,22:53,여객,출발,,B787-9,269,"A,B,C,D"
출발,인천,대한항공,KE647,싱가포르,20250920,23:35,23:35,23:57,여객,출발,,B777-300ER,277,"A,B,C,D"
출발,인천,스칸디나비아항공,SK988,코펜하겐,20250920,23:45,23:45,23:54,여객,출발,,A350-900,300,"K,F,G,L"
출발,인천,대한항공,KE1401,김해,20250921,06:35,06:35,06:47,여객,출발,,B737-900,188,
출발,인천,에어부산,BX164,도쿄/나리타,20250921,07:15,07:15,07:31,여객,출발,,A321,195,"E,F,G,L"
출발,인천,에어서울,RS711,간사이,20250921,07:15,07:15,07:46,여객,출발,,A321,195,"E,F,G,L"
출발,인천,진에어,LJ261,후쿠오카,20250921,07:15,07:15,07:33,여객,출발,,B737-800,189,"H,F,G,L"
출발,인천,에어부산,BX156,후쿠오카,20250921,07:20,07:20,07:38,여객,출발,,A321,195,"E,F,G,L"
출발,인천,대한항공,KE787,후쿠오카,20250921,07:25,07:25,07:42,여객,출발,,B737-900,188,"A,B,C,D"
출발,인천,진에어,LJ201,도쿄/나리타,20250921,07:25,07:25,07:50,여객,출발,,B737-800,189,"H,F,G,L"
출발,인천,대한항공,KE771,오카야마,20250921,07:30,07:30,08:01,여객,출발,,B737-900,188,"A,B,C,D"
출발,인천,진에어,LJ345,나고야,20250921,07:30,07:30,08:04,여객,출발,,B737-800,189,"H,F,G,L"
출발,인천,진에어,LJ231,간사이,20250921,07:40,07:40,08:13,여객,출발,,B737-800,189,"H,F,G,L"
출발,인천,대한항공,KE173,홍콩,20250921,07:45,07:45,08:14,여객,출발,,A321neo,182,"A,B,C,D"
출발,인천,대한항공,KE621,마닐라,20250921,07:50,07:50,08:10,여객,출발,,B737-900,188,"A,B,C,D"
출발,인천,대한항공,KE845,청도,20250921,07:50,08:30,08:51,여객,지연,기상에 의한 지연,B737-900,188,"A,B,C,D"
출발,인천,진에어,LJ731,타오위안,20250921,07:50,08:11,08:33,여객,지연,공항 및 출입국 절차에 의한 지연,B737-800,189,"H,F,G,L"
출발,인천,대한항공,KE131,정저우,20250921,08:00,08:00,08:12,여객,출발,,B737-900,188,"A,B,C,D"
출발,인천,대한항공,KE441,노이바이(하노이),20250921,08:00,08:00,08:24,여객,출발,,A330-300,272,"A,B,C,D"
출발,인천,대한항공,KE197,칭기즈칸(신 울란바토르) 국제공항,20250921,08:10,08:10,08:32,여객,출발,,B737-900,188,"A,B,C,D"
출발,인천,에어서울,RS705,도쿄/나리타,20250921,08:10,08:10,08:25,여객,출발,,A321,195,"E,F,G,L"
출발,인천,진에어,LJ241,간사이,20250921,08:10,08:10,08:31,여객,출발,,B737-800,189,"H,F,G,L"
출발,인천,진에어,LJ357,시모지시마,20250921,08:10,08:10,08:29,여객,출발,,B737-800,189,"H,F,G,L"
출발,인천,대한항공,KE859,베이징,20250921,08:15,08:15,08:40,여객,출발,,B777-300ER,277,"A,B,C,D"
출발,인천,진에어,LJ203,도쿄/나리타,20250921,08:15,08:15,08:52,여객,출발,,B737-800,189,"H,F,G,L"
출발,인천,대한항공,KE127,푸저우(복주),20250921,08:20,08:20,08:43,여객,출발,,B737-900,188,"A,B,C,D"
출발,인천,대한항공,KE1403,김해,20250921,08:20,08:40,08:57,여객,지연,항공기 연결에 의한 지연,B737-900,188,
출발,인천,진에어,LJ301,삿포로,20250921,08:20,08:20,08:45,여객,출발,,B737-800,189,"H,F,G,L"
출발,인천,대한항공,KE731,고베,20250921,08:25,08:25,08:43,여객,출발,,A321neo,182,"A,B,C,D"
출발,인천,대한항공,KE893,푸동,20250921,08:25,08:25,08:52,여객,출발,,A330-300,272,"A,B,C,D"
출발,인천,에어서울,RS727,후쿠오카,20250921,08:25,08:25,08:47,여객,출발,,A321,195,"E,F,G,L"
출발,인천,에어 프랑스,AF267,파리,20250921,08:30,08:30,08:57,여객,출발,,B777-300ER,296,"M,F,G,L"
출발,인천,대한항공,KE775,고마쓰,20250921,08:35,08:35,08:55,여객,출발,,B737-900,188,"A,B,C,D"
출발,인천,대한항공,KE831,심양,20250921,08:45,08:05,08:20,여객,출발,,B737-900,188,"A,B,C,D"
출발,인천,에어서울,RS741,다카마쓰,20250921,08:45,09:05,09:26,여객,지연,항공기 연결에 의한 지연,A321,195,"E,F,G,L"
출발,인천,대한항공,KE865,광저우,20250921,08:50,08:50,09:10,여객,출발,,A330-300,272,"A,B,C,D"
출발,인천,대한항공,KE819,창사(장사),20250921,09:00,09:00,09:14,여객,출발,,B737-900,188,"A,B,C,D"
출발,인천,대한항공,KE469,떤 선녓(호찌민),20250921,09:05,09:05,09:52,여객,지연,항공교통흐름에 의한 지연,A330-300,272,"A,B,C,D"
출발,인천,진에어,LJ361,이시가키,20250921,09:05,09:05,09:27,여객,출발,,B737-800,189,"H,F,G,L"
출발,인천,대한항공,KE805,천진,20250921,09:10,09:10,09:33,여객,출발,,B737-900,188,"A,B,C,D"
출발,인천,대한항공,KE811,시안,20250921,09:10,09:10,09:23,여객,출발,,B737-900,188,"A,B,C,D"
출발,인천,에어부산,BX172,간사이,20250921,09:15,09:15,09:31,여객,출발,,A321,195,"E,F,G,L"
출발,인천,대한항공,KE035,애틀랜타,20250921,09:20,09:20,09:37,여객,출발,,B777-300ER,277,"A,B,C,D"
출발,인천,진에어,LJ913,괌,20250921,09:20,09:20,09:39,여객,출발,,B737-800,189,"H,F,G,L"
출발,인천,에어서울,RS701,도쿄/나리타,20250921,09:25,09:25,09:47,여객,출발,,A321,195,"E,F,G,L"
출발,인천,대한항공,KE031,댈러스,20250921,09:30,09:30,10:06,여객,지연,항공기 연결에 의한 지연,B787-9,269,"A,B,C,D"
출발,인천,대한항공,KE091,보스턴,20250921,09:30,09:30,09:44,여객,출발,,B787-9,269,"A,B,C,D"
출발,인천,대한항공,KE657,수안나폼(방콕),20250921,09:30,09:30,10:10,여객,지연,항공교통흐름에 의한 지연,A330-300,272,"A,B,C,D"
출발,인천,대한항공,KE755,오키나와,20250921,09:30,09:45,10:01,여객,출발,,B737-900,188,"A,B,C,D"
출발,인천,대한항공,KE777,구마모토,20250921,09:30,09:30,09:52,여객,출발,,B737-900,188,"A,B,C,D"
출발,인천,대한항공,KE073,토론토,20250921,09:35,09:50,10:17,여객,지연,공항 및 출입국 절차에 의한 지연,B777-300ER,277,"A,B,C,D"
출발,인천,대한항공,KE723,간사이,20250921,09:35,09:35,09:51,여객,출발,,A321neo,182,"A,B,C,D"
출발,인천,대한항공,KE421,괌,20250921,09:45,09:45,10:04,여객,출발,,B737-900,188,"A,B,C,D"
출발,인천,진에어,LJ205,도쿄/나리타,20250921,09:45,09:45,10:09,여객,출발,,B737-800,189,"H,F,G,L"
출발,인천,대한항공,KE913,마드리드,20250921,09:55,10:55,11:25,여객,지연,항공교통흐름에 의한 지연,B787-9,269,"A,B,C,D"
출발,인천,진에어,LJ341,오키나와,20250921,09:55,10:45,11:20,여객,지연,항공기 연결에 의한 지연,B737-800,189,"H,F,G,L"
출발,인천,대한항공,KE081,뉴욕,20250921,10:00,10:00,10:29,여객,출발,,A380-800,407,"A,B,C,D"
출발,인천,대한항공,KE765,삿포로,20250921,10:05,10:05,10:47,여객,지연,항공기 정비에 의한 지연,B737-900,188,"A,B,C,D"
출발,인천,대한항공,KE703,도쿄/나리타,20250921,10:10,10:10,10:35,여객,출발,,A321neo,182,"A,B,C,D"
출발,인천,진에어,LJ901,오키나와,20250921,10:10,10:40,11:01,여객,지연,항공기 연결에 의한 지연,B737-800,189,"H,F,G,L"
출발,인천,델타항공,DL158,디트로이트,20250921,10:15,10:15,10:24,여객,출발,,A350-900,306,"K,F,G,L"
출발,인천,대한항공,KE125,샤먼 가오치,20250921,10:20,10:20,10:42,여객,출발,,B737-900,188,"A,B,C,D"
출발,인천,대한항공,KE169,마카오,20250921,10:20,10:20,11:03,여객,지연,항공교통흐름에 의한 지연,A321neo,182,"A,B,C,D"
출발,인천,대한항공,KE093,워싱톤,20250921,10:25,10:25,10:41,여객,출발,,B777-300ER,277,"A,B,C,D"
출발,인천,대한항공,KE101,남경,20250921,10:25,10:25,10:40,여객,출발,,A321neo,182,"A,B,C,D"
출발,인천,대한항공,KE937,비엔나,20250921,10:25,10:55,11:18,여객,지연,항공교통흐름에 의한 지연,B787-9,269,"A,B,C,D"
출발,인천,대한항공,KE185,타오위안,20250921,10:30,10:30,11:07,여객,지연,항공교통흐름에 의한 지연,A321neo,182,"A,B,C,D"
출발,인천,가루다인도네시아,GA879,자카르타(수카르노 하타),20250921,10:35,10:35,10:47,여객,출발,,A330-900neo,301,"J,F,G,L"
출발,인천,대한항공,KE741,나고야,20250921,10:35,10:35,10:53,여객,출발,,A321neo,182,"A,B,C,D"
출발,인천,대한항공,KE037,시카고,20250921,10:40,10:40,11:01,여객,출발,,B777-300ER,277,"A,B,C,D"
출발,인천,대한항공,KE855,베이징,20250921,10:40,10:40,11:09,여객,출발,,A330-300,272,"A,B,C,D"
출발,인천,대한항공,KE457,다낭,20250921,10:55,10:55,11:28,여객,출발,,B737-900,188,"A,B,C,D"
출발,인천,대한항공,KE907,런던히드로,20250921,10:55,10:55,11:39,여객,지연,항공교통흐름에 의한 지연,A380-800,407,"A,B,C,D"
출발,인천,대한항공,KE791,후쿠오카,20250921,11:05,11:05,11:36,여객,출발,,B737-900,188,"A,B,C,D"
출발,인천,대한항공,KE945,프랑크푸르트,20250921,11:05,11:05,11:48,여객,지연,항공교통흐름에 의한 지연,A380-800,407,"A,B,C,D"
출발,인천,대한항공,KE897,푸동,20250921,11:10,11:10,11:48,여객,출발,,B777-300ER,277,"A,B,C,D"
출발,인천,가루다인도네시아,GA871,덴파사(응우라 라이),20250921,11:25,11:25,11:44,여객,출발,,A330-300,251,"J,F,G,L"
출발,인천,에어부산,BX158,후쿠오카,20250921,11:25,11:25,11:46,여객,출발,,A321,195,"E,F,G,L"
출발,인천,아에로멕시코,AM091,멕시코시티,20250921,11:40,11:40,11:58,여객,출발,,B787-9,274,"H,F,G,L"
출발,인천,대한항공,KE925,암스테르담,20250921,11:55,11:55,12:24,여객,출발,,B777-300ER,277,"A,B,C,D"
출발,인천,중화항공,CI165,가오슝,20250921,12:05,12:05,12:16,여객,출발,,A321neo,180,"J,F,G,L"
출발,인천,진에어,LJ263,후쿠오카,20250921,12:10,12:10,12:25,여객,출발,,B737-800,189,"H,F,G,L"
출발,인천,대한항공,KE769,삿포로,20250921,12:35,12:35,12:57,여객,출발,,B737-900,188,"A,B,C,D"
출발,인천,대한항공,KE803,천진,20250921,12:35,12:35,12:52,여객,출발,,B737-900,188,"A,B,C,D"
출발,인천,중화항공,CI161,타오위안,20250921,12:35,12:35,12:45,여객,출발,,A330-300,277,"J,F,G,L"
출발,인천,에어부산,BX174,간사이,20250921,12:40,12:40,12:59,여객,출발,,A321,195,"E,F,G,L"
출발,인천,대한항공,KE497,델리,20250921,12:55,12:55,13:26,여객,출발,,B787-9,269,"A,B,C,D"
출발,인천,대한항공,KE711,도쿄/나리타,20250921,13:00,13:00,13:30,여객,출발,,A321neo,182,"A,B,C,D"
출발,인천,대한항공,KE869,대련,20250921,13:00,13:00,13:17,여객,출발,,B737-900,188,"A,B,C,D"
출발,인천,대한항공,KE921,리스본,20250921,13:00,13:40,14:05,여객,지연,항공교통흐름에 의한 지연,B787-9,269,"A,B,C,D"
출발,인천,대한항공,KE843,청도,20250921,13:05,13:05,13:24,여객,출발,,B737-900,188,"A,B,C,D"
출발,인천,에어서울,RS713,간사이,20250921,13:15,13:15,13:42,여객,출발,,A321,195,"E,F,G,L"
출발,인천,대한항공,KE175,홍콩,20250921,13:25,13:25,13:44,여객,출발,,A321neo,182,"A,B,C,D"
출발,인천,대한항공,KE951,두바이,20250921,13:25,13:25,13:48,여객,출발,,B777-300ER,277,"A,B,C,D"
출발,인천,에어서울,RS745,요나고,20250921,13:25,13:25,13:46,여객,출발,,A321,195,"E,F,G,L"
출발,인천,샤먼항공,MF872,샤먼 가오치,20250921,13:30,13:30,13:38,여객,출발,,B737-800,168,"J,F,G,L"
출발,인천,대한항공,KE927,밀라노,20250921,13:40,13:40,14:15,여객,지연,항공기 연결에 의한 지연,B787-9,269,"A,B,C,D"
출발,인천,대한항공,KE789,후쿠오카,20250921,13:45,13:45,14:10,여객,출발,,B737-900,188,"A,B,C,D"
출발,인천,진에어,LJ861,청도,20250921,13:50,13:50,14:09,여객,출발,,B737-800,189,"H,F,G,L"
출발,인천,에어서울,RS723,후쿠오카,20250921,14:25,14:25,14:54,여객,출발,,A321,195,"E,F,G,L"
출발,인천,대한항공,KE017,로스앤젤레스,20250921,14:30,14:30,15:00,여객,출발,,B747-8i,368,"A,B,C,D"
출발,인천,진에어,LJ359,다카마쓰,20250921,14:30,14:30,14:50,여객,출발,,B737-800,189,"H,F,G,L"
출발,인천,대한항공,KE833,심양,20250921,14:35,14:35,14:58,여객,출발,,B737-900,188,"A,B,C,D"
출발,인천,진에어,LJ237,간사이,20250921,14:40,15:20,16:05,여객,지연,항공기 연결에 의한 지연,B737-800,189,"H,F,G,L"
출발,인천,대한항공,KE643,싱가포르,20250921,14:45,14:45,15:04,여객,출발,,A330-300,272,"A,B,C,D"
출발,인천,진에어,LJ209,도쿄/나리타,20250921,14:45,17:35,18:20,여객,지연,항공기 연결에 의한 지연,B737-800,189,"H,F,G,L"
출발,인천,대한항공,KE725,간사이,20250921,15:05,15:05,15:31,여객,출발,,A321neo,182,"A,B,C,D"
출발,인천,대한항공,KE627,자카르타(수카르노 하타),20250921,15:10,15:10,15:26,여객,출발,,A330-300,272,"A,B,C,D"
출발,인천,대한항공,KE189,타이중,20250921,15:15,15:15,15:35,여객,출발,,A321neo,182,"A,B,C,D"
출발,인천,에어서울,RS715,간사이,20250921,15:20,15:20,15:41,여객,출발,,A321,195,"E,F,G,L"
출발,인천,에어부산,BX176,간사이,20250921,15:25,15:25,15:54,여객,출발,,A321,195,"E,F,G,L"
출발,인천,진에어,LJ211,도쿄/나리타,20250921,15:35,16:25,17:15,여객,지연,항공기 연결에 의한 지연,B737-800,189,"H,F,G,L"
출발,인천,대한항공,KE671,쿠알라룸푸르,20250921,15:40,15:40,16:14,여객,지연,여객 및 화물처리에 의한 지연,A330-300,272,"A,B,C,D"
출발,인천,대한항공,KE733,고베,20250921,15:50,16:07,16:24,여객,지연,여객 및 화물처리에 의한 지연,A321neo,182,"A,B,C,D"
출발,인천,에어부산,BX166,도쿄/나리타,20250921,15:50,15:50,16:09,여객,출발,,A321,195,"E,F,G,L"
출발,인천,대한항공,KE023,샌프란시스코,20250921,16:00,16:00,16:31,여객,출발,,B777-300ER,277,"A,B,C,D"
출발,인천,진에어,LJ265,후쿠오카,20250921,16:00,17:00,17:50,여객,지연,항공기 연결에 의한 지연,B737-800,189,"H,F,G,L"
출발,인천,진에어,LJ239,간사이,20250921,16:05,17:25,17:57,여객,지연,항공기 연결에 의한 지연,B737-800,189,"H,F,G,L"
출발,인천,진에어,LJ347,나고야,20250921,16:05,16:25,16:48,여객,지연,공항 및 출입국 절차에 의한 지연,B737-800,189,"H,F,G,L"
출발,인천,대한항공,KE187,타오위안,20250921,16:10,16:10,16:33,여객,출발,,A321neo,182,"A,B,C,D"
출발,인천,대한항공,KE633,덴파사(응우라 라이),20250921,16:10,16:10,16:40,여객,출발,,A330-300,272,"A,B,C,D"
출발,인천,델타항공,DL188,애틀랜타,20250921,16:25,16:25,16:38,여객,출발,,A350-900,306,"K,F,G,L"
출발,인천,대한항공,KE041,시애틀,20250921,16:40,16:40,17:02,여객,출발,,A330-300,272,"A,B,C,D"
출발,인천,에어서울,RS703,도쿄/나리타,20250921,16:45,16:45,17:06,여객,출발,,A321,195,"E,F,G,L"
출발,인천,진에어,LJ271,후쿠오카,20250921,17:00,17:15,17:41,여객,지연,공항 및 출입국 절차에 의한 지연,B737-800,189,"H,F,G,L"
출발,인천,대한항공,KE713,도쿄/나리타,20250921,17:05,17:05,17:35,여객,출발,,A321neo,182,"A,B,C,D"
출발,인천,대한항공,KE1405,김해,20250921,17:10,17:10,17:39,여객,출발,,B737-900,188,
출발,인천,진에어,LJ009,치앙마이,20250921,17:10,17:10,17:37,여객,출발,,B737-800,189,"H,F,G,L"
출발,인천,대한항공,KE8425,괌,20250921,17:15,17:15,17:32,여객,출발,,B737-900,188,"A,B,C,D"
출발,인천,에어부산,BX747,수안나폼(방콕),20250921,17:15,17:15,17:48,여객,출발,,A321,195,"E,F,G,L"
출발,인천,진에어,LJ919,괌,20250921,17:35,17:51,18:14,여객,지연,공항 및 출입국 절차에 의한 지연,B737-800,189,"H,F,G,L"
출발,인천,대한항공,KE629,덴파사(응우라 라이),20250921,17:45,18:10,18:48,여객,지연,항공기 연결에 의한 지연,A330-300,272,"A,B,C,D"
출발,인천,대한항공,KE663,푸껫,20250921,17:50,17:50,18:18,여객,출발,,B737-900,188,"A,B,C,D"
출발,인천,대한항공,KE411,오클랜드,20250921,18:00,18:00,18:25,여객,출발,,B787-9,269,"A,B,C,D"
출발,인천,대한항공,KE651,수안나폼(방콕),20250921,18:05,18:05,18:37,여객,출발,,A330-300,272,"A,B,C,D"
출발,인천,대한항공,KE461,다낭,20250921,18:20,18:30,18:52,여객,출발,,B737-900,188,"A,B,C,D"
출발,인천,대한항공,KE1407,김해,20250921,18:25,18:45,19:14,여객,지연,항공교통흐름에 의한 지연,B737-900,188,
출발,인천,대한항공,KE667,치앙마이,20250921,18:25,18:45,19:04,여객,지연,항공교통흐름에 의한 지연,B737-900,188,"A,B,C,D"
출발,인천,대한항공,KE705,도쿄/나리타,20250921,18:35,18:50,19:22,여객,지연,공항 및 출입국 절차에 의한 지연,A321neo,182,"A,B,C,D"
출발,인천,대한항공,KE871,대련,20250921,18:35,18:35,19:07,여객,출발,,B737-900,188,"A,B,C,D"
출발,인천,대한항공,KE161,쿤밍,20250921,18:40,18:55,19:20,여객,지연,SP,B737-900,188,"A,B,C,D"
출발,인천,대한항공,KE423,괌,20250921,18:40,18:40,19:12,여객,출발,,B737-900,188,"A,B,C,D"
출발,인천,대한항공,KE645,싱가포르,20250921,18:40,18:40,19:01,여객,출발,,A330-300,272,"A,B,C,D"
출발,인천,대한항공,KE781,후쿠오카,20250921,18:40,18:40,19:11,여객,출발,,B737-900,188,"A,B,C,D"
출발,인천,델타항공,DL170,미니애폴리스,20250921,18:40,20:09,20:31,여객,지연,항공기 연결에 의한 지연,A350-900,306,"K,F,G,L"
출발,인천,대한항공,KE071,밴쿠버,20250921,18:45,18:45,19:25,여객,지연,운항 기준 및 승무원 관련 지연,B787-9,269,"A,B,C,D"
출발,인천,대한항공,KE453,노이바이(하노이),20250921,18:45,18:45,19:12,여객,출발,,B737-900,188,"A,B,C,D"
출발,인천,대한항공,KE475,떤 선녓(호찌민),20250921,18:45,19:04,19:20,여객,지연,항공교통흐름에 의한 지연,B737-900,188,"A,B,C,D"
출발,인천,대한항공,KE623,마닐라,20250921,18:50,18:50,19:17,여객,출발,,B737-900,188,"A,B,C,D"
출발,인천,대한항공,KE689,프놈펜,20250921,18:50,18:50,19:09,여객,출발,,B737-900,188,"A,B,C,D"
출발,인천,대한항공,KE743,나고야,20250921,18:50,19:11,19:29,여객,지연,항공교통흐름에 의한 지연,A321neo,182,"A,B,C,D"
출발,인천,델타항공,DL26,애틀랜타,20250921,18:50,18:50,19:18,여객,출발,,A350-900,306,"K,F,G,L"
출발,인천,대한항공,KE895,푸동,20250921,18:55,18:55,19:24,여객,출발,,A330-300,272,"A,B,C,D"
출발,인천,대한항공,KE721,간사이,20250921,19:00,19:00,19:40,여객,지연,항공교통흐름에 의한 지연,A321neo,182,"A,B,C,D"
출발,인천,대한항공,KE401,시드니,20250921,19:10,19:10,19:35,여객,출발,,A380-800,407,"A,B,C,D"
출발,인천,진에어,LJ131,코타키나발루,20250921,19:10,19:57,20:18,여객,지연,항공기 연결에 의한 지연,B737-800,189,"H,F,G,L"
출발,인천,델타항공,DL196,시애틀,20250921,19:20,19:20,19:48,여객,출발,,A330-900neo,281,"K,F,G,L"
출발,인천,에어서울,RS581,팡라로,20250921,19:25,19:25,19:42,여객,출발,,A321,195,"E,F,G,L"
출발,인천,대한항공,KE085,뉴욕,20250921,19:30,20:00,21:04,여객,지연,기타 원인에 의한 지연,B747-8i,368,"A,B,C,D"
출발,인천,대한항공,KE1431,대구,20250921,19:30,19:30,19:46,여객,출발,,B737-900,188,
출발,인천,대한항공,KE1409,김해,20250921,19:35,19:35,19:52,여객,출발,,B737-900,188,
출발,인천,델타항공,DL172,솔트레이크시티,20250921,19:40,19:40,19:59,여객,출발,,A350-900,306,"K,F,G,L"
출발,인천,대한항공,KE177,홍콩,20250921,19:45,19:45,20:03,여객,출발,,A321neo,182,"A,B,C,D"
출발,인천,대한항공,KE477,떤 선녓(호찌민),20250921,19:45,19:45,20:30,여객,지연,여객 및 화물처리에 의한 지연,B737-900,188,"A,B,C,D"
출발,인천,대한항공,KE659,수안나폼(방콕),20250921,19:45,19:45,20:26,여객,지연,운항 기준 및 승무원 관련 지연,B737-900,188,"A,B,C,D"
출발,인천,에어서울,RS527,깜라인(나트랑),20250921,19:50,19:50,20:36,여객,지연,항공교통흐름에 의한 지연,A321,195,"E,F,G,L"
출발,인천,대한항공,KE467,깜라인(나트랑),20250921,20:00,20:00,20:34,여객,출발,,B737-900,188,"A,B,C,D"
출발,인천,대한항공,KE853,베이징,20250921,20:00,20:00,20:15,여객,출발,,A330-300,272,"A,B,C,D"
출발,인천,대한항공,KE615,세부,20250921,20:05,20:05,20:39,여객,출발,,B737-900,188,"A,B,C,D"
출발,인천,대한항공,KE625,마닐라,20250921,20:15,20:30,21:10,여객,지연,여객 및 화물처리에 의한 지연,B737-900,188,"A,B,C,D"
출발,인천,대한항공,KE011,로스앤젤레스,20250921,20:25,20:25,21:00,여객,출발,,A380-800,407,"A,B,C,D"
출발,인천,진에어,LJ081,다낭,20250921,20:25,20:25,20:55,여객,출발,,B737-800,189,"H,F,G,L"
출발,인천,대한항공,KE719,하네다,20250921,20:30,20:30,21:12,여객,지연,여객 및 화물처리에 의한 지연,A321neo,182,"A,B,C,D"
출발,인천,샤먼항공,MF878,푸저우(복주),20250921,20:35,20:35,20:40,여객,출발,,B737-800,168,"J,F,G,L"
출발,인천,중화항공,CI163,타오위안,20250921,20:35,20:35,21:02,여객,출발,,A330-300,277,"J,F,G,L"
출발,인천,진에어,LJ087,깜라인(나트랑),20250921,20:40,20:40,21:08,여객,출발,,B737-800,189,"H,F,G,L"
출발,인천,진에어,LJ917,괌,20250921,20:50,21:23,21:48,여객,지연,항공기 연결에 의한 지연,B737-800,189,"H,F,G,L"
출발,인천,에어서울,RS511,다낭,20250921,20:55,20:55,21:30,여객,출발,,A321,195,"E,F,G,L"
출발,인천,대한항공,KE005,라스베이거스,20250921,21:00,21:00,21:37,여객,출발,,B777-300ER,277,"A,B,C,D"
출발,인천,대한항공,KE053,호놀룰루,20250921,21:05,21:05,21:42,여객,출발,,A330-300,272,"A,B,C,D"
출발,인천,대한항공,KE655,수안나폼(방콕),20250921,21:15,21:15,21:42,여객,출발,,A330-300,272,"A,B,C,D"
출발,인천,에어부산,BX787,깜라인(나트랑),20250921,21:30,21:30,22:10,여객,출발,,A321,195,"E,F,G,L"
출발,인천,진에어,LJ885,엔스 쉬자핑,20250921,21:45,22:25,22:35,여객,지연,공항 및 출입국 절차에 의한 지연,B737-800,189,"H,F,G,L"
출발,인천,네덜란드항공,KL856,암스테르담,20250921,22:25,22:25,22:42,여객,출발,,B787-9,294,"M,F,G,L"
출발,인천,대한항공,KE619,마닐라,20250921,22:35,22:35,22:50,여객,출발,,A330-300,272,"A,B,C,D"
출발,인천,대한항공,KE647,싱가포르,20250921,23:35,23:35,23:58,여객,출발,,B777-300ER,277,"A,B,C,D"
출발,인천,대한항공,KE1401,김해,20250922,06:35,06:35,06:51,여객,출발,,B737-900,188,
출발,인천,에어부산,BX164,도쿄/나리타,20250922,07:15,07:15,07:32,여객,출발,,A321,195,"E,F,G,L"
출발,인천,에어서울,RS711,간사이,20250922,07:15,07:15,07:35,여객,출발,,A321,195,"E,F,G,L"
출발,인천,진에어,LJ261,후쿠오카,20250922,07:15,07:15,07:42,여객,출발,,B737-800,189,"H,F,G,L"
출발,인천,에어부산,BX156,후쿠오카,20250922,07:20,09:17,09:32,여객,지연,항공기 연결에 의한 지연,A321,195,"E,F,G,L"
출발,인천,대한항공,KE787,후쿠오카,20250922,07:25,07:25,07:46,여객,출발,,B737-900,188,"A,B,C,D"
출발,인천,진에어,LJ201,도쿄/나리타,20250922,07:25,07:40,08:02,여객,지연,공항 및 출입국 절차에 의한 지연,B737-800,189,"H,F,G,L"
출발,인천,대한항공,KE795,나가사키,20250922,07:30,07:30,07:48,여객,출발,,B737-900,188,"A,B,C,D"
출발,인천,진에어,LJ345,나고야,20250922,07:30,07:30,07:53,여객,출발,,B737-800,189,"H,F,G,L"
출발,인천,진에어,LJ231,간사이,20250922,07:40,07:40,08:09,여객,출발,,B737-800,189,"H,F,G,L"
출발,인천,대한항공,KE173,홍콩,20250922,07:45,07:45,08:07,여객,출발,,A321neo,182,"A,B,C,D"
출발,인천,대한항공,KE621,마닐라,20250922,07:50,07:50,08:15,여객,출발,,B737-900,188,"A,B,C,D"
출발,인천,대한항공,KE845,청도,20250922,07:50,07:50,08:09,여객,출발,,B737-900,188,"A,B,C,D"
출발,인천,진에어,LJ731,타오위안,20250922,07:50,07:50,08:21,여객,출발,,B737-800,189,"H,F,G,L"
출발,인천,대한항공,KE131,정저우,20250922,08:00,08:00,08:23,여객,출발,,B737-900,188,"A,B,C,D"
출발,인천,대한항공,KE441,노이바이(하노이),20250922,08:00,08:00,08:27,여객,출발,,A330-300,272,"A,B,C,D"
출발,인천,에어서울,RS705,도쿄/나리타,20250922,08:05,09:45,10:11,여객,지연,항공기 연결에 의한 지연,A321,195,"E,F,G,L"
출발,인천,대한항공,KE197,칭기즈칸(신 울란바토르) 국제공항,20250922,08:10,08:55,09:23,여객,지연,항공기 연결에 의한 지연,B737-900,188,"A,B,C,D"
출발,인천,대한항공,KE767,아오모리,20250922,08:10,08:10,08:34,여객,출발,,B737-900,188,"A,B,C,D"
출발,인천,진에어,LJ241,간사이,20250922,08:10,08:10,08:28,여객,출발,,B737-800,189,"H,F,G,L"
출발,인천,진에어,LJ357,시모지시마,20250922,08:10,08:10,08:35,여객,출발,,B737-800,189,"H,F,G,L"
출발,인천,대한항공,KE859,베이징,20250922,08:15,08:15,08:33,여객,출발,,B777-300ER,277,"A,B,C,D"
출발,인천,진에어,LJ203,도쿄/나리타,20250922,08:15,08:15,08:50,여객,출발,,B737-800,189,"H,F,G,L"
출발,인천,대한항공,KE1403,김해,20250922,08:20,08:20,08:46,여객,출발,,B737-900,188,
출발,인천,진에어,LJ301,삿포로,20250922,08:20,08:43,09:09,여객,지연,항공기 연결에 의한 지연,B737-800,189,"H,F,G,L"
출발,인천,대한항공,KE731,고베,20250922,08:25,08:25,08:47,여객,출발,,A321neo,182,"A,B,C,D"
출발,인천,대한항공,KE893,푸동,20250922,08:25,08:25,08:43,여객,출발,,A330-300,272,"A,B,C,D"
출발,인천,에어서울,RS727,후쿠오카,20250922,08:25,08:25,08:39,여객,출발,,A321,195,"E,F,G,L"
출발,인천,에어 프랑스,AF267,파리,20250922,08:30,08:30,08:59,여객,출발,,B777-300ER,296,"M,F,G,L"
출발,인천,대한항공,KE827,선전(심천),20250922,08:40,08:40,08:59,여객,출발,,B737-900,188,"A,B,C,D"
출발,인천,대한항공,KE831,심양,20250922,08:45,08:05,08:29,여객,출발,,B737-900,188,"A,B,C,D"
출발,인천,에어서울,RS741,다카마쓰,20250922,08:45,08:45,09:06,여객,출발,,A321,195,"E,F,G,L"
출발,인천,대한항공,KE865,광저우,20250922,08:50,08:50,09:09,여객,출발,,A330-300,272,"A,B,C,D"
출발,인천,대한항공,KE819,창사(장사),20250922,09:00,09:00,09:43,여객,지연,공항 및 출입국 절차에 의한 지연,B737-900,188,"A,B,C,D"
출발,인천,대한항공,KE469,떤 선녓(호찌민),20250922,09:05,09:05,09:33,여객,출발,,A330-300,272,"A,B,C,D"
출발,인천,진에어,LJ361,이시가키,20250922,09:05,09:05,09:40,여객,출발,,B737-800,189,"H,F,G,L"
출발,인천,대한항공,KE805,천진,20250922,09:10,09:10,09:19,여객,출발,,B737-900,188,"A,B,C,D"
출발,인천,대한항공,KE811,시안,20250922,09:10,09:10,09:57,여객,지연,여객 및 화물처리에 의한 지연,B737-900,188,"A,B,C,D"
출발,인천,에어부산,BX172,간사이,20250922,09:15,09:15,09:31,여객,출발,,A321,195,"E,F,G,L"
출발,인천,대한항공,KE035,애틀랜타,20250922,09:20,09:20,09:38,여객,출발,,B777-300ER,277,"A,B,C,D"
출발,인천,대한항공,KE785,가고시마,20250922,09:20,09:20,09:42,여객,출발,,B737-900,188,"A,B,C,D"
출발,인천,진에어,LJ913,괌,20250922,09:20,09:20,09:40,여객,출발,,B737-800,189,"H,F,G,L"
출발,인천,에어서울,RS701,도쿄/나리타,20250922,09:25,09:25,10:05,여객,지연,여객 및 화물처리에 의한 지연,A321,195,"E,F,G,L"
출발,인천,대한항공,KE031,댈러스,20250922,09:30,09:30,10:02,여객,출발,,B787-9,269,"A,B,C,D"
출발,인천,대한항공,KE091,보스턴,20250922,09:30,09:30,09:49,여객,출발,,B787-9,269,"A,B,C,D"
출발,인천,대한항공,KE657,수안나폼(방콕),20250922,09:30,09:30,10:03,여객,출발,,A330-300,272,"A,B,C,D"
출발,인천,대한항공,KE755,오키나와,20250922,09:30,09:30,09:55,여객,출발,,B737-900,188,"A,B,C,D"
출발,인천,대한항공,KE073,토론토,20250922,09:35,09:50,10:15,여객,지연,지상조업 관련 지연,B777-300ER,277,"A,B,C,D"
출발,인천,대한항공,KE723,간사이,20250922,09:35,09:35,09:59,여객,출발,,A321neo,182,"A,B,C,D"
출발,인천,대한항공,KE421,괌,20250922,09:45,09:45,10:13,여객,출발,,B737-900,188,"A,B,C,D"
출발,인천,진에어,LJ205,도쿄/나리타,20250922,09:45,10:10,10:33,여객,지연,항공기 연결에 의한 지연,B737-800,189,"H,F,G,L"
출발,인천,진에어,LJ341,오키나와,20250922,09:55,09:55,10:23,여객,출발,,B737-800,189,"H,F,G,L"
출발,인천,대한항공,KE081,뉴욕,20250922,10:00,10:00,10:37,여객,출발,,A380-800,407,"A,B,C,D"
출발,인천,대한항공,KE703,도쿄/나리타,20250922,10:05,10:05,10:24,여객,출발,,A321neo,182,"A,B,C,D"
출발,인천,대한항공,KE765,삿포로,20250922,10:05,10:05,10:30,여객,출발,,B737-900,188,"A,B,C,D"
출발,인천,델타항공,DL158,디트로이트,20250922,10:15,10:15,10:27,여객,출발,,A350-900,306,"K,F,G,L"
출발,인천,대한항공,KE125,샤먼 가오치,20250922,10:20,10:20,10:48,여객,출발,,B737-900,188,"A,B,C,D"
출발,인천,대한항공,KE169,마카오,20250922,10:20,10:20,10:38,여객,출발,,A321neo,182,"A,B,C,D"
출발,인천,대한항공,KE093,워싱톤,20250922,10:25,10:25,10:53,여객,출발,,B777-300ER,277,"A,B,C,D"
출발,인천,대한항공,KE101,남경,20250922,10:25,10:25,10:46,여객,출발,,A321neo,182,"A,B,C,D"
출발,인천,대한항공,KE937,비엔나,20250922,10:25,10:25,11:04,여객,출발,,B787-9,269,"A,B,C,D"
출발,인천,대한항공,KE185,타오위안,20250922,10:30,10:30,10:53,여객,출발,,A321neo,182,"A,B,C,D"
출발,인천,가루다인도네시아,GA879,자카르타(수카르노 하타),20250922,10:35,11:59,12:21,여객,지연,항공기 연결에 의한 지연,A330-900neo,301,"J,F,G,L"
출발,인천,대한항공,KE741,나고야,20250922,10:35,10:35,10:55,여객,출발,,A321neo,182,"A,B,C,D"
출발,인천,대한항공,KE037,시카고,20250922,10:40,10:40,11:08,여객,출발,,B777-300ER,277,"A,B,C,D"
출발,인천,대한항공,KE855,베이징,20250922,10:40,10:40,11:14,여객,출발,,A330-300,272,"A,B,C,D"
출발,인천,대한항공,KE969,프라하,20250922,10:45,10:45,11:19,여객,출발,,B787-9,269,"A,B,C,D"
출발,인천,대한항공,KE457,다낭,20250922,10:55,10:55,11:22,여객,출발,,B737-900,188,"A,B,C,D"
출발,인천,대한항공,KE907,런던히드로,20250922,10:55,10:55,11:45,여객,지연,운항 기준 및 승무원 관련 지연,A380-800,407,"A,B,C,D"
출발,인천,대한항공,KE791,후쿠오카,20250922,11:05,11:05,11:20,여객,출발,,B737-900,188,"A,B,C,D"
출발,인천,대한항공,KE901,파리,20250922,11:10,11:10,11:57,여객,지연,여객 및 화물처리에 의한 지연,B777-300ER,277,"A,B,C,D"
출발,인천,가루다인도네시아,GA871,덴파사(응우라 라이),20250922,11:25,11:25,12:06,여객,출발,,A330-300,251,"J,F,G,L"
출발,인천,에어부산,BX158,후쿠오카,20250922,11:25,11:25,11:38,여객,출발,,A321,195,"E,F,G,L"
출발,인천,아에로멕시코,AM091,멕시코시티,20250922,11:40,11:40,12:26,여객,출발,,B787-9,274,"H,F,G,L"
출발,인천,대한항공,KE925,암스테르담,20250922,11:55,11:55,12:27,여객,출발,,B777-300ER,277,"A,B,C,D"
출발,인천,대한항공,KE107,항저우,20250922,12:00,12:00,12:16,여객,출발,,A321neo,182,"A,B,C,D"
출발,인천,중화항공,CI165,가오슝,20250922,12:05,12:05,12:28,여객,출발,,A321neo,180,"J,F,G,L"
출발,인천,진에어,LJ263,후쿠오카,20250922,12:10,12:10,12:30,여객,출발,,B737-800,189,"H,F,G,L"
출발,인천,대한항공,KE769,삿포로,20250922,12:35,12:35,12:55,여객,출발,,B737-900,188,"A,B,C,D"
출발,인천,대한항공,KE803,천진,20250922,12:35,12:35,13:05,여객,출발,,B737-900,188,"A,B,C,D"
출발,인천,대한항공,KE963,부다페스트,20250922,12:35,12:50,13:11,여객,지연,항공기 연결에 의한 지연,B787-9,269,"A,B,C,D"
출발,인천,중화항공,CI161,타오위안,20250922,12:35,12:35,13:05,여객,출발,,A330-300,277,"J,F,G,L"
출발,인천,에어부산,BX174,간사이,20250922,12:40,13:45,14:02,여객,지연,항공기 연결에 의한 지연,A321,195,"E,F,G,L"
출발,인천,대한항공,KE869,대련,20250922,13:00,13:00,13:24,여객,출발,,B737-900,188,"A,B,C,D"
출발,인천,대한항공,KE843,청도,20250922,13:05,13:20,13:41,여객,지연,항공기 연결에 의한 지연,B737-900,188,"A,B,C,D"
출발,인천,에어서울,RS713,간사이,20250922,13:15,13:15,13:27,여객,출발,,A321,195,"E,F,G,L"
출발,인천,대한항공,KE931,로마,20250922,13:20,13:35,13:55,여객,지연,항공기 연결에 의한 지연,B777-300ER,277,"A,B,C,D"
출발,인천,대한항공,KE135,허페이,20250922,13:25,13:25,13:42,여객,출발,,B737-900,188,"A,B,C,D"
출발,인천,대한항공,KE175,홍콩,20250922,13:25,13:25,13:50,여객,출발,,A321neo,182,"A,B,C,D"
출발,인천,대한항공,KE951,두바이,20250922,13:25,13:25,13:54,여객,출발,,B777-300ER,277,"A,B,C,D"
출발,인천,샤먼항공,MF872,샤먼 가오치,20250922,13:30,13:30,13:38,여객,출발,,B737-800,168,"J,F,G,L"
출발,인천,대한항공,KE695,카트만두,20250922,13:35,13:35,13:58,여객,출발,,A330-300,272,"A,B,C,D"
출발,인천,에어서울,RS745,요나고,20250922,13:35,13:35,13:46,여객,출발,,A321,195,"E,F,G,L"
출발,인천,대한항공,KE927,밀라노,20250922,13:40,13:40,14:06,여객,출발,,B787-9,269,"A,B,C,D"
출발,인천,대한항공,KE955,이스탄불,20250922,13:40,13:40,13:58,여객,출발,,B777-300ER,277,"A,B,C,D"
출발,인천,대한항공,KE789,후쿠오카,20250922,13:45,13:45,14:00,여객,출발,,B737-900,188,"A,B,C,D"
출발,인천,진에어,LJ861,청도,20250922,13:50,13:50,14:15,여객,출발,,B737-800,189,"H,F,G,L"
출발,인천,에어서울,RS723,후쿠오카,20250922,14:25,14:25,14:49,여객,출발,,A321,195,"E,F,G,L"
출발,인천,대한항공,KE017,로스앤젤레스,20250922,14:30,14:30,14:47,여객,출발,,B747-8i,368,"A,B,C,D"
출발,인천,대한항공,KE833,심양,20250922,14:35,14:35,14:51,여객,출발,,B737-900,188,"A,B,C,D"
출발,인천,진에어,LJ237,간사이,20250922,14:40,14:40,15:07,여객,출발,,B737-800,189,"H,F,G,L"
출발,인천,대한항공,KE643,싱가포르,20250922,14:45,14:45,14:56,여객,출발,,A330-300,272,"A,B,C,D"
출발,인천,진에어,LJ209,도쿄/나리타,20250922,14:45,14:45,15:03,여객,출발,,B737-800,189,"H,F,G,L"
출발,인천,대한항공,KE725,간사이,20250922,14:55,14:55,15:11,여객,출발,,A321neo,182,"A,B,C,D"
출발,인천,대한항공,KE627,자카르타(수카르노 하타),20250922,15:10,15:10,15:37,여객,출발,,A330-300,272,"A,B,C,D"
출발,인천,대한항공,KE189,타이중,20250922,15:15,15:15,15:43,여객,출발,,A321neo,182,"A,B,C,D"
출발,인천,에어서울,RS715,간사이,20250922,15:20,16:40,17:22,여객,지연,항공기 연결에 의한 지연,A321,195,"E,F,G,L"
출발,인천,에어부산,BX176,간사이,20250922,15:25,15:25,15:47,여객,출발,,A321,195,"E,F,G,L"
출발,인천,진에어,LJ211,도쿄/나리타,20250922,15:35,15:35,16:01,여객,출발,,B737-800,189,"H,F,G,L"
출발,인천,대한항공,KE671,쿠알라룸푸르,20250922,15:40,15:40,16:04,여객,출발,,A330-300,272,"A,B,C,D"
출발,인천,대한항공,KE733,고베,20250922,15:50,16:10,16:53,여객,지연,항공기 연결에 의한 지연,A321neo,182,"A,B,C,D"
출발,인천,에어부산,BX166,도쿄/나리타,20250922,15:50,15:50,16:18,여객,출발,,A321,195,"E,F,G,L"
출발,인천,대한항공,KE023,샌프란시스코,20250922,16:00,16:00,16:22,여객,출발,,B777-300ER,277,"A,B,C,D"
출발,인천,진에어,LJ265,후쿠오카,20250922,16:00,16:45,17:20,여객,지연,항공기 연결에 의한 지연,B737-800,189,"H,F,G,L"
출발,인천,진에어,LJ239,간사이,20250922,16:05,16:05,16:39,여객,출발,,B737-800,189,"H,F,G,L"
출발,인천,진에어,LJ347,나고야,20250922,16:05,16:31,16:56,여객,지연,공항 및 출입국 절차에 의한 지연,B737-800,189,"H,F,G,L"
출발,인천,대한항공,KE187,타오위안,20250922,16:10,16:10,16:29,여객,출발,,A321neo,182,"A,B,C,D"
출발,인천,대한항공,KE633,덴파사(응우라 라이),20250922,16:10,16:10,16:33,여객,출발,,A330-300,272,"A,B,C,D"
출발,인천,델타항공,DL188,애틀랜타,20250922,16:25,16:25,16:43,여객,출발,,A350-900,306,"K,F,G,L"
출발,인천,대한항공,KE041,시애틀,20250922,16:40,16:40,17:01,여객,출발,,A330-300,272,"A,B,C,D"
출발,인천,에어서울,RS703,도쿄/나리타,20250922,16:45,16:45,17:18,여객,출발,,A321,195,"E,F,G,L"
출발,인천,진에어,LJ271,후쿠오카,20250922,17:00,17:38,17:57,여객,지연,항공기 연결에 의한 지연,B737-800,189,"H,F,G,L"
출발,인천,대한항공,KE713,도쿄/나리타,20250922,17:05,17:05,17:26,여객,출발,,A321neo,182,"A,B,C,D"
출발,인천,대한항공,KE1405,김해,20250922,17:10,17:10,17:37,여객,출발,,B737-900,188,
출발,인천,대한항공,KE485,푸꾸옥,20250922,17:10,17:10,17:46,여객,출발,,B737-900,188,"A,B,C,D"
출발,인천,진에어,LJ009,치앙마이,20250922,17:10,17:10,17:48,여객,출발,,B737-800,189,"H,F,G,L"
출발,인천,대한항공,KE489,양곤,20250922,17:15,17:15,17:55,여객,출발,,B737-900,188,"A,B,C,D"
출발,인천,대한항공,KE8425,괌,20250922,17:15,17:15,17:31,여객,출발,,B737-900,188,"A,B,C,D"
출발,인천,에어부산,BX747,수안나폼(방콕),20250922,17:15,17:15,17:38,여객,출발,,A321,195,"E,F,G,L"
출발,인천,진에어,LJ919,괌,20250922,17:35,17:35,18:02,여객,출발,,B737-800,189,"H,F,G,L"
출발,인천,대한항공,KE629,덴파사(응우라 라이),20250922,17:45,18:05,18:29,여객,지연,항공기 연결에 의한 지연,A330-300,272,"A,B,C,D"
출발,인천,대한항공,KE411,오클랜드,20250922,18:00,18:00,18:17,여객,출발,,B787-9,269,"A,B,C,D"
출발,인천,대한항공,KE651,수안나폼(방콕),20250922,18:05,18:30,18:51,여객,지연,기타 원인에 의한 지연,A330-300,272,"A,B,C,D"
출발,인천,대한항공,KE461,다낭,20250922,18:20,18:20,19:21,여객,지연,항공교통흐름에 의한 지연,B737-900,188,"A,B,C,D"
출발,인천,대한항공,KE1407,김해,20250922,18:25,18:25,18:39,여객,출발,,B737-900,188,
출발,인천,대한항공,KE667,치앙마이,20250922,18:25,18:25,19:04,여객,출발,,B737-900,188,"A,B,C,D"
출발,인천,대한항공,KE705,도쿄/나리타,20250922,18:35,18:35,19:14,여객,지연,여객 및 화물처리에 의한 지연,A321neo,182,"A,B,C,D"
출발,인천,대한항공,KE871,대련,20250922,18:35,18:35,19:15,여객,출발,,B737-900,188,"A,B,C,D"
출발,인천,대한항공,KE161,쿤밍,20250922,18:40,18:40,19:24,여객,지연,항공교통흐름에 의한 지연,B737-900,188,"A,B,C,D"
출발,인천,대한항공,KE423,괌,20250922,18:40,18:40,19:09,여객,출발,,B737-900,188,"A,B,C,D"
출발,인천,대한항공,KE645,싱가포르,20250922,18:40,18:40,19:26,여객,지연,항공기 연결에 의한 지연,A330-300,272,"A,B,C,D"
출발,인천,대한항공,KE781,후쿠오카,20250922,18:40,18:40,19:19,여객,지연,공항 및 출입국 절차에 의한 지연,B737-900,188,"A,B,C,D"
출발,인천,델타항공,DL170,미니애폴리스,20250922,18:40,19:20,19:43,여객,지연,항공기 연결에 의한 지연,A350-900,306,"K,F,G,L"
출발,인천,대한항공,KE071,밴쿠버,20250922,18:45,18:45,19:38,여객,지연,운항 기준 및 승무원 관련 지연,B787-9,269,"A,B,C,D"
출발,인천,대한항공,KE453,노이바이(하노이),20250922,18:45,19:15,19:59,여객,지연,항공기 연결에 의한 지연,B737-900,188,"A,B,C,D"
출발,인천,대한항공,KE475,떤 선녓(호찌민),20250922,18:45,20:01,20:24,여객,지연,항공교통흐름에 의한 지연,B737-900,188,"A,B,C,D"
출발,인천,대한항공,KE623,마닐라,20250922,18:50,18:50,19:32,여객,지연,운항 기준 및 승무원 관련 지연,B737-900,188,"A,B,C,D"
출발,인천,대한항공,KE689,프놈펜,20250922,18:50,19:46,20:05,여객,지연,SP,B737-900,188,"A,B,C,D"
출발,인천,대한항공,KE743,나고야,20250922,18:50,18:50,19:34,여객,지연,항공교통흐름에 의한 지연,A321neo,182,"A,B,C,D"
출발,인천,델타항공,DL26,애틀랜타,20250922,18:50,19:05,19:30,여객,출발,,A350-900,306,"K,F,G,L"
출발,인천,대한항공,KE895,푸동,20250922,18:55,18:55,19:28,여객,지연,항공교통흐름에 의한 지연,A330-300,272,"A,B,C,D"
출발,인천,대한항공,KE721,간사이,20250922,19:00,19:00,19:47,여객,지연,항공교통흐름에 의한 지연,A321neo,182,"A,B,C,D"
출발,인천,대한항공,KE401,시드니,20250922,19:10,19:30,20:12,여객,지연,항공기 연결에 의한 지연,A380-800,407,"A,B,C,D"
출발,인천,델타항공,DL196,시애틀,20250922,19:20,23:04,23:24,여객,지연,항공기 연결에 의한 지연,A330-900neo,281,"K,F,G,L"
출발,인천,에어서울,RS581,팡라로,20250922,19:25,19:25,19:53,여객,출발,,A321,195,"E,F,G,L"
출발,인천,대한항공,KE085,뉴욕,20250922,19:30,19:50,20:43,여객,지연,항공기 연결에 의한 지연,B747-8i,368,"A,B,C,D"
출발,인천,대한항공,KE1431,대구,20250922,19:30,19:30,20:22,여객,지연,항공교통흐름에 의한 지연,B737-900,188,
출발,인천,대한항공,KE1409,김해,20250922,19:35,20:10,20:31,여객,지연,항공교통흐름에 의한 지연,B737-900,188,
출발,인천,델타항공,DL172,솔트레이크시티,20250922,19:40,19:40,20:16,여객,출발,,A350-900,306,"K,F,G,L"
출발,인천,대한항공,KE177,홍콩,20250922,19:45,20:15,21:02,여객,지연,운항 기준 및 승무원 관련 지연,A321neo,182,"A,B,C,D"
출발,인천,대한항공,KE477,떤 선녓(호찌민),20250922,19:45,19:45,20:35,여객,지연,항공교통흐름에 의한 지연,B737-900,188,"A,B,C,D"
출발,인천,대한항공,KE659,수안나폼(방콕),20250922,19:45,19:45,20:33,여객,지연,항공교통흐름에 의한 지연,B737-900,188,"A,B,C,D"
출발,인천,에어서울,RS527,깜라인(나트랑),20250922,19:50,19:50,21:36,여객,지연,항공교통흐름에 의한 지연,A321,195,"E,F,G,L"
출발,인천,대한항공,KE467,깜라인(나트랑),20250922,20:00,20:00,20:47,여객,지연,항공교통흐름에 의한 지연,B737-900,188,"A,B,C,D"
출발,인천,대한항공,KE853,베이징,20250922,20:00,20:00,21:05,여객,지연,여객 및 화물처리에 의한 지연,A330-300,272,"A,B,C,D"
출발,인천,대한항공,KE407,브리즈번,20250922,20:05,20:05,20:48,여객,지연,항공교통흐름에 의한 지연,A330-300,272,"A,B,C,D"
출발,인천,대한항공,KE615,세부,20250922,20:05,20:05,20:50,여객,지연,항공교통흐름에 의한 지연,B737-900,188,"A,B,C,D"
출발,인천,대한항공,KE625,마닐라,20250922,20:15,20:44,21:07,여객,지연,항공교통흐름에 의한 지연,B737-900,188,"A,B,C,D"
출발,인천,대한항공,KE011,로스앤젤레스,20250922,20:25,20:25,21:11,여객,지연,여객 및 화물처리에 의한 지연,A380-800,407,"A,B,C,D"
출발,인천,진에어,LJ081,다낭,20250922,20:25,21:33,21:57,여객,지연,항공교통흐름에 의한 지연,B737-800,189,"H,F,G,L"
출발,인천,대한항공,KE719,하네다,20250922,20:30,20:30,21:26,여객,지연,항공기 연결에 의한 지연,A321neo,182,"A,B,C,D"
출발,인천,샤먼항공,MF878,푸저우(복주),20250922,20:35,20:52,21:15,여객,지연,공항 및 출입국 절차에 의한 지연,B737-800,168,"J,F,G,L"
출발,인천,중화항공,CI163,타오위안,20250922,20:35,20:56,21:18,여객,지연,항공교통흐름에 의한 지연,A330-300,277,"J,F,G,L"
출발,인천,진에어,LJ087,깜라인(나트랑),20250922,20:40,20:57,21:20,여객,지연,공항 및 출입국 절차에 의한 지연,B737-800,189,"H,F,G,L"
출발,인천,진에어,LJ917,괌,20250922,20:50,20:50,21:17,여객,출발,,B737-800,189,"H,F,G,L"
출발,인천,에어서울,RS511,다낭,20250922,20:55,20:55,21:49,여객,지연,항공교통흐름에 의한 지연,A321,195,"E,F,G,L"
출발,인천,대한항공,KE005,라스베이거스,20250922,21:00,21:00,21:24,여객,출발,,B777-300ER,277,"A,B,C,D"
출발,인천,대한항공,KE053,호놀룰루,20250922,21:05,21:05,21:32,여객,출발,,A330-300,272,"A,B,C,D"
출발,인천,대한항공,KE655,수안나폼(방콕),20250922,21:15,21:53,22:17,여객,지연,항공기 연결에 의한 지연,A330-300,272,"A,B,C,D"
출발,인천,네덜란드항공,KL856,암스테르담,20250922,22:25,22:25,23:22,여객,지연,항공기 정비에 의한 지연,B787-9,294,"M,F,G,L"
출발,인천,대한항공,KE619,마닐라,20250922,22:35,23:09,23:29,여객,지연,항공교통흐름에 의한 지연,A330-300,272,"A,B,C,D"
출발,인천,대한항공,KE075,밴쿠버,20250922,22:40,23:09,23:30,여객,지연,항공기 연결에 의한 지연,B787-9,269,"A,B,C,D"
출발,인천,스칸디나비아항공,SK988,코펜하겐,20250923,00:05,23:45,00:01,여객,출발,,A350-900,300,"K,F,G,L"
출발,인천,대한항공,KE1401,김해,20250923,06:35,06:35,06:45,여객,출발,,B737-900,188,
출발,인천,에어부산,BX164,도쿄/나리타,20250923,07:15,07:15,07:53,여객,지연,공항 및 출입국 절차에 의한 지연,A321,195,"E,F,G,L"
출발,인천,에어서울,RS711,간사이,20250923,07:15,07:15,07:41,여객,출발,,A321,195,"E,F,G,L"
출발,인천,진에어,LJ261,후쿠오카,20250923,07:15,07:15,07:35,여객,출발,,B737-800,189,"H,F,G,L"
출발,인천,에어부산,BX156,후쿠오카,20250923,07:20,07:20,07:55,여객,출발,,A321,195,"E,F,G,L"
출발,인천,에어서울,RS727,후쿠오카,20250923,07:20,07:20,07:38,여객,출발,,A321,195,"E,F,G,L"
출발,인천,대한항공,KE787,후쿠오카,20250923,07:25,07:25,07:42,여객,출발,,B737-900,188,"A,B,C,D"
출발,인천,진에어,LJ201,도쿄/나리타,20250923,07:25,07:25,07:59,여객,출발,,B737-800,189,"H,F,G,L"
출발,인천,대한항공,KE771,오카야마,20250923,07:30,07:30,07:49,여객,출발,,B737-900,188,"A,B,C,D"
출발,인천,진에어,LJ345,나고야,20250923,07:30,07:30,07:56,여객,출발,,B737-800,189,"H,F,G,L"
출발,인천,진에어,LJ231,간사이,20250923,07:40,07:40,08:14,여객,출발,,B737-800,189,"H,F,G,L"
출발,인천,대한항공,KE173,홍콩,20250923,07:45,07:45,08:08,여객,출발,,A321neo,182,"A,B,C,D"
출발,인천,대한항공,KE621,마닐라,20250923,07:50,07:50,08:10,여객,출발,,B737-900,188,"A,B,C,D"
출발,인천,대한항공,KE845,청도,20250923,07:50,07:50,08:22,여객,출발,,B737-900,188,"A,B,C,D"
출발,인천,진에어,LJ731,타오위안,20250923,07:50,07:50,08:27,여객,출발,,B737-800,189,"H,F,G,L"
출발,인천,대한항공,KE131,정저우,20250923,08:00,08:00,08:19,여객,출발,,B737-900,188,"A,B,C,D"
출발,인천,대한항공,KE441,노이바이(하노이),20250923,08:00,08:00,08:29,여객,출발,,A330-300,272,"A,B,C,D"
출발,인천,대한항공,KE197,칭기즈칸(신 울란바토르) 국제공항,20250923,08:10,08:10,08:42,여객,출발,,B737-900,188,"A,B,C,D"
출발,인천,에어서울,RS705,도쿄/나리타,20250923,08:10,10:10,10:29,여객,지연,항공기 연결에 의한 지연,A321,195,"E,F,G,L"
출발,인천,진에어,LJ241,간사이,20250923,08:10,08:10,08:32,여객,출발,,B737-800,189,"H,F,G,L"
출발,인천,대한항공,KE859,베이징,20250923,08:15,08:15,08:52,여객,출발,,B777-300ER,277,"A,B,C,D"
출발,인천,대한항공,KE127,푸저우(복주),20250923,08:20,08:20,08:41,여객,출발,,B737-900,188,"A,B,C,D"
출발,인천,대한항공,KE1403,김해,20250923,08:20,08:40,09:02,여객,지연,항공기 연결에 의한 지연,B737-900,188,
출발,인천,진에어,LJ301,삿포로,20250923,08:20,08:20,08:45,여객,출발,,B737-800,189,"H,F,G,L"
출발,인천,대한항공,KE731,고베,20250923,08:25,08:25,08:53,여객,출발,,A321neo,182,"A,B,C,D"
출발,인천,대한항공,KE893,푸동,20250923,08:25,08:25,08:53,여객,출발,,A330-300,272,"A,B,C,D"
출발,인천,에어 프랑스,AF267,파리,20250923,08:30,08:30,09:01,여객,출발,,B777-300ER,296,"M,F,G,L"
출발,인천,대한항공,KE827,선전(심천),20250923,08:40,08:40,08:59,여객,출발,,B737-900,188,"A,B,C,D"
출발,인천,대한항공,KE831,심양,20250923,08:45,08:05,08:31,여객,출발,,B737-900,188,"A,B,C,D"
출발,인천,에어서울,RS741,다카마쓰,20250923,08:45,08:45,09:05,여객,출발,,A321,195,"E,F,G,L"
출발,인천,대한항공,KE137,우한,20250923,08:50,08:50,09:07,여객,출발,,B737-900,188,"A,B,C,D"
출발,인천,대한항공,KE865,광저우,20250923,08:50,08:50,09:10,여객,출발,,A330-300,272,"A,B,C,D"
출발,인천,대한항공,KE469,떤 선녓(호찌민),20250923,09:05,09:05,09:40,여객,출발,,A330-300,272,"A,B,C,D"
출발,인천,진에어,LJ361,이시가키,20250923,09:05,09:05,09:16,여객,출발,,B737-800,189,"H,F,G,L"
출발,인천,대한항공,KE805,천진,20250923,09:10,09:10,09:27,여객,출발,,B737-900,188,"A,B,C,D"
출발,인천,대한항공,KE811,시안,20250923,09:10,09:10,09:22,여객,출발,,B737-900,188,"A,B,C,D"
출발,인천,에어부산,BX172,간사이,20250923,09:15,09:15,09:23,여객,출발,,A321,195,"E,F,G,L"
출발,인천,대한항공,KE035,애틀랜타,20250923,09:20,09:20,09:43,여객,출발,,B777-300ER,277,"A,B,C,D"
출발,인천,진에어,LJ913,괌,20250923,09:20,09:20,09:34,여객,출발,,B737-800,189,"H,F,G,L"
출발,인천,에어서울,RS701,도쿄/나리타,20250923,09:25,09:50,10:04,여객,지연,항공기 연결에 의한 지연,A321,195,"E,F,G,L"
출발,인천,대한항공,KE031,댈러스,20250923,09:30,10:30,11:02,여객,지연,항공기 연결에 의한 지연,B787-9,269,"A,B,C,D"
출발,인천,대한항공,KE091,보스턴,20250923,09:30,09:30,09:47,여객,출발,,B787-9,269,"A,B,C,D"
출발,인천,대한항공,KE657,수안나폼(방콕),20250923,09:30,09:30,09:55,여객,출발,,A330-300,272,"A,B,C,D"
출발,인천,대한항공,KE755,오키나와,20250923,09:30,09:30,09:58,여객,출발,,B737-900,188,"A,B,C,D"
출발,인천,대한항공,KE777,구마모토,20250923,09:30,09:30,09:53,여객,출발,,B737-900,188,"A,B,C,D"
출발,인천,대한항공,KE073,토론토,20250923,09:35,09:35,10:13,여객,지연,여객 및 화물처리에 의한 지연,B777-300ER,277,"A,B,C,D"
출발,인천,대한항공,KE723,간사이,20250923,09:35,09:35,09:51,여객,출발,,A321neo,182,"A,B,C,D"
출발,인천,대한항공,KE763,니가타,20250923,09:40,09:40,09:59,여객,출발,,B737-900,188,"A,B,C,D"
출발,인천,대한항공,KE421,괌,20250923,09:45,09:45,09:56,여객,출발,,B737-900,188,"A,B,C,D"
출발,인천,진에어,LJ205,도쿄/나리타,20250923,09:45,09:45,10:07,여객,출발,,B737-800,189,"H,F,G,L"
출발,인천,대한항공,KE913,마드리드,20250923,09:55,09:55,10:29,여객,출발,,B787-9,269,"A,B,C,D"
출발,인천,진에어,LJ341,오키나와,20250923,09:55,09:55,10:23,여객,출발,,B737-800,189,"H,F,G,L"
출발,인천,대한항공,KE081,뉴욕,20250923,10:00,10:00,10:26,여객,출발,,A380-800,407,"A,B,C,D"
출발,인천,대한항공,KE765,삿포로,20250923,10:05,11:00,11:15,여객,지연,항공기 연결에 의한 지연,B737-900,188,"A,B,C,D"
출발,인천,대한항공,KE703,도쿄/나리타,20250923,10:10,10:10,10:35,여객,출발,,A321neo,182,"A,B,C,D"
출발,인천,델타항공,DL158,디트로이트,20250923,10:15,10:15,10:32,여객,출발,,A350-900,306,"K,F,G,L"
출발,인천,대한항공,KE125,샤먼 가오치,20250923,10:20,10:20,10:44,여객,출발,,B737-900,188,"A,B,C,D"
출발,인천,대한항공,KE169,마카오,20250923,10:20,10:44,11:06,여객,지연,항공교통흐름에 의한 지연,A321neo,182,"A,B,C,D"
출발,인천,대한항공,KE093,워싱톤,20250923,10:25,10:25,10:45,여객,출발,,B777-300ER,277,"A,B,C,D"
출발,인천,대한항공,KE185,타오위안,20250923,10:30,10:30,11:02,여객,출발,,A321neo,182,"A,B,C,D"
출발,인천,대한항공,KE741,나고야,20250923,10:35,10:35,10:53,여객,출발,,A321neo,182,"A,B,C,D"
출발,인천,대한항공,KE037,시카고,20250923,10:40,10:40,11:06,여객,출발,,B777-300ER,277,"A,B,C,D"
출발,인천,대한항공,KE457,다낭,20250923,10:55,11:19,11:40,여객,지연,항공교통흐름에 의한 지연,B737-900,188,"A,B,C,D"
출발,인천,대한항공,KE907,런던히드로,20250923,10:55,10:55,11:25,여객,출발,,A380-800,407,"A,B,C,D"
출발,인천,대한항공,KE791,후쿠오카,20250923,11:05,11:05,11:21,여객,출발,,B737-900,188,"A,B,C,D"
출발,인천,대한항공,KE917,취리히,20250923,11:05,11:05,11:32,여객,출발,,B787-9,269,"A,B,C,D"
출발,인천,대한항공,KE945,프랑크푸르트,20250923,11:05,11:05,11:35,여객,출발,,A380-800,407,"A,B,C,D"
출발,인천,대한항공,KE897,푸동,20250923,11:10,11:10,11:44,여객,출발,,B777-300ER,277,"A,B,C,D"
출발,인천,대한항공,KE901,파리,20250923,11:10,11:10,11:38,여객,출발,,B777-300ER,277,"A,B,C,D"
출발,인천,가루다인도네시아,GA871,덴파사(응우라 라이),20250923,11:25,11:25,11:47,여객,출발,,A330-300,251,"J,F,G,L"
출발,인천,에어부산,BX158,후쿠오카,20250923,11:25,11:25,11:49,여객,출발,,A321,195,"E,F,G,L"
출발,인천,아에로멕시코,AM091,멕시코시티,20250923,11:40,11:40,11:58,여객,출발,,B787-9,274,"H,F,G,L"
출발,인천,대한항공,KE925,암스테르담,20250923,11:55,11:55,12:14,여객,출발,,B777-300ER,277,"A,B,C,D"
출발,인천,중화항공,CI165,가오슝,20250923,12:05,12:05,12:11,여객,출발,,A321neo,180,"J,F,G,L"
출발,인천,진에어,LJ263,후쿠오카,20250923,12:10,12:10,12:16,여객,출발,,B737-800,189,"H,F,G,L"
출발,인천,에어서울,RS811,장가계,20250923,12:20,12:20,12:32,여객,출발,,A321,195,"E,F,G,L"
출발,인천,대한항공,KE769,삿포로,20250923,12:35,12:35,12:50,여객,출발,,B737-900,188,"A,B,C,D"
출발,인천,대한항공,KE803,천진,20250923,12:35,12:35,13:06,여객,출발,,B737-900,188,"A,B,C,D"
출발,인천,대한항공,KE963,부다페스트,20250923,12:35,12:35,13:15,여객,지연,항공교통흐름에 의한 지연,B787-9,269,"A,B,C,D"
출발,인천,에어부산,BX174,간사이,20250923,12:40,12:40,12:55,여객,출발,,A321,195,"E,F,G,L"
출발,인천,대한항공,KE497,델리,20250923,12:55,12:55,13:33,여객,출발,,B787-9,269,"A,B,C,D"
출발,인천,대한항공,KE711,도쿄/나리타,20250923,13:00,13:00,13:35,여객,출발,,A321neo,182,"A,B,C,D"
출발,인천,대한항공,KE869,대련,20250923,13:00,13:18,13:38,여객,지연,운항 기준 및 승무원 관련 지연,B737-900,188,"A,B,C,D"
출발,인천,대한항공,KE843,청도,20250923,13:05,13:24,13:46,여객,지연,항공교통흐름에 의한 지연,B737-900,188,"A,B,C,D"
출발,인천,에어서울,RS713,간사이,20250923,13:15,13:15,13:42,여객,출발,,A321,195,"E,F,G,L"
출발,인천,대한항공,KE951,두바이,20250923,13:25,13:40,13:55,여객,출발,,B777-300ER,277,"A,B,C,D"
출발,인천,샤먼항공,MF872,샤먼 가오치,20250923,13:30,13:30,13:47,여객,출발,,B737-800,168,"J,F,G,L"
출발,인천,대한항공,KE789,후쿠오카,20250923,13:45,13:45,14:07,여객,출발,,B737-900,188,"A,B,C,D"
출발,인천,진에어,LJ861,청도,20250923,13:50,13:50,14:17,여객,출발,,B737-800,189,"H,F,G,L"
출발,인천,에어서울,RS723,후쿠오카,20250923,14:25,14:40,15:10,여객,지연,공항 및 출입국 절차에 의한 지연,A321,195,"E,F,G,L"
출발,인천,대한항공,KE017,로스앤젤레스,20250923,14:30,14:30,14:49,여객,출발,,B747-8i,368,"A,B,C,D"
출발,인천,진에어,LJ359,다카마쓰,20250923,14:30,14:30,14:58,여객,출발,,B737-800,189,"H,F,G,L"
출발,인천,대한항공,KE833,심양,20250923,14:35,14:35,14:56,여객,출발,,B737-900,188,"A,B,C,D"
출발,인천,대한항공,KE643,싱가포르,20250923,14:45,14:45,15:14,여객,출발,,A330-300,272,"A,B,C,D"
출발,인천,진에어,LJ209,도쿄/나리타,20250923,14:45,14:45,15:05,여객,출발,,B737-800,189,"H,F,G,L"
출발,인천,대한항공,KE725,간사이,20250923,14:55,14:55,15:20,여객,출발,,A321neo,182,"A,B,C,D"
출발,인천,대한항공,KE627,자카르타(수카르노 하타),20250923,15:10,15:10,15:36,여객,출발,,A330-300,272,"A,B,C,D"
출발,인천,대한항공,KE189,타이중,20250923,15:15,15:15,15:43,여객,출발,,A321neo,182,"A,B,C,D"
출발,인천,에어서울,RS715,간사이,20250923,15:20,17:15,17:51,여객,지연,항공기 연결에 의한 지연,A321,195,"E,F,G,L"
출발,인천,에어부산,BX176,간사이,20250923,15:25,15:25,15:53,여객,출발,,A321,195,"E,F,G,L"
출발,인천,대한항공,KE671,쿠알라룸푸르,20250923,15:40,16:00,16:27,여객,지연,항공기 연결에 의한 지연,A330-300,272,"A,B,C,D"
출발,인천,대한항공,KE733,고베,20250923,15:50,15:50,16:05,여객,출발,,A321neo,182,"A,B,C,D"
출발,인천,에어부산,BX166,도쿄/나리타,20250923,15:50,15:50,16:09,여객,출발,,A321,195,"E,F,G,L"
출발,인천,대한항공,KE023,샌프란시스코,20250923,16:00,16:00,16:29,여객,출발,,B777-300ER,277,"A,B,C,D"
출발,인천,진에어,LJ265,후쿠오카,20250923,16:00,16:00,16:19,여객,출발,,B737-800,189,"H,F,G,L"
출발,인천,진에어,LJ239,간사이,20250923,16:05,16:05,16:33,여객,출발,,B737-800,189,"H,F,G,L"
출발,인천,진에어,LJ347,나고야,20250923,16:05,16:05,16:22,여객,출발,,B737-800,189,"H,F,G,L"
출발,인천,대한항공,KE187,타오위안,20250923,16:10,16:10,16:23,여객,출발,,A321neo,182,"A,B,C,D"
출발,인천,대한항공,KE633,덴파사(응우라 라이),20250923,16:10,16:10,16:31,여객,출발,,A330-300,272,"A,B,C,D"
출발,인천,델타항공,DL188,애틀랜타,20250923,16:25,16:45,17:11,여객,지연,항공기 연결에 의한 지연,A350-900,306,"K,F,G,L"
출발,인천,대한항공,KE041,시애틀,20250923,16:40,16:40,16:52,여객,출발,,A330-300,272,"A,B,C,D"
출발,인천,에어서울,RS703,도쿄/나리타,20250923,16:45,16:45,17:03,여객,출발,,A321,195,"E,F,G,L"
출발,인천,진에어,LJ271,후쿠오카,20250923,17:00,17:00,17:13,여객,출발,,B737-800,189,"H,F,G,L"
출발,인천,대한항공,KE713,도쿄/나리타,20250923,17:05,17:05,17:16,여객,출발,,A321neo,182,"A,B,C,D"
출발,인천,대한항공,KE1405,김해,20250923,17:10,17:10,17:22,여객,출발,,B737-900,188,
출발,인천,대한항공,KE485,푸꾸옥,20250923,17:10,17:10,17:35,여객,출발,,B737-900,188,"A,B,C,D"
출발,인천,진에어,LJ009,치앙마이,20250923,17:10,17:10,17:37,여객,출발,,B737-800,189,"H,F,G,L"
출발,인천,대한항공,KE8425,괌,20250923,17:15,17:15,17:20,여객,출발,,B737-900,188,"A,B,C,D"
출발,인천,에어부산,BX747,수안나폼(방콕),20250923,17:15,17:15,17:49,여객,출발,,A321,195,"E,F,G,L"
출발,인천,진에어,LJ919,괌,20250923,17:35,17:35,17:42,여객,출발,,B737-800,189,"H,F,G,L"
출발,인천,대한항공,KE629,덴파사(응우라 라이),20250923,17:45,18:05,18:33,여객,지연,항공기 연결에 의한 지연,A330-300,272,"A,B,C,D"
출발,인천,대한항공,KE663,푸껫,20250923,17:50,18:15,19:26,여객,지연,기타 원인에 의한 지연,B737-900,188,"A,B,C,D"
출발,인천,대한항공,KE651,수안나폼(방콕),20250923,18:05,18:05,18:36,여객,출발,,A330-300,272,"A,B,C,D"
출발,인천,대한항공,KE461,다낭,20250923,18:20,19:31,19:50,여객,지연,항공기 연결에 의한 지연,B737-900,188,"A,B,C,D"
출발,인천,대한항공,KE1407,김해,20250923,18:25,18:45,19:02,여객,지연,항공기 연결에 의한 지연,B737-900,188,
출발,인천,대한항공,KE667,치앙마이,20250923,18:25,18:50,19:08,여객,지연,항공기 연결에 의한 지연,B737-900,188,"A,B,C,D"
출발,인천,대한항공,KE705,도쿄/나리타,20250923,18:35,18:35,19:04,여객,출발,,A321neo,182,"A,B,C,D"
출발,인천,대한항공,KE423,괌,20250923,18:40,18:40,19:05,여객,출발,,B737-900,188,"A,B,C,D"
출발,인천,대한항공,KE645,싱가포르,20250923,18:40,18:55,19:37,여객,지연,항공기 연결에 의한 지연,A330-300,272,"A,B,C,D"
출발,인천,대한항공,KE781,후쿠오카,20250923,18:40,18:40,19:11,여객,출발,,B737-900,188,"A,B,C,D"
출발,인천,델타항공,DL170,미니애폴리스,20250923,18:40,18:40,19:14,여객,출발,,A350-900,306,"K,F,G,L"
출발,인천,대한항공,KE071,밴쿠버,20250923,18:45,18:45,19:17,여객,출발,,B787-9,269,"A,B,C,D"
출발,인천,대한항공,KE453,노이바이(하노이),20250923,18:45,19:35,20:18,여객,지연,항공기 연결에 의한 지연,B737-900,188,"A,B,C,D"
출발,인천,대한항공,KE475,떤 선녓(호찌민),20250923,18:45,20:09,20:08,여객,지연,항공교통흐름에 의한 지연,B737-900,188,"A,B,C,D"
출발,인천,대한항공,KE623,마닐라,20250923,18:50,18:50,19:31,여객,지연,항공기 연결에 의한 지연,B737-900,188,"A,B,C,D"
출발,인천,대한항공,KE689,프놈펜,20250923,18:50,19:30,20:21,여객,지연,항공기 연결에 의한 지연,B737-900,188,"A,B,C,D"
출발,인천,대한항공,KE743,나고야,20250923,18:50,19:45,19:46,여객,지연,항공기 연결에 의한 지연,A321neo,182,"A,B,C,D"
출발,인천,델타항공,DL26,애틀랜타,20250923,18:50,19:06,19:25,여객,지연,항공기 연결에 의한 지연,A350-900,306,"K,F,G,L"
출발,인천,대한항공,KE895,푸동,20250923,18:55,19:50,20:15,여객,지연,항공기 연결에 의한 지연,A330-300,272,"A,B,C,D"
출발,인천,대한항공,KE721,간사이,20250923,19:00,19:15,20:13,여객,지연,항공기 연결에 의한 지연,A321neo,182,"A,B,C,D"
출발,인천,대한항공,KE401,시드니,20250923,19:10,19:10,19:39,여객,출발,,A380-800,407,"A,B,C,D"
출발,인천,델타항공,DL196,시애틀,20250923,19:20,20:02,20:26,여객,지연,여객 및 화물처리에 의한 지연,A330-900neo,281,"K,F,G,L"
출발,인천,대한항공,KE163,장가계,20250923,19:25,19:25,19:34,여객,출발,,B737-900,188,"A,B,C,D"
출발,인천,에어서울,RS581,팡라로,20250923,19:25,19:25,19:48,여객,출발,,A321,195,"E,F,G,L"
출발,인천,대한항공,KE085,뉴욕,20250923,19:30,20:00,20:50,여객,지연,기타 원인에 의한 지연,B747-8i,368,"A,B,C,D"
출발,인천,대한항공,KE1431,대구,20250923,19:30,19:30,20:04,여객,출발,,B737-900,188,
출발,인천,대한항공,KE1409,김해,20250923,19:35,20:04,20:28,여객,지연,항공교통흐름에 의한 지연,B737-900,188,
출발,인천,델타항공,DL172,솔트레이크시티,20250923,19:40,22:00,22:52,여객,지연,항공기 연결에 의한 지연,A350-900,306,"K,F,G,L"
출발,인천,대한항공,KE477,떤 선녓(호찌민),20250923,19:45,20:12,20:38,여객,지연,항공교통흐름에 의한 지연,B737-900,188,"A,B,C,D"
출발,인천,대한항공,KE659,수안나폼(방콕),20250923,19:45,19:45,20:16,여객,출발,,B737-900,188,"A,B,C,D"
출발,인천,에어서울,RS527,깜라인(나트랑),20250923,19:50,19:50,20:30,여객,지연,공항 및 출입국 절차에 의한 지연,A321,195,"E,F,G,L"
출발,인천,대한항공,KE467,깜라인(나트랑),20250923,20:00,20:00,20:47,여객,지연,항공교통흐름에 의한 지연,B737-900,188,"A,B,C,D"
출발,인천,대한항공,KE853,베이징,20250923,20:00,20:00,20:46,여객,지연,여객 및 화물처리에 의한 지연,A330-300,272,"A,B,C,D"
출발,인천,대한항공,KE615,세부,20250923,20:05,20:22,20:42,여객,지연,SP,B737-900,188,"A,B,C,D"
출발,인천,대한항공,KE625,마닐라,20250923,20:15,20:15,20:51,여객,출발,,B737-900,188,"A,B,C,D"
출발,인천,대한항공,KE011,로스앤젤레스,20250923,20:25,20:25,20:53,여객,출발,,A380-800,407,"A,B,C,D"
출발,인천,진에어,LJ081,다낭,20250923,20:25,20:57,21:19,여객,지연,항공교통흐름에 의한 지연,B737-800,189,"H,F,G,L"
출발,인천,대한항공,KE719,하네다,20250923,20:30,20:30,20:56,여객,출발,,A321neo,182,"A,B,C,D"
출발,인천,샤먼항공,MF878,푸저우(복주),20250923,20:35,20:35,20:44,여객,출발,,B737-800,168,"J,F,G,L"
출발,인천,진에어,LJ087,깜라인(나트랑),20250923,20:40,21:15,21:39,여객,지연,항공교통흐름에 의한 지연,B737-800,189,"H,F,G,L"
출발,인천,진에어,LJ917,괌,20250923,20:50,20:50,21:04,여객,출발,,B737-800,189,"H,F,G,L"
출발,인천,에어서울,RS511,다낭,20250923,20:55,20:55,21:58,여객,지연,항공교통흐름에 의한 지연,A321,195,"E,F,G,L"
출발,인천,대한항공,KE005,라스베이거스,20250923,21:00,21:00,21:40,여객,지연,항공교통흐름에 의한 지연,B777-300ER,277,"A,B,C,D"
출발,인천,대한항공,KE053,호놀룰루,20250923,21:05,21:05,21:32,여객,출발,,A330-300,272,"A,B,C,D"
출발,인천,대한항공,KE655,수안나폼(방콕),20250923,21:15,21:15,22:16,여객,지연,항공교통흐름에 의한 지연,A330-300,272,"A,B,C,D"
출발,인천,중화항공,CI163,타오위안,20250923,22:20,22:20,22:40,여객,출발,,A330-300,277,"J,F,G,L"
출발,인천,네덜란드항공,KL856,암스테르담,20250923,22:25,22:25,22:46,여객,출발,,B787-9,294,"M,F,G,L"
출발,인천,대한항공,KE619,마닐라,20250923,22:35,22:35,23:06,여객,출발,,A330-300,272,"A,B,C,D"
출발,인천,대한항공,KE1401,김해,20250924,06:35,06:35,06:49,여객,출발,,B737-900,188,
출발,인천,에어부산,BX164,도쿄/나리타,20250924,07:15,07:15,07:33,여객,출발,,A321,195,"E,F,G,L"
출발,인천,에어서울,RS711,간사이,20250924,07:15,07:15,07:42,여객,출발,,A321,195,"E,F,G,L"
출발,인천,진에어,LJ261,후쿠오카,20250924,07:15,07:15,07:28,여객,출발,,B737-800,189,"H,F,G,L"
출발,인천,에어부산,BX156,후쿠오카,20250924,07:20,07:20,07:40,여객,출발,,A321,195,"E,F,G,L"
출발,인천,대한항공,KE787,후쿠오카,20250924,07:25,07:25,07:36,여객,출발,,B737-900,188,"A,B,C,D"
출발,인천,진에어,LJ201,도쿄/나리타,20250924,07:25,07:25,07:53,여객,출발,,B737-800,189,"H,F,G,L"
출발,인천,대한항공,KE771,오카야마,20250924,07:30,07:30,07:56,여객,출발,,B737-900,188,"A,B,C,D"
출발,인천,진에어,LJ345,나고야,20250924,07:30,07:30,08:03,여객,출발,,B737-800,189,"H,F,G,L"
출발,인천,진에어,LJ231,간사이,20250924,07:40,07:40,08:10,여객,출발,,B737-800,189,"H,F,G,L"
출발,인천,대한항공,KE621,마닐라,20250924,07:50,07:50,08:09,여객,출발,,B737-900,188,"A,B,C,D"
출발,인천,대한항공,KE845,청도,20250924,07:50,07:50,08:15,여객,출발,,B737-900,188,"A,B,C,D"
출발,인천,진에어,LJ731,타오위안,20250924,07:50,07:50,08:13,여객,출발,,B737-800,189,"H,F,G,L"
출발,인천,대한항공,KE131,정저우,20250924,08:00,08:00,08:18,여객,출발,,B737-900,188,"A,B,C,D"
출발,인천,대한항공,KE441,노이바이(하노이),20250924,08:00,08:00,08:42,여객,지연,항공교통흐름에 의한 지연,A330-300,272,"A,B,C,D"
출발,인천,에어서울,RS727,후쿠오카,20250924,08:05,09:10,09:38,여객,지연,항공기 연결에 의한 지연,A321,195,"E,F,G,L"
출발,인천,대한항공,KE197,칭기즈칸(신 울란바토르) 국제공항,20250924,08:10,08:10,08:30,여객,출발,,B737-900,188,"A,B,C,D"
출발,인천,에어서울,RS705,도쿄/나리타,20250924,08:10,08:10,08:38,여객,출발,,A321,195,"E,F,G,L"
출발,인천,진에어,LJ241,간사이,20250924,08:10,08:10,08:24,여객,출발,,B737-800,189,"H,F,G,L"
출발,인천,진에어,LJ357,시모지시마,20250924,08:10,08:10,08:36,여객,출발,,B737-800,189,"H,F,G,L"
출발,인천,대한항공,KE859,베이징,20250924,08:15,08:15,08:33,여객,출발,,B777-300ER,277,"A,B,C,D"
출발,인천,대한항공,KE1403,김해,20250924,08:20,08:20,08:41,여객,출발,,B737-900,188,
출발,인천,진에어,LJ301,삿포로,20250924,08:20,08:20,08:36,여객,출발,,B737-800,189,"H,F,G,L"
출발,인천,대한항공,KE731,고베,20250924,08:25,08:25,08:47,여객,출발,,A321neo,182,"A,B,C,D"
출발,인천,대한항공,KE893,푸동,20250924,08:25,08:25,08:50,여객,출발,,A330-300,272,"A,B,C,D"
출발,인천,에어 프랑스,AF267,파리,20250924,08:30,08:45,09:05,여객,출발,,B777-300ER,296,"M,F,G,L"
출발,인천,대한항공,KE775,고마쓰,20250924,08:35,08:35,08:51,여객,출발,,B737-900,188,"A,B,C,D"
출발,인천,대한항공,KE831,심양,20250924,08:45,08:05,08:23,여객,출발,,B737-900,188,"A,B,C,D"
출발,인천,에어서울,RS741,다카마쓰,20250924,08:45,08:45,09:00,여객,출발,,A321,195,"E,F,G,L"
출발,인천,대한항공,KE819,창사(장사),20250924,09:00,09:00,09:17,여객,출발,,B737-900,188,"A,B,C,D"
출발,인천,대한항공,KE469,떤 선녓(호찌민),20250924,09:05,09:05,09:35,여객,출발,,A330-300,272,"A,B,C,D"
출발,인천,대한항공,KE805,천진,20250924,09:10,09:10,09:30,여객,출발,,B737-900,188,"A,B,C,D"
출발,인천,대한항공,KE811,시안,20250924,09:10,09:10,09:26,여객,출발,,B737-900,188,"A,B,C,D"
출발,인천,에어부산,BX172,간사이,20250924,09:15,09:15,09:28,여객,출발,,A321,195,"E,F,G,L"
출발,인천,대한항공,KE035,애틀랜타,20250924,09:20,09:20,09:53,여객,출발,,B777-300ER,277,"A,B,C,D"
출발,인천,대한항공,KE785,가고시마,20250924,09:20,09:20,09:36,여객,출발,,B737-900,188,"A,B,C,D"
출발,인천,진에어,LJ913,괌,20250924,09:20,09:20,09:34,여객,출발,,B737-800,189,"H,F,G,L"
출발,인천,에어서울,RS701,도쿄/나리타,20250924,09:25,10:10,10:48,여객,지연,항공기 연결에 의한 지연,A321,195,"E,F,G,L"
출발,인천,대한항공,KE031,댈러스,20250924,09:30,09:30,10:07,여객,지연,항공기 연결에 의한 지연,B787-9,269,"A,B,C,D"
출발,인천,대한항공,KE091,보스턴,20250924,09:30,10:15,10:33,여객,지연,항공기 연결에 의한 지연,B787-9,269,"A,B,C,D"
출발,인천,대한항공,KE657,수안나폼(방콕),20250924,09:30,09:30,09:58,여객,출발,,A330-300,272,"A,B,C,D"
출발,인천,대한항공,KE755,오키나와,20250924,09:30,09:30,09:50,여객,출발,,B737-900,188,"A,B,C,D"
출발,인천,대한항공,KE073,토론토,20250924,09:35,09:35,10:11,여객,지연,여객 및 화물처리에 의한 지연,B777-300ER,277,"A,B,C,D"
출발,인천,대한항공,KE723,간사이,20250924,09:35,09:35,09:50,여객,출발,,A321neo,182,"A,B,C,D"
출발,인천,대한항공,KE421,괌,20250924,09:45,09:45,10:09,여객,출발,,B737-900,188,"A,B,C,D"
출발,인천,진에어,LJ205,도쿄/나리타,20250924,09:45,09:45,10:03,여객,출발,,B737-800,189,"H,F,G,L"
출발,인천,진에어,LJ341,오키나와,20250924,09:55,09:55,10:14,여객,출발,,B737-800,189,"H,F,G,L"
출발,인천,대한항공,KE081,뉴욕,20250924,10:00,10:00,10:42,여객,출발,,A380-800,407,"A,B,C,D"
출발,인천,대한항공,KE765,삿포로,20250924,10:05,10:05,10:24,여객,출발,,B737-900,188,"A,B,C,D"
출발,인천,대한항공,KE703,도쿄/나리타,20250924,10:10,10:10,10:30,여객,출발,,A321neo,182,"A,B,C,D"
출발,인천,델타항공,DL158,디트로이트,20250924,10:15,10:15,10:19,여객,출발,,A350-900,306,"K,F,G,L"
출발,인천,대한항공,KE125,샤먼 가오치,20250924,10:20,10:20,10:40,여객,출발,,B737-900,188,"A,B,C,D"
출발,인천,대한항공,KE093,워싱톤,20250924,10:25,10:25,11:02,여객,출발,,B777-300ER,277,"A,B,C,D"
출발,인천,대한항공,KE101,남경,20250924,10:25,10:25,10:42,여객,출발,,A321neo,182,"A,B,C,D"
출발,인천,대한항공,KE937,비엔나,20250924,10:25,10:25,10:45,여객,출발,,B787-9,269,"A,B,C,D"
출발,인천,대한항공,KE185,타오위안,20250924,10:30,10:30,10:47,여객,출발,,A321neo,182,"A,B,C,D"
출발,인천,대한항공,KE741,나고야,20250924,10:35,10:35,10:56,여객,출발,,A321neo,182,"A,B,C,D"
출발,인천,대한항공,KE037,시카고,20250924,10:40,10:40,11:08,여객,출발,,B777-300ER,277,"A,B,C,D"
출발,인천,대한항공,KE855,베이징,20250924,10:40,10:40,11:08,여객,출발,,A330-300,272,"A,B,C,D"
출발,인천,대한항공,KE969,프라하,20250924,10:45,10:45,11:16,여객,출발,,B787-9,269,"A,B,C,D"
출발,인천,대한항공,KE457,다낭,20250924,10:55,10:55,11:44,여객,지연,항공교통흐름에 의한 지연,B737-900,188,"A,B,C,D"
출발,인천,대한항공,KE907,런던히드로,20250924,10:55,10:55,11:46,여객,지연,공항 및 출입국 절차에 의한 지연,A380-800,407,"A,B,C,D"
출발,인천,대한항공,KE791,후쿠오카,20250924,11:05,11:05,11:30,여객,출발,,B737-900,188,"A,B,C,D"
출발,인천,대한항공,KE945,프랑크푸르트,20250924,11:05,11:05,11:52,여객,지연,지상조업 관련 지연,A380-800,407,"A,B,C,D"
출발,인천,대한항공,KE901,파리,20250924,11:10,11:10,12:12,여객,지연,항공교통흐름에 의한 지연,B777-300ER,277,"A,B,C,D"
출발,인천,가루다인도네시아,GA871,덴파사(응우라 라이),20250924,11:25,11:25,11:42,여객,출발,,A330-300,251,"J,F,G,L"
출발,인천,에어부산,BX158,후쿠오카,20250924,11:25,11:25,11:46,여객,출발,,A321,195,"E,F,G,L"
출발,인천,아에로멕시코,AM091,멕시코시티,20250924,11:40,11:40,12:02,여객,출발,,B787-9,274,"H,F,G,L"
출발,인천,대한항공,KE107,항저우,20250924,12:00,12:00,12:20,여객,출발,,A321neo,182,"A,B,C,D"
출발,인천,중화항공,CI165,가오슝,20250924,12:05,12:05,12:22,여객,출발,,A321neo,180,"J,F,G,L"
출발,인천,진에어,LJ263,후쿠오카,20250924,12:10,12:10,12:24,여객,출발,,B737-800,189,"H,F,G,L"
출발,인천,대한항공,KE769,삿포로,20250924,12:35,12:55,13:47,여객,지연,기상에 의한 지연,B737-900,188,"A,B,C,D"
출발,인천,대한항공,KE803,천진,20250924,12:35,12:35,13:15,여객,지연,항공교통흐름에 의한 지연,B737-900,188,"A,B,C,D"
출발,인천,중화항공,CI161,타오위안,20250924,12:35,13:03,13:27,여객,지연,항공교통흐름에 의한 지연,A330-300,277,"J,F,G,L"
출발,인천,에어부산,BX174,간사이,20250924,12:40,12:40,13:37,여객,지연,공항 및 출입국 절차에 의한 지연,A321,195,"E,F,G,L"
출발,인천,대한항공,KE711,도쿄/나리타,20250924,13:00,13:00,13:40,여객,출발,,A321neo,182,"A,B,C,D"
출발,인천,대한항공,KE869,대련,20250924,13:00,13:25,14:13,여객,지연,항공교통흐름에 의한 지연,B737-900,188,"A,B,C,D"
출발,인천,대한항공,KE921,리스본,20250924,13:00,13:00,13:39,여객,지연,운항 기준 및 승무원 관련 지연,B787-9,269,"A,B,C,D"
출발,인천,대한항공,KE843,청도,20250924,13:05,13:05,13:50,여객,지연,항공교통흐름에 의한 지연,B737-900,188,"A,B,C,D"
출발,인천,에어서울,RS713,간사이,20250924,13:15,13:55,14:39,여객,지연,항공기 연결에 의한 지연,A321,195,"E,F,G,L"
출발,인천,대한항공,KE931,로마,20250924,13:20,14:08,14:08,여객,지연,항공교통흐름에 의한 지연,B777-300ER,277,"A,B,C,D"
출발,인천,대한항공,KE951,두바이,20250924,13:25,13:25,13:55,여객,출발,,B777-300ER,277,"A,B,C,D"
출발,인천,에어서울,RS745,요나고,20250924,13:25,13:40,14:30,여객,지연,항공기 정비에 의한 지연,A321,195,"E,F,G,L"
출발,인천,샤먼항공,MF872,샤먼 가오치,20250924,13:30,13:30,13:41,여객,출발,,B737-800,168,"J,F,G,L"
출발,인천,대한항공,KE927,밀라노,20250924,13:40,13:40,14:30,여객,지연,항공교통흐름에 의한 지연,B787-9,269,"A,B,C,D"
출발,인천,대한항공,KE955,이스탄불,20250924,13:40,13:40,14:22,여객,지연,여객 및 화물처리에 의한 지연,B777-300ER,277,"A,B,C,D"
출발,인천,대한항공,KE789,후쿠오카,20250924,13:45,13:45,14:18,여객,지연,항공교통흐름에 의한 지연,B737-900,188,"A,B,C,D"
출발,인천,진에어,LJ861,청도,20250924,13:50,14:05,14:26,여객,지연,공항 및 출입국 절차에 의한 지연,B737-800,189,"H,F,G,L"
출발,인천,에어서울,RS723,후쿠오카,20250924,14:25,14:25,14:44,여객,출발,,A321,195,"E,F,G,L"
출발,인천,대한항공,KE017,로스앤젤레스,20250924,14:30,14:30,14:51,여객,출발,,B747-8i,368,"A,B,C,D"
출발,인천,진에어,LJ359,다카마쓰,20250924,14:30,14:30,14:46,여객,출발,,B737-800,189,"H,F,G,L"
출발,인천,대한항공,KE833,심양,20250924,14:35,14:35,14:58,여객,출발,,B737-900,188,"A,B,C,D"
출발,인천,대한항공,KE643,싱가포르,20250924,14:45,14:45,15:08,여객,출발,,A330-300,272,"A,B,C,D"
출발,인천,진에어,LJ209,도쿄/나리타,20250924,14:45,14:45,15:12,여객,출발,,B737-800,189,"H,F,G,L"
출발,인천,대한항공,KE725,간사이,20250924,14:55,14:55,15:20,여객,출발,,A321neo,182,"A,B,C,D"
출발,인천,대한항공,KE627,자카르타(수카르노 하타),20250924,15:10,15:10,15:51,여객,출발,,A330-300,272,"A,B,C,D"
출발,인천,대한항공,KE189,타이중,20250924,15:15,15:15,15:45,여객,출발,,A321neo,182,"A,B,C,D"
출발,인천,에어서울,RS715,간사이,20250924,15:20,15:20,16:05,여객,지연,기타 원인에 의한 지연,A321,195,"E,F,G,L"
출발,인천,에어부산,BX176,간사이,20250924,15:25,15:25,16:02,여객,출발,,A321,195,"E,F,G,L"
출발,인천,대한항공,KE671,쿠알라룸푸르,20250924,15:40,15:40,16:09,여객,출발,,A330-300,272,"A,B,C,D"
출발,인천,대한항공,KE733,고베,20250924,15:50,15:50,16:23,여객,출발,,A321neo,182,"A,B,C,D"
출발,인천,에어부산,BX166,도쿄/나리타,20250924,15:50,15:50,16:15,여객,출발,,A321,195,"E,F,G,L"
출발,인천,대한항공,KE023,샌프란시스코,20250924,16:00,16:00,16:26,여객,출발,,B777-300ER,277,"A,B,C,D"
출발,인천,진에어,LJ265,후쿠오카,20250924,16:00,16:00,16:21,여객,출발,,B737-800,189,"H,F,G,L"
출발,인천,진에어,LJ239,간사이,20250924,16:05,16:05,16:44,여객,출발,,B737-800,189,"H,F,G,L"
출발,인천,진에어,LJ347,나고야,20250924,16:05,16:05,16:38,여객,출발,,B737-800,189,"H,F,G,L"
출발,인천,대한항공,KE187,타오위안,20250924,16:10,16:10,16:40,여객,출발,,A321neo,182,"A,B,C,D"
출발,인천,대한항공,KE633,덴파사(응우라 라이),20250924,16:10,16:10,16:36,여객,출발,,A330-300,272,"A,B,C,D"
출발,인천,델타항공,DL188,애틀랜타,20250924,16:25,16:25,16:48,여객,출발,,A350-900,306,"K,F,G,L"
출발,인천,대한항공,KE041,시애틀,20250924,16:40,16:40,17:06,여객,출발,,A330-300,272,"A,B,C,D"
출발,인천,에어서울,RS703,도쿄/나리타,20250924,16:45,17:20,18:00,여객,지연,항공기 연결에 의한 지연,A321,195,"E,F,G,L"
출발,인천,진에어,LJ271,후쿠오카,20250924,17:00,17:00,17:34,여객,출발,,B737-800,189,"H,F,G,L"
출발,인천,대한항공,KE713,도쿄/나리타,20250924,17:05,17:05,17:26,여객,출발,,A321neo,182,"A,B,C,D"
출발,인천,대한항공,KE1405,김해,20250924,17:10,17:10,17:49,여객,출발,,B737-900,188,
출발,인천,대한항공,KE485,푸꾸옥,20250924,17:10,17:10,17:37,여객,출발,,B737-900,188,"A,B,C,D"
출발,인천,진에어,LJ009,치앙마이,20250924,17:10,17:10,17:47,여객,출발,,B737-800,189,"H,F,G,L"
출발,인천,대한항공,KE8425,괌,20250924,17:15,17:15,17:32,여객,출발,,B737-900,188,"A,B,C,D"
출발,인천,에어부산,BX747,수안나폼(방콕),20250924,17:15,17:15,17:50,여객,출발,,A321,195,"E,F,G,L"
출발,인천,진에어,LJ919,괌,20250924,17:35,17:35,17:57,여객,출발,,B737-800,189,"H,F,G,L"
출발,인천,대한항공,KE629,덴파사(응우라 라이),20250924,17:45,17:45,18:13,여객,출발,,A330-300,272,"A,B,C,D"
출발,인천,대한항공,KE411,오클랜드,20250924,18:00,18:00,18:23,여객,출발,,B787-9,269,"A,B,C,D"
출발,인천,대한항공,KE651,수안나폼(방콕),20250924,18:05,18:05,19:00,여객,지연,운항 기준 및 승무원 관련 지연,A330-300,272,"A,B,C,D"
출발,인천,대한항공,KE461,다낭,20250924,18:20,18:20,18:48,여객,출발,,B737-900,188,"A,B,C,D"
출발,인천,대한항공,KE1407,김해,20250924,18:25,18:25,19:07,여객,출발,,B737-900,188,
출발,인천,대한항공,KE667,치앙마이,20250924,18:25,19:03,19:11,여객,지연,항공교통흐름에 의한 지연,B737-900,188,"A,B,C,D"
출발,인천,대한항공,KE705,도쿄/나리타,20250924,18:35,18:35,19:20,여객,지연,여객 및 화물처리에 의한 지연,A321neo,182,"A,B,C,D"
출발,인천,대한항공,KE871,대련,20250924,18:35,19:09,19:15,여객,지연,항공교통흐름에 의한 지연,B737-900,188,"A,B,C,D"
출발,인천,대한항공,KE161,쿤밍,20250924,18:40,19:00,19:34,여객,지연,항공기 연결에 의한 지연,B737-900,188,"A,B,C,D"
출발,인천,대한항공,KE423,괌,20250924,18:40,18:40,19:17,여객,출발,,B737-900,188,"A,B,C,D"
출발,인천,대한항공,KE645,싱가포르,20250924,18:40,19:32,19:28,여객,지연,항공교통흐름에 의한 지연,A330-300,272,"A,B,C,D"
출발,인천,대한항공,KE781,후쿠오카,20250924,18:40,19:14,19:28,여객,지연,항공교통흐름에 의한 지연,B737-900,188,"A,B,C,D"
출발,인천,델타항공,DL170,미니애폴리스,20250924,18:40,19:45,20:16,여객,지연,항공기 연결에 의한 지연,A350-900,306,"K,F,G,L"
출발,인천,대한항공,KE071,밴쿠버,20250924,18:45,18:45,19:18,여객,출발,,B787-9,269,"A,B,C,D"
출발,인천,대한항공,KE453,노이바이(하노이),20250924,18:45,19:15,19:48,여객,지연,항공기 연결에 의한 지연,B737-900,188,"A,B,C,D"
출발,인천,대한항공,KE475,떤 선녓(호찌민),20250924,18:45,19:15,19:57,여객,지연,항공기 연결에 의한 지연,B737-900,188,"A,B,C,D"
출발,인천,대한항공,KE623,마닐라,20250924,18:50,18:50,19:22,여객,출발,,B737-900,188,"A,B,C,D"
출발,인천,대한항공,KE689,프놈펜,20250924,18:50,19:10,19:50,여객,지연,항공기 연결에 의한 지연,B737-900,188,"A,B,C,D"
출발,인천,대한항공,KE743,나고야,20250924,18:50,19:34,19:35,여객,지연,여객 및 화물처리에 의한 지연,A321neo,182,"A,B,C,D"
출발,인천,델타항공,DL26,애틀랜타,20250924,18:50,18:50,19:23,여객,출발,,A350-900,306,"K,F,G,L"
출발,인천,대한항공,KE895,푸동,20250924,18:55,19:15,19:46,여객,지연,항공기 연결에 의한 지연,A330-300,272,"A,B,C,D"
출발,인천,대한항공,KE721,간사이,20250924,19:00,19:56,20:05,여객,지연,항공기 연결에 의한 지연,A321neo,182,"A,B,C,D"
출발,인천,대한항공,KE401,시드니,20250924,19:10,19:10,19:42,여객,출발,,A380-800,407,"A,B,C,D"
출발,인천,진에어,LJ131,코타키나발루,20250924,19:10,19:10,19:40,여객,출발,,B737-800,189,"H,F,G,L"
출발,인천,델타항공,DL196,시애틀,20250924,19:20,19:20,19:32,여객,출발,,A330-900neo,281,"K,F,G,L"
출발,인천,대한항공,KE163,장가계,20250924,19:25,19:25,20:01,여객,지연,항공교통흐름에 의한 지연,B737-900,188,"A,B,C,D"
출발,인천,에어서울,RS581,팡라로,20250924,19:25,19:45,20:06,여객,지연,공항 및 출입국 절차에 의한 지연,A321,195,"E,F,G,L"
출발,인천,대한항공,KE085,뉴욕,20250924,19:30,20:00,20:26,여객,지연,항공기 연결에 의한 지연,B747-8i,368,"A,B,C,D"
출발,인천,대한항공,KE1431,대구,20250924,19:30,19:50,20:18,여객,지연,항공교통흐름에 의한 지연,B737-900,188,
출발,인천,대한항공,KE1409,김해,20250924,19:35,19:35,20:03,여객,출발,,B737-900,188,
출발,인천,델타항공,DL172,솔트레이크시티,20250924,19:40,19:40,20:08,여객,출발,,A350-900,306,"K,F,G,L"
출발,인천,대한항공,KE477,떤 선녓(호찌민),20250924,19:45,19:45,20:20,여객,출발,,B737-900,188,"A,B,C,D"
출발,인천,대한항공,KE659,수안나폼(방콕),20250924,19:45,19:45,20:11,여객,출발,,B737-900,188,"A,B,C,D"
출발,인천,에어서울,RS527,깜라인(나트랑),20250924,19:50,19:50,20:47,여객,지연,항공교통흐름에 의한 지연,A321,195,"E,F,G,L"
출발,인천,대한항공,KE467,깜라인(나트랑),20250924,20:00,20:00,20:29,여객,출발,,B737-900,188,"A,B,C,D"
출발,인천,대한항공,KE853,베이징,20250924,20:00,20:00,20:29,여객,출발,,A330-300,272,"A,B,C,D"
출발,인천,대한항공,KE407,브리즈번,20250924,20:05,20:05,20:34,여객,출발,,A330-300,272,"A,B,C,D"
출발,인천,대한항공,KE615,세부,20250924,20:05,20:05,20:40,여객,출발,,B737-900,188,"A,B,C,D"
출발,인천,대한항공,KE625,마닐라,20250924,20:15,20:15,20:42,여객,출발,,B737-900,188,"A,B,C,D"
출발,인천,대한항공,KE011,로스앤젤레스,20250924,20:25,20:25,20:59,여객,출발,,A380-800,407,"A,B,C,D"
출발,인천,진에어,LJ081,다낭,20250924,20:25,20:25,20:53,여객,출발,,B737-800,189,"H,F,G,L"
출발,인천,대한항공,KE719,하네다,20250924,20:30,20:30,20:52,여객,출발,,A321neo,182,"A,B,C,D"
출발,인천,샤먼항공,MF878,푸저우(복주),20250924,20:35,20:35,20:49,여객,출발,,B737-800,168,"J,F,G,L"
출발,인천,중화항공,CI163,타오위안,20250924,20:35,20:35,20:56,여객,출발,,A330-300,277,"J,F,G,L"
출발,인천,진에어,LJ087,깜라인(나트랑),20250924,20:40,20:40,21:17,여객,지연,,B737-800,189,"H,F,G,L"
출발,인천,진에어,LJ917,괌,20250924,20:50,20:50,21:28,여객,출발,,B737-800,189,"H,F,G,L"
출발,인천,에어서울,RS511,다낭,20250924,20:55,21:25,22:00,여객,지연,항공기 연결에 의한 지연,A321,195,"E,F,G,L"
출발,인천,대한항공,KE005,라스베이거스,20250924,21:00,21:00,21:19,여객,출발,,B777-300ER,277,"A,B,C,D"
출발,인천,대한항공,KE053,호놀룰루,20250924,21:05,21:05,21:30,여객,출발,,A330-300,272,"A,B,C,D"
출발,인천,대한항공,KE655,수안나폼(방콕),20250924,21:15,21:15,21:35,여객,출발,,A330-300,272,"A,B,C,D"
출발,인천,에어부산,BX787,깜라인(나트랑),20250924,21:30,22:32,22:54,여객,지연,항공교통흐름에 의한 지연,A321,195,"E,F,G,L"
출발,인천,네덜란드항공,KL856,암스테르담,20250924,22:25,22:25,22:42,여객,출발,,B787-9,294,"M,F,G,L"
출발,인천,대한항공,KE619,마닐라,20250924,22:35,22:35,23:04,여객,출발,,A330-300,272,"A,B,C,D"
출발,인천,대한항공,KE075,밴쿠버,20250924,22:40,22:40,23:09,여객,출발,,B787-9,269,"A,B,C,D"
출발,인천,스칸디나비아항공,SK988,코펜하겐,20250924,23:45,23:45,23:55,여객,출발,,A350-900,300,"K,F,G,L"
출발,인천,대한항공,KE647,싱가포르,20250925,00:05,23:50,00:10,여객,출발,,B777-300ER,277,"A,B,C,D"
출발,인천,대한항공,KE1401,김해,20250925,06:35,06:35,07:02,여객,출발,,B737-900,188,
출발,인천,에어부산,BX164,도쿄/나리타,20250925,07:15,07:15,07:37,여객,출발,,A321,195,"E,F,G,L"
출발,인천,에어서울,RS711,간사이,20250925,07:15,07:15,07:44,여객,출발,,A321,195,"E,F,G,L"
출발,인천,진에어,LJ261,후쿠오카,20250925,07:15,07:15,07:28,여객,출발,,B737-800,189,"H,F,G,L"
출발,인천,에어부산,BX156,후쿠오카,20250925,07:20,07:20,07:42,여객,출발,,A321,195,"E,F,G,L"
출발,인천,에어서울,RS727,후쿠오카,20250925,07:20,07:20,07:52,여객,출발,,A321,195,"E,F,G,L"
출발,인천,대한항공,KE787,후쿠오카,20250925,07:25,07:25,07:56,여객,출발,,B737-900,188,"A,B,C,D"
출발,인천,진에어,LJ201,도쿄/나리타,20250925,07:25,07:25,07:50,여객,출발,,B737-800,189,"H,F,G,L"
출발,인천,대한항공,KE795,나가사키,20250925,07:30,07:30,07:48,여객,출발,,B737-900,188,"A,B,C,D"
출발,인천,진에어,LJ345,나고야,20250925,07:30,07:54,08:18,여객,지연,공항 및 출입국 절차에 의한 지연,B737-800,189,"H,F,G,L"
출발,인천,진에어,LJ231,간사이,20250925,07:40,07:40,08:12,여객,출발,,B737-800,189,"H,F,G,L"
출발,인천,대한항공,KE173,홍콩,20250925,07:45,07:45,08:12,여객,출발,,A321neo,182,"A,B,C,D"
출발,인천,대한항공,KE621,마닐라,20250925,07:50,07:50,08:16,여객,출발,,B737-900,188,"A,B,C,D"
출발,인천,대한항공,KE845,청도,20250925,07:50,09:10,09:41,여객,지연,기상에 의한 지연,B737-900,188,"A,B,C,D"
출발,인천,진에어,LJ731,타오위안,20250925,07:50,08:11,08:27,여객,지연,공항 및 출입국 절차에 의한 지연,B737-800,189,"H,F,G,L"
출발,인천,대한항공,KE131,정저우,20250925,08:00,08:00,08:25,여객,출발,,B737-900,188,"A,B,C,D"
출발,인천,대한항공,KE441,노이바이(하노이),20250925,08:00,08:00,08:18,여객,출발,,A330-300,272,"A,B,C,D"
출발,인천,대한항공,KE197,칭기즈칸(신 울란바토르) 국제공항,20250925,08:10,08:10,08:29,여객,출발,,B737-900,188,"A,B,C,D"
출발,인천,대한항공,KE767,아오모리,20250925,08:10,08:10,08:29,여객,출발,,B737-900,188,"A,B,C,D"
출발,인천,진에어,LJ357,시모지시마,20250925,08:10,08:10,08:40,여객,출발,,B737-800,189,"H,F,G,L"
출발,인천,대한항공,KE859,베이징,20250925,08:15,08:15,08:33,여객,출발,,B777-300ER,277,"A,B,C,D"
출발,인천,대한항공,KE127,푸저우(복주),20250925,08:20,08:20,08:36,여객,출발,,B737-900,188,"A,B,C,D"
출발,인천,대한항공,KE1403,김해,20250925,08:20,08:20,08:40,여객,출발,,B737-900,188,
출발,인천,진에어,LJ301,삿포로,20250925,08:20,08:20,08:41,여객,출발,,B737-800,189,"H,F,G,L"
출발,인천,대한항공,KE731,고베,20250925,08:25,08:25,08:52,여객,출발,,A321neo,182,"A,B,C,D"
출발,인천,대한항공,KE893,푸동,20250925,08:25,08:25,08:56,여객,출발,,A330-300,272,"A,B,C,D"
출발,인천,에어 프랑스,AF267,파리,20250925,08:30,08:30,09:04,여객,지연,항공교통흐름에 의한 지연,B777-300ER,296,"M,F,G,L"
출발,인천,대한항공,KE827,선전(심천),20250925,08:40,08:40,09:01,여객,출발,,B737-900,188,"A,B,C,D"
출발,인천,대한항공,KE831,심양,20250925,08:45,08:05,08:22,여객,출발,,B737-900,188,"A,B,C,D"
출발,인천,에어서울,RS741,다카마쓰,20250925,08:45,08:45,08:58,여객,출발,,A321,195,"E,F,G,L"
출발,인천,대한항공,KE137,우한,20250925,08:50,08:50,09:07,여객,출발,,B737-900,188,"A,B,C,D"
출발,인천,대한항공,KE865,광저우,20250925,08:50,09:10,09:34,여객,지연,항공기 연결에 의한 지연,A330-300,272,"A,B,C,D"
출발,인천,대한항공,KE819,창사(장사),20250925,09:00,09:00,09:36,여객,지연,항공기 정비에 의한 지연,B737-900,188,"A,B,C,D"
출발,인천,대한항공,KE469,떤 선녓(호찌민),20250925,09:05,09:05,09:30,여객,출발,,A330-300,272,"A,B,C,D"
출발,인천,진에어,LJ361,이시가키,20250925,09:05,09:25,09:46,여객,지연,공항 및 출입국 절차에 의한 지연,B737-800,189,"H,F,G,L"
출발,인천,대한항공,KE805,천진,20250925,09:10,09:10,09:32,여객,출발,,B737-900,188,"A,B,C,D"
출발,인천,대한항공,KE811,시안,20250925,09:10,09:10,09:48,여객,지연,여객 및 화물처리에 의한 지연,B737-900,188,"A,B,C,D"
출발,인천,에어부산,BX172,간사이,20250925,09:15,09:15,09:43,여객,출발,,A321,195,"E,F,G,L"
출발,인천,대한항공,KE035,애틀랜타,20250925,09:20,09:20,09:53,여객,출발,,B777-300ER,277,"A,B,C,D"
출발,인천,진에어,LJ913,괌,20250925,09:20,09:20,09:51,여객,출발,,B737-800,189,"H,F,G,L"
출발,인천,에어서울,RS701,도쿄/나리타,20250925,09:25,09:45,10:16,여객,지연,여객 및 화물처리에 의한 지연,A321,195,"E,F,G,L"
출발,인천,대한항공,KE031,댈러스,20250925,09:30,09:30,10:27,여객,지연,항공교통흐름에 의한 지연,B787-9,269,"A,B,C,D"
출발,인천,대한항공,KE091,보스턴,20250925,09:30,09:30,10:00,여객,출발,,B787-9,269,"A,B,C,D"
출발,인천,대한항공,KE657,수안나폼(방콕),20250925,09:30,09:30,09:54,여객,출발,,A330-300,272,"A,B,C,D"
출발,인천,대한항공,KE755,오키나와,20250925,09:30,09:30,10:06,여객,출발,,B737-900,188,"A,B,C,D"
출발,인천,대한항공,KE777,구마모토,20250925,09:30,09:30,10:09,여객,지연,여객 및 화물처리에 의한 지연,B737-900,188,"A,B,C,D"
출발,인천,에어서울,RS745,요나고,20250925,09:30,09:30,09:56,여객,출발,,A321,195,"E,F,G,L"
출발,인천,대한항공,KE073,토론토,20250925,09:35,09:35,10:07,여객,출발,,B777-300ER,277,"A,B,C,D"
출발,인천,대한항공,KE723,간사이,20250925,09:35,09:35,10:03,여객,출발,,A321neo,182,"A,B,C,D"
출발,인천,대한항공,KE763,니가타,20250925,09:40,09:40,10:24,여객,지연,여객 및 화물처리에 의한 지연,B737-900,188,"A,B,C,D"
출발,인천,대한항공,KE421,괌,20250925,09:45,09:45,10:13,여객,출발,,B737-900,188,"A,B,C,D"
출발,인천,진에어,LJ205,도쿄/나리타,20250925,09:45,09:45,10:18,여객,출발,,B737-800,189,"H,F,G,L"
출발,인천,대한항공,KE913,마드리드,20250925,09:55,09:55,10:27,여객,출발,,B787-9,269,"A,B,C,D"
출발,인천,진에어,LJ341,오키나와,20250925,09:55,09:55,10:15,여객,출발,,B737-800,189,"H,F,G,L"
출발,인천,대한항공,KE081,뉴욕,20250925,10:00,10:00,10:43,여객,지연,항공기 연결에 의한 지연,A380-800,407,"A,B,C,D"
출발,인천,대한항공,KE765,삿포로,20250925,10:05,10:05,10:32,여객,출발,,B737-900,188,"A,B,C,D"
출발,인천,대한항공,KE703,도쿄/나리타,20250925,10:10,10:10,10:46,여객,출발,,A321neo,182,"A,B,C,D"
출발,인천,델타항공,DL158,디트로이트,20250925,10:15,10:15,10:35,여객,출발,,A350-900,306,"K,F,G,L"
출발,인천,대한항공,KE125,샤먼 가오치,20250925,10:20,10:20,10:56,여객,출발,,B737-900,188,"A,B,C,D"
출발,인천,대한항공,KE169,마카오,20250925,10:20,10:20,10:53,여객,출발,,A321neo,182,"A,B,C,D"
출발,인천,대한항공,KE093,워싱톤,20250925,10:25,10:25,10:56,여객,출발,,B777-300ER,277,"A,B,C,D"
출발,인천,대한항공,KE185,타오위안,20250925,10:30,10:30,11:00,여객,출발,,A321neo,182,"A,B,C,D"
출발,인천,가루다인도네시아,GA879,자카르타(수카르노 하타),20250925,10:35,10:35,11:09,여객,출발,,A330-900neo,301,"J,F,G,L"
출발,인천,대한항공,KE741,나고야,20250925,10:35,10:35,11:02,여객,출발,,A321neo,182,"A,B,C,D"
출발,인천,대한항공,KE037,시카고,20250925,10:40,11:05,11:31,여객,지연,공항 및 출입국 절차에 의한 지연,B777-300ER,277,"A,B,C,D"
출발,인천,대한항공,KE457,다낭,20250925,10:55,10:55,11:17,여객,출발,,B737-900,188,"A,B,C,D"
출발,인천,대한항공,KE907,런던히드로,20250925,10:55,10:55,12:06,여객,지연,항공교통흐름에 의한 지연,A380-800,407,"A,B,C,D"
출발,인천,대한항공,KE791,후쿠오카,20250925,11:05,11:05,11:24,여객,출발,,B737-900,188,"A,B,C,D"
출발,인천,대한항공,KE917,취리히,20250925,11:05,11:05,11:19,여객,출발,,B787-9,269,"A,B,C,D"
출발,인천,대한항공,KE897,푸동,20250925,11:10,11:10,11:37,여객,출발,,B777-300ER,277,"A,B,C,D"
출발,인천,대한항공,KE901,파리,20250925,11:10,11:10,11:53,여객,지연,항공교통흐름에 의한 지연,B777-300ER,277,"A,B,C,D"
출발,인천,가루다인도네시아,GA871,덴파사(응우라 라이),20250925,11:25,11:41,11:57,여객,지연,항공기 연결에 의한 지연,A330-300,251,"J,F,G,L"
출발,인천,에어부산,BX158,후쿠오카,20250925,11:25,11:25,11:45,여객,출발,,A321,195,"E,F,G,L"
출발,인천,아에로멕시코,AM091,멕시코시티,20250925,11:40,11:40,12:03,여객,출발,,B787-9,274,"H,F,G,L"
출발,인천,대한항공,KE925,암스테르담,20250925,11:55,11:55,12:27,여객,출발,,B777-300ER,277,"A,B,C,D"
출발,인천,중화항공,CI165,가오슝,20250925,12:05,12:05,12:16,여객,출발,,A321neo,180,"J,F,G,L"
출발,인천,진에어,LJ263,후쿠오카,20250925,12:10,12:10,12:44,여객,출발,,B737-800,189,"H,F,G,L"
출발,인천,에어서울,RS811,장가계,20250925,12:20,12:20,12:42,여객,출발,,A321,195,"E,F,G,L"
출발,인천,대한항공,KE769,삿포로,20250925,12:35,12:35,12:45,여객,출발,,B737-900,188,"A,B,C,D"
출발,인천,대한항공,KE803,천진,20250925,12:35,12:35,12:59,여객,출발,,B737-900,188,"A,B,C,D"
출발,인천,대한항공,KE963,부다페스트,20250925,12:35,12:35,13:05,여객,출발,,B787-9,269,"A,B,C,D"
출발,인천,중화항공,CI161,타오위안,20250925,12:35,12:55,13:18,여객,지연,항공기 연결에 의한 지연,A330-300,277,"J,F,G,L"
출발,인천,에어부산,BX174,간사이,20250925,12:40,12:40,12:58,여객,출발,,A321,195,"E,F,G,L"
출발,인천,대한항공,KE497,델리,20250925,12:55,12:55,13:29,여객,지연,항공기 연결에 의한 지연,B787-9,269,"A,B,C,D"
출발,인천,대한항공,KE869,대련,20250925,13:00,13:00,13:35,여객,출발,,B737-900,188,"A,B,C,D"
출발,인천,대한항공,KE843,청도,20250925,13:05,13:05,13:28,여객,출발,,B737-900,188,"A,B,C,D"
출발,인천,에어서울,RS713,간사이,20250925,13:15,13:15,13:40,여객,출발,,A321,195,"E,F,G,L"
출발,인천,대한항공,KE135,허페이,20250925,13:25,13:25,13:34,여객,출발,,B737-900,188,"A,B,C,D"
출발,인천,대한항공,KE175,홍콩,20250925,13:25,13:25,14:08,여객,지연,항공기 연결에 의한 지연,A321neo,182,"A,B,C,D"
출발,인천,대한항공,KE951,두바이,20250925,13:25,13:25,13:46,여객,출발,,B777-300ER,277,"A,B,C,D"
출발,인천,샤먼항공,MF872,샤먼 가오치,20250925,13:30,13:30,13:38,여객,출발,,B737-800,168,"J,F,G,L"
출발,인천,대한항공,KE789,후쿠오카,20250925,13:45,15:25,16:00,여객,지연,항공기 연결에 의한 지연,B737-900,188,"A,B,C,D"
출발,인천,에어서울,RS723,후쿠오카,20250925,14:25,14:25,14:38,여객,출발,,A321,195,"E,F,G,L"
출발,인천,대한항공,KE017,로스앤젤레스,20250925,14:30,15:00,15:14,여객,지연,항공기 연결에 의한 지연,B747-8i,368,"A,B,C,D"
출발,인천,진에어,LJ359,다카마쓰,20250925,14:30,14:30,14:53,여객,출발,,B737-800,189,"H,F,G,L"
출발,인천,대한항공,KE833,심양,20250925,14:35,14:35,14:47,여객,출발,,B737-900,188,"A,B,C,D"
출발,인천,대한항공,KE643,싱가포르,20250925,14:45,14:45,15:04,여객,출발,,A330-300,272,"A,B,C,D"
출발,인천,진에어,LJ209,도쿄/나리타,20250925,14:45,14:45,15:10,여객,출발,,B737-800,189,"H,F,G,L"
출발,인천,대한항공,KE725,간사이,20250925,14:55,16:30,17:21,여객,지연,항공기 연결에 의한 지연,A321neo,182,"A,B,C,D"
출발,인천,대한항공,KE627,자카르타(수카르노 하타),20250925,15:10,15:10,15:47,여객,지연,공항 및 출입국 절차에 의한 지연,A330-300,272,"A,B,C,D"
출발,인천,대한항공,KE189,타이중,20250925,15:15,15:15,15:38,여객,출발,,A321neo,182,"A,B,C,D"
출발,인천,에어서울,RS715,간사이,20250925,15:20,15:20,15:48,여객,출발,,A321,195,"E,F,G,L"
출발,인천,에어부산,BX176,간사이,20250925,15:25,15:25,15:58,여객,출발,,A321,195,"E,F,G,L"
출발,인천,대한항공,KE671,쿠알라룸푸르,20250925,15:40,15:40,16:11,여객,출발,,A330-300,272,"A,B,C,D"
출발,인천,대한항공,KE733,고베,20250925,15:50,15:50,16:23,여객,출발,,A321neo,182,"A,B,C,D"
출발,인천,에어부산,BX166,도쿄/나리타,20250925,15:50,15:50,16:20,여객,출발,,A321,195,"E,F,G,L"
출발,인천,대한항공,KE023,샌프란시스코,20250925,16:00,16:30,16:58,여객,지연,항공기 연결에 의한 지연,B777-300ER,277,"A,B,C,D"
출발,인천,진에어,LJ265,후쿠오카,20250925,16:00,16:14,16:39,여객,지연,공항 및 출입국 절차에 의한 지연,B737-800,189,"H,F,G,L"
출발,인천,진에어,LJ239,간사이,20250925,16:05,16:05,16:28,여객,출발,,B737-800,189,"H,F,G,L"
출발,인천,진에어,LJ347,나고야,20250925,16:05,16:35,17:24,여객,지연,항공기 연결에 의한 지연,B737-800,189,"H,F,G,L"
출발,인천,대한항공,KE187,타오위안,20250925,16:10,16:10,16:34,여객,출발,,A321neo,182,"A,B,C,D"
출발,인천,대한항공,KE633,덴파사(응우라 라이),20250925,16:10,16:10,16:44,여객,출발,,A330-300,272,"A,B,C,D"
출발,인천,델타항공,DL188,애틀랜타,20250925,16:25,16:25,16:49,여객,출발,,A350-900,306,"K,F,G,L"
출발,인천,대한항공,KE041,시애틀,20250925,16:40,16:40,17:15,여객,출발,,A330-300,272,"A,B,C,D"
출발,인천,에어서울,RS703,도쿄/나리타,20250925,16:45,17:30,18:00,여객,지연,항공기 연결에 의한 지연,A321,195,"E,F,G,L"
출발,인천,진에어,LJ271,후쿠오카,20250925,17:00,17:00,17:26,여객,출발,,B737-800,189,"H,F,G,L"
출발,인천,대한항공,KE713,도쿄/나리타,20250925,17:05,17:05,17:32,여객,출발,,A321neo,182,"A,B,C,D"
출발,인천,대한항공,KE1405,김해,20250925,17:10,17:10,17:30,여객,출발,,B737-900,188,
출발,인천,진에어,LJ009,치앙마이,20250925,17:10,17:10,17:41,여객,출발,,B737-800,189,"H,F,G,L"
출발,인천,대한항공,KE8425,괌,20250925,17:15,17:15,17:35,여객,출발,,B737-900,188,"A,B,C,D"
출발,인천,에어부산,BX747,수안나폼(방콕),20250925,17:15,17:15,17:47,여객,출발,,A321,195,"E,F,G,L"
출발,인천,진에어,LJ919,괌,20250925,17:35,17:35,17:55,여객,출발,,B737-800,189,"H,F,G,L"
출발,인천,대한항공,KE629,덴파사(응우라 라이),20250925,17:45,17:45,18:15,여객,출발,,A330-300,272,"A,B,C,D"
출발,인천,대한항공,KE663,푸껫,20250925,17:50,18:05,18:30,여객,지연,기타 원인에 의한 지연,B737-900,188,"A,B,C,D"
출발,인천,대한항공,KE651,수안나폼(방콕),20250925,18:05,18:05,18:24,여객,출발,,A330-300,272,"A,B,C,D"
출발,인천,대한항공,KE461,다낭,20250925,18:20,18:35,18:59,여객,지연,항공기 연결에 의한 지연,B737-900,188,"A,B,C,D"
출발,인천,대한항공,KE1407,김해,20250925,18:25,18:45,19:17,여객,지연,항공기 연결에 의한 지연,B737-900,188,
출발,인천,대한항공,KE667,치앙마이,20250925,18:25,18:25,18:56,여객,출발,,B737-900,188,"A,B,C,D"
출발,인천,대한항공,KE705,도쿄/나리타,20250925,18:35,18:35,18:57,여객,출발,,A321neo,182,"A,B,C,D"
출발,인천,대한항공,KE423,괌,20250925,18:40,18:40,19:02,여객,출발,,B737-900,188,"A,B,C,D"
출발,인천,대한항공,KE645,싱가포르,20250925,18:40,19:50,20:13,여객,지연,항공기 연결에 의한 지연,A330-300,272,"A,B,C,D"
출발,인천,대한항공,KE781,후쿠오카,20250925,18:40,18:40,19:13,여객,지연,여객 및 화물처리에 의한 지연,B737-900,188,"A,B,C,D"
출발,인천,델타항공,DL170,미니애폴리스,20250925,18:40,18:40,18:54,여객,출발,,A350-900,306,"K,F,G,L"
출발,인천,대한항공,KE071,밴쿠버,20250925,18:45,18:45,19:09,여객,출발,,B787-9,269,"A,B,C,D"
출발,인천,대한항공,KE453,노이바이(하노이),20250925,18:45,18:45,19:32,여객,지연,항공기 연결에 의한 지연,B737-900,188,"A,B,C,D"
출발,인천,대한항공,KE475,떤 선녓(호찌민),20250925,18:45,18:45,19:05,여객,출발,,B737-900,188,"A,B,C,D"
출발,인천,대한항공,KE623,마닐라,20250925,18:50,18:50,19:23,여객,지연,여객 및 화물처리에 의한 지연,B737-900,188,"A,B,C,D"
출발,인천,대한항공,KE689,프놈펜,20250925,18:50,18:50,19:20,여객,출발,,B737-900,188,"A,B,C,D"
출발,인천,대한항공,KE743,나고야,20250925,18:50,18:50,19:18,여객,출발,,A321neo,182,"A,B,C,D"
출발,인천,델타항공,DL26,애틀랜타,20250925,18:50,18:50,19:14,여객,출발,,A350-900,306,"K,F,G,L"
출발,인천,대한항공,KE895,푸동,20250925,18:55,18:55,19:28,여객,출발,,A330-300,272,"A,B,C,D"
출발,인천,대한항공,KE721,간사이,20250925,19:00,19:00,19:22,여객,출발,,A321neo,182,"A,B,C,D"
출발,인천,대한항공,KE401,시드니,20250925,19:10,19:10,19:44,여객,지연,기타 원인에 의한 지연,A380-800,407,"A,B,C,D"
출발,인천,진에어,LJ131,코타키나발루,20250925,19:10,19:10,19:36,여객,출발,,B737-800,189,"H,F,G,L"
출발,인천,델타항공,DL196,시애틀,20250925,19:20,19:58,20:15,여객,지연,항공기 연결에 의한 지연,A330-900neo,281,"K,F,G,L"
출발,인천,에어서울,RS581,팡라로,20250925,19:25,19:25,19:50,여객,출발,,A321,195,"E,F,G,L"
출발,인천,대한항공,KE085,뉴욕,20250925,19:30,20:00,20:33,여객,지연,기타 원인에 의한 지연,B747-8i,368,"A,B,C,D"
출발,인천,대한항공,KE1431,대구,20250925,19:30,19:30,19:48,여객,출발,,B737-900,188,
출발,인천,대한항공,KE1409,김해,20250925,19:35,19:35,20:01,여객,출발,,B737-900,188,
출발,인천,델타항공,DL172,솔트레이크시티,20250925,19:40,19:40,19:53,여객,출발,,A350-900,306,"K,F,G,L"
출발,인천,대한항공,KE177,홍콩,20250925,19:45,19:45,20:27,여객,출발,,A321neo,182,"A,B,C,D"
출발,인천,대한항공,KE477,떤 선녓(호찌민),20250925,19:45,20:23,20:48,여객,지연,항공기 정비에 의한 지연,B737-900,188,"A,B,C,D"
출발,인천,대한항공,KE659,수안나폼(방콕),20250925,19:45,20:10,20:40,여객,지연,여객 및 화물처리에 의한 지연,B737-900,188,"A,B,C,D"
출발,인천,에어서울,RS527,깜라인(나트랑),20250925,19:50,19:50,20:59,여객,지연,항공교통흐름에 의한 지연,A321,195,"E,F,G,L"
출발,인천,대한항공,KE467,깜라인(나트랑),20250925,20:00,20:00,20:23,여객,출발,,B737-900,188,"A,B,C,D"
출발,인천,대한항공,KE615,세부,20250925,20:05,20:05,20:36,여객,출발,,B737-900,188,"A,B,C,D"
출발,인천,대한항공,KE625,마닐라,20250925,20:15,20:43,21:09,여객,지연,여객 및 화물처리에 의한 지연,B737-900,188,"A,B,C,D"
출발,인천,대한항공,KE011,로스앤젤레스,20250925,20:25,20:25,20:50,여객,출발,,A380-800,407,"A,B,C,D"
출발,인천,진에어,LJ081,다낭,20250925,20:25,20:25,20:54,여객,출발,,B737-800,189,"H,F,G,L"
출발,인천,대한항공,KE719,하네다,20250925,20:30,20:50,21:23,여객,지연,항공기 연결에 의한 지연,A321neo,182,"A,B,C,D"
출발,인천,샤먼항공,MF878,푸저우(복주),20250925,20:35,20:35,21:01,여객,출발,,B737-800,168,"J,F,G,L"
출발,인천,중화항공,CI163,타오위안,20250925,20:35,21:03,21:25,여객,지연,항공기 연결에 의한 지연,A330-300,277,"J,F,G,L"
출발,인천,진에어,LJ087,깜라인(나트랑),20250925,20:40,20:40,21:15,여객,출발,,B737-800,189,"H,F,G,L"
출발,인천,대한항공,KE853,베이징,20250925,20:45,21:15,21:44,여객,지연,항공기 연결에 의한 지연,A330-300,272,"A,B,C,D"
출발,인천,진에어,LJ917,괌,20250925,20:50,21:34,21:40,여객,지연,항공기 연결에 의한 지연,B737-800,189,"H,F,G,L"
출발,인천,에어서울,RS511,다낭,20250925,20:55,21:10,21:41,여객,지연,항공기 연결에 의한 지연,A321,195,"E,F,G,L"
출발,인천,대한항공,KE005,라스베이거스,20250925,21:00,21:20,21:56,여객,지연,항공기 연결에 의한 지연,B777-300ER,277,"A,B,C,D"
출발,인천,대한항공,KE053,호놀룰루,20250925,21:05,21:05,21:35,여객,출발,,A330-300,272,"A,B,C,D"
출발,인천,대한항공,KE655,수안나폼(방콕),20250925,21:15,21:15,21:39,여객,출발,,A330-300,272,"A,B,C,D"
출발,인천,에어부산,BX787,깜라인(나트랑),20250925,21:30,23:10,23:44,여객,지연,항공기 정비에 의한 지연,A321,195,"E,F,G,L"
출발,인천,진에어,LJ885,엔스 쉬자핑,20250925,21:45,21:45,21:49,여객,출발,,B737-800,189,"H,F,G,L"
출발,인천,네덜란드항공,KL856,암스테르담,20250925,22:25,22:25,22:35,여객,출발,,B787-9,294,"M,F,G,L"
출발,인천,대한항공,KE619,마닐라,20250925,22:35,22:35,23:01,여객,출발,,A330-300,272,"A,B,C,D"
출발,인천,대한항공,KE647,싱가포르,20250926,00:05,23:35,00:11,여객,출발,,B777-300ER,277,"A,B,C,D"
출발,인천,대한항공,KE1401,김해,20250926,06:35,06:35,06:41,여객,출발,,B737-900,188,
출발,인천,에어부산,BX164,도쿄/나리타,20250926,07:15,07:15,08:07,여객,지연,여객 및 화물처리에 의한 지연,A321,195,"E,F,G,L"
출발,인천,에어서울,RS711,간사이,20250926,07:15,07:15,07:31,여객,출발,,A321,195,"E,F,G,L"
출발,인천,진에어,LJ261,후쿠오카,20250926,07:15,07:15,07:36,여객,출발,,B737-800,189,"H,F,G,L"
출발,인천,에어부산,BX156,후쿠오카,20250926,07:20,07:20,07:50,여객,출발,,A321,195,"E,F,G,L"
출발,인천,대한항공,KE787,후쿠오카,20250926,07:25,07:25,07:43,여객,출발,,B737-900,188,"A,B,C,D"
출발,인천,진에어,LJ201,도쿄/나리타,20250926,07:25,07:25,08:00,여객,출발,,B737-800,189,"H,F,G,L"
출발,인천,대한항공,KE771,오카야마,20250926,07:30,07:30,07:52,여객,출발,,B737-900,188,"A,B,C,D"
출발,인천,진에어,LJ345,나고야,20250926,07:30,07:30,07:45,여객,출발,,B737-800,189,"H,F,G,L"
출발,인천,진에어,LJ231,간사이,20250926,07:40,07:40,08:03,여객,출발,,B737-800,189,"H,F,G,L"
출발,인천,대한항공,KE173,홍콩,20250926,07:45,07:45,08:08,여객,출발,,A321neo,182,"A,B,C,D"
출발,인천,대한항공,KE621,마닐라,20250926,07:50,07:50,08:18,여객,출발,,B737-900,188,"A,B,C,D"
출발,인천,대한항공,KE845,청도,20250926,07:50,07:50,08:17,여객,출발,,B737-900,188,"A,B,C,D"
출발,인천,진에어,LJ731,타오위안,20250926,07:50,07:50,08:22,여객,출발,,B737-800,189,"H,F,G,L"
출발,인천,대한항공,KE131,정저우,20250926,08:00,08:00,08:21,여객,출발,,B737-900,188,"A,B,C,D"
출발,인천,대한항공,KE441,노이바이(하노이),20250926,08:00,08:00,08:29,여객,출발,,A330-300,272,"A,B,C,D"
출발,인천,대한항공,KE197,칭기즈칸(신 울란바토르) 국제공항,20250926,08:10,08:10,08:40,여객,출발,,B737-900,188,"A,B,C,D"
출발,인천,에어서울,RS705,도쿄/나리타,20250926,08:10,08:10,08:33,여객,출발,,A321,195,"E,F,G,L"
출발,인천,진에어,LJ241,간사이,20250926,08:10,08:10,08:45,여객,출발,,B737-800,189,"H,F,G,L"
출발,인천,대한항공,KE859,베이징,20250926,08:15,08:15,08:27,여객,출발,,B777-300ER,277,"A,B,C,D"
출발,인천,진에어,LJ203,도쿄/나리타,20250926,08:15,08:15,08:39,여객,출발,,B737-800,189,"H,F,G,L"
출발,인천,대한항공,KE1403,김해,20250926,08:20,08:20,08:50,여객,출발,,B737-900,188,
출발,인천,진에어,LJ301,삿포로,20250926,08:20,08:20,08:48,여객,출발,,B737-800,189,"H,F,G,L"
출발,인천,대한항공,KE731,고베,20250926,08:25,08:25,09:05,여객,출발,,A321neo,182,"A,B,C,D"
출발,인천,대한항공,KE893,푸동,20250926,08:25,08:25,08:56,여객,출발,,A330-300,272,"A,B,C,D"
출발,인천,에어서울,RS727,후쿠오카,20250926,08:25,08:25,09:00,여객,출발,,A321,195,"E,F,G,L"
출발,인천,에어 프랑스,AF267,파리,20250926,08:30,08:45,09:28,여객,지연,,B777-300ER,296,"M,F,G,L"
출발,인천,대한항공,KE775,고마쓰,20250926,08:35,08:35,09:02,여객,출발,,B737-900,188,"A,B,C,D"
출발,인천,대한항공,KE831,심양,20250926,08:45,08:05,08:31,여객,출발,,B737-900,188,"A,B,C,D"
출발,인천,에어서울,RS741,다카마쓰,20250926,08:45,09:25,10:09,여객,지연,항공기 연결에 의한 지연,A321,195,"E,F,G,L"
출발,인천,대한항공,KE137,우한,20250926,08:50,08:50,09:06,여객,출발,,B737-900,188,"A,B,C,D"
출발,인천,대한항공,KE865,광저우,20250926,08:50,08:50,09:27,여객,출발,,A330-300,272,"A,B,C,D"
출발,인천,대한항공,KE819,창사(장사),20250926,09:00,09:00,09:22,여객,출발,,B737-900,188,"A,B,C,D"
출발,인천,대한항공,KE469,떤 선녓(호찌민),20250926,09:05,09:42,10:06,여객,지연,항공교통흐름에 의한 지연,A330-300,272,"A,B,C,D"
출발,인천,진에어,LJ361,이시가키,20250926,09:05,09:05,09:32,여객,출발,,B737-800,189,"H,F,G,L"
출발,인천,대한항공,KE805,천진,20250926,09:10,09:38,09:58,여객,지연,항공교통흐름에 의한 지연,B737-900,188,"A,B,C,D"
출발,인천,대한항공,KE811,시안,20250926,09:10,09:10,09:50,여객,지연,여객 및 화물처리에 의한 지연,B737-900,188,"A,B,C,D"
출발,인천,에어부산,BX172,간사이,20250926,09:15,09:15,09:26,여객,출발,,A321,195,"E,F,G,L"
출발,인천,대한항공,KE035,애틀랜타,20250926,09:20,09:20,09:41,여객,출발,,B777-300ER,277,"A,B,C,D"
출발,인천,대한항공,KE785,가고시마,20250926,09:20,09:20,09:47,여객,출발,,B737-900,188,"A,B,C,D"
출발,인천,진에어,LJ913,괌,20250926,09:20,09:20,09:49,여객,출발,,B737-800,189,"H,F,G,L"
출발,인천,에어서울,RS701,도쿄/나리타,20250926,09:25,09:25,09:45,여객,출발,,A321,195,"E,F,G,L"
출발,인천,대한항공,KE031,댈러스,20250926,09:30,09:30,10:06,여객,출발,,B787-9,269,"A,B,C,D"
출발,인천,대한항공,KE091,보스턴,20250926,09:30,09:30,09:53,여객,출발,,B787-9,269,"A,B,C,D"
출발,인천,대한항공,KE657,수안나폼(방콕),20250926,09:30,09:30,09:55,여객,출발,,A330-300,272,"A,B,C,D"
출발,인천,대한항공,KE755,오키나와,20250926,09:30,09:30,10:02,여객,출발,,B737-900,188,"A,B,C,D"
출발,인천,대한항공,KE073,토론토,20250926,09:35,09:35,10:01,여객,출발,,B777-300ER,277,"A,B,C,D"
출발,인천,대한항공,KE723,간사이,20250926,09:35,09:35,09:57,여객,출발,,A321neo,182,"A,B,C,D"
출발,인천,대한항공,KE421,괌,20250926,09:45,09:45,10:11,여객,출발,,B737-900,188,"A,B,C,D"
출발,인천,진에어,LJ205,도쿄/나리타,20250926,09:45,09:45,10:13,여객,출발,,B737-800,189,"H,F,G,L"
출발,인천,대한항공,KE913,마드리드,20250926,09:55,10:15,10:34,여객,지연,여객 및 화물처리에 의한 지연,B787-9,269,"A,B,C,D"
출발,인천,진에어,LJ341,오키나와,20250926,09:55,09:55,10:20,여객,출발,,B737-800,189,"H,F,G,L"
출발,인천,대한항공,KE081,뉴욕,20250926,10:00,10:00,10:34,여객,출발,,A380-800,407,"A,B,C,D"
출발,인천,대한항공,KE765,삿포로,20250926,10:05,10:05,10:28,여객,출발,,B737-900,188,"A,B,C,D"
출발,인천,대한항공,KE703,도쿄/나리타,20250926,10:10,10:10,10:37,여객,출발,,A321neo,182,"A,B,C,D"
출발,인천,델타항공,DL158,디트로이트,20250926,10:15,10:15,10:17,여객,출발,,A350-900,306,"K,F,G,L"
출발,인천,대한항공,KE125,샤먼 가오치,20250926,10:20,10:20,10:45,여객,출발,,B737-900,188,"A,B,C,D"
출발,인천,대한항공,KE169,마카오,20250926,10:20,10:20,10:47,여객,출발,,A321neo,182,"A,B,C,D"
출발,인천,대한항공,KE093,워싱톤,20250926,10:25,10:25,10:50,여객,출발,,B777-300ER,277,"A,B,C,D"
출발,인천,대한항공,KE101,남경,20250926,10:25,10:25,10:43,여객,출발,,A321neo,182,"A,B,C,D"
출발,인천,대한항공,KE937,비엔나,20250926,10:25,10:25,10:49,여객,출발,,B787-9,269,"A,B,C,D"
출발,인천,대한항공,KE185,타오위안,20250926,10:30,10:30,10:58,여객,출발,,A321neo,182,"A,B,C,D"
출발,인천,가루다인도네시아,GA879,자카르타(수카르노 하타),20250926,10:35,10:35,11:10,여객,출발,,A330-900neo,301,"J,F,G,L"
출발,인천,대한항공,KE741,나고야,20250926,10:35,11:05,11:38,여객,지연,항공기 연결에 의한 지연,A321neo,182,"A,B,C,D"
출발,인천,대한항공,KE037,시카고,20250926,10:40,10:40,11:01,여객,출발,,B777-300ER,277,"A,B,C,D"
출발,인천,대한항공,KE855,베이징,20250926,10:40,10:40,11:14,여객,출발,,A330-300,272,"A,B,C,D"
출발,인천,대한항공,KE969,프라하,20250926,10:45,10:45,11:34,여객,지연,항공교통흐름에 의한 지연,B787-9,269,"A,B,C,D"
출발,인천,대한항공,KE457,다낭,20250926,10:55,10:55,11:25,여객,출발,,B737-900,188,"A,B,C,D"
출발,인천,대한항공,KE907,런던히드로,20250926,10:55,10:55,11:44,여객,지연,항공교통흐름에 의한 지연,A380-800,407,"A,B,C,D"
출발,인천,대한항공,KE791,후쿠오카,20250926,11:05,11:05,11:24,여객,출발,,B737-900,188,"A,B,C,D"
출발,인천,대한항공,KE945,프랑크푸르트,20250926,11:05,11:42,12:09,여객,지연,항공교통흐름에 의한 지연,A380-800,407,"A,B,C,D"
출발,인천,대한항공,KE897,푸동,20250926,11:10,11:10,11:42,여객,출발,,B777-300ER,277,"A,B,C,D"
출발,인천,대한항공,KE901,파리,20250926,11:10,11:10,11:50,여객,출발,,B777-300ER,277,"A,B,C,D"
출발,인천,가루다인도네시아,GA871,덴파사(응우라 라이),20250926,11:25,11:25,12:01,여객,출발,,A330-300,251,"J,F,G,L"
출발,인천,에어부산,BX158,후쿠오카,20250926,11:25,11:25,11:49,여객,출발,,A321,195,"E,F,G,L"
출발,인천,아에로멕시코,AM091,멕시코시티,20250926,11:40,11:40,12:14,여객,출발,,B787-9,274,"H,F,G,L"
출발,인천,대한항공,KE925,암스테르담,20250926,11:55,11:55,12:50,여객,지연,항공교통흐름에 의한 지연,B777-300ER,277,"A,B,C,D"
출발,인천,대한항공,KE107,항저우,20250926,12:00,12:00,12:17,여객,출발,,A321neo,182,"A,B,C,D"
출발,인천,중화항공,CI165,가오슝,20250926,12:05,12:05,12:25,여객,출발,,A321neo,180,"J,F,G,L"
출발,인천,진에어,LJ263,후쿠오카,20250926,12:10,12:10,12:29,여객,출발,,B737-800,189,"H,F,G,L"
출발,인천,대한항공,KE769,삿포로,20250926,12:35,12:35,12:50,여객,출발,,B737-900,188,"A,B,C,D"
출발,인천,대한항공,KE803,천진,20250926,12:35,13:04,13:23,여객,지연,항공교통흐름에 의한 지연,B737-900,188,"A,B,C,D"
출발,인천,중화항공,CI161,타오위안,20250926,12:35,12:35,13:00,여객,출발,,A330-300,277,"J,F,G,L"
출발,인천,에어부산,BX174,간사이,20250926,12:40,12:40,13:05,여객,출발,,A321,195,"E,F,G,L"
출발,인천,대한항공,KE711,도쿄/나리타,20250926,13:00,13:00,13:14,여객,출발,,A321neo,182,"A,B,C,D"
출발,인천,대한항공,KE869,대련,20250926,13:00,13:00,13:11,여객,출발,,B737-900,188,"A,B,C,D"
출발,인천,대한항공,KE921,리스본,20250926,13:00,13:00,13:47,여객,지연,항공교통흐름에 의한 지연,B787-9,269,"A,B,C,D"
출발,인천,대한항공,KE843,청도,20250926,13:05,13:05,13:33,여객,출발,,B737-900,188,"A,B,C,D"
출발,인천,에어서울,RS713,간사이,20250926,13:15,15:00,15:56,여객,지연,항공기 정비에 의한 지연,A321,195,"E,F,G,L"
출발,인천,대한항공,KE175,홍콩,20250926,13:25,13:25,13:49,여객,출발,,A321neo,182,"A,B,C,D"
출발,인천,대한항공,KE951,두바이,20250926,13:25,13:25,14:03,여객,출발,,B777-300ER,277,"A,B,C,D"
출발,인천,에어서울,RS745,요나고,20250926,13:25,13:25,13:51,여객,출발,,A321,195,"E,F,G,L"
출발,인천,샤먼항공,MF872,샤먼 가오치,20250926,13:30,13:30,13:54,여객,출발,,B737-800,168,"J,F,G,L"
출발,인천,대한항공,KE695,카트만두,20250926,13:35,13:35,14:08,여객,출발,,A330-300,272,"A,B,C,D"
출발,인천,대한항공,KE927,밀라노,20250926,13:40,13:40,14:32,여객,지연,항공교통흐름에 의한 지연,B787-9,269,"A,B,C,D"
출발,인천,대한항공,KE955,이스탄불,20250926,13:40,13:40,14:24,여객,지연,항공교통흐름에 의한 지연,B777-300ER,277,"A,B,C,D"
출발,인천,대한항공,KE789,후쿠오카,20250926,13:45,13:45,14:14,여객,출발,,B737-900,188,"A,B,C,D"
출발,인천,진에어,LJ861,청도,20250926,13:50,13:50,14:21,여객,출발,,B737-800,189,"H,F,G,L"
출발,인천,에어서울,RS723,후쿠오카,20250926,14:25,14:50,15:17,여객,지연,항공기 연결에 의한 지연,A321,195,"E,F,G,L"
출발,인천,대한항공,KE017,로스앤젤레스,20250926,14:30,14:30,15:07,여객,지연,여객 및 화물처리에 의한 지연,B747-8i,368,"A,B,C,D"
출발,인천,진에어,LJ359,다카마쓰,20250926,14:30,14:30,15:00,여객,출발,,B737-800,189,"H,F,G,L"
출발,인천,대한항공,KE833,심양,20250926,14:35,14:35,15:12,여객,지연,여객 및 화물처리에 의한 지연,B737-900,188,"A,B,C,D"
출발,인천,대한항공,KE643,싱가포르,20250926,14:45,14:45,15:09,여객,출발,,A330-300,272,"A,B,C,D"
출발,인천,진에어,LJ209,도쿄/나리타,20250926,14:45,14:45,15:15,여객,출발,,B737-800,189,"H,F,G,L"
출발,인천,대한항공,KE725,간사이,20250926,15:05,15:05,15:53,여객,지연,여객 및 화물처리에 의한 지연,A321neo,182,"A,B,C,D"
출발,인천,대한항공,KE627,자카르타(수카르노 하타),20250926,15:10,15:10,15:40,여객,출발,,A330-300,272,"A,B,C,D"
출발,인천,대한항공,KE189,타이중,20250926,15:15,16:04,16:05,여객,지연,항공교통흐름에 의한 지연,A321neo,182,"A,B,C,D"
출발,인천,에어서울,RS715,간사이,20250926,15:20,15:45,16:34,여객,지연,여객 및 화물처리에 의한 지연,A321,195,"E,F,G,L"
출발,인천,에어부산,BX176,간사이,20250926,15:25,15:25,16:22,여객,지연,공항 및 출입국 절차에 의한 지연,A321,195,"E,F,G,L"
출발,인천,진에어,LJ211,도쿄/나리타,20250926,15:35,16:04,16:25,여객,지연,공항 및 출입국 절차에 의한 지연,B737-800,189,"H,F,G,L"
출발,인천,대한항공,KE671,쿠알라룸푸르,20250926,15:40,15:40,16:11,여객,출발,,A330-300,272,"A,B,C,D"
출발,인천,대한항공,KE733,고베,20250926,15:50,15:50,16:45,여객,지연,항공교통흐름에 의한 지연,A321neo,182,"A,B,C,D"
출발,인천,에어부산,BX166,도쿄/나리타,20250926,15:50,16:35,17:39,여객,지연,공항 및 출입국 절차에 의한 지연,A321,195,"E,F,G,L"
출발,인천,대한항공,KE023,샌프란시스코,20250926,16:00,16:31,16:54,여객,지연,항공교통흐름에 의한 지연,B777-300ER,277,"A,B,C,D"
출발,인천,진에어,LJ265,후쿠오카,20250926,16:00,16:50,17:49,여객,지연,항공기 연결에 의한 지연,B737-800,189,"H,F,G,L"
출발,인천,진에어,LJ239,간사이,20250926,16:05,16:46,17:12,여객,지연,공항 및 출입국 절차에 의한 지연,B737-800,189,"H,F,G,L"
출발,인천,진에어,LJ347,나고야,20250926,16:05,16:38,17:07,여객,지연,공항 및 출입국 절차에 의한 지연,B737-800,189,"H,F,G,L"
출발,인천,대한항공,KE187,타오위안,20250926,16:10,16:10,16:52,여객,지연,항공교통흐름에 의한 지연,A321neo,182,"A,B,C,D"
출발,인천,대한항공,KE633,덴파사(응우라 라이),20250926,16:10,16:31,16:56,여객,지연,운항 기준 및 승무원 관련 지연,A330-300,272,"A,B,C,D"
출발,인천,델타항공,DL188,애틀랜타,20250926,16:25,16:49,17:15,여객,지연,공항 및 출입국 절차에 의한 지연,A350-900,306,"K,F,G,L"
출발,인천,대한항공,KE041,시애틀,20250926,16:40,17:05,17:26,여객,지연,여객 및 화물처리에 의한 지연,A330-300,272,"A,B,C,D"
출발,인천,에어서울,RS703,도쿄/나리타,20250926,16:45,16:45,17:36,여객,지연,공항 및 출입국 절차에 의한 지연,A321,195,"E,F,G,L"
출발,인천,진에어,LJ271,후쿠오카,20250926,17:00,17:19,17:41,여객,지연,공항 및 출입국 절차에 의한 지연,B737-800,189,"H,F,G,L"
출발,인천,대한항공,KE713,도쿄/나리타,20250926,17:05,17:05,17:47,여객,지연,항공교통흐름에 의한 지연,A321neo,182,"A,B,C,D"
출발,인천,대한항공,KE1405,김해,20250926,17:10,17:39,18:00,여객,지연,항공교통흐름에 의한 지연,B737-900,188,
출발,인천,진에어,LJ009,치앙마이,20250926,17:10,17:27,17:55,여객,지연,공항 및 출입국 절차에 의한 지연,B737-800,189,"H,F,G,L"
출발,인천,대한항공,KE8425,괌,20250926,17:15,17:15,17:53,여객,지연,항공교통흐름에 의한 지연,B737-900,188,"A,B,C,D"
출발,인천,에어부산,BX747,수안나폼(방콕),20250926,17:15,19:00,19:31,여객,지연,항공기 정비에 의한 지연,A321,195,"E,F,G,L"
출발,인천,진에어,LJ919,괌,20250926,17:35,17:35,18:03,여객,출발,,B737-800,189,"H,F,G,L"
출발,인천,대한항공,KE629,덴파사(응우라 라이),20250926,17:45,17:45,18:13,여객,출발,,A330-300,272,"A,B,C,D"
출발,인천,대한항공,KE663,푸껫,20250926,17:50,17:50,18:20,여객,출발,,B737-900,188,"A,B,C,D"
출발,인천,대한항공,KE411,오클랜드,20250926,18:00,18:25,19:10,여객,지연,항공기 연결에 의한 지연,B787-9,269,"A,B,C,D"
출발,인천,대한항공,KE651,수안나폼(방콕),20250926,18:05,18:05,18:23,여객,출발,,A330-300,272,"A,B,C,D"
출발,인천,대한항공,KE461,다낭,20250926,18:20,18:35,18:52,여객,출발,,B737-900,188,"A,B,C,D"
출발,인천,대한항공,KE1407,김해,20250926,18:25,18:25,18:42,여객,출발,,B737-900,188,
출발,인천,대한항공,KE667,치앙마이,20250926,18:25,18:25,18:56,여객,출발,,B737-900,188,"A,B,C,D"
출발,인천,대한항공,KE705,도쿄/나리타,20250926,18:35,18:35,18:58,여객,출발,,A321neo,182,"A,B,C,D"
출발,인천,대한항공,KE871,대련,20250926,18:35,18:35,19:00,여객,출발,,B737-900,188,"A,B,C,D"
출발,인천,대한항공,KE161,쿤밍,20250926,18:40,18:40,19:16,여객,출발,,B737-900,188,"A,B,C,D"
출발,인천,대한항공,KE423,괌,20250926,18:40,18:40,19:08,여객,출발,,B737-900,188,"A,B,C,D"
출발,인천,대한항공,KE645,싱가포르,20250926,18:40,18:40,19:12,여객,출발,,A330-300,272,"A,B,C,D"
출발,인천,대한항공,KE781,후쿠오카,20250926,18:40,18:40,19:04,여객,출발,,B737-900,188,"A,B,C,D"
출발,인천,델타항공,DL170,미니애폴리스,20250926,18:40,18:40,19:14,여객,출발,,A350-900,306,"K,F,G,L"
출발,인천,대한항공,KE071,밴쿠버,20250926,18:45,18:45,19:25,여객,지연,운항 기준 및 승무원 관련 지연,B787-9,269,"A,B,C,D"
출발,인천,대한항공,KE453,노이바이(하노이),20250926,18:45,19:15,19:39,여객,지연,항공기 연결에 의한 지연,B737-900,188,"A,B,C,D"
출발,인천,대한항공,KE475,떤 선녓(호찌민),20250926,18:45,20:00,20:17,여객,지연,항공기 연결에 의한 지연,B737-900,188,"A,B,C,D"
출발,인천,대한항공,KE623,마닐라,20250926,18:50,18:50,19:27,여객,출발,,B737-900,188,"A,B,C,D"
출발,인천,대한항공,KE689,프놈펜,20250926,18:50,19:20,19:56,여객,지연,항공기 연결에 의한 지연,B737-900,188,"A,B,C,D"
출발,인천,대한항공,KE743,나고야,20250926,18:50,19:22,19:29,여객,지연,항공교통흐름에 의한 지연,A321neo,182,"A,B,C,D"
출발,인천,델타항공,DL26,애틀랜타,20250926,18:50,18:50,19:20,여객,출발,,A350-900,306,"K,F,G,L"
출발,인천,대한항공,KE895,푸동,20250926,18:55,19:25,19:52,여객,지연,항공기 연결에 의한 지연,A330-300,272,"A,B,C,D"
출발,인천,대한항공,KE721,간사이,20250926,19:00,19:00,19:33,여객,출발,,A321neo,182,"A,B,C,D"
출발,인천,대한항공,KE401,시드니,20250926,19:10,19:10,19:37,여객,출발,,A380-800,407,"A,B,C,D"
출발,인천,델타항공,DL196,시애틀,20250926,19:20,19:57,20:16,여객,지연,항공기 연결에 의한 지연,A330-900neo,281,"K,F,G,L"
출발,인천,에어서울,RS581,팡라로,20250926,19:25,19:25,20:03,여객,지연,기타 원인에 의한 지연,A321,195,"E,F,G,L"
출발,인천,대한항공,KE085,뉴욕,20250926,19:30,20:00,20:38,여객,지연,기타 원인에 의한 지연,B747-8i,368,"A,B,C,D"
출발,인천,대한항공,KE1431,대구,20250926,19:30,19:30,19:50,여객,출발,,B737-900,188,
출발,인천,대한항공,KE1409,김해,20250926,19:35,19:50,20:09,여객,지연,운항 기준 및 승무원 관련 지연,B737-900,188,
출발,인천,델타항공,DL172,솔트레이크시티,20250926,19:40,19:40,19:44,여객,출발,,A350-900,306,"K,F,G,L"
출발,인천,대한항공,KE177,홍콩,20250926,19:45,20:15,20:49,여객,지연,항공기 연결에 의한 지연,A321neo,182,"A,B,C,D"
출발,인천,대한항공,KE477,떤 선녓(호찌민),20250926,19:45,19:45,20:10,여객,출발,,B737-900,188,"A,B,C,D"
출발,인천,대한항공,KE659,수안나폼(방콕),20250926,19:45,19:45,20:07,여객,출발,,B737-900,188,"A,B,C,D"
출발,인천,에어서울,RS527,깜라인(나트랑),20250926,19:50,21:20,22:02,여객,지연,항공기 연결에 의한 지연,A321,195,"E,F,G,L"
출발,인천,진에어,LJ001,수안나폼(방콕),20250926,19:55,20:30,20:58,여객,지연,공항 및 출입국 절차에 의한 지연,B737-800,189,"H,F,G,L"
출발,인천,대한항공,KE467,깜라인(나트랑),20250926,20:00,21:10,21:14,여객,지연,공항 및 출입국 절차에 의한 지연,B737-900,188,"A,B,C,D"
출발,인천,대한항공,KE853,베이징,20250926,20:00,20:45,20:45,여객,지연,여객 및 화물처리에 의한 지연,A330-300,272,"A,B,C,D"
출발,인천,대한항공,KE407,브리즈번,20250926,20:05,20:50,20:51,여객,지연,여객 및 화물처리에 의한 지연,A330-300,272,"A,B,C,D"
출발,인천,대한항공,KE615,세부,20250926,20:05,20:05,20:46,여객,지연,여객 및 화물처리에 의한 지연,B737-900,188,"A,B,C,D"
출발,인천,대한항공,KE625,마닐라,20250926,20:15,20:55,20:56,여객,지연,항공교통흐름에 의한 지연,B737-900,188,"A,B,C,D"
출발,인천,대한항공,KE011,로스앤젤레스,20250926,20:25,20:25,21:10,여객,지연,항공교통흐름에 의한 지연,A380-800,407,"A,B,C,D"
출발,인천,진에어,LJ081,다낭,20250926,20:25,20:25,20:53,여객,출발,,B737-800,189,"H,F,G,L"
출발,인천,대한항공,KE719,하네다,20250926,20:30,20:30,21:20,여객,지연,항공교통흐름에 의한 지연,A321neo,182,"A,B,C,D"
출발,인천,샤먼항공,MF878,푸저우(복주),20250926,20:35,20:35,21:08,여객,출발,,B737-800,168,"J,F,G,L"
출발,인천,중화항공,CI163,타오위안,20250926,20:35,20:35,21:31,여객,출발,,A330-300,277,"J,F,G,L"
출발,인천,진에어,LJ087,깜라인(나트랑),20250926,20:40,20:40,21:18,여객,출발,,B737-800,189,"H,F,G,L"
출발,인천,진에어,LJ917,괌,20250926,20:50,20:50,21:26,여객,출발,,B737-800,189,"H,F,G,L"
출발,인천,에어서울,RS511,다낭,20250926,20:55,22:20,22:46,여객,지연,항공기 연결에 의한 지연,A321,195,"E,F,G,L"
출발,인천,대한항공,KE005,라스베이거스,20250926,21:00,21:00,21:46,여객,지연,여객 및 화물처리에 의한 지연,B777-300ER,277,"A,B,C,D"
출발,인천,대한항공,KE053,호놀룰루,20250926,21:05,21:05,21:44,여객,출발,,A330-300,272,"A,B,C,D"
출발,인천,대한항공,KE655,수안나폼(방콕),20250926,21:15,21:15,21:57,여객,출발,,A330-300,272,"A,B,C,D"
출발,인천,네덜란드항공,KL856,암스테르담,20250926,22:25,22:25,22:52,여객,출발,,B787-9,294,"M,F,G,L"
출발,인천,대한항공,KE619,마닐라,20250926,22:35,22:35,22:50,여객,출발,,A330-300,272,"A,B,C,D"
출발,인천,대한항공,KE075,밴쿠버,20250926,22:40,22:55,23:16,여객,지연,기타 원인에 의한 지연,B787-9,269,"A,B,C,D"
출발,인천,대한항공,KE647,싱가포르,20250927,00:05,23:35,00:13,여객,출발,,B777-300ER,277,"A,B,C,D"
출발,인천,스칸디나비아항공,SK988,코펜하겐,20250927,00:05,23:45,00:03,여객,출발,,A350-900,300,"K,F,G,L"
출발,인천,대한항공,KE1401,김해,20250927,06:35,06:35,06:49,여객,출발,,B737-900,188,
출발,인천,에어부산,BX164,도쿄/나리타,20250927,07:15,07:15,07:22,여객,출발,,A321,195,"E,F,G,L"
출발,인천,에어서울,RS711,간사이,20250927,07:15,07:15,07:31,여객,출발,,A321,195,"E,F,G,L"
출발,인천,진에어,LJ261,후쿠오카,20250927,07:15,07:15,07:36,여객,출발,,B737-800,189,"H,F,G,L"
출발,인천,에어부산,BX156,후쿠오카,20250927,07:20,07:20,07:41,여객,출발,,A321,195,"E,F,G,L"
출발,인천,에어서울,RS727,후쿠오카,20250927,07:20,07:20,07:46,여객,출발,,A321,195,"E,F,G,L"
출발,인천,대한항공,KE787,후쿠오카,20250927,07:25,07:25,08:00,여객,출발,,B737-900,188,"A,B,C,D"
출발,인천,진에어,LJ201,도쿄/나리타,20250927,07:25,07:44,08:08,여객,지연,운항 기준 및 승무원 관련 지연,B737-800,189,"H,F,G,L"
출발,인천,대한항공,KE795,나가사키,20250927,07:30,07:30,07:53,여객,출발,,B737-900,188,"A,B,C,D"
출발,인천,진에어,LJ345,나고야,20250927,07:30,08:02,08:20,여객,지연,기타 원인에 의한 지연,B737-800,189,"H,F,G,L"
출발,인천,진에어,LJ231,간사이,20250927,07:40,07:40,08:12,여객,출발,,B737-800,189,"H,F,G,L"
출발,인천,대한항공,KE173,홍콩,20250927,07:45,07:45,08:13,여객,출발,,A321neo,182,"A,B,C,D"
출발,인천,대한항공,KE621,마닐라,20250927,07:50,07:50,08:21,여객,지연,공항 및 출입국 절차에 의한 지연,B737-900,188,"A,B,C,D"
출발,인천,대한항공,KE845,청도,20250927,07:50,07:50,08:19,여객,출발,,B737-900,188,"A,B,C,D"
출발,인천,진에어,LJ731,타오위안,20250927,07:50,08:14,08:36,여객,지연,운항 기준 및 승무원 관련 지연,B737-800,189,"H,F,G,L"
출발,인천,대한항공,KE131,정저우,20250927,08:00,08:00,08:15,여객,출발,,B737-900,188,"A,B,C,D"
출발,인천,대한항공,KE441,노이바이(하노이),20250927,08:00,08:00,08:31,여객,출발,,A330-300,272,"A,B,C,D"
출발,인천,대한항공,KE197,칭기즈칸(신 울란바토르) 국제공항,20250927,08:10,08:10,08:35,여객,출발,,B737-900,188,"A,B,C,D"
출발,인천,대한항공,KE767,아오모리,20250927,08:10,08:10,08:37,여객,출발,,B737-900,188,"A,B,C,D"
출발,인천,에어서울,RS705,도쿄/나리타,20250927,08:10,08:10,08:42,여객,출발,,A321,195,"E,F,G,L"
출발,인천,진에어,LJ241,간사이,20250927,08:10,08:26,08:45,여객,지연,운항 기준 및 승무원 관련 지연,B737-800,189,"H,F,G,L"
출발,인천,진에어,LJ357,시모지시마,20250927,08:10,08:10,08:40,여객,출발,,B737-800,189,"H,F,G,L"
출발,인천,대한항공,KE859,베이징,20250927,08:15,08:15,08:42,여객,출발,,B777-300ER,277,"A,B,C,D"
출발,인천,진에어,LJ203,도쿄/나리타,20250927,08:15,08:15,08:48,여객,출발,,B737-800,189,"H,F,G,L"
출발,인천,대한항공,KE127,푸저우(복주),20250927,08:20,08:20,08:44,여객,출발,,B737-900,188,"A,B,C,D"
출발,인천,대한항공,KE1403,김해,20250927,08:20,08:45,09:04,여객,지연,항공기 연결에 의한 지연,B737-900,188,
출발,인천,진에어,LJ301,삿포로,20250927,08:20,08:31,08:57,여객,지연,운항 기준 및 승무원 관련 지연,B737-800,189,"H,F,G,L"
출발,인천,대한항공,KE731,고베,20250927,08:25,08:25,09:00,여객,출발,,A321neo,182,"A,B,C,D"
출발,인천,대한항공,KE893,푸동,20250927,08:25,08:25,08:51,여객,출발,,A330-300,272,"A,B,C,D"
출발,인천,에어 프랑스,AF267,파리,20250927,08:30,08:30,08:55,여객,출발,,B777-300ER,296,"M,F,G,L"
출발,인천,대한항공,KE827,선전(심천),20250927,08:40,08:40,09:10,여객,출발,,B737-900,188,"A,B,C,D"
출발,인천,대한항공,KE831,심양,20250927,08:45,08:05,08:38,여객,출발,,B737-900,188,"A,B,C,D"
출발,인천,에어서울,RS741,다카마쓰,20250927,08:45,09:25,10:05,여객,지연,항공기 연결에 의한 지연,A321,195,"E,F,G,L"
출발,인천,대한항공,KE865,광저우,20250927,08:50,08:50,09:23,여객,출발,,A330-300,272,"A,B,C,D"
출발,인천,대한항공,KE469,떤 선녓(호찌민),20250927,09:05,09:21,09:46,여객,지연,항공교통흐름에 의한 지연,A330-300,272,"A,B,C,D"
출발,인천,대한항공,KE805,천진,20250927,09:10,09:10,09:31,여객,출발,,B737-900,188,"A,B,C,D"
출발,인천,대한항공,KE811,시안,20250927,09:10,09:10,09:39,여객,출발,,B737-900,188,"A,B,C,D"
출발,인천,에어부산,BX172,간사이,20250927,09:15,09:15,09:29,여객,출발,,A321,195,"E,F,G,L"
출발,인천,대한항공,KE035,애틀랜타,20250927,09:20,09:20,09:35,여객,출발,,B777-300ER,277,"A,B,C,D"
출발,인천,대한항공,KE785,가고시마,20250927,09:20,09:20,09:42,여객,출발,,B737-900,188,"A,B,C,D"
출발,인천,진에어,LJ913,괌,20250927,09:20,09:20,09:52,여객,출발,,B737-800,189,"H,F,G,L"
출발,인천,에어서울,RS701,도쿄/나리타,20250927,09:25,09:50,10:21,여객,지연,항공기 연결에 의한 지연,A321,195,"E,F,G,L"
출발,인천,대한항공,KE031,댈러스,20250927,09:30,09:30,10:14,여객,지연,여객 및 화물처리에 의한 지연,B787-9,269,"A,B,C,D"
출발,인천,대한항공,KE091,보스턴,20250927,09:30,09:30,09:55,여객,출발,,B787-9,269,"A,B,C,D"
출발,인천,대한항공,KE657,수안나폼(방콕),20250927,09:30,09:30,09:55,여객,출발,,A330-300,272,"A,B,C,D"
출발,인천,대한항공,KE755,오키나와,20250927,09:30,09:30,10:02,여객,출발,,B737-900,188,"A,B,C,D"
출발,인천,대한항공,KE073,토론토,20250927,09:35,09:35,10:08,여객,출발,,B777-300ER,277,"A,B,C,D"
출발,인천,대한항공,KE723,간사이,20250927,09:35,09:35,09:59,여객,출발,,A321neo,182,"A,B,C,D"
출발,인천,대한항공,KE763,니가타,20250927,09:40,09:40,10:02,여객,출발,,B737-900,188,"A,B,C,D"
출발,인천,대한항공,KE421,괌,20250927,09:45,09:45,10:16,여객,출발,,B737-900,188,"A,B,C,D"
출발,인천,진에어,LJ205,도쿄/나리타,20250927,09:45,09:45,10:11,여객,출발,,B737-800,189,"H,F,G,L"
출발,인천,진에어,LJ341,오키나와,20250927,09:55,10:11,10:30,여객,지연,운항 기준 및 승무원 관련 지연,B737-800,189,"H,F,G,L"
출발,인천,대한항공,KE081,뉴욕,20250927,10:00,10:00,10:30,여객,출발,,A380-800,407,"A,B,C,D"
출발,인천,대한항공,KE765,삿포로,20250927,10:05,10:05,10:27,여객,출발,,B737-900,188,"A,B,C,D"
출발,인천,대한항공,KE703,도쿄/나리타,20250927,10:10,10:38,11:04,여객,지연,운항 기준 및 승무원 관련 지연,A321neo,182,"A,B,C,D"
출발,인천,진에어,LJ233,간사이,20250927,10:10,10:10,10:33,여객,출발,,B737-800,189,"H,F,G,L"
출발,인천,델타항공,DL158,디트로이트,20250927,10:15,10:15,10:36,여객,출발,,A350-900,306,"K,F,G,L"
출발,인천,대한항공,KE125,샤먼 가오치,20250927,10:20,10:20,10:34,여객,출발,,B737-900,188,"A,B,C,D"
출발,인천,대한항공,KE169,마카오,20250927,10:20,10:20,10:32,여객,출발,,A321neo,182,"A,B,C,D"
출발,인천,대한항공,KE093,워싱톤,20250927,10:25,10:25,10:57,여객,출발,,B777-300ER,277,"A,B,C,D"
출발,인천,대한항공,KE185,타오위안,20250927,10:30,11:45,12:17,여객,지연,항공기 연결에 의한 지연,A321neo,182,"A,B,C,D"
출발,인천,가루다인도네시아,GA879,자카르타(수카르노 하타),20250927,10:35,10:59,11:16,여객,지연,항공기 연결에 의한 지연,A330-900neo,301,"J,F,G,L"
출발,인천,대한항공,KE741,나고야,20250927,10:35,10:35,10:47,여객,출발,,A321neo,182,"A,B,C,D"
출발,인천,대한항공,KE037,시카고,20250927,10:40,10:40,11:07,여객,출발,,B777-300ER,277,"A,B,C,D"
출발,인천,대한항공,KE969,프라하,20250927,10:45,11:15,11:41,여객,지연,항공교통흐름에 의한 지연,B787-9,269,"A,B,C,D"
출발,인천,대한항공,KE457,다낭,20250927,10:55,10:55,11:21,여객,출발,,B737-900,188,"A,B,C,D"
출발,인천,대한항공,KE907,런던히드로,20250927,10:55,11:15,11:59,여객,지연,항공교통흐름에 의한 지연,A380-800,407,"A,B,C,D"
출발,인천,대한항공,KE791,후쿠오카,20250927,11:05,11:05,11:15,여객,출발,,B737-900,188,"A,B,C,D"
출발,인천,대한항공,KE917,취리히,20250927,11:05,11:05,11:44,여객,출발,,B787-9,269,"A,B,C,D"
출발,인천,대한항공,KE897,푸동,20250927,11:10,11:10,11:58,여객,지연,운항 기준 및 승무원 관련 지연,B777-300ER,277,"A,B,C,D"
출발,인천,대한항공,KE901,파리,20250927,11:10,11:10,11:47,여객,출발,,B777-300ER,277,"A,B,C,D"
출발,인천,가루다인도네시아,GA871,덴파사(응우라 라이),20250927,11:25,11:25,11:51,여객,출발,,A330-300,251,"J,F,G,L"
출발,인천,에어부산,BX158,후쿠오카,20250927,11:25,11:25,11:38,여객,출발,,A321,195,"E,F,G,L"
출발,인천,아에로멕시코,AM091,멕시코시티,20250927,11:40,11:40,12:11,여객,출발,,B787-9,274,"H,F,G,L"
출발,인천,대한항공,KE925,암스테르담,20250927,11:55,12:25,12:55,여객,지연,항공기 연결에 의한 지연,B777-300ER,277,"A,B,C,D"
출발,인천,중화항공,CI165,가오슝,20250927,12:05,12:05,12:33,여객,출발,,A321neo,180,"J,F,G,L"
출발,인천,진에어,LJ263,후쿠오카,20250927,12:10,12:10,12:24,여객,출발,,B737-800,189,"H,F,G,L"
출발,인천,에어서울,RS811,장가계,20250927,12:20,12:20,12:35,여객,출발,,A321,195,"E,F,G,L"
출발,인천,대한항공,KE769,삿포로,20250927,12:35,12:35,12:44,여객,출발,,B737-900,188,"A,B,C,D"
출발,인천,대한항공,KE803,천진,20250927,12:35,12:35,13:03,여객,출발,,B737-900,188,"A,B,C,D"
출발,인천,대한항공,KE963,부다페스트,20250927,12:35,12:35,13:06,여객,출발,,B787-9,269,"A,B,C,D"
출발,인천,중화항공,CI161,타오위안,20250927,12:35,12:35,12:46,여객,출발,,A330-300,277,"J,F,G,L"
출발,인천,에어부산,BX174,간사이,20250927,12:40,12:40,12:49,여객,출발,,A321,195,"E,F,G,L"
출발,인천,대한항공,KE869,대련,20250927,13:00,13:00,13:44,여객,출발,,B737-900,188,"A,B,C,D"
출발,인천,대한항공,KE843,청도,20250927,13:05,13:05,13:47,여객,출발,,B737-900,188,"A,B,C,D"
출발,인천,에어서울,RS713,간사이,20250927,13:15,13:15,13:45,여객,출발,,A321,195,"E,F,G,L"
출발,인천,대한항공,KE931,로마,20250927,13:20,13:35,13:59,여객,지연,항공교통흐름에 의한 지연,B777-300ER,277,"A,B,C,D"
출발,인천,대한항공,KE135,허페이,20250927,13:25,13:41,14:07,여객,지연,항공교통흐름에 의한 지연,B737-900,188,"A,B,C,D"
출발,인천,대한항공,KE175,홍콩,20250927,13:25,13:25,13:56,여객,출발,,A321neo,182,"A,B,C,D"
출발,인천,대한항공,KE951,두바이,20250927,13:25,13:50,14:38,여객,지연,항공기 연결에 의한 지연,B777-300ER,277,"A,B,C,D"
출발,인천,샤먼항공,MF872,샤먼 가오치,20250927,13:30,13:30,13:52,여객,출발,,B737-800,168,"J,F,G,L"
출발,인천,대한항공,KE955,이스탄불,20250927,13:40,13:40,14:26,여객,지연,항공교통흐름에 의한 지연,B777-300ER,277,"A,B,C,D"
출발,인천,대한항공,KE789,후쿠오카,20250927,13:45,14:11,14:28,여객,지연,항공교통흐름에 의한 지연,B737-900,188,"A,B,C,D"
출발,인천,진에어,LJ207,도쿄/나리타,20250927,13:50,13:57,14:36,여객,지연,공항 및 출입국 절차에 의한 지연,B737-800,189,"H,F,G,L"
출발,인천,진에어,LJ861,청도,20250927,13:50,14:20,14:56,여객,지연,공항 및 출입국 절차에 의한 지연,B737-800,189,"H,F,G,L"
출발,인천,에어서울,RS723,후쿠오카,20250927,14:25,15:50,16:46,여객,지연,항공기 정비에 의한 지연,A321,195,"E,F,G,L"
출발,인천,대한항공,KE017,로스앤젤레스,20250927,14:30,14:30,15:02,여객,출발,,B747-8i,368,"A,B,C,D"
출발,인천,진에어,LJ359,다카마쓰,20250927,14:30,14:30,14:51,여객,출발,,B737-800,189,"H,F,G,L"
출발,인천,대한항공,KE833,심양,20250927,14:35,14:35,15:00,여객,출발,,B737-900,188,"A,B,C,D"
출발,인천,진에어,LJ237,간사이,20250927,14:40,14:40,15:00,여객,출발,,B737-800,189,"H,F,G,L"
출발,인천,대한항공,KE643,싱가포르,20250927,14:45,14:45,15:16,여객,출발,,A330-300,272,"A,B,C,D"
출발,인천,진에어,LJ209,도쿄/나리타,20250927,14:45,15:06,15:29,여객,지연,공항 및 출입국 절차에 의한 지연,B737-800,189,"H,F,G,L"
출발,인천,대한항공,KE725,간사이,20250927,15:05,15:05,15:44,여객,지연,항공교통흐름에 의한 지연,A321neo,182,"A,B,C,D"
출발,인천,대한항공,KE627,자카르타(수카르노 하타),20250927,15:10,15:10,15:50,여객,출발,,A330-300,272,"A,B,C,D"
출발,인천,대한항공,KE189,타이중,20250927,15:15,15:36,15:58,여객,지연,항공교통흐름에 의한 지연,A321neo,182,"A,B,C,D"
출발,인천,에어서울,RS715,간사이,20250927,15:20,15:20,16:07,여객,지연,공항 및 출입국 절차에 의한 지연,A321,195,"E,F,G,L"
출발,인천,에어부산,BX176,간사이,20250927,15:25,15:25,16:21,여객,지연,공항 및 출입국 절차에 의한 지연,A321,195,"E,F,G,L"
출발,인천,진에어,LJ211,도쿄/나리타,20250927,15:35,15:50,16:13,여객,지연,공항 및 출입국 절차에 의한 지연,B737-800,189,"H,F,G,L"
출발,인천,대한항공,KE671,쿠알라룸푸르,20250927,15:40,15:40,16:24,여객,지연,항공교통흐름에 의한 지연,A330-300,272,"A,B,C,D"
출발,인천,대한항공,KE733,고베,20250927,15:50,16:12,16:33,여객,지연,항공교통흐름에 의한 지연,A321neo,182,"A,B,C,D"
출발,인천,에어부산,BX166,도쿄/나리타,20250927,15:50,15:50,16:26,여객,지연,공항 및 출입국 절차에 의한 지연,A321,195,"E,F,G,L"
출발,인천,대한항공,KE023,샌프란시스코,20250927,16:00,16:00,16:48,여객,지연,여객 및 화물처리에 의한 지연,B777-300ER,277,"A,B,C,D"
출발,인천,진에어,LJ265,후쿠오카,20250927,16:00,16:17,16:41,여객,지연,공항 및 출입국 절차에 의한 지연,B737-800,189,"H,F,G,L"
출발,인천,진에어,LJ239,간사이,20250927,16:05,16:52,17:20,여객,지연,기타 원인에 의한 지연,B737-800,189,"H,F,G,L"
출발,인천,진에어,LJ347,나고야,20250927,16:05,16:37,17:04,여객,지연,항공교통흐름에 의한 지연,B737-800,189,"H,F,G,L"
출발,인천,대한항공,KE187,타오위안,20250927,16:10,16:10,16:44,여객,출발,,A321neo,182,"A,B,C,D"
출발,인천,대한항공,KE633,덴파사(응우라 라이),20250927,16:10,16:10,16:55,여객,지연,항공교통흐름에 의한 지연,A330-300,272,"A,B,C,D"
출발,인천,진에어,LJ351,기타규슈,20250927,16:15,16:54,17:23,여객,지연,운항 기준 및 승무원 관련 지연,B737-800,189,"H,F,G,L"
출발,인천,델타항공,DL188,애틀랜타,20250927,16:25,16:55,17:25,여객,지연,공항 및 출입국 절차에 의한 지연,A350-900,306,"K,F,G,L"
출발,인천,대한항공,KE041,시애틀,20250927,16:40,17:07,17:35,여객,지연,항공교통흐름에 의한 지연,A330-300,272,"A,B,C,D"
출발,인천,에어서울,RS703,도쿄/나리타,20250927,16:45,16:45,17:44,여객,지연,공항 및 출입국 절차에 의한 지연,A321,195,"E,F,G,L"
출발,인천,진에어,LJ271,후쿠오카,20250927,17:00,17:27,17:52,여객,지연,공항 및 출입국 절차에 의한 지연,B737-800,189,"H,F,G,L"
출발,인천,대한항공,KE713,도쿄/나리타,20250927,17:05,17:27,17:56,여객,지연,항공교통흐름에 의한 지연,A321neo,182,"A,B,C,D"
출발,인천,진에어,LJ091,푸꾸옥,20250927,17:05,17:05,17:37,여객,출발,,B737-800,189,"H,F,G,L"
출발,인천,대한항공,KE1405,김해,20250927,17:10,17:35,18:03,여객,지연,항공교통흐름에 의한 지연,B737-900,188,
출발,인천,대한항공,KE485,푸꾸옥,20250927,17:10,17:28,17:55,여객,지연,항공교통흐름에 의한 지연,B737-900,188,"A,B,C,D"
출발,인천,진에어,LJ009,치앙마이,20250927,17:10,17:53,18:15,여객,지연,공항 및 출입국 절차에 의한 지연,B737-800,189,"H,F,G,L"
출발,인천,대한항공,KE8425,괌,20250927,17:15,17:15,18:07,여객,지연,지상조업 관련 지연,B737-900,188,"A,B,C,D"
출발,인천,에어부산,BX747,수안나폼(방콕),20250927,17:15,17:15,18:05,여객,지연,공항 및 출입국 절차에 의한 지연,A321,195,"E,F,G,L"
출발,인천,진에어,LJ919,괌,20250927,17:35,18:10,18:28,여객,지연,공항 및 출입국 절차에 의한 지연,B737-800,189,"H,F,G,L"
출발,인천,대한항공,KE629,덴파사(응우라 라이),20250927,17:45,18:00,18:41,여객,지연,항공기 연결에 의한 지연,A330-300,272,"A,B,C,D"
출발,인천,대한항공,KE663,푸껫,20250927,17:50,17:50,18:19,여객,출발,,B737-900,188,"A,B,C,D"
출발,인천,대한항공,KE651,수안나폼(방콕),20250927,18:05,18:05,18:39,여객,출발,,A330-300,272,"A,B,C,D"
출발,인천,대한항공,KE461,다낭,20250927,18:20,18:20,18:50,여객,출발,,B737-900,188,"A,B,C,D"
출발,인천,대한항공,KE1407,김해,20250927,18:25,18:40,19:05,여객,지연,항공기 연결에 의한 지연,B737-900,188,
출발,인천,대한항공,KE667,치앙마이,20250927,18:25,18:52,19:08,여객,지연,항공교통흐름에 의한 지연,B737-900,188,"A,B,C,D"
출발,인천,대한항공,KE705,도쿄/나리타,20250927,18:35,19:06,19:24,여객,지연,항공교통흐름에 의한 지연,A321neo,182,"A,B,C,D"
출발,인천,대한항공,KE423,괌,20250927,18:40,18:40,19:10,여객,출발,,B737-900,188,"A,B,C,D"
출발,인천,대한항공,KE645,싱가포르,20250927,18:40,18:40,19:14,여객,출발,,A330-300,272,"A,B,C,D"
출발,인천,대한항공,KE781,후쿠오카,20250927,18:40,18:40,19:06,여객,출발,,B737-900,188,"A,B,C,D"
출발,인천,대한항공,KE071,밴쿠버,20250927,18:45,18:45,19:16,여객,출발,,B787-9,269,"A,B,C,D"
출발,인천,대한항공,KE453,노이바이(하노이),20250927,18:45,19:25,20:16,여객,지연,항공기 연결에 의한 지연,B737-900,188,"A,B,C,D"
출발,인천,대한항공,KE475,떤 선녓(호찌민),20250927,18:45,19:30,19:54,여객,지연,항공교통흐름에 의한 지연,B737-900,188,"A,B,C,D"
출발,인천,대한항공,KE623,마닐라,20250927,18:50,18:50,19:12,여객,출발,,B737-900,188,"A,B,C,D"
출발,인천,대한항공,KE689,프놈펜,20250927,18:50,19:15,19:40,여객,지연,항공교통흐름에 의한 지연,B737-900,188,"A,B,C,D"
출발,인천,대한항공,KE743,나고야,20250927,18:50,19:15,19:32,여객,지연,항공교통흐름에 의한 지연,A321neo,182,"A,B,C,D"
출발,인천,델타항공,DL26,애틀랜타,20250927,18:50,19:13,19:35,여객,지연,공항 및 출입국 절차에 의한 지연,A350-900,306,"K,F,G,L"
출발,인천,대한항공,KE895,푸동,20250927,18:55,18:55,19:26,여객,출발,,A330-300,272,"A,B,C,D"
출발,인천,대한항공,KE721,간사이,20250927,19:00,19:16,19:38,여객,지연,항공교통흐름에 의한 지연,A321neo,182,"A,B,C,D"
출발,인천,대한항공,KE401,시드니,20250927,19:10,19:50,20:11,여객,지연,항공기 연결에 의한 지연,A380-800,407,"A,B,C,D"
출발,인천,진에어,LJ131,코타키나발루,20250927,19:10,19:41,20:02,여객,지연,공항 및 출입국 절차에 의한 지연,B737-800,189,"H,F,G,L"
출발,인천,델타항공,DL196,시애틀,20250927,19:20,19:20,19:56,여객,출발,,A330-900neo,281,"K,F,G,L"
출발,인천,대한항공,KE163,장가계,20250927,19:25,19:48,20:10,여객,지연,항공교통흐름에 의한 지연,B737-900,188,"A,B,C,D"
출발,인천,에어서울,RS581,팡라로,20250927,19:25,19:25,20:12,여객,지연,공항 및 출입국 절차에 의한 지연,A321,195,"E,F,G,L"
출발,인천,대한항공,KE085,뉴욕,20250927,19:30,20:00,20:23,여객,지연,기타 원인에 의한 지연,B747-8i,368,"A,B,C,D"
출발,인천,대한항공,KE1431,대구,20250927,19:30,19:54,20:20,여객,지연,항공기 연결에 의한 지연,B737-900,188,
출발,인천,대한항공,KE1409,김해,20250927,19:35,19:55,20:18,여객,지연,항공기 연결에 의한 지연,B737-900,188,
출발,인천,진에어,LJ917,괌,20250927,19:35,19:56,20:16,여객,지연,공항 및 출입국 절차에 의한 지연,B737-800,189,"H,F,G,L"
출발,인천,델타항공,DL172,솔트레이크시티,20250927,19:40,19:56,20:14,여객,지연,공항 및 출입국 절차에 의한 지연,A350-900,306,"K,F,G,L"
출발,인천,대한항공,KE177,홍콩,20250927,19:45,20:01,20:23,여객,지연,항공교통흐름에 의한 지연,A321neo,182,"A,B,C,D"
출발,인천,대한항공,KE477,떤 선녓(호찌민),20250927,19:45,20:15,20:56,여객,지연,항공기 연결에 의한 지연,B737-900,188,"A,B,C,D"
출발,인천,대한항공,KE659,수안나폼(방콕),20250927,19:45,20:36,20:59,여객,지연,항공교통흐름에 의한 지연,B737-900,188,"A,B,C,D"
출발,인천,에어서울,RS527,깜라인(나트랑),20250927,19:50,21:50,22:12,여객,지연,항공기 연결에 의한 지연,A321,195,"E,F,G,L"
출발,인천,진에어,LJ001,수안나폼(방콕),20250927,19:55,19:55,20:25,여객,출발,,B737-800,189,"H,F,G,L"
출발,인천,대한항공,KE467,깜라인(나트랑),20250927,20:00,20:00,20:40,여객,지연,항공교통흐름에 의한 지연,B737-900,188,"A,B,C,D"
출발,인천,대한항공,KE853,베이징,20250927,20:00,20:00,20:45,여객,지연,항공교통흐름에 의한 지연,A330-300,272,"A,B,C,D"
출발,인천,대한항공,KE407,브리즈번,20250927,20:05,20:05,20:26,여객,출발,,A330-300,272,"A,B,C,D"
출발,인천,대한항공,KE615,세부,20250927,20:05,20:30,21:07,여객,지연,항공기 연결에 의한 지연,B737-900,188,"A,B,C,D"
출발,인천,대한항공,KE625,마닐라,20250927,20:15,20:30,21:23,여객,지연,기타 원인에 의한 지연,B737-900,188,"A,B,C,D"
출발,인천,대한항공,KE011,로스앤젤레스,20250927,20:25,20:25,20:54,여객,출발,,A380-800,407,"A,B,C,D"
출발,인천,진에어,LJ081,다낭,20250927,20:25,20:58,21:21,여객,지연,항공교통흐름에 의한 지연,B737-800,189,"H,F,G,L"
출발,인천,대한항공,KE719,하네다,20250927,20:30,20:30,21:02,여객,출발,,A321neo,182,"A,B,C,D"
출발,인천,샤먼항공,MF878,푸저우(복주),20250927,20:35,20:35,21:04,여객,출발,,B737-800,168,"J,F,G,L"
출발,인천,중화항공,CI163,타오위안,20250927,20:35,20:50,21:13,여객,출발,,A330-300,277,"J,F,G,L"
출발,인천,진에어,LJ087,깜라인(나트랑),20250927,20:40,21:20,21:45,여객,지연,항공기 연결에 의한 지연,B737-800,189,"H,F,G,L"
출발,인천,진에어,LJ043,팡라로,20250927,20:50,21:16,21:39,여객,지연,항공기 연결에 의한 지연,B737-800,189,"H,F,G,L"
출발,인천,에어서울,RS511,다낭,20250927,20:55,21:40,22:07,여객,지연,항공기 연결에 의한 지연,A321,195,"E,F,G,L"
출발,인천,대한항공,KE005,라스베이거스,20250927,21:00,21:00,21:25,여객,출발,,B777-300ER,277,"A,B,C,D"
출발,인천,대한항공,KE053,호놀룰루,20250927,21:05,21:05,21:46,여객,지연,항공교통흐름에 의한 지연,A330-300,272,"A,B,C,D"
출발,인천,대한항공,KE655,수안나폼(방콕),20250927,21:15,21:15,21:48,여객,출발,,A330-300,272,"A,B,C,D"
출발,인천,에어부산,BX787,깜라인(나트랑),20250927,21:30,22:34,22:50,여객,지연,항공교통흐름에 의한 지연,A321,195,"E,F,G,L"
출발,인천,네덜란드항공,KL856,암스테르담,20250927,22:25,22:25,22:43,여객,출발,,B787-9,294,"M,F,G,L"
출발,인천,대한항공,KE619,마닐라,20250927,22:35,22:35,23:02,여객,출발,,A330-300,272,"A,B,C,D"
출발,인천,대한항공,KE075,밴쿠버,20250927,22:40,22:40,23:13,여객,출발,,B787-9,269,"A,B,C,D"
출발,인천,스칸디나비아항공,SK988,코펜하겐,20250927,23:45,23:45,23:59,여객,출발,,A350-900,300,"K,F,G,L"
출발,인천,대한항공,KE647,싱가포르,20250928,00:05,23:35,00:07,여객,출발,,B777-300ER,277,"A,B,C,D"
출발,인천,대한항공,KE1401,김해,20250928,06:35,06:35,06:44,여객,출발,,B737-900,188,
출발,인천,에어부산,BX164,도쿄/나리타,20250928,07:15,07:15,07:39,여객,출발,,A321,195,"E,F,G,L"
출발,인천,에어서울,RS711,간사이,20250928,07:15,07:15,07:49,여객,출발,,A321,195,"E,F,G,L"
출발,인천,진에어,LJ261,후쿠오카,20250928,07:15,07:15,07:43,여객,출발,,B737-800,189,"H,F,G,L"
출발,인천,에어부산,BX156,후쿠오카,20250928,07:20,07:20,07:59,여객,출발,,A321,195,"E,F,G,L"
출발,인천,대한항공,KE787,후쿠오카,20250928,07:25,07:25,08:03,여객,출발,,B737-900,188,"A,B,C,D"
출발,인천,진에어,LJ201,도쿄/나리타,20250928,07:25,07:25,07:42,여객,출발,,B737-800,189,"H,F,G,L"
출발,인천,대한항공,KE771,오카야마,20250928,07:30,07:30,07:57,여객,출발,,B737-900,188,"A,B,C,D"
출발,인천,진에어,LJ345,나고야,20250928,07:30,08:03,08:28,여객,지연,운항 기준 및 승무원 관련 지연,B737-800,189,"H,F,G,L"
출발,인천,진에어,LJ231,간사이,20250928,07:40,07:40,08:14,여객,출발,,B737-800,189,"H,F,G,L"
출발,인천,대한항공,KE173,홍콩,20250928,07:45,07:45,08:16,여객,출발,,A321neo,182,"A,B,C,D"
출발,인천,대한항공,KE621,마닐라,20250928,07:50,07:50,08:18,여객,출발,,B737-900,188,"A,B,C,D"
출발,인천,대한항공,KE845,청도,20250928,07:50,07:50,08:28,여객,지연,여객 및 화물처리에 의한 지연,B737-900,188,"A,B,C,D"
출발,인천,진에어,LJ731,타오위안,20250928,07:50,08:06,08:26,여객,지연,공항 및 출입국 절차에 의한 지연,B737-800,189,"H,F,G,L"
출발,인천,대한항공,KE131,정저우,20250928,08:00,08:00,08:24,여객,출발,,B737-900,188,"A,B,C,D"
출발,인천,대한항공,KE441,노이바이(하노이),20250928,08:00,08:00,08:21,여객,출발,,A330-300,272,"A,B,C,D"
출발,인천,대한항공,KE197,칭기즈칸(신 울란바토르) 국제공항,20250928,08:10,08:10,08:45,여객,출발,,B737-900,188,"A,B,C,D"
출발,인천,에어서울,RS705,도쿄/나리타,20250928,08:10,08:10,08:34,여객,출발,,A321,195,"E,F,G,L"
출발,인천,진에어,LJ241,간사이,20250928,08:10,08:10,08:39,여객,출발,,B737-800,189,"H,F,G,L"
출발,인천,진에어,LJ357,시모지시마,20250928,08:10,08:10,08:30,여객,출발,,B737-800,189,"H,F,G,L"
출발,인천,진에어,LJ203,도쿄/나리타,20250928,08:15,09:24,09:47,여객,지연,항공기 정비에 의한 지연,B737-800,189,"H,F,G,L"
출발,인천,대한항공,KE127,푸저우(복주),20250928,08:20,08:20,08:47,여객,출발,,B737-900,188,"A,B,C,D"
출발,인천,대한항공,KE1403,김해,20250928,08:20,08:20,09:01,여객,지연,공항 및 출입국 절차에 의한 지연,B737-900,188,
출발,인천,진에어,LJ301,삿포로,20250928,08:20,08:37,08:59,여객,지연,공항 및 출입국 절차에 의한 지연,B737-800,189,"H,F,G,L"
출발,인천,대한항공,KE731,고베,20250928,08:25,08:25,08:52,여객,출발,,A321neo,182,"A,B,C,D"
출발,인천,대한항공,KE893,푸동,20250928,08:25,08:25,09:01,여객,출발,,A330-300,272,"A,B,C,D"
출발,인천,에어서울,RS727,후쿠오카,20250928,08:25,10:00,10:22,여객,지연,항공기 연결에 의한 지연,A321,195,"E,F,G,L"
출발,인천,에어 프랑스,AF267,파리,20250928,08:30,08:30,08:54,여객,출발,,B777-300ER,296,"M,F,G,L"
출발,인천,대한항공,KE775,고마쓰,20250928,08:35,08:35,09:02,여객,출발,,B737-900,188,"A,B,C,D"
출발,인천,대한항공,KE827,선전(심천),20250928,08:40,08:40,09:10,여객,출발,,B737-900,188,"A,B,C,D"
출발,인천,대한항공,KE831,심양,20250928,08:45,08:25,09:00,여객,지연,항공기 연결에 의한 지연,B737-900,188,"A,B,C,D"
출발,인천,에어서울,RS741,다카마쓰,20250928,08:45,10:40,11:08,여객,지연,항공기 연결에 의한 지연,A321,195,"E,F,G,L"
출발,인천,대한항공,KE137,우한,20250928,08:50,08:50,09:08,여객,출발,,B737-900,188,"A,B,C,D"
출발,인천,대한항공,KE865,광저우,20250928,08:50,08:50,09:17,여객,출발,,A330-300,272,"A,B,C,D"
출발,인천,대한항공,KE819,창사(장사),20250928,09:00,09:00,09:23,여객,출발,,B737-900,188,"A,B,C,D"
출발,인천,대한항공,KE469,떤 선녓(호찌민),20250928,09:05,10:17,10:38,여객,지연,여객 및 화물처리에 의한 지연,A330-300,272,"A,B,C,D"
출발,인천,진에어,LJ361,이시가키,20250928,09:05,09:05,09:41,여객,출발,,B737-800,189,"H,F,G,L"
출발,인천,대한항공,KE805,천진,20250928,09:10,09:10,09:40,여객,출발,,B737-900,188,"A,B,C,D"
출발,인천,대한항공,KE811,시안,20250928,09:10,09:10,09:43,여객,출발,,B737-900,188,"A,B,C,D"
출발,인천,에어부산,BX172,간사이,20250928,09:15,09:15,09:33,여객,출발,,A321,195,"E,F,G,L"
출발,인천,대한항공,KE035,애틀랜타,20250928,09:20,09:20,09:44,여객,출발,,B777-300ER,277,"A,B,C,D"
출발,인천,진에어,LJ913,괌,20250928,09:20,09:48,10:08,여객,지연,항공기 연결에 의한 지연,B737-800,189,"H,F,G,L"
출발,인천,에어서울,RS701,도쿄/나리타,20250928,09:25,09:25,09:50,여객,출발,,A321,195,"E,F,G,L"
출발,인천,대한항공,KE031,댈러스,20250928,09:30,09:30,10:20,여객,지연,공항 및 출입국 절차에 의한 지연,B787-9,269,"A,B,C,D"
출발,인천,대한항공,KE091,보스턴,20250928,09:30,09:30,10:02,여객,출발,,B787-9,269,"A,B,C,D"
출발,인천,대한항공,KE657,수안나폼(방콕),20250928,09:30,09:45,10:21,여객,지연,공항 및 출입국 절차에 의한 지연,A330-300,272,"A,B,C,D"
출발,인천,대한항공,KE755,오키나와,20250928,09:30,09:30,10:04,여객,출발,,B737-900,188,"A,B,C,D"
출발,인천,대한항공,KE777,구마모토,20250928,09:30,09:30,10:14,여객,지연,공항 및 출입국 절차에 의한 지연,B737-900,188,"A,B,C,D"
출발,인천,대한항공,KE073,토론토,20250928,09:35,09:35,10:12,여객,출발,,B777-300ER,277,"A,B,C,D"
출발,인천,대한항공,KE723,간사이,20250928,09:35,09:35,10:06,여객,출발,,A321neo,182,"A,B,C,D"
출발,인천,대한항공,KE421,괌,20250928,09:45,09:45,10:04,여객,출발,,B737-900,188,"A,B,C,D"
출발,인천,진에어,LJ205,도쿄/나리타,20250928,09:45,09:45,10:09,여객,출발,,B737-800,189,"H,F,G,L"
출발,인천,대한항공,KE913,마드리드,20250928,09:55,09:55,10:25,여객,출발,,B787-9,269,"A,B,C,D"
출발,인천,진에어,LJ341,오키나와,20250928,09:55,10:23,10:41,여객,지연,공항 및 출입국 절차에 의한 지연,B737-800,189,"H,F,G,L"
출발,인천,대한항공,KE081,뉴욕,20250928,10:00,10:00,10:32,여객,출발,,A380-800,407,"A,B,C,D"
출발,인천,대한항공,KE765,삿포로,20250928,10:05,10:05,10:35,여객,출발,,B737-900,188,"A,B,C,D"
출발,인천,대한항공,KE703,도쿄/나리타,20250928,10:10,10:25,10:54,여객,지연,공항 및 출입국 절차에 의한 지연,A321neo,182,"A,B,C,D"
출발,인천,진에어,LJ233,간사이,20250928,10:10,10:48,11:14,여객,지연,항공기 연결에 의한 지연,B737-800,189,"H,F,G,L"
출발,인천,델타항공,DL158,디트로이트,20250928,10:15,10:15,10:41,여객,출발,,A350-900,306,"K,F,G,L"
출발,인천,대한항공,KE125,샤먼 가오치,20250928,10:20,10:20,10:45,여객,출발,,B737-900,188,"A,B,C,D"
출발,인천,대한항공,KE169,마카오,20250928,10:20,10:20,10:49,여객,출발,,A321neo,182,"A,B,C,D"
출발,인천,대한항공,KE093,워싱톤,20250928,10:25,10:25,10:50,여객,출발,,B777-300ER,277,"A,B,C,D"
출발,인천,대한항공,KE101,남경,20250928,10:25,10:25,10:43,여객,출발,,A321neo,182,"A,B,C,D"
출발,인천,대한항공,KE937,비엔나,20250928,10:25,10:25,11:03,여객,지연,여객 및 화물처리에 의한 지연,B787-9,269,"A,B,C,D"
출발,인천,대한항공,KE185,타오위안,20250928,10:30,10:30,11:06,여객,출발,,A321neo,182,"A,B,C,D"
출발,인천,가루다인도네시아,GA879,자카르타(수카르노 하타),20250928,10:35,10:35,10:52,여객,출발,,A330-900neo,301,"J,F,G,L"
출발,인천,대한항공,KE741,나고야,20250928,10:35,10:35,11:03,여객,출발,,A321neo,182,"A,B,C,D"
출발,인천,대한항공,KE037,시카고,20250928,10:40,10:40,11:19,여객,출발,,B777-300ER,277,"A,B,C,D"
출발,인천,대한항공,KE855,베이징,20250928,10:40,10:40,10:57,여객,출발,,A330-300,272,"A,B,C,D"
출발,인천,대한항공,KE457,다낭,20250928,10:55,19:25,19:41,여객,지연,기상에 의한 지연,B737-900,188,"A,B,C,D"
출발,인천,대한항공,KE907,런던히드로,20250928,10:55,10:55,11:30,여객,지연,공항 및 출입국 절차에 의한 지연,A380-800,407,"A,B,C,D"
출발,인천,대한항공,KE791,후쿠오카,20250928,11:05,11:05,11:21,여객,출발,,B737-900,188,"A,B,C,D"
출발,인천,대한항공,KE945,프랑크푸르트,20250928,11:05,11:05,11:43,여객,출발,,A380-800,407,"A,B,C,D"
출발,인천,대한항공,KE897,푸동,20250928,11:10,11:10,11:37,여객,출발,,B777-300ER,277,"A,B,C,D"
출발,인천,가루다인도네시아,GA871,덴파사(응우라 라이),20250928,11:25,11:25,11:41,여객,출발,,A330-300,251,"J,F,G,L"
출발,인천,에어부산,BX158,후쿠오카,20250928,11:25,11:25,11:41,여객,출발,,A321,195,"E,F,G,L"
출발,인천,진에어,LJ269,후쿠오카,20250928,11:30,11:30,11:47,여객,출발,,B737-800,189,"H,F,G,L"
출발,인천,아에로멕시코,AM091,멕시코시티,20250928,11:40,11:40,11:58,여객,출발,,B787-9,274,"H,F,G,L"
출발,인천,대한항공,KE925,암스테르담,20250928,11:55,11:55,12:15,여객,출발,,B777-300ER,277,"A,B,C,D"
출발,인천,중화항공,CI165,가오슝,20250928,12:05,12:50,13:16,여객,지연,항공기 연결에 의한 지연,A321neo,180,"J,F,G,L"
출발,인천,진에어,LJ263,후쿠오카,20250928,12:10,12:10,12:19,여객,출발,,B737-800,189,"H,F,G,L"
출발,인천,대한항공,KE769,삿포로,20250928,12:35,12:35,13:02,여객,출발,,B737-900,188,"A,B,C,D"
출발,인천,대한항공,KE803,천진,20250928,12:35,12:35,12:50,여객,출발,,B737-900,188,"A,B,C,D"
출발,인천,중화항공,CI161,타오위안,20250928,12:35,12:50,13:10,여객,지연,항공기 연결에 의한 지연,A330-300,277,"J,F,G,L"
출발,인천,에어부산,BX174,간사이,20250928,12:40,12:40,12:56,여객,출발,,A321,195,"E,F,G,L"
출발,인천,대한항공,KE497,델리,20250928,12:55,12:55,13:25,여객,출발,,B787-9,269,"A,B,C,D"
출발,인천,대한항공,KE711,도쿄/나리타,20250928,13:00,13:18,13:44,여객,지연,항공교통흐름에 의한 지연,A321neo,182,"A,B,C,D"
출발,인천,대한항공,KE869,대련,20250928,13:00,13:00,13:20,여객,출발,,B737-900,188,"A,B,C,D"
출발,인천,대한항공,KE921,리스본,20250928,13:00,13:00,13:46,여객,지연,항공교통흐름에 의한 지연,B787-9,269,"A,B,C,D"
출발,인천,대한항공,KE843,청도,20250928,13:05,13:33,13:54,여객,지연,항공기 연결에 의한 지연,B737-900,188,"A,B,C,D"
출발,인천,에어서울,RS713,간사이,20250928,13:15,13:15,13:49,여객,출발,,A321,195,"E,F,G,L"
출발,인천,대한항공,KE135,허페이,20250928,13:25,13:25,13:52,여객,출발,,B737-900,188,"A,B,C,D"
출발,인천,대한항공,KE175,홍콩,20250928,13:25,13:25,13:56,여객,출발,,A321neo,182,"A,B,C,D"
출발,인천,대한항공,KE927,밀라노,20250928,13:25,13:25,14:02,여객,출발,,B787-9,269,"A,B,C,D"
출발,인천,대한항공,KE951,두바이,20250928,13:25,13:40,14:07,여객,지연,항공기 연결에 의한 지연,B777-300ER,277,"A,B,C,D"
출발,인천,에어서울,RS745,요나고,20250928,13:25,14:45,15:16,여객,지연,항공기 연결에 의한 지연,A321,195,"E,F,G,L"
출발,인천,샤먼항공,MF872,샤먼 가오치,20250928,13:30,13:55,14:19,여객,지연,항공기 연결에 의한 지연,B737-800,168,"J,F,G,L"
출발,인천,대한항공,KE789,후쿠오카,20250928,13:45,13:45,14:17,여객,출발,,B737-900,188,"A,B,C,D"
출발,인천,진에어,LJ207,도쿄/나리타,20250928,13:50,13:50,14:29,여객,출발,,B737-800,189,"H,F,G,L"
출발,인천,진에어,LJ861,청도,20250928,13:50,14:30,15:11,여객,지연,공항 및 출입국 절차에 의한 지연,B737-800,189,"H,F,G,L"
출발,인천,에어서울,RS723,후쿠오카,20250928,14:25,15:50,16:42,여객,지연,항공기 연결에 의한 지연,A321,195,"E,F,G,L"
출발,인천,대한항공,KE017,로스앤젤레스,20250928,14:30,14:30,15:08,여객,출발,,B747-8i,368,"A,B,C,D"
출발,인천,진에어,LJ359,다카마쓰,20250928,14:30,14:58,15:24,여객,지연,항공기 연결에 의한 지연,B737-800,189,"H,F,G,L"
출발,인천,대한항공,KE833,심양,20250928,14:35,14:35,15:00,여객,출발,,B737-900,188,"A,B,C,D"
출발,인천,진에어,LJ237,간사이,20250928,14:40,15:30,15:56,여객,지연,공항 및 출입국 절차에 의한 지연,B737-800,189,"H,F,G,L"
출발,인천,대한항공,KE643,싱가포르,20250928,14:45,14:45,15:06,여객,출발,,A330-300,272,"A,B,C,D"
출발,인천,진에어,LJ209,도쿄/나리타,20250928,14:45,14:53,15:27,여객,지연,공항 및 출입국 절차에 의한 지연,B737-800,189,"H,F,G,L"
출발,인천,대한항공,KE725,간사이,20250928,15:05,15:05,15:38,여객,출발,,A321neo,182,"A,B,C,D"
출발,인천,대한항공,KE627,자카르타(수카르노 하타),20250928,15:10,15:10,15:47,여객,출발,,A330-300,272,"A,B,C,D"
출발,인천,대한항공,KE189,타이중,20250928,15:15,15:15,15:43,여객,출발,,A321neo,182,"A,B,C,D"
출발,인천,에어서울,RS715,간사이,20250928,15:20,15:20,15:49,여객,출발,,A321,195,"E,F,G,L"
출발,인천,에어부산,BX176,간사이,20250928,15:25,15:25,16:08,여객,지연,여객 및 화물처리에 의한 지연,A321,195,"E,F,G,L"
출발,인천,진에어,LJ211,도쿄/나리타,20250928,15:35,16:25,17:16,여객,지연,공항 및 출입국 절차에 의한 지연,B737-800,189,"H,F,G,L"
출발,인천,대한항공,KE671,쿠알라룸푸르,20250928,15:40,15:40,16:15,여객,출발,,A330-300,272,"A,B,C,D"
출발,인천,대한항공,KE733,고베,20250928,15:50,15:50,16:35,여객,지연,항공교통흐름에 의한 지연,A321neo,182,"A,B,C,D"
출발,인천,에어부산,BX166,도쿄/나리타,20250928,15:50,15:50,17:01,여객,지연,여객 및 화물처리에 의한 지연,A321,195,"E,F,G,L"
출발,인천,대한항공,KE023,샌프란시스코,20250928,16:00,16:50,17:37,여객,지연,항공교통흐름에 의한 지연,B777-300ER,277,"A,B,C,D"
출발,인천,진에어,LJ265,후쿠오카,20250928,16:00,16:32,17:07,여객,지연,공항 및 출입국 절차에 의한 지연,B737-800,189,"H,F,G,L"
출발,인천,진에어,LJ239,간사이,20250928,16:05,16:35,17:31,여객,지연,공항 및 출입국 절차에 의한 지연,B737-800,189,"H,F,G,L"
출발,인천,진에어,LJ347,나고야,20250928,16:05,16:48,17:19,여객,지연,공항 및 출입국 절차에 의한 지연,B737-800,189,"H,F,G,L"
출발,인천,대한항공,KE187,타오위안,20250928,16:10,16:10,16:39,여객,출발,,A321neo,182,"A,B,C,D"
출발,인천,대한항공,KE633,덴파사(응우라 라이),20250928,16:10,16:10,16:46,여객,출발,,A330-300,272,"A,B,C,D"
출발,인천,진에어,LJ351,기타규슈,20250928,16:15,16:45,17:49,여객,지연,공항 및 출입국 절차에 의한 지연,B737-800,189,"H,F,G,L"
출발,인천,델타항공,DL188,애틀랜타,20250928,16:25,16:25,17:05,여객,출발,,A350-900,306,"K,F,G,L"
출발,인천,대한항공,KE041,시애틀,20250928,16:40,16:40,17:10,여객,출발,,A330-300,272,"A,B,C,D"
출발,인천,에어서울,RS703,도쿄/나리타,20250928,16:45,16:45,17:51,여객,지연,공항 및 출입국 절차에 의한 지연,A321,195,"E,F,G,L"
출발,인천,진에어,LJ271,후쿠오카,20250928,17:00,17:31,18:07,여객,지연,공항 및 출입국 절차에 의한 지연,B737-800,189,"H,F,G,L"
출발,인천,대한항공,KE713,도쿄/나리타,20250928,17:05,17:05,18:14,여객,지연,항공교통흐름에 의한 지연,A321neo,182,"A,B,C,D"
출발,인천,진에어,LJ091,푸꾸옥,20250928,17:05,17:05,17:33,여객,출발,,B737-800,189,"H,F,G,L"
출발,인천,대한항공,KE1405,김해,20250928,17:10,17:10,17:55,여객,출발,,B737-900,188,
출발,인천,대한항공,KE485,푸꾸옥,20250928,17:10,17:10,17:57,여객,출발,,B737-900,188,"A,B,C,D"
출발,인천,진에어,LJ009,치앙마이,20250928,17:10,17:43,18:09,여객,지연,공항 및 출입국 절차에 의한 지연,B737-800,189,"H,F,G,L"
출발,인천,대한항공,KE8425,괌,20250928,17:15,17:15,18:19,여객,지연,항공교통흐름에 의한 지연,B737-900,188,"A,B,C,D"
출발,인천,에어부산,BX747,수안나폼(방콕),20250928,17:15,17:15,18:21,여객,지연,공항 및 출입국 절차에 의한 지연,A321,195,"E,F,G,L"
출발,인천,진에어,LJ919,괌,20250928,17:35,18:05,18:28,여객,지연,공항 및 출입국 절차에 의한 지연,B737-800,189,"H,F,G,L"
출발,인천,대한항공,KE629,덴파사(응우라 라이),20250928,17:45,17:45,18:36,여객,지연,항공교통흐름에 의한 지연,A330-300,272,"A,B,C,D"
출발,인천,대한항공,KE663,푸껫,20250928,17:50,17:50,18:25,여객,출발,,B737-900,188,"A,B,C,D"
출발,인천,대한항공,KE411,오클랜드,20250928,18:00,18:00,18:40,여객,지연,항공교통흐름에 의한 지연,B787-9,269,"A,B,C,D"
출발,인천,대한항공,KE651,수안나폼(방콕),20250928,18:05,18:05,18:42,여객,지연,항공교통흐름에 의한 지연,A330-300,272,"A,B,C,D"
출발,인천,대한항공,KE461,다낭,20250928,18:20,18:20,18:57,여객,지연,항공교통흐름에 의한 지연,B737-900,188,"A,B,C,D"
출발,인천,대한항공,KE1407,김해,20250928,18:25,18:25,18:56,여객,출발,,B737-900,188,
출발,인천,대한항공,KE667,치앙마이,20250928,18:25,18:25,19:11,여객,지연,항공교통흐름에 의한 지연,B737-900,188,"A,B,C,D"
출발,인천,대한항공,KE705,도쿄/나리타,20250928,18:35,18:50,19:40,여객,지연,항공기 연결에 의한 지연,A321neo,182,"A,B,C,D"
출발,인천,대한항공,KE871,대련,20250928,18:35,18:35,19:05,여객,출발,,B737-900,188,"A,B,C,D"
출발,인천,대한항공,KE161,쿤밍,20250928,18:40,18:40,19:21,여객,출발,,B737-900,188,"A,B,C,D"
출발,인천,대한항공,KE423,괌,20250928,18:40,18:40,19:15,여객,출발,,B737-900,188,"A,B,C,D"
출발,인천,대한항공,KE645,싱가포르,20250928,18:40,18:40,19:20,여객,지연,항공교통흐름에 의한 지연,A330-300,272,"A,B,C,D"
출발,인천,대한항공,KE781,후쿠오카,20250928,18:40,18:40,19:08,여객,출발,,B737-900,188,"A,B,C,D"
출발,인천,델타항공,DL170,미니애폴리스,20250928,18:40,18:40,19:06,여객,출발,,A350-900,306,"K,F,G,L"
출발,인천,대한항공,KE071,밴쿠버,20250928,18:45,18:45,19:37,여객,지연,항공교통흐름에 의한 지연,B787-9,269,"A,B,C,D"
출발,인천,대한항공,KE453,노이바이(하노이),20250928,18:45,18:45,19:25,여객,지연,항공기 연결에 의한 지연,B737-900,188,"A,B,C,D"
출발,인천,대한항공,KE475,떤 선녓(호찌민),20250928,18:45,19:10,19:39,여객,지연,여객 및 화물처리에 의한 지연,B737-900,188,"A,B,C,D"
출발,인천,대한항공,KE623,마닐라,20250928,18:50,18:50,19:30,여객,지연,여객 및 화물처리에 의한 지연,B737-900,188,"A,B,C,D"
출발,인천,대한항공,KE689,프놈펜,20250928,18:50,19:05,19:58,여객,지연,항공기 연결에 의한 지연,B737-900,188,"A,B,C,D"
출발,인천,대한항공,KE743,나고야,20250928,18:50,18:50,19:34,여객,지연,항공교통흐름에 의한 지연,A321neo,182,"A,B,C,D"
출발,인천,델타항공,DL26,애틀랜타,20250928,18:50,18:50,19:25,여객,출발,,A350-900,306,"K,F,G,L"
출발,인천,대한항공,KE895,푸동,20250928,18:55,19:10,19:32,여객,지연,항공기 연결에 의한 지연,A330-300,272,"A,B,C,D"
출발,인천,대한항공,KE721,간사이,20250928,19:00,19:00,19:42,여객,지연,항공교통흐름에 의한 지연,A321neo,182,"A,B,C,D"
출발,인천,대한항공,KE401,시드니,20250928,19:10,20:05,20:25,여객,지연,여객 및 화물처리에 의한 지연,A380-800,407,"A,B,C,D"
출발,인천,진에어,LJ131,코타키나발루,20250928,19:10,19:26,19:43,여객,지연,운항 기준 및 승무원 관련 지연,B737-800,189,"H,F,G,L"
출발,인천,델타항공,DL196,시애틀,20250928,19:20,19:20,19:45,여객,출발,,A330-900neo,281,"K,F,G,L"
출발,인천,에어서울,RS581,팡라로,20250928,19:25,19:25,19:50,여객,출발,,A321,195,"E,F,G,L"
출발,인천,대한항공,KE085,뉴욕,20250928,19:30,20:00,20:44,여객,지연,기타 원인에 의한 지연,B747-8i,368,"A,B,C,D"
출발,인천,대한항공,KE1431,대구,20250928,19:30,19:30,19:55,여객,출발,,B737-900,188,
출발,인천,대한항공,KE1409,김해,20250928,19:35,19:35,20:01,여객,출발,,B737-900,188,
출발,인천,진에어,LJ917,괌,20250928,19:35,19:55,20:34,여객,지연,공항 및 출입국 절차에 의한 지연,B737-800,189,"H,F,G,L"
출발,인천,델타항공,DL172,솔트레이크시티,20250928,19:40,19:40,20:08,여객,출발,,A350-900,306,"K,F,G,L"
출발,인천,대한항공,KE177,홍콩,20250928,19:45,19:45,20:10,여객,출발,,A321neo,182,"A,B,C,D"
출발,인천,대한항공,KE477,떤 선녓(호찌민),20250928,19:45,20:18,20:40,여객,지연,항공교통흐름에 의한 지연,B737-900,188,"A,B,C,D"
출발,인천,대한항공,KE659,수안나폼(방콕),20250928,19:45,19:45,20:56,여객,지연,항공교통흐름에 의한 지연,B737-900,188,"A,B,C,D"
출발,인천,에어서울,RS527,깜라인(나트랑),20250928,19:50,21:50,22:15,여객,지연,항공기 연결에 의한 지연,A321,195,"E,F,G,L"
출발,인천,진에어,LJ001,수안나폼(방콕),20250928,19:55,20:15,21:08,여객,지연,공항 및 출입국 절차에 의한 지연,B737-800,189,"H,F,G,L"
출발,인천,대한항공,KE467,깜라인(나트랑),20250928,20:00,20:00,20:18,여객,출발,,B737-900,188,"A,B,C,D"
출발,인천,대한항공,KE853,베이징,20250928,20:00,20:00,20:29,여객,출발,,A330-300,272,"A,B,C,D"
출발,인천,대한항공,KE615,세부,20250928,20:05,20:05,20:36,여객,출발,,B737-900,188,"A,B,C,D"
출발,인천,대한항공,KE625,마닐라,20250928,20:15,20:31,20:50,여객,지연,여객 및 화물처리에 의한 지연,B737-900,188,"A,B,C,D"
출발,인천,대한항공,KE011,로스앤젤레스,20250928,20:25,20:25,21:04,여객,지연,공항 및 출입국 절차에 의한 지연,A380-800,407,"A,B,C,D"
출발,인천,진에어,LJ081,다낭,20250928,20:25,21:15,22:11,여객,지연,공항 및 출입국 절차에 의한 지연,B737-800,189,"H,F,G,L"
출발,인천,대한항공,KE719,하네다,20250928,20:30,20:30,21:00,여객,출발,,A321neo,182,"A,B,C,D"
출발,인천,샤먼항공,MF878,푸저우(복주),20250928,20:35,20:35,21:06,여객,출발,,B737-800,168,"J,F,G,L"
출발,인천,중화항공,CI163,타오위안,20250928,20:35,21:55,22:30,여객,지연,항공교통흐름에 의한 지연,A330-300,277,"J,F,G,L"
출발,인천,진에어,LJ087,깜라인(나트랑),20250928,20:40,21:10,21:28,여객,지연,공항 및 출입국 절차에 의한 지연,B737-800,189,"H,F,G,L"
출발,인천,진에어,LJ043,팡라로,20250928,20:50,21:50,22:23,여객,지연,공항 및 출입국 절차에 의한 지연,B737-800,189,"H,F,G,L"
출발,인천,에어서울,RS511,다낭,20250928,20:55,20:55,21:20,여객,출발,,A321,195,"E,F,G,L"
출발,인천,대한항공,KE005,라스베이거스,20250928,21:00,21:00,21:18,여객,출발,,B777-300ER,277,"A,B,C,D"
출발,인천,대한항공,KE053,호놀룰루,20250928,21:05,21:05,21:36,여객,출발,,A330-300,272,"A,B,C,D"
출발,인천,대한항공,KE655,수안나폼(방콕),20250928,21:15,22:05,22:32,여객,지연,여객 및 화물처리에 의한 지연,A330-300,272,"A,B,C,D"
출발,인천,에어부산,BX787,깜라인(나트랑),20250928,21:30,22:40,23:19,여객,지연,항공교통흐름에 의한 지연,A321,195,"E,F,G,L"
출발,인천,진에어,LJ885,엔스 쉬자핑,20250928,21:45,22:15,22:46,여객,지연,공항 및 출입국 절차에 의한 지연,B737-800,189,"H,F,G,L"
출발,인천,네덜란드항공,KL856,암스테르담,20250928,22:25,22:25,22:59,여객,출발,,B787-9,294,"M,F,G,L"
출발,인천,대한항공,KE619,마닐라,20250928,22:35,22:35,23:08,여객,출발,,A330-300,272,"A,B,C,D"
출발,인천,대한항공,KE647,싱가포르,20250928,23:35,23:35,23:58,여객,출발,,B777-300ER,277,"A,B,C,D"
출발,인천,대한항공,KE1401,김해,20250929,06:35,06:35,06:38,여객,출발,,B737-900,188,
출발,인천,에어부산,BX164,도쿄/나리타,20250929,07:15,07:15,07:47,여객,출발,,A321,195,"E,F,G,L"
출발,인천,에어서울,RS711,간사이,20250929,07:15,07:15,07:30,여객,출발,,A321,195,"E,F,G,L"
출발,인천,진에어,LJ261,후쿠오카,20250929,07:15,07:15,07:45,여객,출발,,B737-800,189,"H,F,G,L"
출발,인천,에어부산,BX156,후쿠오카,20250929,07:20,07:20,07:59,여객,지연,항공기 연결에 의한 지연,A321,195,"E,F,G,L"
출발,인천,대한항공,KE787,후쿠오카,20250929,07:25,07:25,08:08,여객,지연,공항 및 출입국 절차에 의한 지연,B737-900,188,"A,B,C,D"
출발,인천,진에어,LJ201,도쿄/나리타,20250929,07:25,07:52,08:23,여객,지연,운항 기준 및 승무원 관련 지연,B737-800,189,"H,F,G,L"
출발,인천,대한항공,KE795,나가사키,20250929,07:30,07:30,07:49,여객,출발,,B737-900,188,"A,B,C,D"
출발,인천,진에어,LJ345,나고야,20250929,07:30,08:00,08:15,여객,지연,운항 기준 및 승무원 관련 지연,B737-800,189,"H,F,G,L"
출발,인천,진에어,LJ231,간사이,20250929,07:40,07:40,08:07,여객,출발,,B737-800,189,"H,F,G,L"
출발,인천,대한항공,KE173,홍콩,20250929,07:45,07:45,08:14,여객,출발,,A321neo,182,"A,B,C,D"
출발,인천,대한항공,KE621,마닐라,20250929,07:50,07:50,08:27,여객,지연,항공기 연결에 의한 지연,B737-900,188,"A,B,C,D"
출발,인천,대한항공,KE845,청도,20250929,07:50,07:50,08:13,여객,출발,,B737-900,188,"A,B,C,D"
출발,인천,진에어,LJ731,타오위안,20250929,07:50,08:07,08:33,여객,지연,운항 기준 및 승무원 관련 지연,B737-800,189,"H,F,G,L"
출발,인천,대한항공,KE131,정저우,20250929,08:00,08:00,08:20,여객,출발,,B737-900,188,"A,B,C,D"
출발,인천,대한항공,KE441,노이바이(하노이),20250929,08:00,08:00,08:16,여객,출발,,A330-300,272,"A,B,C,D"
출발,인천,에어서울,RS705,도쿄/나리타,20250929,08:05,08:05,08:31,여객,출발,,A321,195,"E,F,G,L"
출발,인천,대한항공,KE197,칭기즈칸(신 울란바토르) 국제공항,20250929,08:10,08:10,08:31,여객,출발,,B737-900,188,"A,B,C,D"
출발,인천,대한항공,KE767,아오모리,20250929,08:10,08:10,08:48,여객,출발,,B737-900,188,"A,B,C,D"
출발,인천,진에어,LJ241,간사이,20250929,08:10,08:10,08:37,여객,출발,,B737-800,189,"H,F,G,L"
출발,인천,진에어,LJ357,시모지시마,20250929,08:10,08:10,08:29,여객,출발,,B737-800,189,"H,F,G,L"
출발,인천,진에어,LJ203,도쿄/나리타,20250929,08:15,08:15,08:42,여객,출발,,B737-800,189,"H,F,G,L"
출발,인천,대한항공,KE1403,김해,20250929,08:20,08:20,08:50,여객,출발,,B737-900,188,
출발,인천,진에어,LJ301,삿포로,20250929,08:20,08:40,09:02,여객,지연,공항 및 출입국 절차에 의한 지연,B737-800,189,"H,F,G,L"
출발,인천,대한항공,KE731,고베,20250929,08:25,08:25,08:55,여객,출발,,A321neo,182,"A,B,C,D"
출발,인천,대한항공,KE893,푸동,20250929,08:25,08:25,08:55,여객,출발,,A330-300,272,"A,B,C,D"
출발,인천,에어서울,RS727,후쿠오카,20250929,08:25,08:25,08:53,여객,출발,,A321,195,"E,F,G,L"
출발,인천,에어 프랑스,AF267,파리,20250929,08:30,08:30,09:05,여객,출발,,B777-300ER,296,"M,F,G,L"
출발,인천,대한항공,KE827,선전(심천),20250929,08:40,08:40,09:07,여객,출발,,B737-900,188,"A,B,C,D"
출발,인천,대한항공,KE831,심양,20250929,08:45,08:05,08:24,여객,출발,,B737-900,188,"A,B,C,D"
출발,인천,에어서울,RS741,다카마쓰,20250929,08:45,09:45,10:12,여객,지연,항공기 연결에 의한 지연,A321,195,"E,F,G,L"
출발,인천,대한항공,KE865,광저우,20250929,08:50,09:10,09:32,여객,지연,여객 및 화물처리에 의한 지연,A330-300,272,"A,B,C,D"
출발,인천,대한항공,KE819,창사(장사),20250929,09:00,09:00,09:34,여객,출발,,B737-900,188,"A,B,C,D"
출발,인천,대한항공,KE469,떤 선녓(호찌민),20250929,09:05,09:05,09:31,여객,출발,,A330-300,272,"A,B,C,D"
출발,인천,진에어,LJ361,이시가키,20250929,09:05,09:05,09:36,여객,출발,,B737-800,189,"H,F,G,L"
출발,인천,대한항공,KE805,천진,20250929,09:10,09:10,09:38,여객,출발,,B737-900,188,"A,B,C,D"
출발,인천,대한항공,KE811,시안,20250929,09:10,09:10,09:42,여객,출발,,B737-900,188,"A,B,C,D"
출발,인천,에어부산,BX172,간사이,20250929,09:15,09:15,09:54,여객,지연,지상조업 관련 지연,A321,195,"E,F,G,L"
출발,인천,대한항공,KE035,애틀랜타,20250929,09:20,09:20,09:51,여객,지연,여객 및 화물처리에 의한 지연,B777-300ER,277,"A,B,C,D"
출발,인천,대한항공,KE785,가고시마,20250929,09:20,09:20,09:45,여객,출발,,B737-900,188,"A,B,C,D"
출발,인천,진에어,LJ913,괌,20250929,09:20,09:20,09:42,여객,출발,,B737-800,189,"H,F,G,L"
출발,인천,에어서울,RS701,도쿄/나리타,20250929,09:25,10:15,10:35,여객,지연,항공기 연결에 의한 지연,A321,195,"E,F,G,L"
출발,인천,대한항공,KE031,댈러스,20250929,09:30,09:30,10:09,여객,출발,,B787-9,269,"A,B,C,D"
출발,인천,대한항공,KE091,보스턴,20250929,09:30,09:30,09:57,여객,출발,,B787-9,269,"A,B,C,D"
출발,인천,대한항공,KE657,수안나폼(방콕),20250929,09:30,09:30,09:52,여객,출발,,A330-300,272,"A,B,C,D"
출발,인천,대한항공,KE755,오키나와,20250929,09:30,09:30,09:54,여객,출발,,B737-900,188,"A,B,C,D"
출발,인천,대한항공,KE073,토론토,20250929,09:35,09:35,10:03,여객,출발,,B777-300ER,277,"A,B,C,D"
출발,인천,대한항공,KE723,간사이,20250929,09:35,09:50,10:18,여객,지연,공항 및 출입국 절차에 의한 지연,A321neo,182,"A,B,C,D"
출발,인천,대한항공,KE421,괌,20250929,09:45,09:45,10:04,여객,출발,,B737-900,188,"A,B,C,D"
출발,인천,진에어,LJ205,도쿄/나리타,20250929,09:45,09:45,10:06,여객,출발,,B737-800,189,"H,F,G,L"
출발,인천,진에어,LJ341,오키나와,20250929,09:55,09:55,10:28,여객,출발,,B737-800,189,"H,F,G,L"
출발,인천,대한항공,KE081,뉴욕,20250929,10:00,10:00,10:32,여객,출발,,A380-800,407,"A,B,C,D"
출발,인천,대한항공,KE703,도쿄/나리타,20250929,10:05,10:05,10:30,여객,출발,,A321neo,182,"A,B,C,D"
출발,인천,대한항공,KE765,삿포로,20250929,10:05,10:30,10:56,여객,지연,항공기 연결에 의한 지연,B737-900,188,"A,B,C,D"
출발,인천,진에어,LJ233,간사이,20250929,10:10,10:10,10:44,여객,출발,,B737-800,189,"H,F,G,L"
출발,인천,델타항공,DL158,디트로이트,20250929,10:15,10:15,10:27,여객,출발,,A350-900,306,"K,F,G,L"
출발,인천,대한항공,KE125,샤먼 가오치,20250929,10:20,10:20,10:34,여객,출발,,B737-900,188,"A,B,C,D"
출발,인천,대한항공,KE169,마카오,20250929,10:20,10:20,10:41,여객,출발,,A321neo,182,"A,B,C,D"
출발,인천,대한항공,KE093,워싱톤,20250929,10:25,10:25,10:50,여객,출발,,B777-300ER,277,"A,B,C,D"
출발,인천,대한항공,KE101,남경,20250929,10:25,10:25,11:06,여객,출발,,A321neo,182,"A,B,C,D"
출발,인천,대한항공,KE937,비엔나,20250929,10:25,10:25,10:53,여객,출발,,B787-9,269,"A,B,C,D"
출발,인천,대한항공,KE185,타오위안,20250929,10:30,10:30,11:04,여객,출발,,A321neo,182,"A,B,C,D"
출발,인천,가루다인도네시아,GA879,자카르타(수카르노 하타),20250929,10:35,10:35,10:51,여객,출발,,A330-900neo,301,"J,F,G,L"
출발,인천,대한항공,KE741,나고야,20250929,10:35,10:35,11:06,여객,출발,,A321neo,182,"A,B,C,D"
출발,인천,대한항공,KE037,시카고,20250929,10:40,10:40,11:02,여객,출발,,B777-300ER,277,"A,B,C,D"
출발,인천,대한항공,KE855,베이징,20250929,10:40,10:40,11:11,여객,출발,,A330-300,272,"A,B,C,D"
출발,인천,대한항공,KE969,프라하,20250929,10:45,10:45,11:19,여객,출발,,B787-9,269,"A,B,C,D"
출발,인천,대한항공,KE457,다낭,20250929,10:55,10:55,11:29,여객,출발,,B737-900,188,"A,B,C,D"
출발,인천,대한항공,KE907,런던히드로,20250929,10:55,11:25,12:11,여객,지연,공항 및 출입국 절차에 의한 지연,A380-800,407,"A,B,C,D"
출발,인천,대한항공,KE791,후쿠오카,20250929,11:05,11:05,11:33,여객,출발,,B737-900,188,"A,B,C,D"
출발,인천,대한항공,KE897,푸동,20250929,11:10,11:10,11:41,여객,출발,,B777-300ER,277,"A,B,C,D"
출발,인천,대한항공,KE901,파리,20250929,11:10,11:10,11:38,여객,출발,,B777-300ER,277,"A,B,C,D"
출발,인천,가루다인도네시아,GA871,덴파사(응우라 라이),20250929,11:25,11:25,11:48,여객,출발,,A330-300,251,"J,F,G,L"
출발,인천,에어부산,BX158,후쿠오카,20250929,11:25,11:25,11:52,여객,출발,,A321,195,"E,F,G,L"
출발,인천,진에어,LJ269,후쿠오카,20250929,11:30,11:30,12:04,여객,출발,,B737-800,189,"H,F,G,L"
출발,인천,아에로멕시코,AM091,멕시코시티,20250929,11:40,11:40,12:18,여객,출발,,B787-9,274,"H,F,G,L"
출발,인천,대한항공,KE925,암스테르담,20250929,11:55,11:55,12:20,여객,출발,,B777-300ER,277,"A,B,C,D"
출발,인천,대한항공,KE107,항저우,20250929,12:00,12:00,12:34,여객,출발,,A321neo,182,"A,B,C,D"
출발,인천,중화항공,CI165,가오슝,20250929,12:05,12:05,12:37,여객,출발,,A321neo,180,"J,F,G,L"
출발,인천,진에어,LJ263,후쿠오카,20250929,12:10,12:10,12:35,여객,출발,,B737-800,189,"H,F,G,L"
출발,인천,대한항공,KE769,삿포로,20250929,12:35,12:35,13:04,여객,출발,,B737-900,188,"A,B,C,D"
출발,인천,대한항공,KE803,천진,20250929,12:35,12:35,12:58,여객,출발,,B737-900,188,"A,B,C,D"
출발,인천,대한항공,KE963,부다페스트,20250929,12:35,12:35,13:23,여객,지연,여객 및 화물처리에 의한 지연,B787-9,269,"A,B,C,D"
출발,인천,중화항공,CI161,타오위안,20250929,12:35,12:35,12:56,여객,출발,,A330-300,277,"J,F,G,L"
출발,인천,에어부산,BX174,간사이,20250929,12:40,12:40,13:12,여객,출발,,A321,195,"E,F,G,L"
출발,인천,대한항공,KE711,도쿄/나리타,20250929,13:00,13:00,13:51,여객,지연,항공교통흐름에 의한 지연,A321neo,182,"A,B,C,D"
출발,인천,대한항공,KE869,대련,20250929,13:00,13:15,14:04,여객,지연,항공기 연결에 의한 지연,B737-900,188,"A,B,C,D"
출발,인천,대한항공,KE843,청도,20250929,13:05,13:05,13:41,여객,지연,항공기 연결에 의한 지연,B737-900,188,"A,B,C,D"
출발,인천,에어서울,RS713,간사이,20250929,13:15,13:15,13:58,여객,지연,공항 및 출입국 절차에 의한 지연,A321,195,"E,F,G,L"
출발,인천,대한항공,KE931,로마,20250929,13:20,13:20,14:00,여객,지연,항공교통흐름에 의한 지연,B777-300ER,277,"A,B,C,D"
출발,인천,대한항공,KE135,허페이,20250929,13:25,13:25,14:11,여객,지연,항공교통흐름에 의한 지연,B737-900,188,"A,B,C,D"
출발,인천,대한항공,KE175,홍콩,20250929,13:25,13:25,14:02,여객,출발,,A321neo,182,"A,B,C,D"
출발,인천,대한항공,KE951,두바이,20250929,13:25,13:25,14:16,여객,지연,여객 및 화물처리에 의한 지연,B777-300ER,277,"A,B,C,D"
출발,인천,샤먼항공,MF872,샤먼 가오치,20250929,13:30,13:46,14:06,여객,지연,공항 및 출입국 절차에 의한 지연,B737-800,168,"J,F,G,L"
출발,인천,대한항공,KE695,카트만두,20250929,13:35,13:35,14:22,여객,지연,여객 및 화물처리에 의한 지연,A330-300,272,"A,B,C,D"
출발,인천,에어서울,RS745,요나고,20250929,13:35,13:35,14:07,여객,출발,,A321,195,"E,F,G,L"
출발,인천,대한항공,KE927,밀라노,20250929,13:40,14:00,14:39,여객,지연,항공기 연결에 의한 지연,B787-9,269,"A,B,C,D"
출발,인천,대한항공,KE955,이스탄불,20250929,13:40,13:40,14:24,여객,지연,운항 기준 및 승무원 관련 지연,B777-300ER,277,"A,B,C,D"
출발,인천,대한항공,KE789,후쿠오카,20250929,13:45,13:45,14:21,여객,지연,항공기 정비에 의한 지연,B737-900,188,"A,B,C,D"
출발,인천,진에어,LJ207,도쿄/나리타,20250929,13:50,14:18,14:37,여객,지연,항공기 연결에 의한 지연,B737-800,189,"H,F,G,L"
출발,인천,진에어,LJ861,청도,20250929,13:50,14:11,14:31,여객,지연,공항 및 출입국 절차에 의한 지연,B737-800,189,"H,F,G,L"
출발,인천,에어서울,RS723,후쿠오카,20250929,14:25,15:11,15:47,여객,지연,항공기 연결에 의한 지연,A321,195,"E,F,G,L"
출발,인천,대한항공,KE017,로스앤젤레스,20250929,14:30,14:30,15:00,여객,출발,,B747-8i,368,"A,B,C,D"
출발,인천,진에어,LJ359,다카마쓰,20250929,14:30,14:47,15:09,여객,지연,공항 및 출입국 절차에 의한 지연,B737-800,189,"H,F,G,L"
출발,인천,대한항공,KE833,심양,20250929,14:35,14:35,15:07,여객,출발,,B737-900,188,"A,B,C,D"
출발,인천,진에어,LJ237,간사이,20250929,14:40,14:47,15:21,여객,지연,공항 및 출입국 절차에 의한 지연,B737-800,189,"H,F,G,L"
출발,인천,대한항공,KE643,싱가포르,20250929,14:45,14:45,15:17,여객,출발,,A330-300,272,"A,B,C,D"
출발,인천,진에어,LJ209,도쿄/나리타,20250929,14:45,15:08,15:28,여객,지연,공항 및 출입국 절차에 의한 지연,B737-800,189,"H,F,G,L"
출발,인천,대한항공,KE725,간사이,20250929,14:55,14:55,15:45,여객,지연,여객 및 화물처리에 의한 지연,A321neo,182,"A,B,C,D"
출발,인천,대한항공,KE627,자카르타(수카르노 하타),20250929,15:10,15:10,15:53,여객,지연,항공교통흐름에 의한 지연,A330-300,272,"A,B,C,D"
출발,인천,대한항공,KE189,타이중,20250929,15:15,15:15,16:00,여객,지연,항공교통흐름에 의한 지연,A321neo,182,"A,B,C,D"
출발,인천,에어서울,RS715,간사이,20250929,15:20,15:20,16:06,여객,지연,공항 및 출입국 절차에 의한 지연,A321,195,"E,F,G,L"
출발,인천,에어부산,BX176,간사이,20250929,15:25,15:25,16:10,여객,출발,,A321,195,"E,F,G,L"
출발,인천,진에어,LJ211,도쿄/나리타,20250929,15:35,16:15,16:34,여객,지연,운항 기준 및 승무원 관련 지연,B737-800,189,"H,F,G,L"
출발,인천,대한항공,KE671,쿠알라룸푸르,20250929,15:40,15:40,16:21,여객,출발,,A330-300,272,"A,B,C,D"
출발,인천,대한항공,KE733,고베,20250929,15:50,15:50,16:27,여객,지연,항공교통흐름에 의한 지연,A321neo,182,"A,B,C,D"
출발,인천,에어부산,BX166,도쿄/나리타,20250929,15:50,15:50,16:30,여객,지연,공항 및 출입국 절차에 의한 지연,A321,195,"E,F,G,L"
출발,인천,대한항공,KE023,샌프란시스코,20250929,16:00,16:00,16:38,여객,지연,항공교통흐름에 의한 지연,B777-300ER,277,"A,B,C,D"
출발,인천,진에어,LJ265,후쿠오카,20250929,16:00,16:36,17:04,여객,지연,공항 및 출입국 절차에 의한 지연,B737-800,189,"H,F,G,L"
출발,인천,진에어,LJ239,간사이,20250929,16:05,16:35,17:13,여객,지연,항공기 연결에 의한 지연,B737-800,189,"H,F,G,L"
출발,인천,진에어,LJ347,나고야,20250929,16:05,16:34,16:58,여객,지연,공항 및 출입국 절차에 의한 지연,B737-800,189,"H,F,G,L"
출발,인천,대한항공,KE187,타오위안,20250929,16:10,16:10,17:06,여객,지연,항공기 연결에 의한 지연,A321neo,182,"A,B,C,D"
출발,인천,대한항공,KE633,덴파사(응우라 라이),20250929,16:10,16:10,16:40,여객,출발,,A330-300,272,"A,B,C,D"
출발,인천,진에어,LJ351,기타규슈,20250929,16:15,16:15,17:00,여객,지연,,B737-800,189,"H,F,G,L"
출발,인천,델타항공,DL188,애틀랜타,20250929,16:25,16:45,17:09,여객,지연,공항 및 출입국 절차에 의한 지연,A350-900,306,"K,F,G,L"
출발,인천,대한항공,KE041,시애틀,20250929,16:40,16:40,17:24,여객,지연,공항 및 출입국 절차에 의한 지연,A330-300,272,"A,B,C,D"
출발,인천,에어서울,RS703,도쿄/나리타,20250929,16:45,16:45,17:36,여객,지연,항공기 연결에 의한 지연,A321,195,"E,F,G,L"
출발,인천,진에어,LJ271,후쿠오카,20250929,17:00,17:08,17:45,여객,지연,공항 및 출입국 절차에 의한 지연,B737-800,189,"H,F,G,L"
출발,인천,대한항공,KE713,도쿄/나리타,20250929,17:05,17:05,17:54,여객,지연,항공기 연결에 의한 지연,A321neo,182,"A,B,C,D"
출발,인천,진에어,LJ091,푸꾸옥,20250929,17:05,17:37,18:07,여객,지연,항공기 연결에 의한 지연,B737-800,189,"H,F,G,L"
출발,인천,대한항공,KE1405,김해,20250929,17:10,17:10,17:43,여객,출발,,B737-900,188,
출발,인천,대한항공,KE485,푸꾸옥,20250929,17:10,17:10,17:38,여객,출발,,B737-900,188,"A,B,C,D"
출발,인천,진에어,LJ009,치앙마이,20250929,17:10,17:27,17:47,여객,지연,공항 및 출입국 절차에 의한 지연,B737-800,189,"H,F,G,L"
출발,인천,대한항공,KE489,양곤,20250929,17:15,17:15,17:51,여객,지연,항공교통흐름에 의한 지연,B737-900,188,"A,B,C,D"
출발,인천,대한항공,KE8425,괌,20250929,17:15,17:15,17:41,여객,출발,,B737-900,188,"A,B,C,D"
출발,인천,에어부산,BX747,수안나폼(방콕),20250929,17:15,17:15,17:53,여객,출발,,A321,195,"E,F,G,L"
출발,인천,진에어,LJ919,괌,20250929,17:35,17:35,18:04,여객,출발,,B737-800,189,"H,F,G,L"
출발,인천,대한항공,KE629,덴파사(응우라 라이),20250929,17:45,17:45,18:12,여객,출발,,A330-300,272,"A,B,C,D"
출발,인천,대한항공,KE663,푸껫,20250929,17:50,17:50,18:19,여객,출발,,B737-900,188,"A,B,C,D"
출발,인천,대한항공,KE411,오클랜드,20250929,18:00,18:15,18:40,여객,지연,항공기 연결에 의한 지연,B787-9,269,"A,B,C,D"
출발,인천,대한항공,KE651,수안나폼(방콕),20250929,18:05,18:05,18:36,여객,출발,,A330-300,272,"A,B,C,D"
출발,인천,대한항공,KE461,다낭,20250929,18:20,18:30,18:55,여객,출발,,B737-900,188,"A,B,C,D"
출발,인천,대한항공,KE1407,김해,20250929,18:25,18:25,18:44,여객,출발,,B737-900,188,
출발,인천,대한항공,KE667,치앙마이,20250929,18:25,18:25,18:48,여객,출발,,B737-900,188,"A,B,C,D"
출발,인천,대한항공,KE705,도쿄/나리타,20250929,18:35,18:55,19:35,여객,지연,항공기 연결에 의한 지연,A321neo,182,"A,B,C,D"
출발,인천,대한항공,KE871,대련,20250929,18:35,18:35,19:20,여객,지연,항공기 연결에 의한 지연,B737-900,188,"A,B,C,D"
출발,인천,대한항공,KE161,쿤밍,20250929,18:40,18:40,19:11,여객,출발,,B737-900,188,"A,B,C,D"
출발,인천,대한항공,KE423,괌,20250929,18:40,18:40,19:03,여객,출발,,B737-900,188,"A,B,C,D"
출발,인천,대한항공,KE645,싱가포르,20250929,18:40,19:00,19:26,여객,지연,항공기 연결에 의한 지연,A330-300,272,"A,B,C,D"
출발,인천,대한항공,KE781,후쿠오카,20250929,18:40,18:40,19:07,여객,출발,,B737-900,188,"A,B,C,D"
출발,인천,델타항공,DL170,미니애폴리스,20250929,18:40,18:40,19:04,여객,출발,,A350-900,306,"K,F,G,L"
출발,인천,대한항공,KE071,밴쿠버,20250929,18:45,18:45,19:37,여객,지연,항공기 정비에 의한 지연,B787-9,269,"A,B,C,D"
출발,인천,대한항공,KE453,노이바이(하노이),20250929,18:45,18:45,19:22,여객,지연,항공교통흐름에 의한 지연,B737-900,188,"A,B,C,D"
출발,인천,대한항공,KE475,떤 선녓(호찌민),20250929,18:45,18:45,19:36,여객,지연,,B737-900,188,"A,B,C,D"
출발,인천,대한항공,KE623,마닐라,20250929,18:50,19:10,19:45,여객,지연,항공기 연결에 의한 지연,B737-900,188,"A,B,C,D"
출발,인천,대한항공,KE689,프놈펜,20250929,18:50,18:50,19:31,여객,지연,항공기 연결에 의한 지연,B737-900,188,"A,B,C,D"
출발,인천,대한항공,KE743,나고야,20250929,18:50,18:50,19:33,여객,출발,,A321neo,182,"A,B,C,D"
출발,인천,델타항공,DL26,애틀랜타,20250929,18:50,18:50,19:24,여객,출발,,A350-900,306,"K,F,G,L"
출발,인천,대한항공,KE895,푸동,20250929,18:55,19:15,19:49,여객,지연,,A330-300,272,"A,B,C,D"
출발,인천,대한항공,KE721,간사이,20250929,19:00,19:00,19:39,여객,출발,,A321neo,182,"A,B,C,D"
출발,인천,대한항공,KE401,시드니,20250929,19:10,19:10,19:46,여객,출발,,A380-800,407,"A,B,C,D"
출발,인천,진에어,LJ131,코타키나발루,20250929,19:10,19:10,19:34,여객,출발,,B737-800,189,"H,F,G,L"
출발,인천,델타항공,DL196,시애틀,20250929,19:20,20:28,20:46,여객,지연,항공기 연결에 의한 지연,A330-900neo,281,"K,F,G,L"
출발,인천,에어서울,RS581,팡라로,20250929,19:25,19:25,19:53,여객,출발,,A321,195,"E,F,G,L"
출발,인천,대한항공,KE085,뉴욕,20250929,19:30,19:30,20:16,여객,지연,기타 원인에 의한 지연,B747-8i,368,"A,B,C,D"
출발,인천,대한항공,KE1431,대구,20250929,19:30,19:30,19:55,여객,출발,,B737-900,188,
출발,인천,대한항공,KE1409,김해,20250929,19:35,19:35,20:07,여객,출발,,B737-900,188,
출발,인천,진에어,LJ917,괌,20250929,19:35,19:59,20:22,여객,지연,항공기 연결에 의한 지연,B737-800,189,"H,F,G,L"
출발,인천,델타항공,DL172,솔트레이크시티,20250929,19:40,19:40,20:03,여객,출발,,A350-900,306,"K,F,G,L"
출발,인천,대한항공,KE177,홍콩,20250929,19:45,19:45,20:09,여객,출발,,A321neo,182,"A,B,C,D"
출발,인천,대한항공,KE477,떤 선녓(호찌민),20250929,19:45,19:45,20:29,여객,지연,,B737-900,188,"A,B,C,D"
출발,인천,대한항공,KE659,수안나폼(방콕),20250929,19:45,19:45,20:24,여객,지연,여객 및 화물처리에 의한 지연,B737-900,188,"A,B,C,D"
출발,인천,에어서울,RS527,깜라인(나트랑),20250929,19:50,19:50,20:41,여객,지연,공항 및 출입국 절차에 의한 지연,A321,195,"E,F,G,L"
출발,인천,진에어,LJ001,수안나폼(방콕),20250929,19:55,20:20,20:49,여객,지연,공항 및 출입국 절차에 의한 지연,B737-800,189,"H,F,G,L"
출발,인천,대한항공,KE467,깜라인(나트랑),20250929,20:00,20:00,20:37,여객,출발,,B737-900,188,"A,B,C,D"
출발,인천,대한항공,KE853,베이징,20250929,20:00,20:00,20:35,여객,출발,,A330-300,272,"A,B,C,D"
출발,인천,대한항공,KE407,브리즈번,20250929,20:05,20:05,20:38,여객,출발,,A330-300,272,"A,B,C,D"
출발,인천,대한항공,KE615,세부,20250929,20:05,20:05,20:47,여객,지연,항공교통흐름에 의한 지연,B737-900,188,"A,B,C,D"
출발,인천,대한항공,KE625,마닐라,20250929,20:15,20:15,21:06,여객,지연,,B737-900,188,"A,B,C,D"
출발,인천,대한항공,KE011,로스앤젤레스,20250929,20:25,20:25,21:12,여객,지연,지상조업 관련 지연,A380-800,407,"A,B,C,D"
출발,인천,진에어,LJ081,다낭,20250929,20:25,20:55,21:16,여객,지연,항공교통흐름에 의한 지연,B737-800,189,"H,F,G,L"
출발,인천,대한항공,KE719,하네다,20250929,20:30,20:30,21:05,여객,출발,,A321neo,182,"A,B,C,D"
출발,인천,샤먼항공,MF878,푸저우(복주),20250929,20:35,20:35,20:51,여객,출발,,B737-800,168,"J,F,G,L"
출발,인천,중화항공,CI163,타오위안,20250929,20:35,20:35,21:04,여객,출발,,A330-300,277,"J,F,G,L"
출발,인천,진에어,LJ087,깜라인(나트랑),20250929,20:40,21:01,21:22,여객,지연,항공교통흐름에 의한 지연,B737-800,189,"H,F,G,L"
출발,인천,진에어,LJ043,팡라로,20250929,20:50,20:50,21:20,여객,출발,,B737-800,189,"H,F,G,L"
출발,인천,에어서울,RS511,다낭,20250929,20:55,21:30,21:49,여객,지연,항공기 연결에 의한 지연,A321,195,"E,F,G,L"
출발,인천,대한항공,KE005,라스베이거스,20250929,21:00,21:00,21:25,여객,출발,,B777-300ER,277,"A,B,C,D"
출발,인천,대한항공,KE053,호놀룰루,20250929,21:05,21:05,21:36,여객,출발,,A330-300,272,"A,B,C,D"
출발,인천,대한항공,KE655,수안나폼(방콕),20250929,21:15,21:15,21:47,여객,출발,,A330-300,272,"A,B,C,D"
출발,인천,진에어,LJ037,클라크,20250929,21:25,21:45,22:00,여객,지연,운항 기준 및 승무원 관련 지연,B737-800,189,"H,F,G,L"
출발,인천,네덜란드항공,KL856,암스테르담,20250929,22:25,22:25,22:37,여객,출발,,B787-9,294,"M,F,G,L"
출발,인천,대한항공,KE619,마닐라,20250929,22:35,22:35,23:05,여객,출발,,A330-300,272,"A,B,C,D"
출발,인천,대한항공,KE075,밴쿠버,20250929,22:40,22:40,23:18,여객,출발,,B787-9,269,"A,B,C,D"
출발,인천,대한항공,KE647,싱가포르,20250929,23:35,23:35,23:53,여객,출발,,B777-300ER,277,"A,B,C,D"
출발,인천,스칸디나비아항공,SK988,코펜하겐,20250929,23:45,23:45,23:55,여객,출발,,A350-900,300,"K,F,G,L"
출발,인천,대한항공,KE1401,김해,20250930,06:35,06:35,06:48,여객,출발,,B737-900,188,
출발,인천,에어부산,BX164,도쿄/나리타,20250930,07:15,07:15,07:48,여객,지연,여객 및 화물처리에 의한 지연,A321,195,"E,F,G,L"
출발,인천,에어서울,RS711,간사이,20250930,07:15,07:15,07:55,여객,지연,공항 및 출입국 절차에 의한 지연,A321,195,"E,F,G,L"
출발,인천,진에어,LJ261,후쿠오카,20250930,07:15,07:15,07:42,여객,출발,,B737-800,189,"H,F,G,L"
출발,인천,에어부산,BX156,후쿠오카,20250930,07:20,07:20,07:40,여객,출발,,A321,195,"E,F,G,L"
출발,인천,에어서울,RS727,후쿠오카,20250930,07:20,07:20,07:50,여객,출발,,A321,195,"E,F,G,L"
출발,인천,대한항공,KE787,후쿠오카,20250930,07:25,07:25,07:53,여객,출발,,B737-900,188,"A,B,C,D"
출발,인천,진에어,LJ201,도쿄/나리타,20250930,07:25,07:25,07:44,여객,출발,,B737-800,189,"H,F,G,L"
출발,인천,대한항공,KE771,오카야마,20250930,07:30,07:30,08:02,여객,출발,,B737-900,188,"A,B,C,D"
출발,인천,진에어,LJ345,나고야,20250930,07:30,07:48,08:10,여객,지연,공항 및 출입국 절차에 의한 지연,B737-800,189,"H,F,G,L"
출발,인천,진에어,LJ231,간사이,20250930,07:40,07:40,08:06,여객,출발,,B737-800,189,"H,F,G,L"
출발,인천,대한항공,KE173,홍콩,20250930,07:45,08:09,08:31,여객,지연,여객 및 화물처리에 의한 지연,A321neo,182,"A,B,C,D"
출발,인천,대한항공,KE621,마닐라,20250930,07:50,08:00,08:35,여객,지연,여객 및 화물처리에 의한 지연,B737-900,188,"A,B,C,D"
출발,인천,대한항공,KE845,청도,20250930,07:50,07:50,08:10,여객,출발,,B737-900,188,"A,B,C,D"
출발,인천,진에어,LJ731,타오위안,20250930,07:50,07:50,08:20,여객,출발,,B737-800,189,"H,F,G,L"
출발,인천,대한항공,KE131,정저우,20250930,08:00,08:00,08:22,여객,출발,,B737-900,188,"A,B,C,D"
출발,인천,대한항공,KE441,노이바이(하노이),20250930,08:00,08:00,08:23,여객,출발,,A330-300,272,"A,B,C,D"
출발,인천,대한항공,KE197,칭기즈칸(신 울란바토르) 국제공항,20250930,08:10,08:10,08:29,여객,출발,,B737-900,188,"A,B,C,D"
출발,인천,에어서울,RS705,도쿄/나리타,20250930,08:10,08:10,08:29,여객,출발,,A321,195,"E,F,G,L"
출발,인천,진에어,LJ241,간사이,20250930,08:10,08:10,08:35,여객,출발,,B737-800,189,"H,F,G,L"
출발,인천,대한항공,KE859,베이징,20250930,08:15,08:15,08:47,여객,출발,,B777-300ER,277,"A,B,C,D"
출발,인천,진에어,LJ203,도쿄/나리타,20250930,08:15,08:15,08:32,여객,출발,,B737-800,189,"H,F,G,L"
출발,인천,대한항공,KE127,푸저우(복주),20250930,08:20,08:20,08:50,여객,출발,,B737-900,188,"A,B,C,D"
출발,인천,대한항공,KE1403,김해,20250930,08:20,08:20,08:43,여객,출발,,B737-900,188,
출발,인천,진에어,LJ301,삿포로,20250930,08:20,08:20,08:44,여객,출발,,B737-800,189,"H,F,G,L"
출발,인천,대한항공,KE731,고베,20250930,08:25,08:25,08:53,여객,출발,,A321neo,182,"A,B,C,D"
출발,인천,대한항공,KE893,푸동,20250930,08:25,08:25,08:41,여객,출발,,A330-300,272,"A,B,C,D"
출발,인천,에어 프랑스,AF267,파리,20250930,08:30,08:30,08:59,여객,출발,,B777-300ER,296,"M,F,G,L"
출발,인천,대한항공,KE827,선전(심천),20250930,08:40,08:40,09:14,여객,출발,,B737-900,188,"A,B,C,D"
출발,인천,대한항공,KE831,심양,20250930,08:45,08:30,08:40,여객,지연,항공기 연결에 의한 지연,B737-900,188,"A,B,C,D"
출발,인천,에어서울,RS741,다카마쓰,20250930,08:45,08:45,09:01,여객,출발,,A321,195,"E,F,G,L"
출발,인천,대한항공,KE137,우한,20250930,08:50,08:50,09:19,여객,출발,,B737-900,188,"A,B,C,D"
출발,인천,대한항공,KE865,광저우,20250930,08:50,08:50,09:21,여객,출발,,A330-300,272,"A,B,C,D"
출발,인천,대한항공,KE469,떤 선녓(호찌민),20250930,09:05,09:05,09:29,여객,출발,,A330-300,272,"A,B,C,D"
출발,인천,진에어,LJ361,이시가키,20250930,09:05,09:05,09:23,여객,출발,,B737-800,189,"H,F,G,L"
출발,인천,대한항공,KE805,천진,20250930,09:10,09:10,09:34,여객,출발,,B737-900,188,"A,B,C,D"
출발,인천,대한항공,KE811,시안,20250930,09:10,09:10,09:38,여객,출발,,B737-900,188,"A,B,C,D"
출발,인천,에어부산,BX172,간사이,20250930,09:15,09:15,09:35,여객,출발,,A321,195,"E,F,G,L"
출발,인천,대한항공,KE035,애틀랜타,20250930,09:20,09:20,09:44,여객,출발,,B777-300ER,277,"A,B,C,D"
출발,인천,진에어,LJ913,괌,20250930,09:20,09:20,09:39,여객,출발,,B737-800,189,"H,F,G,L"
출발,인천,에어서울,RS701,도쿄/나리타,20250930,09:25,09:25,09:38,여객,출발,,A321,195,"E,F,G,L"
출발,인천,대한항공,KE031,댈러스,20250930,09:30,09:30,09:50,여객,출발,,B787-9,269,"A,B,C,D"
출발,인천,대한항공,KE091,보스턴,20250930,09:30,09:30,09:53,여객,출발,,B787-9,269,"A,B,C,D"
출발,인천,대한항공,KE657,수안나폼(방콕),20250930,09:30,10:00,10:07,여객,지연,항공기 정비에 의한 지연,A330-300,272,"A,B,C,D"
출발,인천,대한항공,KE755,오키나와,20250930,09:30,09:30,09:59,여객,출발,,B737-900,188,"A,B,C,D"
출발,인천,대한항공,KE777,구마모토,20250930,09:30,09:30,09:59,여객,출발,,B737-900,188,"A,B,C,D"
출발,인천,대한항공,KE073,토론토,20250930,09:35,09:35,10:08,여객,출발,,B777-300ER,277,"A,B,C,D"
출발,인천,대한항공,KE723,간사이,20250930,09:35,09:35,10:02,여객,출발,,A321neo,182,"A,B,C,D"
출발,인천,대한항공,KE763,니가타,20250930,09:40,09:40,10:10,여객,출발,,B737-900,188,"A,B,C,D"
출발,인천,대한항공,KE421,괌,20250930,09:45,09:45,10:03,여객,출발,,B737-900,188,"A,B,C,D"
출발,인천,진에어,LJ205,도쿄/나리타,20250930,09:45,09:45,10:05,여객,출발,,B737-800,189,"H,F,G,L"
출발,인천,대한항공,KE913,마드리드,20250930,09:55,09:55,10:22,여객,출발,,B787-9,269,"A,B,C,D"
출발,인천,진에어,LJ341,오키나와,20250930,09:55,09:55,10:17,여객,출발,,B737-800,189,"H,F,G,L"
출발,인천,대한항공,KE081,뉴욕,20250930,10:00,10:00,10:39,여객,지연,공항 및 출입국 절차에 의한 지연,A380-800,407,"A,B,C,D"
출발,인천,대한항공,KE765,삿포로,20250930,10:05,10:05,10:21,여객,출발,,B737-900,188,"A,B,C,D"
출발,인천,대한항공,KE703,도쿄/나리타,20250930,10:10,10:10,10:32,여객,출발,,A321neo,182,"A,B,C,D"
출발,인천,진에어,LJ233,간사이,20250930,10:10,10:10,10:29,여객,출발,,B737-800,189,"H,F,G,L"
출발,인천,델타항공,DL158,디트로이트,20250930,10:15,10:15,10:24,여객,출발,,A350-900,306,"K,F,G,L"
출발,인천,대한항공,KE125,샤먼 가오치,20250930,10:20,10:35,10:56,여객,지연,항공교통흐름에 의한 지연,B737-900,188,"A,B,C,D"
출발,인천,대한항공,KE169,마카오,20250930,10:20,10:20,10:37,여객,출발,,A321neo,182,"A,B,C,D"
출발,인천,대한항공,KE093,워싱톤,20250930,10:25,10:25,10:48,여객,출발,,B777-300ER,277,"A,B,C,D"
출발,인천,대한항공,KE185,타오위안,20250930,10:30,10:30,10:49,여객,출발,,A321neo,182,"A,B,C,D"
출발,인천,가루다인도네시아,GA879,자카르타(수카르노 하타),20250930,10:35,10:35,10:54,여객,출발,,A330-900neo,301,"J,F,G,L"
출발,인천,대한항공,KE741,나고야,20250930,10:35,10:35,10:51,여객,출발,,A321neo,182,"A,B,C,D"
출발,인천,대한항공,KE037,시카고,20250930,10:40,10:40,11:15,여객,출발,,B777-300ER,277,"A,B,C,D"
출발,인천,대한항공,KE457,다낭,20250930,10:55,10:55,11:25,여객,출발,,B737-900,188,"A,B,C,D"
출발,인천,대한항공,KE907,런던히드로,20250930,10:55,10:55,11:32,여객,출발,,A380-800,407,"A,B,C,D"
출발,인천,대한항공,KE791,후쿠오카,20250930,11:05,11:27,11:45,여객,지연,항공교통흐름에 의한 지연,B737-900,188,"A,B,C,D"
출발,인천,대한항공,KE917,취리히,20250930,11:05,11:05,11:59,여객,지연,항공교통흐름에 의한 지연,B787-9,269,"A,B,C,D"
출발,인천,대한항공,KE945,프랑크푸르트,20250930,11:05,11:05,11:47,여객,지연,항공교통흐름에 의한 지연,A380-800,407,"A,B,C,D"
출발,인천,대한항공,KE897,푸동,20250930,11:10,12:05,13:14,여객,지연,항공기 연결에 의한 지연,B777-300ER,277,"A,B,C,D"
출발,인천,대한항공,KE901,파리,20250930,11:10,11:54,12:14,여객,지연,항공교통흐름에 의한 지연,B777-300ER,277,"A,B,C,D"
출발,인천,가루다인도네시아,GA871,덴파사(응우라 라이),20250930,11:25,11:25,11:54,여객,출발,,A330-300,251,"J,F,G,L"
출발,인천,에어부산,BX158,후쿠오카,20250930,11:25,11:25,11:51,여객,지연,공항 및 출입국 절차에 의한 지연,A321,195,"E,F,G,L"
출발,인천,아에로멕시코,AM091,멕시코시티,20250930,11:40,11:40,13:53,여객,지연,항공기 정비에 의한 지연,B787-9,274,"H,F,G,L"
출발,인천,대한항공,KE925,암스테르담,20250930,11:55,11:55,12:31,여객,지연,항공교통흐름에 의한 지연,B777-300ER,277,"A,B,C,D"
출발,인천,중화항공,CI165,가오슝,20250930,12:05,12:05,12:13,여객,출발,,A321neo,180,"J,F,G,L"
출발,인천,진에어,LJ263,후쿠오카,20250930,12:10,12:10,12:28,여객,출발,,B737-800,189,"H,F,G,L"
출발,인천,에어서울,RS811,장가계,20250930,12:20,12:20,12:31,여객,출발,,A321,195,"E,F,G,L"
출발,인천,대한항공,KE769,삿포로,20250930,12:35,12:35,12:50,여객,출발,,B737-900,188,"A,B,C,D"
출발,인천,대한항공,KE803,천진,20250930,12:35,12:35,13:15,여객,지연,여객 및 화물처리에 의한 지연,B737-900,188,"A,B,C,D"
출발,인천,대한항공,KE963,부다페스트,20250930,12:35,13:00,13:18,여객,지연,여객 및 화물처리에 의한 지연,B787-9,269,"A,B,C,D"
출발,인천,중화항공,CI161,타오위안,20250930,12:35,12:35,12:46,여객,출발,,A330-300,277,"J,F,G,L"
출발,인천,에어부산,BX174,간사이,20250930,12:40,12:40,13:00,여객,출발,,A321,195,"E,F,G,L"
출발,인천,대한항공,KE497,델리,20250930,12:55,12:55,13:17,여객,출발,,B787-9,269,"A,B,C,D"
출발,인천,대한항공,KE711,도쿄/나리타,20250930,13:00,13:20,13:45,여객,지연,항공기 연결에 의한 지연,A321neo,182,"A,B,C,D"
출발,인천,대한항공,KE869,대련,20250930,13:00,13:20,13:48,여객,지연,항공기 연결에 의한 지연,B737-900,188,"A,B,C,D"
출발,인천,대한항공,KE843,청도,20250930,13:05,13:20,13:43,여객,출발,,B737-900,188,"A,B,C,D"
출발,인천,에어서울,RS713,간사이,20250930,13:15,13:15,13:30,여객,출발,,A321,195,"E,F,G,L"
출발,인천,대한항공,KE175,홍콩,20250930,13:25,13:25,13:41,여객,출발,,A321neo,182,"A,B,C,D"
출발,인천,대한항공,KE951,두바이,20250930,13:25,13:25,13:49,여객,출발,,B777-300ER,277,"A,B,C,D"
출발,인천,샤먼항공,MF872,샤먼 가오치,20250930,13:30,13:45,14:10,여객,지연,항공기 연결에 의한 지연,B737-800,168,"J,F,G,L"
출발,인천,대한항공,KE789,후쿠오카,20250930,13:45,13:45,14:00,여객,출발,,B737-900,188,"A,B,C,D"
출발,인천,진에어,LJ207,도쿄/나리타,20250930,13:50,14:21,14:44,여객,지연,항공기 연결에 의한 지연,B737-800,189,"H,F,G,L"
출발,인천,진에어,LJ861,청도,20250930,13:50,13:50,14:20,여객,출발,,B737-800,189,"H,F,G,L"
출발,인천,에어서울,RS723,후쿠오카,20250930,14:25,14:25,14:51,여객,출발,,A321,195,"E,F,G,L"
출발,인천,대한항공,KE017,로스앤젤레스,20250930,14:30,14:30,15:03,여객,출발,,B747-8i,368,"A,B,C,D"
출발,인천,진에어,LJ359,다카마쓰,20250930,14:30,14:30,14:53,여객,출발,,B737-800,189,"H,F,G,L"
출발,인천,대한항공,KE833,심양,20250930,14:35,14:35,14:55,여객,출발,,B737-900,188,"A,B,C,D"
출발,인천,진에어,LJ237,간사이,20250930,14:40,14:57,15:17,여객,지연,항공기 연결에 의한 지연,B737-800,189,"H,F,G,L"
출발,인천,대한항공,KE643,싱가포르,20250930,14:45,14:45,15:09,여객,출발,,A330-300,272,"A,B,C,D"
출발,인천,진에어,LJ209,도쿄/나리타,20250930,14:45,14:45,15:10,여객,출발,,B737-800,189,"H,F,G,L"
출발,인천,대한항공,KE725,간사이,20250930,14:55,14:55,15:14,여객,출발,,A321neo,182,"A,B,C,D"
출발,인천,대한항공,KE627,자카르타(수카르노 하타),20250930,15:10,15:10,15:38,여객,출발,,A330-300,272,"A,B,C,D"
출발,인천,대한항공,KE189,타이중,20250930,15:15,15:54,15:54,여객,지연,여객 및 화물처리에 의한 지연,A321neo,182,"A,B,C,D"
출발,인천,에어서울,RS715,간사이,20250930,15:20,15:20,16:00,여객,출발,,A321,195,"E,F,G,L"
출발,인천,에어부산,BX176,간사이,20250930,15:25,15:25,15:56,여객,출발,,A321,195,"E,F,G,L"
출발,인천,대한항공,KE671,쿠알라룸푸르,20250930,15:40,15:40,16:14,여객,출발,,A330-300,272,"A,B,C,D"
출발,인천,대한항공,KE733,고베,20250930,15:50,15:50,16:18,여객,출발,,A321neo,182,"A,B,C,D"
출발,인천,에어부산,BX166,도쿄/나리타,20250930,15:50,15:50,16:27,여객,출발,,A321,195,"E,F,G,L"
출발,인천,대한항공,KE023,샌프란시스코,20250930,16:00,16:20,16:41,여객,지연,항공기 연결에 의한 지연,B777-300ER,277,"A,B,C,D"
출발,인천,진에어,LJ265,후쿠오카,20250930,16:00,16:00,16:32,여객,출발,,B737-800,189,"H,F,G,L"
출발,인천,진에어,LJ239,간사이,20250930,16:05,16:05,16:31,여객,출발,,B737-800,189,"H,F,G,L"
출발,인천,진에어,LJ347,나고야,20250930,16:05,16:05,16:36,여객,출발,,B737-800,189,"H,F,G,L"
출발,인천,대한항공,KE187,타오위안,20250930,16:10,16:10,16:46,여객,출발,,A321neo,182,"A,B,C,D"
출발,인천,대한항공,KE633,덴파사(응우라 라이),20250930,16:10,16:30,16:58,여객,지연,항공기 연결에 의한 지연,A330-300,272,"A,B,C,D"
출발,인천,진에어,LJ351,기타규슈,20250930,16:15,16:15,16:42,여객,출발,,B737-800,189,"H,F,G,L"
출발,인천,델타항공,DL188,애틀랜타,20250930,16:25,17:41,17:59,여객,지연,항공기 정비에 의한 지연,A350-900,306,"K,F,G,L"
출발,인천,대한항공,KE041,시애틀,20250930,16:40,16:40,17:09,여객,출발,,A330-300,272,"A,B,C,D"
출발,인천,에어서울,RS703,도쿄/나리타,20250930,16:45,16:45,17:14,여객,출발,,A321,195,"E,F,G,L"
출발,인천,진에어,LJ271,후쿠오카,20250930,17:00,17:00,17:29,여객,출발,,B737-800,189,"H,F,G,L"
출발,인천,대한항공,KE713,도쿄/나리타,20250930,17:05,17:05,17:33,여객,출발,,A321neo,182,"A,B,C,D"
출발,인천,진에어,LJ091,푸꾸옥,20250930,17:05,17:23,17:45,여객,지연,항공교통흐름에 의한 지연,B737-800,189,"H,F,G,L"
출발,인천,대한항공,KE1405,김해,20250930,17:10,17:10,17:25,여객,출발,,B737-900,188,
출발,인천,대한항공,KE485,푸꾸옥,20250930,17:10,17:43,18:05,여객,지연,기상에 의한 지연,B737-900,188,"A,B,C,D"
출발,인천,진에어,LJ009,치앙마이,20250930,17:10,17:10,17:43,여객,출발,,B737-800,189,"H,F,G,L"
출발,인천,대한항공,KE8425,괌,20250930,17:15,17:15,17:40,여객,출발,,B737-900,188,"A,B,C,D"
출발,인천,에어부산,BX747,수안나폼(방콕),20250930,17:15,17:15,17:41,여객,출발,,A321,195,"E,F,G,L"
출발,인천,진에어,LJ005,푸껫,20250930,17:25,17:25,18:01,여객,출발,,B737-800,189,"H,F,G,L"
출발,인천,대한항공,KE629,덴파사(응우라 라이),20250930,17:45,17:45,18:20,여객,지연,항공기 연결에 의한 지연,A330-300,272,"A,B,C,D"
출발,인천,대한항공,KE663,푸껫,20250930,17:50,17:50,18:29,여객,지연,기타 원인에 의한 지연,B737-900,188,"A,B,C,D"
출발,인천,대한항공,KE651,수안나폼(방콕),20250930,18:05,18:05,18:50,여객,지연,항공교통흐름에 의한 지연,A330-300,272,"A,B,C,D"
출발,인천,대한항공,KE461,다낭,20250930,18:20,18:35,18:59,여객,지연,항공기 연결에 의한 지연,B737-900,188,"A,B,C,D"
출발,인천,대한항공,KE1407,김해,20250930,18:25,18:25,18:48,여객,출발,,B737-900,188,
출발,인천,대한항공,KE667,치앙마이,20250930,18:25,18:25,18:55,여객,출발,,B737-900,188,"A,B,C,D"
출발,인천,대한항공,KE705,도쿄/나리타,20250930,18:35,18:35,18:57,여객,출발,,A321neo,182,"A,B,C,D"
출발,인천,대한항공,KE423,괌,20250930,18:40,18:40,19:02,여객,출발,,B737-900,188,"A,B,C,D"
출발,인천,대한항공,KE645,싱가포르,20250930,18:40,18:40,19:08,여객,출발,,A330-300,272,"A,B,C,D"
출발,인천,대한항공,KE781,후쿠오카,20250930,18:40,18:40,19:06,여객,출발,,B737-900,188,"A,B,C,D"
출발,인천,델타항공,DL170,미니애폴리스,20250930,18:40,18:40,19:09,여객,출발,,A350-900,306,"K,F,G,L"
출발,인천,대한항공,KE071,밴쿠버,20250930,18:45,18:45,19:17,여객,출발,,B787-9,269,"A,B,C,D"
출발,인천,대한항공,KE453,노이바이(하노이),20250930,18:45,19:05,19:40,여객,지연,항공기 연결에 의한 지연,B737-900,188,"A,B,C,D"
출발,인천,대한항공,KE475,떤 선녓(호찌민),20250930,18:45,19:05,19:43,여객,지연,항공기 연결에 의한 지연,B737-900,188,"A,B,C,D"
출발,인천,대한항공,KE623,마닐라,20250930,18:50,18:50,19:27,여객,지연,항공교통흐름에 의한 지연,B737-900,188,"A,B,C,D"
출발,인천,대한항공,KE689,프놈펜,20250930,18:50,18:50,19:19,여객,출발,,B737-900,188,"A,B,C,D"
출발,인천,대한항공,KE743,나고야,20250930,18:50,18:50,19:30,여객,지연,항공교통흐름에 의한 지연,A321neo,182,"A,B,C,D"
출발,인천,델타항공,DL26,애틀랜타,20250930,18:50,18:50,19:23,여객,출발,,A350-900,306,"K,F,G,L"
출발,인천,대한항공,KE895,푸동,20250930,18:55,18:55,19:32,여객,지연,항공기 연결에 의한 지연,A330-300,272,"A,B,C,D"
출발,인천,대한항공,KE721,간사이,20250930,19:00,19:00,19:38,여객,지연,항공교통흐름에 의한 지연,A321neo,182,"A,B,C,D"
출발,인천,대한항공,KE401,시드니,20250930,19:10,19:30,20:06,여객,지연,항공기 연결에 의한 지연,A380-800,407,"A,B,C,D"
출발,인천,진에어,LJ131,코타키나발루,20250930,19:10,19:33,19:55,여객,지연,공항 및 출입국 절차에 의한 지연,B737-800,189,"H,F,G,L"
출발,인천,델타항공,DL196,시애틀,20250930,19:20,19:20,19:47,여객,출발,,A330-900neo,281,"K,F,G,L"
출발,인천,대한항공,KE163,장가계,20250930,19:25,19:25,20:01,여객,지연,항공교통흐름에 의한 지연,B737-900,188,"A,B,C,D"
출발,인천,에어서울,RS581,팡라로,20250930,19:25,19:25,20:25,여객,지연,공항 및 출입국 절차에 의한 지연,A321,195,"E,F,G,L"
출발,인천,대한항공,KE085,뉴욕,20250930,19:30,20:00,20:45,여객,지연,기타 원인에 의한 지연,B747-8i,368,"A,B,C,D"
출발,인천,대한항공,KE1431,대구,20250930,19:30,19:30,19:59,여객,출발,,B737-900,188,
출발,인천,대한항공,KE1409,김해,20250930,19:35,19:35,20:15,여객,지연,여객 및 화물처리에 의한 지연,B737-900,188,
출발,인천,진에어,LJ917,괌,20250930,19:35,20:09,20:32,여객,지연,공항 및 출입국 절차에 의한 지연,B737-800,189,"H,F,G,L"
출발,인천,델타항공,DL172,솔트레이크시티,20250930,19:40,19:40,20:11,여객,출발,,A350-900,306,"K,F,G,L"
출발,인천,대한항공,KE177,홍콩,20250930,19:45,19:45,20:34,여객,지연,항공교통흐름에 의한 지연,A321neo,182,"A,B,C,D"
출발,인천,대한항공,KE477,떤 선녓(호찌민),20250930,19:45,19:45,20:41,여객,지연,항공교통흐름에 의한 지연,B737-900,188,"A,B,C,D"
출발,인천,대한항공,KE659,수안나폼(방콕),20250930,19:45,19:45,20:38,여객,지연,항공교통흐름에 의한 지연,B737-900,188,"A,B,C,D"
출발,인천,에어서울,RS527,깜라인(나트랑),20250930,19:50,19:50,21:00,여객,지연,항공교통흐름에 의한 지연,A321,195,"E,F,G,L"
출발,인천,진에어,LJ001,수안나폼(방콕),20250930,19:55,20:39,21:03,여객,지연,공항 및 출입국 절차에 의한 지연,B737-800,189,"H,F,G,L"
출발,인천,대한항공,KE467,깜라인(나트랑),20250930,20:00,20:00,20:49,여객,지연,항공교통흐름에 의한 지연,B737-900,188,"A,B,C,D"
출발,인천,대한항공,KE853,베이징,20250930,20:00,20:40,21:08,여객,지연,항공기 연결에 의한 지연,A330-300,272,"A,B,C,D"
출발,인천,대한항공,KE615,세부,20250930,20:05,20:05,20:51,여객,지연,항공교통흐름에 의한 지연,B737-900,188,"A,B,C,D"
출발,인천,대한항공,KE625,마닐라,20250930,20:15,20:15,20:56,여객,출발,,B737-900,188,"A,B,C,D"
출발,인천,대한항공,KE011,로스앤젤레스,20250930,20:25,20:25,21:02,여객,출발,,A380-800,407,"A,B,C,D"
출발,인천,진에어,LJ081,다낭,20250930,20:25,20:58,21:20,여객,지연,항공기 연결에 의한 지연,B737-800,189,"H,F,G,L"
출발,인천,대한항공,KE719,하네다,20250930,20:30,20:30,20:55,여객,출발,,A321neo,182,"A,B,C,D"
출발,인천,샤먼항공,MF878,푸저우(복주),20250930,20:35,20:35,21:07,여객,출발,,B737-800,168,"J,F,G,L"
출발,인천,중화항공,CI163,타오위안,20250930,20:35,21:01,21:25,여객,지연,항공교통흐름에 의한 지연,A330-300,277,"J,F,G,L"
출발,인천,진에어,LJ087,깜라인(나트랑),20250930,20:40,21:08,21:29,여객,지연,항공교통흐름에 의한 지연,B737-800,189,"H,F,G,L"
출발,인천,진에어,LJ043,팡라로,20250930,20:50,21:07,21:27,여객,지연,항공기 연결에 의한 지연,B737-800,189,"H,F,G,L"
출발,인천,에어서울,RS511,다낭,20250930,20:55,21:30,21:54,여객,지연,항공기 연결에 의한 지연,A321,195,"E,F,G,L"
출발,인천,대한항공,KE005,라스베이거스,20250930,21:00,21:00,21:34,여객,출발,,B777-300ER,277,"A,B,C,D"
출발,인천,대한항공,KE053,호놀룰루,20250930,21:05,21:05,21:37,여객,출발,,A330-300,272,"A,B,C,D"
출발,인천,대한항공,KE655,수안나폼(방콕),20250930,21:15,21:15,21:38,여객,출발,,A330-300,272,"A,B,C,D"
출발,인천,진에어,LJ037,클라크,20250930,21:25,21:47,22:07,여객,지연,공항 및 출입국 절차에 의한 지연,B737-800,189,"H,F,G,L"
출발,인천,네덜란드항공,KL856,암스테르담,20250930,22:25,22:25,22:45,여객,출발,,B787-9,294,"M,F,G,L"
출발,인천,대한항공,KE619,마닐라,20250930,22:35,23:15,23:30,여객,지연,항공기 연결에 의한 지연,A330-300,272,"A,B,C,D"
출발,인천,대한항공,KE647,싱가포르,20251001,00:05,23:35,00:03,여객,출발,,B777-300ER,277,"A,B,C,D"
출발,인천,대한항공,KE1401,김해,20251001,06:35,06:35,06:53,여객,출발,,B737-900,188,
출발,인천,에어부산,BX164,도쿄/나리타,20251001,07:15,07:15,07:30,여객,출발,,A321,195,"E,F,G,L"
출발,인천,에어서울,RS711,간사이,20251001,07:15,07:15,07:36,여객,출발,,A321,195,"E,F,G,L"
출발,인천,진에어,LJ261,후쿠오카,20251001,07:15,07:15,07:37,여객,출발,,B737-800,189,"H,F,G,L"
출발,인천,에어부산,BX156,후쿠오카,20251001,07:20,07:20,07:33,여객,출발,,A321,195,"E,F,G,L"
출발,인천,대한항공,KE787,후쿠오카,20251001,07:25,07:25,07:45,여객,출발,,B737-900,188,"A,B,C,D"
출발,인천,진에어,LJ201,도쿄/나리타,20251001,07:25,07:25,07:47,여객,출발,,B737-800,189,"H,F,G,L"
출발,인천,대한항공,KE771,오카야마,20251001,07:30,07:30,07:54,여객,출발,,B737-900,188,"A,B,C,D"
출발,인천,진에어,LJ345,나고야,20251001,07:30,07:30,07:59,여객,출발,,B737-800,189,"H,F,G,L"
출발,인천,진에어,LJ231,간사이,20251001,07:40,07:47,08:31,여객,지연,항공기 연결에 의한 지연,B737-800,189,"H,F,G,L"
출발,인천,대한항공,KE173,홍콩,20251001,07:45,07:45,08:08,여객,출발,,A321neo,182,"A,B,C,D"
출발,인천,대한항공,KE845,청도,20251001,07:50,07:50,08:14,여객,출발,,B737-900,188,"A,B,C,D"
출발,인천,진에어,LJ731,타오위안,20251001,07:50,07:50,08:24,여객,출발,,B737-800,189,"H,F,G,L"
출발,인천,대한항공,KE131,정저우,20251001,08:00,08:00,08:20,여객,출발,,B737-900,188,"A,B,C,D"
출발,인천,대한항공,KE441,노이바이(하노이),20251001,08:00,08:00,08:18,여객,출발,,A330-300,272,"A,B,C,D"
출발,인천,에어서울,RS727,후쿠오카,20251001,08:05,08:05,08:29,여객,출발,,A321,195,"E,F,G,L"
출발,인천,대한항공,KE197,칭기즈칸(신 울란바토르) 국제공항,20251001,08:10,08:25,08:51,여객,지연,항공기 정비에 의한 지연,B737-900,188,"A,B,C,D"
출발,인천,에어서울,RS705,도쿄/나리타,20251001,08:10,08:10,08:40,여객,출발,,A321,195,"E,F,G,L"
출발,인천,진에어,LJ241,간사이,20251001,08:10,08:25,08:46,여객,지연,공항 및 출입국 절차에 의한 지연,B737-800,189,"H,F,G,L"
출발,인천,진에어,LJ357,시모지시마,20251001,08:10,08:10,08:34,여객,출발,,B737-800,189,"H,F,G,L"
출발,인천,진에어,LJ203,도쿄/나리타,20251001,08:15,08:15,08:43,여객,출발,,B737-800,189,"H,F,G,L"
출발,인천,대한항공,KE1403,김해,20251001,08:20,08:20,08:51,여객,출발,,B737-900,188,
출발,인천,진에어,LJ301,삿포로,20251001,08:20,08:35,08:59,여객,지연,공항 및 출입국 절차에 의한 지연,B737-800,189,"H,F,G,L"
출발,인천,대한항공,KE731,고베,20251001,08:25,08:25,09:08,여객,지연,항공교통흐름에 의한 지연,A321neo,182,"A,B,C,D"
출발,인천,대한항공,KE893,푸동,20251001,08:25,08:25,08:45,여객,출발,,A330-300,272,"A,B,C,D"
출발,인천,에어 프랑스,AF267,파리,20251001,08:30,08:30,08:44,여객,출발,,B777-300ER,296,"M,F,G,L"
출발,인천,대한항공,KE775,고마쓰,20251001,08:35,08:35,09:15,여객,지연,항공교통흐름에 의한 지연,B737-900,188,"A,B,C,D"
출발,인천,대한항공,KE827,선전(심천),20251001,08:40,08:40,09:01,여객,출발,,B737-900,188,"A,B,C,D"
출발,인천,에어서울,RS741,다카마쓰,20251001,08:45,09:15,09:39,여객,지연,항공기 연결에 의한 지연,A321,195,"E,F,G,L"
출발,인천,대한항공,KE137,우한,20251001,08:50,08:50,09:05,여객,출발,,B737-900,188,"A,B,C,D"
출발,인천,대한항공,KE865,광저우,20251001,08:50,08:50,09:08,여객,출발,,A330-300,272,"A,B,C,D"
출발,인천,대한항공,KE819,창사(장사),20251001,09:00,09:00,09:25,여객,출발,,B737-900,188,"A,B,C,D"
출발,인천,대한항공,KE469,떤 선녓(호찌민),20251001,09:05,09:43,10:06,여객,지연,항공교통흐름에 의한 지연,A330-300,272,"A,B,C,D"
출발,인천,대한항공,KE805,천진,20251001,09:10,09:10,09:33,여객,출발,,B737-900,188,"A,B,C,D"
출발,인천,대한항공,KE811,시안,20251001,09:10,09:30,10:11,여객,지연,항공기 연결에 의한 지연,B737-900,188,"A,B,C,D"
출발,인천,에어부산,BX172,간사이,20251001,09:15,09:15,09:25,여객,출발,,A321,195,"E,F,G,L"
출발,인천,대한항공,KE035,애틀랜타,20251001,09:20,09:20,09:43,여객,출발,,B777-300ER,277,"A,B,C,D"
출발,인천,대한항공,KE785,가고시마,20251001,09:20,09:20,09:48,여객,출발,,B737-900,188,"A,B,C,D"
출발,인천,진에어,LJ913,괌,20251001,09:20,09:20,09:38,여객,출발,,B737-800,189,"H,F,G,L"
출발,인천,에어서울,RS701,도쿄/나리타,20251001,09:25,09:25,10:24,여객,지연,항공교통흐름에 의한 지연,A321,195,"E,F,G,L"
출발,인천,대한항공,KE031,댈러스,20251001,09:30,09:30,09:50,여객,출발,,B787-9,269,"A,B,C,D"
출발,인천,대한항공,KE091,보스턴,20251001,09:30,09:30,09:57,여객,출발,,B787-9,269,"A,B,C,D"
출발,인천,대한항공,KE657,수안나폼(방콕),20251001,09:30,09:30,10:01,여객,출발,,A330-300,272,"A,B,C,D"
출발,인천,대한항공,KE755,오키나와,20251001,09:30,09:30,10:03,여객,출발,,B737-900,188,"A,B,C,D"
출발,인천,대한항공,KE073,토론토,20251001,09:35,09:35,10:09,여객,출발,,B777-300ER,277,"A,B,C,D"
출발,인천,대한항공,KE723,간사이,20251001,09:35,09:35,10:04,여객,출발,,A321neo,182,"A,B,C,D"
출발,인천,대한항공,KE421,괌,20251001,09:45,09:45,10:14,여객,출발,,B737-900,188,"A,B,C,D"
출발,인천,진에어,LJ205,도쿄/나리타,20251001,09:45,10:19,10:40,여객,지연,공항 및 출입국 절차에 의한 지연,B737-800,189,"H,F,G,L"
출발,인천,진에어,LJ341,오키나와,20251001,09:55,09:55,10:25,여객,출발,,B737-800,189,"H,F,G,L"
출발,인천,대한항공,KE081,뉴욕,20251001,10:00,10:00,10:18,여객,출발,,A380-800,407,"A,B,C,D"
출발,인천,대한항공,KE765,삿포로,20251001,10:05,10:05,10:31,여객,출발,,B737-900,188,"A,B,C,D"
출발,인천,대한항공,KE703,도쿄/나리타,20251001,10:10,10:10,11:03,여객,지연,항공교통흐름에 의한 지연,A321neo,182,"A,B,C,D"
출발,인천,진에어,LJ233,간사이,20251001,10:10,10:10,10:34,여객,출발,,B737-800,189,"H,F,G,L"
출발,인천,델타항공,DL158,디트로이트,20251001,10:15,11:56,12:18,여객,지연,항공기 정비에 의한 지연,A350-900,306,"K,F,G,L"
출발,인천,대한항공,KE125,샤먼 가오치,20251001,10:20,10:40,11:29,여객,지연,공항 및 출입국 절차에 의한 지연,B737-900,188,"A,B,C,D"
출발,인천,대한항공,KE169,마카오,20251001,10:20,10:20,10:49,여객,출발,,A321neo,182,"A,B,C,D"
출발,인천,대한항공,KE093,워싱톤,20251001,10:25,10:25,10:43,여객,출발,,B777-300ER,277,"A,B,C,D"
출발,인천,대한항공,KE101,남경,20251001,10:25,11:05,11:37,여객,지연,공항 및 출입국 절차에 의한 지연,A321neo,182,"A,B,C,D"
출발,인천,대한항공,KE937,비엔나,20251001,10:25,10:25,10:46,여객,출발,,B787-9,269,"A,B,C,D"
출발,인천,대한항공,KE185,타오위안,20251001,10:30,10:30,10:52,여객,출발,,A321neo,182,"A,B,C,D"
출발,인천,진에어,LJ269,후쿠오카,20251001,10:30,10:30,10:45,여객,출발,,B737-800,189,"H,F,G,L"
출발,인천,가루다인도네시아,GA879,자카르타(수카르노 하타),20251001,10:35,10:35,11:04,여객,출발,,A330-900neo,301,"J,F,G,L"
출발,인천,대한항공,KE741,나고야,20251001,10:35,10:35,11:06,여객,출발,,A321neo,182,"A,B,C,D"
출발,인천,대한항공,KE037,시카고,20251001,10:40,11:00,11:32,여객,지연,공항 및 출입국 절차에 의한 지연,B777-300ER,277,"A,B,C,D"
출발,인천,대한항공,KE855,베이징,20251001,10:40,10:40,11:01,여객,출발,,A330-300,272,"A,B,C,D"
출발,인천,대한항공,KE969,프라하,20251001,10:45,10:45,11:12,여객,출발,,B787-9,269,"A,B,C,D"
출발,인천,대한항공,KE457,다낭,20251001,10:55,10:55,11:25,여객,출발,,B737-900,188,"A,B,C,D"
출발,인천,대한항공,KE907,런던히드로,20251001,10:55,10:55,11:21,여객,출발,,A380-800,407,"A,B,C,D"
출발,인천,대한항공,KE791,후쿠오카,20251001,11:05,11:05,11:45,여객,지연,항공교통흐름에 의한 지연,B737-900,188,"A,B,C,D"
출발,인천,대한항공,KE945,프랑크푸르트,20251001,11:05,11:05,11:47,여객,지연,항공교통흐름에 의한 지연,A380-800,407,"A,B,C,D"
출발,인천,대한항공,KE897,푸동,20251001,11:10,11:10,11:34,여객,출발,,B777-300ER,277,"A,B,C,D"
출발,인천,대한항공,KE901,파리,20251001,11:10,11:10,11:56,여객,지연,항공교통흐름에 의한 지연,B777-300ER,277,"A,B,C,D"
출발,인천,가루다인도네시아,GA871,덴파사(응우라 라이),20251001,11:25,11:25,11:58,여객,출발,,A330-300,251,"J,F,G,L"
출발,인천,에어부산,BX158,후쿠오카,20251001,11:25,11:25,11:49,여객,출발,,A321,195,"E,F,G,L"
출발,인천,아에로멕시코,AM091,멕시코시티,20251001,11:40,11:40,12:10,여객,출발,,B787-9,274,"H,F,G,L"
출발,인천,대한항공,KE107,항저우,20251001,12:00,12:00,12:22,여객,출발,,A321neo,182,"A,B,C,D"
출발,인천,중화항공,CI165,가오슝,20251001,12:05,12:05,12:34,여객,출발,,A321neo,180,"J,F,G,L"
출발,인천,진에어,LJ263,후쿠오카,20251001,12:10,12:10,12:27,여객,출발,,B737-800,189,"H,F,G,L"
출발,인천,대한항공,KE769,삿포로,20251001,12:35,12:35,12:55,여객,출발,,B737-900,188,"A,B,C,D"
출발,인천,대한항공,KE803,천진,20251001,12:35,12:35,12:50,여객,출발,,B737-900,188,"A,B,C,D"
출발,인천,중화항공,CI161,타오위안,20251001,12:35,12:35,12:53,여객,출발,,A330-300,277,"J,F,G,L"
출발,인천,에어부산,BX174,간사이,20251001,12:40,12:40,12:51,여객,출발,,A321,195,"E,F,G,L"
출발,인천,대한항공,KE711,도쿄/나리타,20251001,13:00,13:00,13:44,여객,지연,항공교통흐름에 의한 지연,A321neo,182,"A,B,C,D"
출발,인천,대한항공,KE869,대련,20251001,13:00,13:00,13:13,여객,출발,,B737-900,188,"A,B,C,D"
출발,인천,대한항공,KE921,리스본,20251001,13:00,13:00,13:18,여객,출발,,B787-9,269,"A,B,C,D"
출발,인천,대한항공,KE843,청도,20251001,13:05,13:05,13:35,여객,출발,,B737-900,188,"A,B,C,D"
출발,인천,진에어,GS7994,천진,20251001,13:05,13:05,13:10,여객,출발,,B737-800,189,"H,F,G,L"
출발,인천,에어서울,RS713,간사이,20251001,13:15,13:15,13:42,여객,출발,,A321,195,"E,F,G,L"
출발,인천,대한항공,KE931,로마,20251001,13:20,13:20,14:03,여객,출발,,B777-300ER,277,"A,B,C,D"
출발,인천,대한항공,KE135,허페이,20251001,13:25,13:25,13:59,여객,출발,,B737-900,188,"A,B,C,D"
출발,인천,대한항공,KE175,홍콩,20251001,13:25,13:25,13:50,여객,출발,,A321neo,182,"A,B,C,D"
출발,인천,대한항공,KE951,두바이,20251001,13:25,13:25,14:06,여객,지연,항공교통흐름에 의한 지연,B777-300ER,277,"A,B,C,D"
출발,인천,에어서울,RS745,요나고,20251001,13:25,13:25,14:05,여객,출발,,A321,195,"E,F,G,L"
출발,인천,샤먼항공,MF872,샤먼 가오치,20251001,13:30,13:30,13:52,여객,출발,,B737-800,168,"J,F,G,L"
출발,인천,대한항공,KE927,밀라노,20251001,13:40,13:40,14:10,여객,출발,,B787-9,269,"A,B,C,D"
출발,인천,대한항공,KE955,이스탄불,20251001,13:40,13:40,14:19,여객,지연,항공교통흐름에 의한 지연,B777-300ER,277,"A,B,C,D"
출발,인천,대한항공,KE789,후쿠오카,20251001,13:45,13:45,14:29,여객,출발,,B737-900,188,"A,B,C,D"
출발,인천,진에어,LJ207,도쿄/나리타,20251001,13:50,13:50,14:17,여객,출발,,B737-800,189,"H,F,G,L"
출발,인천,진에어,LJ861,청도,20251001,13:50,13:50,14:31,여객,출발,,B737-800,189,"H,F,G,L"
출발,인천,에어서울,RS723,후쿠오카,20251001,14:25,14:40,15:24,여객,지연,공항 및 출입국 절차에 의한 지연,A321,195,"E,F,G,L"
출발,인천,대한항공,KE017,로스앤젤레스,20251001,14:30,14:30,15:13,여객,지연,항공교통흐름에 의한 지연,B747-8i,368,"A,B,C,D"
출발,인천,진에어,LJ359,다카마쓰,20251001,14:30,14:30,15:22,여객,지연,,B737-800,189,"H,F,G,L"
출발,인천,대한항공,KE833,심양,20251001,14:35,14:35,15:26,여객,지연,항공교통흐름에 의한 지연,B737-900,188,"A,B,C,D"
출발,인천,진에어,LJ237,간사이,20251001,14:40,15:15,15:41,여객,지연,항공기 연결에 의한 지연,B737-800,189,"H,F,G,L"
출발,인천,진에어,LJ209,도쿄/나리타,20251001,14:45,15:08,15:32,여객,지연,공항 및 출입국 절차에 의한 지연,B737-800,189,"H,F,G,L"
출발,인천,대한항공,KE725,간사이,20251001,14:55,14:55,15:28,여객,출발,,A321neo,182,"A,B,C,D"
출발,인천,대한항공,KE189,타이중,20251001,15:15,15:15,16:04,여객,지연,항공교통흐름에 의한 지연,A321neo,182,"A,B,C,D"
출발,인천,에어서울,RS715,간사이,20251001,15:20,15:20,16:21,여객,지연,공항 및 출입국 절차에 의한 지연,A321,195,"E,F,G,L"
출발,인천,에어부산,BX176,간사이,20251001,15:25,15:25,16:15,여객,지연,공항 및 출입국 절차에 의한 지연,A321,195,"E,F,G,L"
출발,인천,진에어,LJ851,황산,20251001,15:35,15:35,16:19,여객,지연,,B737-800,189,"H,F,G,L"
출발,인천,대한항공,KE671,쿠알라룸푸르,20251001,15:40,15:40,16:09,여객,출발,,A330-300,272,"A,B,C,D"
출발,인천,대한항공,KE733,고베,20251001,15:50,15:50,16:29,여객,출발,,A321neo,182,"A,B,C,D"
출발,인천,에어부산,BX166,도쿄/나리타,20251001,15:50,15:50,16:33,여객,지연,공항 및 출입국 절차에 의한 지연,A321,195,"E,F,G,L"
출발,인천,진에어,LJ265,후쿠오카,20251001,16:00,16:20,17:00,여객,지연,공항 및 출입국 절차에 의한 지연,B737-800,189,"H,F,G,L"
출발,인천,진에어,LJ239,간사이,20251001,16:05,16:38,17:05,여객,지연,공항 및 출입국 절차에 의한 지연,B737-800,189,"H,F,G,L"
출발,인천,진에어,LJ347,나고야,20251001,16:05,16:52,17:20,여객,지연,공항 및 출입국 절차에 의한 지연,B737-800,189,"H,F,G,L"
출발,인천,진에어,LJ351,기타규슈,20251001,16:15,16:42,17:11,여객,지연,공항 및 출입국 절차에 의한 지연,B737-800,189,"H,F,G,L"
출발,인천,델타항공,DL188,애틀랜타,20251001,16:25,17:21,17:49,여객,지연,항공기 연결에 의한 지연,A350-900,306,"K,F,G,L"
출발,인천,대한항공,KE041,시애틀,20251001,16:40,17:20,18:10,여객,지연,항공기 연결에 의한 지연,A330-300,272,"A,B,C,D"
출발,인천,에어서울,RS703,도쿄/나리타,20251001,16:45,17:25,18:16,여객,지연,항공기 연결에 의한 지연,A321,195,"E,F,G,L"
출발,인천,진에어,LJ271,후쿠오카,20251001,17:00,17:32,17:56,여객,지연,공항 및 출입국 절차에 의한 지연,B737-800,189,"H,F,G,L"
출발,인천,대한항공,KE713,도쿄/나리타,20251001,17:05,17:05,17:53,여객,지연,항공교통흐름에 의한 지연,A321neo,182,"A,B,C,D"
출발,인천,진에어,LJ091,푸꾸옥,20251001,17:05,17:05,17:38,여객,출발,,B737-800,189,"H,F,G,L"
출발,인천,대한항공,KE1405,김해,20251001,17:10,17:10,17:51,여객,출발,,B737-900,188,
출발,인천,대한항공,KE485,푸꾸옥,20251001,17:10,17:10,18:00,여객,지연,항공교통흐름에 의한 지연,B737-900,188,"A,B,C,D"
출발,인천,진에어,LJ009,치앙마이,20251001,17:10,18:09,18:32,여객,지연,항공기 연결에 의한 지연,B737-800,189,"H,F,G,L"
출발,인천,에어부산,BX747,수안나폼(방콕),20251001,17:15,17:15,18:08,여객,지연,공항 및 출입국 절차에 의한 지연,A321,195,"E,F,G,L"
출발,인천,진에어,LJ005,푸껫,20251001,17:25,17:57,18:26,여객,지연,항공기 연결에 의한 지연,B737-800,189,"H,F,G,L"
출발,인천,대한항공,KE629,덴파사(응우라 라이),20251001,17:45,17:45,18:35,여객,지연,항공교통흐름에 의한 지연,A330-300,272,"A,B,C,D"
출발,인천,대한항공,KE663,푸껫,20251001,17:50,17:50,18:41,여객,지연,항공교통흐름에 의한 지연,B737-900,188,"A,B,C,D"
출발,인천,대한항공,KE411,오클랜드,20251001,18:00,18:20,19:14,여객,지연,항공기 연결에 의한 지연,B787-9,269,"A,B,C,D"
출발,인천,대한항공,KE651,수안나폼(방콕),20251001,18:05,18:05,18:51,여객,지연,항공교통흐름에 의한 지연,A330-300,272,"A,B,C,D"
출발,인천,대한항공,KE461,다낭,20251001,18:20,18:20,18:43,여객,출발,,B737-900,188,"A,B,C,D"
출발,인천,대한항공,KE1407,김해,20251001,18:25,18:40,19:25,여객,지연,항공기 연결에 의한 지연,B737-900,188,
출발,인천,대한항공,KE667,치앙마이,20251001,18:25,18:25,19:08,여객,지연,항공교통흐름에 의한 지연,B737-900,188,"A,B,C,D"
출발,인천,대한항공,KE705,도쿄/나리타,20251001,18:35,18:35,19:06,여객,출발,,A321neo,182,"A,B,C,D"
출발,인천,대한항공,KE871,대련,20251001,18:35,18:35,19:12,여객,출발,,B737-900,188,"A,B,C,D"
출발,인천,대한항공,KE161,쿤밍,20251001,18:40,18:40,19:30,여객,지연,항공교통흐름에 의한 지연,B737-900,188,"A,B,C,D"
출발,인천,대한항공,KE423,괌,20251001,18:40,19:00,19:28,여객,지연,항공기 연결에 의한 지연,B737-900,188,"A,B,C,D"
출발,인천,대한항공,KE645,싱가포르,20251001,18:40,18:40,19:36,여객,지연,항공교통흐름에 의한 지연,A330-300,272,"A,B,C,D"
출발,인천,대한항공,KE781,후쿠오카,20251001,18:40,19:10,19:19,여객,지연,항공교통흐름에 의한 지연,B737-900,188,"A,B,C,D"
출발,인천,델타항공,DL170,미니애폴리스,20251001,18:40,18:40,19:16,여객,출발,,A350-900,306,"K,F,G,L"
출발,인천,대한항공,KE071,밴쿠버,20251001,18:45,18:45,19:26,여객,지연,항공교통흐름에 의한 지연,B787-9,269,"A,B,C,D"
출발,인천,대한항공,KE453,노이바이(하노이),20251001,18:45,19:00,19:28,여객,지연,항공기 연결에 의한 지연,B737-900,188,"A,B,C,D"
출발,인천,대한항공,KE475,떤 선녓(호찌민),20251001,18:45,19:00,19:22,여객,지연,항공기 연결에 의한 지연,B737-900,188,"A,B,C,D"
출발,인천,대한항공,KE623,마닐라,20251001,18:50,19:05,19:44,여객,지연,항공기 연결에 의한 지연,B737-900,188,"A,B,C,D"
출발,인천,대한항공,KE689,프놈펜,20251001,18:50,18:50,19:26,여객,지연,공항 및 출입국 절차에 의한 지연,B737-900,188,"A,B,C,D"
출발,인천,대한항공,KE743,나고야,20251001,18:50,18:50,19:51,여객,지연,항공교통흐름에 의한 지연,A321neo,182,"A,B,C,D"
출발,인천,델타항공,DL26,애틀랜타,20251001,18:50,18:50,19:21,여객,출발,,A350-900,306,"K,F,G,L"
출발,인천,대한항공,KE895,푸동,20251001,18:55,18:55,19:40,여객,지연,기타 원인에 의한 지연,A330-300,272,"A,B,C,D"
출발,인천,대한항공,KE721,간사이,20251001,19:00,19:00,19:46,여객,지연,항공교통흐름에 의한 지연,A321neo,182,"A,B,C,D"
출발,인천,대한항공,KE401,시드니,20251001,19:10,19:10,19:56,여객,출발,,A380-800,407,"A,B,C,D"
출발,인천,진에어,LJ131,코타키나발루,20251001,19:10,19:25,19:50,여객,지연,항공기 연결에 의한 지연,B737-800,189,"H,F,G,L"
출발,인천,에어부산,BX741,비엔티안,20251001,19:15,19:15,19:48,여객,출발,,A321,195,"E,F,G,L"
출발,인천,델타항공,DL196,시애틀,20251001,19:20,20:03,20:28,여객,지연,항공기 연결에 의한 지연,A330-900neo,281,"K,F,G,L"
출발,인천,대한항공,KE163,장가계,20251001,19:25,19:25,19:59,여객,출발,,B737-900,188,"A,B,C,D"
출발,인천,에어서울,RS581,팡라로,20251001,19:25,19:25,19:53,여객,출발,,A321,195,"E,F,G,L"
출발,인천,대한항공,KE085,뉴욕,20251001,19:30,20:00,20:49,여객,지연,기타 원인에 의한 지연,B747-8i,368,"A,B,C,D"
출발,인천,대한항공,KE1431,대구,20251001,19:30,19:30,20:05,여객,출발,,B737-900,188,
출발,인천,대한항공,KE1409,김해,20251001,19:35,19:35,20:08,여객,출발,,B737-900,188,
출발,인천,진에어,LJ917,괌,20251001,19:35,19:47,20:24,여객,지연,항공기 연결에 의한 지연,B737-800,189,"H,F,G,L"
출발,인천,델타항공,DL172,솔트레이크시티,20251001,19:40,20:13,20:35,여객,지연,항공기 정비에 의한 지연,A350-900,306,"K,F,G,L"
출발,인천,대한항공,KE477,떤 선녓(호찌민),20251001,19:45,19:45,20:16,여객,출발,,B737-900,188,"A,B,C,D"
출발,인천,에어서울,RS527,깜라인(나트랑),20251001,19:50,20:15,21:10,여객,지연,공항 및 출입국 절차에 의한 지연,A321,195,"E,F,G,L"
출발,인천,진에어,LJ001,수안나폼(방콕),20251001,19:55,20:15,20:56,여객,지연,항공기 연결에 의한 지연,B737-800,189,"H,F,G,L"
출발,인천,대한항공,KE467,깜라인(나트랑),20251001,20:00,20:24,20:39,여객,지연,항공교통흐름에 의한 지연,B737-900,188,"A,B,C,D"
출발,인천,대한항공,KE853,베이징,20251001,20:00,20:24,20:45,여객,지연,항공교통흐름에 의한 지연,A330-300,272,"A,B,C,D"
출발,인천,대한항공,KE407,브리즈번,20251001,20:05,20:05,20:38,여객,출발,,A330-300,272,"A,B,C,D"
출발,인천,대한항공,KE011,로스앤젤레스,20251001,20:25,20:25,21:01,여객,출발,,A380-800,407,"A,B,C,D"
출발,인천,진에어,LJ081,다낭,20251001,20:25,21:20,21:50,여객,지연,공항 및 출입국 절차에 의한 지연,B737-800,189,"H,F,G,L"
출발,인천,대한항공,KE719,하네다,20251001,20:30,20:30,20:57,여객,출발,,A321neo,182,"A,B,C,D"
출발,인천,샤먼항공,MF878,푸저우(복주),20251001,20:35,20:35,20:58,여객,출발,,B737-800,168,"J,F,G,L"
출발,인천,중화항공,CI163,타오위안,20251001,20:35,21:02,21:27,여객,지연,항공교통흐름에 의한 지연,A330-300,277,"J,F,G,L"
출발,인천,진에어,LJ087,깜라인(나트랑),20251001,20:40,21:20,21:59,여객,지연,공항 및 출입국 절차에 의한 지연,B737-800,189,"H,F,G,L"
출발,인천,진에어,LJ043,팡라로,20251001,20:50,20:50,21:36,여객,지연,,B737-800,189,"H,F,G,L"
출발,인천,에어서울,RS511,다낭,20251001,20:55,21:40,22:24,여객,지연,항공기 연결에 의한 지연,A321,195,"E,F,G,L"
출발,인천,대한항공,KE005,라스베이거스,20251001,21:00,21:00,21:39,여객,출발,,B777-300ER,277,"A,B,C,D"
출발,인천,대한항공,KE053,호놀룰루,20251001,21:05,21:05,21:41,여객,출발,,A330-300,272,"A,B,C,D"
출발,인천,대한항공,KE655,수안나폼(방콕),20251001,21:15,21:15,21:44,여객,출발,,A330-300,272,"A,B,C,D"
출발,인천,진에어,LJ037,클라크,20251001,21:25,21:44,22:10,여객,지연,공항 및 출입국 절차에 의한 지연,B737-800,189,"H,F,G,L"
출발,인천,에어부산,BX787,깜라인(나트랑),20251001,21:30,21:30,22:26,여객,지연,기타 원인에 의한 지연,A321,195,"E,F,G,L"
출발,인천,네덜란드항공,KL856,암스테르담,20251001,22:25,22:25,22:43,여객,출발,,B787-9,294,"M,F,G,L"
출발,인천,대한항공,KE619,마닐라,20251001,22:35,22:35,22:56,여객,출발,,A330-300,272,"A,B,C,D"
출발,인천,대한항공,KE075,밴쿠버,20251001,22:40,22:40,23:13,여객,출발,,B787-9,269,"A,B,C,D"
출발,인천,스칸디나비아항공,SK988,코펜하겐,20251001,23:45,23:45,23:55,여객,출발,,A350-900,300,"K,F,G,L"
출발,인천,대한항공,KE647,싱가포르,20251002,00:05,23:35,00:00,여객,출발,,B777-300ER,277,"A,B,C,D"
출발,인천,대한항공,KE1401,김해,20251002,06:35,06:35,06:57,여객,출발,,B737-900,188,
출발,인천,에어부산,BX164,도쿄/나리타,20251002,07:15,07:15,07:30,여객,출발,,A321,195,"E,F,G,L"
출발,인천,에어서울,RS711,간사이,20251002,07:15,07:15,07:40,여객,출발,,A321,195,"E,F,G,L"
출발,인천,진에어,LJ261,후쿠오카,20251002,07:15,07:15,07:33,여객,출발,,B737-800,189,"H,F,G,L"
출발,인천,에어부산,BX156,후쿠오카,20251002,07:20,07:20,07:38,여객,출발,,A321,195,"E,F,G,L"
출발,인천,에어서울,RS727,후쿠오카,20251002,07:20,07:20,07:46,여객,출발,,A321,195,"E,F,G,L"
출발,인천,진에어,LJ201,도쿄/나리타,20251002,07:25,07:25,07:48,여객,출발,,B737-800,189,"H,F,G,L"
출발,인천,대한항공,KE795,나가사키,20251002,07:30,07:30,07:52,여객,출발,,B737-900,188,"A,B,C,D"
출발,인천,진에어,LJ345,나고야,20251002,07:30,07:30,08:03,여객,출발,,B737-800,189,"H,F,G,L"
출발,인천,진에어,LJ231,간사이,20251002,07:40,07:59,08:19,여객,지연,운항 기준 및 승무원 관련 지연,B737-800,189,"H,F,G,L"
출발,인천,대한항공,KE173,홍콩,20251002,07:45,07:45,08:09,여객,출발,,A321neo,182,"A,B,C,D"
출발,인천,대한항공,KE621,마닐라,20251002,07:50,07:50,08:13,여객,출발,,B737-900,188,"A,B,C,D"
출발,인천,대한항공,KE845,청도,20251002,07:50,07:50,08:19,여객,출발,,B737-900,188,"A,B,C,D"
출발,인천,진에어,LJ731,타오위안,20251002,07:50,08:13,08:31,여객,지연,공항 및 출입국 절차에 의한 지연,B737-800,189,"H,F,G,L"
출발,인천,대한항공,KE131,정저우,20251002,08:00,08:00,08:29,여객,출발,,B737-900,188,"A,B,C,D"
출발,인천,대한항공,KE441,노이바이(하노이),20251002,08:00,08:00,08:23,여객,출발,,A330-300,272,"A,B,C,D"
출발,인천,대한항공,KE767,아오모리,20251002,08:10,08:10,08:38,여객,출발,,B737-900,188,"A,B,C,D"
출발,인천,진에어,LJ241,간사이,20251002,08:10,08:10,08:49,여객,출발,,B737-800,189,"H,F,G,L"
출발,인천,진에어,LJ357,시모지시마,20251002,08:10,08:10,08:41,여객,출발,,B737-800,189,"H,F,G,L"
출발,인천,대한항공,KE859,베이징,20251002,08:15,08:15,08:45,여객,출발,,B777-300ER,277,"A,B,C,D"
출발,인천,진에어,LJ203,도쿄/나리타,20251002,08:15,08:15,08:45,여객,출발,,B737-800,189,"H,F,G,L"
출발,인천,대한항공,KE127,푸저우(복주),20251002,08:20,08:20,08:47,여객,출발,,B737-900,188,"A,B,C,D"
출발,인천,대한항공,KE1403,김해,20251002,08:20,08:20,08:43,여객,출발,,B737-900,188,
출발,인천,진에어,LJ301,삿포로,20251002,08:20,08:20,08:59,여객,출발,,B737-800,189,"H,F,G,L"
출발,인천,대한항공,KE731,고베,20251002,08:25,08:25,08:53,여객,출발,,A321neo,182,"A,B,C,D"
출발,인천,대한항공,KE893,푸동,20251002,08:25,08:25,08:53,여객,출발,,A330-300,272,"A,B,C,D"
출발,인천,에어 프랑스,AF267,파리,20251002,08:30,08:30,08:59,여객,출발,,B777-300ER,296,"M,F,G,L"
출발,인천,대한항공,KE827,선전(심천),20251002,08:40,08:40,09:07,여객,출발,,B737-900,188,"A,B,C,D"
출발,인천,대한항공,KE831,심양,20251002,08:45,08:05,08:37,여객,출발,,B737-900,188,"A,B,C,D"
출발,인천,에어서울,RS741,다카마쓰,20251002,08:45,08:45,09:07,여객,출발,,A321,195,"E,F,G,L"
출발,인천,대한항공,KE137,우한,20251002,08:50,08:50,09:11,여객,출발,,B737-900,188,"A,B,C,D"
출발,인천,대한항공,KE865,광저우,20251002,08:50,08:50,09:21,여객,출발,,A330-300,272,"A,B,C,D"
출발,인천,대한항공,KE819,창사(장사),20251002,09:00,09:20,09:53,여객,지연,공항 및 출입국 절차에 의한 지연,B737-900,188,"A,B,C,D"
출발,인천,대한항공,KE469,떤 선녓(호찌민),20251002,09:05,09:05,09:38,여객,출발,,A330-300,272,"A,B,C,D"
출발,인천,진에어,LJ361,이시가키,20251002,09:05,09:05,09:33,여객,출발,,B737-800,189,"H,F,G,L"
출발,인천,대한항공,KE805,천진,20251002,09:10,09:10,09:29,여객,출발,,B737-900,188,"A,B,C,D"
출발,인천,대한항공,KE811,시안,20251002,09:10,09:10,09:49,여객,지연,항공교통흐름에 의한 지연,B737-900,188,"A,B,C,D"
출발,인천,에어부산,BX172,간사이,20251002,09:15,09:15,09:34,여객,출발,,A321,195,"E,F,G,L"
출발,인천,대한항공,KE035,애틀랜타,20251002,09:20,09:20,09:31,여객,출발,,B777-300ER,277,"A,B,C,D"
출발,인천,진에어,LJ913,괌,20251002,09:20,09:20,09:45,여객,출발,,B737-800,189,"H,F,G,L"
출발,인천,에어서울,RS701,도쿄/나리타,20251002,09:25,09:25,09:52,여객,출발,,A321,195,"E,F,G,L"
출발,인천,대한항공,KE031,댈러스,20251002,09:30,09:30,10:02,여객,출발,,B787-9,269,"A,B,C,D"
출발,인천,대한항공,KE091,보스턴,20251002,09:30,09:30,10:08,여객,지연,공항 및 출입국 절차에 의한 지연,B787-9,269,"A,B,C,D"
출발,인천,대한항공,KE657,수안나폼(방콕),20251002,09:30,09:30,10:02,여객,지연,공항 및 출입국 절차에 의한 지연,A330-300,272,"A,B,C,D"
출발,인천,대한항공,KE755,오키나와,20251002,09:30,09:30,10:05,여객,출발,,B737-900,188,"A,B,C,D"
출발,인천,대한항공,KE777,구마모토,20251002,09:30,09:30,10:10,여객,지연,항공교통흐름에 의한 지연,B737-900,188,"A,B,C,D"
출발,인천,에어서울,RS745,요나고,20251002,09:30,09:30,09:48,여객,출발,,A321,195,"E,F,G,L"
출발,인천,대한항공,KE073,토론토,20251002,09:35,09:35,09:56,여객,출발,,B777-300ER,277,"A,B,C,D"
출발,인천,대한항공,KE723,간사이,20251002,09:35,09:35,10:05,여객,출발,,A321neo,182,"A,B,C,D"
출발,인천,진에어,LJ269,후쿠오카,20251002,09:35,09:35,10:04,여객,출발,,B737-800,189,"H,F,G,L"
출발,인천,대한항공,KE763,니가타,20251002,09:40,09:40,10:19,여객,지연,항공교통흐름에 의한 지연,B737-900,188,"A,B,C,D"
출발,인천,대한항공,KE421,괌,20251002,09:45,09:45,10:21,여객,출발,,B737-900,188,"A,B,C,D"
출발,인천,진에어,LJ205,도쿄/나리타,20251002,09:45,09:45,10:12,여객,출발,,B737-800,189,"H,F,G,L"
출발,인천,대한항공,KE913,마드리드,20251002,09:55,09:55,10:14,여객,출발,,B787-9,269,"A,B,C,D"
출발,인천,진에어,LJ341,오키나와,20251002,09:55,09:55,10:24,여객,출발,,B737-800,189,"H,F,G,L"
출발,인천,대한항공,KE081,뉴욕,20251002,10:00,10:00,10:30,여객,출발,,A380-800,407,"A,B,C,D"
출발,인천,대한항공,KE765,삿포로,20251002,10:05,10:05,10:17,여객,출발,,B737-900,188,"A,B,C,D"
출발,인천,대한항공,KE703,도쿄/나리타,20251002,10:10,10:10,10:44,여객,출발,,A321neo,182,"A,B,C,D"
출발,인천,진에어,LJ233,간사이,20251002,10:10,10:10,10:39,여객,출발,,B737-800,189,"H,F,G,L"
출발,인천,델타항공,DL158,디트로이트,20251002,10:15,10:15,10:41,여객,출발,,A350-900,306,"K,F,G,L"
출발,인천,대한항공,KE125,샤먼 가오치,20251002,10:20,10:20,10:53,여객,출발,,B737-900,188,"A,B,C,D"
출발,인천,대한항공,KE169,마카오,20251002,10:20,10:20,10:47,여객,출발,,A321neo,182,"A,B,C,D"
출발,인천,대한항공,KE093,워싱톤,20251002,10:25,10:25,10:54,여객,출발,,B777-300ER,277,"A,B,C,D"
출발,인천,대한항공,KE185,타오위안,20251002,10:30,10:30,11:11,여객,출발,,A321neo,182,"A,B,C,D"
출발,인천,가루다인도네시아,GA879,자카르타(수카르노 하타),20251002,10:35,10:35,11:00,여객,출발,,A330-900neo,301,"J,F,G,L"
출발,인천,대한항공,KE741,나고야,20251002,10:35,10:35,11:00,여객,출발,,A321neo,182,"A,B,C,D"
출발,인천,대한항공,KE037,시카고,20251002,10:40,10:40,11:08,여객,출발,,B777-300ER,277,"A,B,C,D"
출발,인천,대한항공,KE457,다낭,20251002,10:55,10:55,11:26,여객,출발,,B737-900,188,"A,B,C,D"
출발,인천,대한항공,KE907,런던히드로,20251002,10:55,10:55,11:13,여객,출발,,A380-800,407,"A,B,C,D"
출발,인천,대한항공,KE791,후쿠오카,20251002,11:05,11:05,11:29,여객,출발,,B737-900,188,"A,B,C,D"
출발,인천,대한항공,KE917,취리히,20251002,11:05,11:05,11:28,여객,출발,,B787-9,269,"A,B,C,D"
출발,인천,대한항공,KE901,파리,20251002,11:10,11:10,11:55,여객,지연,항공교통흐름에 의한 지연,B777-300ER,277,"A,B,C,D"
출발,인천,가루다인도네시아,GA871,덴파사(응우라 라이),20251002,11:25,11:25,11:45,여객,출발,,A330-300,251,"J,F,G,L"
출발,인천,에어부산,BX158,후쿠오카,20251002,11:25,11:25,11:42,여객,출발,,A321,195,"E,F,G,L"
출발,인천,에어 프랑스,AF269,파리,20251002,11:35,11:35,12:08,여객,출발,,B777-300ER,296,"M,F,G,L"
출발,인천,아에로멕시코,AM091,멕시코시티,20251002,11:40,11:40,12:06,여객,출발,,B787-9,274,"H,F,G,L"
출발,인천,대한항공,KE925,암스테르담,20251002,11:55,11:55,12:20,여객,출발,,B777-300ER,277,"A,B,C,D"
출발,인천,중화항공,CI165,가오슝,20251002,12:05,12:05,12:21,여객,출발,,A321neo,180,"J,F,G,L"
출발,인천,진에어,LJ263,후쿠오카,20251002,12:10,12:10,12:30,여객,출발,,B737-800,189,"H,F,G,L"
출발,인천,에어서울,RS811,장가계,20251002,12:20,12:20,12:41,여객,출발,,A321,195,"E,F,G,L"
출발,인천,대한항공,KE769,삿포로,20251002,12:35,12:35,13:17,여객,출발,,B737-900,188,"A,B,C,D"
출발,인천,대한항공,KE803,천진,20251002,12:35,12:35,13:00,여객,출발,,B737-900,188,"A,B,C,D"
출발,인천,대한항공,KE963,부다페스트,20251002,12:35,12:35,12:48,여객,출발,,B787-9,269,"A,B,C,D"
출발,인천,중화항공,CI161,타오위안,20251002,12:35,12:35,12:46,여객,출발,,A330-300,277,"J,F,G,L"
출발,인천,에어부산,BX174,간사이,20251002,12:40,12:40,12:56,여객,출발,,A321,195,"E,F,G,L"
출발,인천,대한항공,KE497,델리,20251002,12:55,12:55,13:25,여객,출발,,B787-9,269,"A,B,C,D"
출발,인천,대한항공,KE711,도쿄/나리타,20251002,13:00,13:00,13:32,여객,출발,,A321neo,182,"A,B,C,D"
출발,인천,대한항공,KE869,대련,20251002,13:00,13:00,13:20,여객,출발,,B737-900,188,"A,B,C,D"
출발,인천,대한항공,KE843,청도,20251002,13:05,13:05,13:23,여객,출발,,B737-900,188,"A,B,C,D"
출발,인천,에어서울,RS713,간사이,20251002,13:15,13:15,13:40,여객,출발,,A321,195,"E,F,G,L"
출발,인천,대한항공,KE135,허페이,20251002,13:25,13:25,13:48,여객,출발,,B737-900,188,"A,B,C,D"
출발,인천,대한항공,KE175,홍콩,20251002,13:25,13:25,13:52,여객,출발,,A321neo,182,"A,B,C,D"
출발,인천,대한항공,KE951,두바이,20251002,13:25,13:25,13:42,여객,출발,,B777-300ER,277,"A,B,C,D"
출발,인천,샤먼항공,MF872,샤먼 가오치,20251002,13:30,13:30,14:04,여객,출발,,B737-800,168,"J,F,G,L"
출발,인천,대한항공,KE789,후쿠오카,20251002,13:45,13:45,14:14,여객,출발,,B737-900,188,"A,B,C,D"
출발,인천,진에어,LJ207,도쿄/나리타,20251002,13:50,13:50,14:25,여객,출발,,B737-800,189,"H,F,G,L"
출발,인천,에어서울,RS723,후쿠오카,20251002,14:25,14:25,14:56,여객,출발,,A321,195,"E,F,G,L"
출발,인천,대한항공,KE017,로스앤젤레스,20251002,14:30,14:30,15:01,여객,출발,,B747-8i,368,"A,B,C,D"
출발,인천,진에어,LJ359,다카마쓰,20251002,14:30,14:59,15:31,여객,지연,항공기 연결에 의한 지연,B737-800,189,"H,F,G,L"
출발,인천,대한항공,KE833,심양,20251002,14:35,14:35,14:59,여객,출발,,B737-900,188,"A,B,C,D"
출발,인천,진에어,LJ237,간사이,20251002,14:40,14:40,15:06,여객,출발,,B737-800,189,"H,F,G,L"
출발,인천,대한항공,KE643,싱가포르,20251002,14:45,14:45,15:22,여객,출발,,A330-300,272,"A,B,C,D"
출발,인천,진에어,LJ209,도쿄/나리타,20251002,14:45,15:07,15:36,여객,지연,공항 및 출입국 절차에 의한 지연,B737-800,189,"H,F,G,L"
출발,인천,대한항공,KE725,간사이,20251002,14:55,14:55,15:24,여객,출발,,A321neo,182,"A,B,C,D"
출발,인천,대한항공,KE627,자카르타(수카르노 하타),20251002,15:10,15:10,15:53,여객,지연,항공교통흐름에 의한 지연,A330-300,272,"A,B,C,D"
출발,인천,대한항공,KE189,타이중,20251002,15:15,15:49,16:14,여객,지연,항공교통흐름에 의한 지연,A321neo,182,"A,B,C,D"
출발,인천,에어서울,RS715,간사이,20251002,15:20,15:20,16:12,여객,지연,공항 및 출입국 절차에 의한 지연,A321,195,"E,F,G,L"
출발,인천,에어부산,BX176,간사이,20251002,15:25,15:25,16:05,여객,출발,,A321,195,"E,F,G,L"
출발,인천,대한항공,KE671,쿠알라룸푸르,20251002,15:40,15:40,16:48,여객,지연,항공교통흐름에 의한 지연,A330-300,272,"A,B,C,D"
출발,인천,대한항공,KE733,고베,20251002,15:50,16:13,16:33,여객,지연,항공교통흐름에 의한 지연,A321neo,182,"A,B,C,D"
출발,인천,에어부산,BX166,도쿄/나리타,20251002,15:50,15:50,16:26,여객,지연,공항 및 출입국 절차에 의한 지연,A321,195,"E,F,G,L"
출발,인천,대한항공,KE023,샌프란시스코,20251002,16:00,16:20,17:16,여객,지연,항공기 연결에 의한 지연,B777-300ER,277,"A,B,C,D"
출발,인천,진에어,LJ265,후쿠오카,20251002,16:00,16:29,16:51,여객,지연,공항 및 출입국 절차에 의한 지연,B737-800,189,"H,F,G,L"
출발,인천,진에어,LJ239,간사이,20251002,16:05,16:37,17:01,여객,지연,공항 및 출입국 절차에 의한 지연,B737-800,189,"H,F,G,L"
출발,인천,진에어,LJ347,나고야,20251002,16:05,16:34,16:56,여객,지연,항공기 연결에 의한 지연,B737-800,189,"H,F,G,L"
출발,인천,대한항공,KE187,타오위안,20251002,16:10,16:10,16:58,여객,지연,항공교통흐름에 의한 지연,A321neo,182,"A,B,C,D"
출발,인천,대한항공,KE633,덴파사(응우라 라이),20251002,16:10,16:10,17:02,여객,지연,항공교통흐름에 의한 지연,A330-300,272,"A,B,C,D"
출발,인천,진에어,LJ351,기타규슈,20251002,16:15,16:48,17:14,여객,지연,공항 및 출입국 절차에 의한 지연,B737-800,189,"H,F,G,L"
출발,인천,델타항공,DL188,애틀랜타,20251002,16:25,16:40,:,여객,지연,공항 및 출입국 절차에 의한 지연,A350-900,306,"K,F,G,L"
출발,인천,대한항공,KE041,시애틀,20251002,16:40,16:40,17:28,여객,지연,항공기 연결에 의한 지연,A330-300,272,"A,B,C,D"
출발,인천,에어서울,RS703,도쿄/나리타,20251002,16:45,16:45,17:39,여객,지연,공항 및 출입국 절차에 의한 지연,A321,195,"E,F,G,L"
출발,인천,진에어,LJ271,후쿠오카,20251002,17:00,17:16,17:46,여객,지연,공항 및 출입국 절차에 의한 지연,B737-800,189,"H,F,G,L"
출발,인천,대한항공,KE713,도쿄/나리타,20251002,17:05,17:05,18:08,여객,지연,항공교통흐름에 의한 지연,A321neo,182,"A,B,C,D"
출발,인천,진에어,LJ091,푸꾸옥,20251002,17:05,17:05,18:02,여객,지연,,B737-800,189,"H,F,G,L"
출발,인천,대한항공,KE1405,김해,20251002,17:10,17:25,17:57,여객,지연,항공교통흐름에 의한 지연,B737-900,188,
출발,인천,대한항공,KE485,푸꾸옥,20251002,17:10,17:10,18:15,여객,지연,항공교통흐름에 의한 지연,B737-900,188,"A,B,C,D"
출발,인천,진에어,LJ009,치앙마이,20251002,17:10,17:34,17:59,여객,지연,공항 및 출입국 절차에 의한 지연,B737-800,189,"H,F,G,L"
출발,인천,에어부산,BX747,수안나폼(방콕),20251002,17:15,17:15,17:51,여객,출발,,A321,195,"E,F,G,L"
출발,인천,진에어,LJ005,푸껫,20251002,17:25,17:59,18:25,여객,지연,공항 및 출입국 절차에 의한 지연,B737-800,189,"H,F,G,L"
출발,인천,대한항공,KE629,덴파사(응우라 라이),20251002,17:45,17:45,18:21,여객,지연,항공교통흐름에 의한 지연,A330-300,272,"A,B,C,D"
출발,인천,대한항공,KE651,수안나폼(방콕),20251002,18:05,18:05,18:42,여객,출발,,A330-300,272,"A,B,C,D"
출발,인천,대한항공,KE461,다낭,20251002,18:20,18:20,18:54,여객,출발,,B737-900,188,"A,B,C,D"
출발,인천,대한항공,KE1407,김해,20251002,18:25,18:25,19:00,여객,출발,,B737-900,188,
출발,인천,대한항공,KE667,치앙마이,20251002,18:25,18:25,18:58,여객,출발,,B737-900,188,"A,B,C,D"
출발,인천,대한항공,KE705,도쿄/나리타,20251002,18:35,19:05,19:28,여객,지연,항공기 연결에 의한 지연,A321neo,182,"A,B,C,D"
출발,인천,대한항공,KE645,싱가포르,20251002,18:40,18:40,19:15,여객,출발,,A330-300,272,"A,B,C,D"
출발,인천,대한항공,KE781,후쿠오카,20251002,18:40,18:40,19:05,여객,출발,,B737-900,188,"A,B,C,D"
출발,인천,델타항공,DL170,미니애폴리스,20251002,18:40,19:40,:,여객,지연,항공기 정비에 의한 지연,A350-900,306,"K,F,G,L"
출발,인천,대한항공,KE071,밴쿠버,20251002,18:45,18:45,19:17,여객,출발,,B787-9,269,"A,B,C,D"
출발,인천,대한항공,KE453,노이바이(하노이),20251002,18:45,18:45,19:26,여객,출발,,B737-900,188,"A,B,C,D"
출발,인천,대한항공,KE475,떤 선녓(호찌민),20251002,18:45,19:00,19:34,여객,지연,항공기 연결에 의한 지연,B737-900,188,"A,B,C,D"
출발,인천,대한항공,KE623,마닐라,20251002,18:50,19:15,19:39,여객,지연,항공기 연결에 의한 지연,B737-900,188,"A,B,C,D"
출발,인천,대한항공,KE689,프놈펜,20251002,18:50,19:15,19:59,여객,지연,항공기 연결에 의한 지연,B737-900,188,"A,B,C,D"
출발,인천,대한항공,KE743,나고야,20251002,18:50,18:50,19:21,여객,출발,,A321neo,182,"A,B,C,D"
출발,인천,델타항공,DL26,애틀랜타,20251002,18:50,18:50,19:08,여객,출발,,A350-900,306,"K,F,G,L"
출발,인천,대한항공,KE895,푸동,20251002,18:55,19:20,20:01,여객,지연,항공기 연결에 의한 지연,A330-300,272,"A,B,C,D"
출발,인천,대한항공,KE721,간사이,20251002,19:00,19:00,19:32,여객,출발,,A321neo,182,"A,B,C,D"
출발,인천,대한항공,KE401,시드니,20251002,19:10,19:10,19:38,여객,출발,,A380-800,407,"A,B,C,D"
출발,인천,진에어,LJ131,코타키나발루,20251002,19:10,19:10,19:47,여객,출발,,B737-800,189,"H,F,G,L"
출발,인천,에어서울,RS581,팡라로,20251002,19:25,19:25,19:55,여객,출발,,A321,195,"E,F,G,L"
출발,인천,대한항공,KE085,뉴욕,20251002,19:30,20:00,20:53,여객,지연,기타 원인에 의한 지연,B747-8i,368,"A,B,C,D"
출발,인천,대한항공,KE1431,대구,20251002,19:30,19:30,19:57,여객,출발,,B737-900,188,
출발,인천,대한항공,KE1409,김해,20251002,19:35,19:35,20:19,여객,지연,항공교통흐름에 의한 지연,B737-900,188,
출발,인천,진에어,LJ917,괌,20251002,19:35,19:35,20:11,여객,출발,,B737-800,189,"H,F,G,L"
출발,인천,델타항공,DL172,솔트레이크시티,20251002,19:40,19:40,20:03,여객,출발,,A350-900,306,"K,F,G,L"
출발,인천,대한항공,KE177,홍콩,20251002,19:45,19:45,20:35,여객,지연,항공교통흐름에 의한 지연,A321neo,182,"A,B,C,D"
출발,인천,대한항공,KE477,떤 선녓(호찌민),20251002,19:45,19:45,20:24,여객,지연,항공교통흐름에 의한 지연,B737-900,188,"A,B,C,D"
출발,인천,에어서울,RS527,깜라인(나트랑),20251002,19:50,19:50,20:32,여객,지연,공항 및 출입국 절차에 의한 지연,A321,195,"E,F,G,L"
출발,인천,진에어,LJ001,수안나폼(방콕),20251002,19:55,20:17,20:39,여객,지연,공항 및 출입국 절차에 의한 지연,B737-800,189,"H,F,G,L"
출발,인천,대한항공,KE467,깜라인(나트랑),20251002,20:00,20:22,20:44,여객,지연,항공교통흐름에 의한 지연,B737-900,188,"A,B,C,D"
출발,인천,대한항공,KE625,마닐라,20251002,20:15,20:40,21:07,여객,지연,항공교통흐름에 의한 지연,B737-900,188,"A,B,C,D"
출발,인천,대한항공,KE011,로스앤젤레스,20251002,20:25,20:25,21:01,여객,출발,,A380-800,407,"A,B,C,D"
출발,인천,진에어,LJ081,다낭,20251002,20:25,20:25,20:51,여객,출발,,B737-800,189,"H,F,G,L"
출발,인천,대한항공,KE719,하네다,20251002,20:30,20:30,20:57,여객,출발,,A321neo,182,"A,B,C,D"
출발,인천,샤먼항공,MF878,푸저우(복주),20251002,20:35,20:35,21:09,여객,출발,,B737-800,168,"J,F,G,L"
출발,인천,중화항공,CI163,타오위안,20251002,20:35,21:06,21:32,여객,지연,항공기 연결에 의한 지연,A330-300,277,"J,F,G,L"
출발,인천,진에어,LJ087,깜라인(나트랑),20251002,20:40,20:40,21:22,여객,출발,,B737-800,189,"H,F,G,L"
출발,인천,대한항공,KE853,베이징,20251002,20:45,20:45,21:03,여객,출발,,A330-300,272,"A,B,C,D"
출발,인천,진에어,LJ043,팡라로,20251002,20:50,21:13,21:37,여객,지연,공항 및 출입국 절차에 의한 지연,B737-800,189,"H,F,G,L"
출발,인천,에어서울,RS511,다낭,20251002,20:55,20:55,21:33,여객,출발,,A321,195,"E,F,G,L"
출발,인천,대한항공,KE005,라스베이거스,20251002,21:00,21:00,21:30,여객,출발,,B777-300ER,277,"A,B,C,D"
출발,인천,대한항공,KE053,호놀룰루,20251002,21:05,21:05,21:43,여객,출발,,A330-300,272,"A,B,C,D"
출발,인천,대한항공,KE655,수안나폼(방콕),20251002,21:15,21:15,21:41,여객,출발,,A330-300,272,"A,B,C,D"
출발,인천,진에어,LJ037,클라크,20251002,21:25,21:41,22:03,여객,지연,항공기 연결에 의한 지연,B737-800,189,"H,F,G,L"
출발,인천,에어부산,BX787,깜라인(나트랑),20251002,21:30,21:30,21:49,여객,출발,,A321,195,"E,F,G,L"
출발,인천,진에어,LJ885,엔스 쉬자핑,20251002,21:45,21:45,21:55,여객,출발,,B737-800,189,"H,F,G,L"
출발,인천,진에어,LJ733,타오위안,20251002,22:10,22:10,22:25,여객,출발,,B737-800,189,"H,F,G,L"
출발,인천,네덜란드항공,KL856,암스테르담,20251002,22:25,22:25,23:00,여객,출발,,B787-9,294,"M,F,G,L"
출발,인천,대한항공,KE8659,수안나폼(방콕),20251002,22:30,22:30,22:56,여객,출발,,A330-300,272,"A,B,C,D"
출발,인천,대한항공,KE619,마닐라,20251002,22:35,22:35,23:02,여객,출발,,A330-300,272,"A,B,C,D"
출발,인천,대한항공,KE647,싱가포르,20251002,23:35,23:35,23:56,여객,출발,,B777-300ER,277,"A,B,C,D"
출발,인천,대한항공,KE1401,김해,20251003,06:35,06:35,06:55,여객,출발,,B737-900,188,
출발,인천,에어부산,BX164,도쿄/나리타,20251003,07:15,07:15,07:45,여객,출발,,A321,195,"E,F,G,L"
출발,인천,에어서울,RS711,간사이,20251003,07:15,07:15,07:41,여객,출발,,A321,195,"E,F,G,L"
출발,인천,진에어,LJ261,후쿠오카,20251003,07:15,07:15,07:35,여객,출발,,B737-800,189,"H,F,G,L"
출발,인천,에어부산,BX156,후쿠오카,20251003,07:20,07:20,07:49,여객,출발,,A321,195,"E,F,G,L"
출발,인천,대한항공,KE787,후쿠오카,20251003,07:25,07:25,07:57,여객,출발,,B737-900,188,"A,B,C,D"
출발,인천,진에어,LJ201,도쿄/나리타,20251003,07:25,07:25,08:01,여객,출발,,B737-800,189,"H,F,G,L"
출발,인천,대한항공,KE771,오카야마,20251003,07:30,07:30,08:18,여객,지연,항공기 연결에 의한 지연,B737-900,188,"A,B,C,D"
출발,인천,진에어,LJ345,나고야,20251003,07:30,07:48,08:12,여객,지연,공항 및 출입국 절차에 의한 지연,B737-800,189,"H,F,G,L"
출발,인천,진에어,LJ231,간사이,20251003,07:40,07:40,08:15,여객,지연,,B737-800,189,"H,F,G,L"
출발,인천,대한항공,KE173,홍콩,20251003,07:45,07:45,08:08,여객,출발,,A321neo,182,"A,B,C,D"
출발,인천,대한항공,KE621,마닐라,20251003,07:50,07:50,08:17,여객,출발,,B737-900,188,"A,B,C,D"
출발,인천,대한항공,KE845,청도,20251003,07:50,07:50,08:10,여객,출발,,B737-900,188,"A,B,C,D"
출발,인천,진에어,LJ731,타오위안,20251003,07:50,08:08,08:41,여객,지연,공항 및 출입국 절차에 의한 지연,B737-800,189,"H,F,G,L"
출발,인천,대한항공,KE131,정저우,20251003,08:00,08:00,08:26,여객,출발,,B737-900,188,"A,B,C,D"
출발,인천,대한항공,KE441,노이바이(하노이),20251003,08:00,08:00,08:14,여객,출발,,A330-300,272,"A,B,C,D"
출발,인천,대한항공,KE197,칭기즈칸(신 울란바토르) 국제공항,20251003,08:10,08:30,08:59,여객,지연,항공기 연결에 의한 지연,B737-900,188,"A,B,C,D"
출발,인천,에어서울,RS705,도쿄/나리타,20251003,08:10,08:10,08:34,여객,출발,,A321,195,"E,F,G,L"
출발,인천,진에어,LJ203,도쿄/나리타,20251003,08:15,08:33,08:47,여객,지연,항공기 연결에 의한 지연,B737-800,189,"H,F,G,L"
출발,인천,대한항공,KE1403,김해,20251003,08:20,08:20,08:45,여객,출발,,B737-900,188,
출발,인천,진에어,LJ301,삿포로,20251003,08:20,08:20,08:43,여객,출발,,B737-800,189,"H,F,G,L"
출발,인천,대한항공,KE731,고베,20251003,08:25,08:25,09:02,여객,지연,항공교통흐름에 의한 지연,A321neo,182,"A,B,C,D"
출발,인천,대한항공,KE893,푸동,20251003,08:25,08:25,08:56,여객,출발,,A330-300,272,"A,B,C,D"
출발,인천,에어서울,RS727,후쿠오카,20251003,08:25,09:05,09:29,여객,지연,항공기 연결에 의한 지연,A321,195,"E,F,G,L"
출발,인천,에어 프랑스,AF267,파리,20251003,08:30,08:30,08:54,여객,출발,,B777-300ER,296,"M,F,G,L"
출발,인천,대한항공,KE775,고마쓰,20251003,08:35,08:35,09:08,여객,출발,,B737-900,188,"A,B,C,D"
출발,인천,대한항공,KE827,선전(심천),20251003,08:40,08:40,09:08,여객,출발,,B737-900,188,"A,B,C,D"
출발,인천,대한항공,KE831,심양,20251003,08:45,08:05,08:46,여객,지연,공항 및 출입국 절차에 의한 지연,B737-900,188,"A,B,C,D"
출발,인천,에어서울,RS741,다카마쓰,20251003,08:45,08:45,09:14,여객,출발,,A321,195,"E,F,G,L"
출발,인천,대한항공,KE137,우한,20251003,08:50,08:50,09:14,여객,출발,,B737-900,188,"A,B,C,D"
출발,인천,대한항공,KE865,광저우,20251003,08:50,08:50,09:24,여객,출발,,A330-300,272,"A,B,C,D"
출발,인천,대한항공,KE819,창사(장사),20251003,09:00,09:00,09:26,여객,출발,,B737-900,188,"A,B,C,D"
출발,인천,대한항공,KE469,떤 선녓(호찌민),20251003,09:05,09:05,09:48,여객,지연,항공교통흐름에 의한 지연,A330-300,272,"A,B,C,D"
출발,인천,진에어,LJ361,이시가키,20251003,09:05,09:22,09:44,여객,지연,공항 및 출입국 절차에 의한 지연,B737-800,189,"H,F,G,L"
출발,인천,대한항공,KE805,천진,20251003,09:10,09:10,09:50,여객,지연,항공교통흐름에 의한 지연,B737-900,188,"A,B,C,D"
출발,인천,대한항공,KE811,시안,20251003,09:10,09:10,09:38,여객,출발,,B737-900,188,"A,B,C,D"
출발,인천,에어부산,BX172,간사이,20251003,09:15,09:15,09:30,여객,출발,,A321,195,"E,F,G,L"
출발,인천,대한항공,KE035,애틀랜타,20251003,09:20,09:20,09:56,여객,출발,,B777-300ER,277,"A,B,C,D"
출발,인천,대한항공,KE785,가고시마,20251003,09:20,09:20,09:46,여객,출발,,B737-900,188,"A,B,C,D"
출발,인천,진에어,LJ913,괌,20251003,09:20,09:20,09:38,여객,출발,,B737-800,189,"H,F,G,L"
출발,인천,에어서울,RS701,도쿄/나리타,20251003,09:25,09:25,10:12,여객,지연,공항 및 출입국 절차에 의한 지연,A321,195,"E,F,G,L"
출발,인천,대한항공,KE031,댈러스,20251003,09:30,09:30,10:08,여객,출발,,B787-9,269,"A,B,C,D"
출발,인천,대한항공,KE091,보스턴,20251003,09:30,09:30,09:50,여객,출발,,B787-9,269,"A,B,C,D"
출발,인천,대한항공,KE657,수안나폼(방콕),20251003,09:30,09:30,10:05,여객,출발,,A330-300,272,"A,B,C,D"
출발,인천,대한항공,KE755,오키나와,20251003,09:30,09:30,10:09,여객,출발,,B737-900,188,"A,B,C,D"
출발,인천,대한항공,KE073,토론토,20251003,09:35,09:35,10:18,여객,지연,항공교통흐름에 의한 지연,B777-300ER,277,"A,B,C,D"
출발,인천,대한항공,KE723,간사이,20251003,09:35,09:35,09:52,여객,출발,,A321neo,182,"A,B,C,D"
출발,인천,대한항공,KE421,괌,20251003,09:45,09:45,10:00,여객,출발,,B737-900,188,"A,B,C,D"
출발,인천,진에어,LJ205,도쿄/나리타,20251003,09:45,09:45,10:14,여객,출발,,B737-800,189,"H,F,G,L"
출발,인천,대한항공,KE913,마드리드,20251003,09:55,09:55,10:21,여객,출발,,B787-9,269,"A,B,C,D"
출발,인천,진에어,LJ341,오키나와,20251003,09:55,10:14,10:40,여객,지연,공항 및 출입국 절차에 의한 지연,B737-800,189,"H,F,G,L"
출발,인천,대한항공,KE081,뉴욕,20251003,10:00,10:00,10:29,여객,출발,,A380-800,407,"A,B,C,D"
출발,인천,대한항공,KE765,삿포로,20251003,10:05,10:05,10:26,여객,출발,,B737-900,188,"A,B,C,D"
출발,인천,대한항공,KE703,도쿄/나리타,20251003,10:10,10:10,10:47,여객,출발,,A321neo,182,"A,B,C,D"
출발,인천,진에어,LJ233,간사이,20251003,10:10,10:10,10:37,여객,출발,,B737-800,189,"H,F,G,L"
출발,인천,델타항공,DL158,디트로이트,20251003,10:15,10:15,10:34,여객,출발,,A350-900,306,"K,F,G,L"
출발,인천,대한항공,KE125,샤먼 가오치,20251003,10:20,10:20,11:00,여객,지연,항공교통흐름에 의한 지연,B737-900,188,"A,B,C,D"
출발,인천,대한항공,KE169,마카오,20251003,10:20,10:20,10:57,여객,출발,,A321neo,182,"A,B,C,D"
출발,인천,대한항공,KE093,워싱톤,20251003,10:25,10:25,10:56,여객,출발,,B777-300ER,277,"A,B,C,D"
출발,인천,대한항공,KE101,남경,20251003,10:25,10:25,11:10,여객,지연,공항 및 출입국 절차에 의한 지연,A321neo,182,"A,B,C,D"
출발,인천,대한항공,KE937,비엔나,20251003,10:25,10:25,10:59,여객,출발,,B787-9,269,"A,B,C,D"
출발,인천,대한항공,KE185,타오위안,20251003,10:30,10:30,11:16,여객,지연,항공교통흐름에 의한 지연,A321neo,182,"A,B,C,D"
출발,인천,진에어,LJ269,후쿠오카,20251003,10:30,10:30,10:53,여객,출발,,B737-800,189,"H,F,G,L"
출발,인천,가루다인도네시아,GA879,자카르타(수카르노 하타),20251003,10:35,10:35,11:12,여객,출발,,A330-900neo,301,"J,F,G,L"
출발,인천,대한항공,KE741,나고야,20251003,10:35,10:35,11:07,여객,출발,,A321neo,182,"A,B,C,D"
출발,인천,대한항공,KE037,시카고,20251003,10:40,10:40,11:12,여객,출발,,B777-300ER,277,"A,B,C,D"
출발,인천,대한항공,KE855,베이징,20251003,10:40,10:40,11:07,여객,출발,,A330-300,272,"A,B,C,D"
출발,인천,대한항공,KE969,프라하,20251003,10:45,10:45,11:19,여객,출발,,B787-9,269,"A,B,C,D"
출발,인천,대한항공,KE457,다낭,20251003,10:55,10:55,11:21,여객,출발,,B737-900,188,"A,B,C,D"
출발,인천,대한항공,KE907,런던히드로,20251003,10:55,10:55,11:25,여객,출발,,A380-800,407,"A,B,C,D"
출발,인천,대한항공,KE791,후쿠오카,20251003,11:05,11:05,11:30,여객,출발,,B737-900,188,"A,B,C,D"
출발,인천,대한항공,KE945,프랑크푸르트,20251003,11:05,11:05,11:45,여객,지연,공항 및 출입국 절차에 의한 지연,A380-800,407,"A,B,C,D"
출발,인천,대한항공,KE897,푸동,20251003,11:10,11:10,12:07,여객,지연,항공교통흐름에 의한 지연,B777-300ER,277,"A,B,C,D"
출발,인천,대한항공,KE901,파리,20251003,11:10,11:10,11:48,여객,지연,항공교통흐름에 의한 지연,B777-300ER,277,"A,B,C,D"
출발,인천,진에어,LJ245,간사이,20251003,11:10,11:10,11:44,여객,출발,,B737-800,189,"H,F,G,L"
출발,인천,가루다인도네시아,GA871,덴파사(응우라 라이),20251003,11:25,12:00,12:18,여객,지연,항공기 연결에 의한 지연,A330-300,251,"J,F,G,L"
출발,인천,에어부산,BX158,후쿠오카,20251003,11:25,11:25,11:51,여객,출발,,A321,195,"E,F,G,L"
출발,인천,아에로멕시코,AM091,멕시코시티,20251003,11:40,11:40,12:12,여객,출발,,B787-9,274,"H,F,G,L"
출발,인천,대한항공,KE925,암스테르담,20251003,11:55,11:55,12:22,여객,출발,,B777-300ER,277,"A,B,C,D"
출발,인천,대한항공,KE107,항저우,20251003,12:00,12:00,13:01,여객,지연,항공교통흐름에 의한 지연,A321neo,182,"A,B,C,D"
출발,인천,대한항공,KE9717,도야마,20251003,12:05,12:05,12:16,여객,출발,,B737-900,188,"A,B,C,D"
출발,인천,중화항공,CI165,가오슝,20251003,12:05,12:52,13:21,여객,지연,항공교통흐름에 의한 지연,A321neo,180,"J,F,G,L"
출발,인천,진에어,LJ263,후쿠오카,20251003,12:10,12:10,12:23,여객,출발,,B737-800,189,"H,F,G,L"
출발,인천,대한항공,KE769,삿포로,20251003,12:35,12:35,12:46,여객,출발,,B737-900,188,"A,B,C,D"
출발,인천,대한항공,KE803,천진,20251003,12:35,12:35,12:49,여객,출발,,B737-900,188,"A,B,C,D"
출발,인천,에어 프랑스,AF269,파리,20251003,12:35,12:35,12:43,여객,출발,,B777-300ER,296,"M,F,G,L"
출발,인천,중화항공,CI161,타오위안,20251003,12:35,13:04,13:32,여객,지연,항공교통흐름에 의한 지연,A330-300,277,"J,F,G,L"
출발,인천,에어부산,BX174,간사이,20251003,12:40,12:40,12:51,여객,출발,,A321,195,"E,F,G,L"
출발,인천,대한항공,KE711,도쿄/나리타,20251003,13:00,13:00,13:18,여객,출발,,A321neo,182,"A,B,C,D"
출발,인천,대한항공,KE869,대련,20251003,13:00,13:00,13:23,여객,출발,,B737-900,188,"A,B,C,D"
출발,인천,대한항공,KE921,리스본,20251003,13:00,13:00,13:20,여객,출발,,B787-9,269,"A,B,C,D"
출발,인천,대한항공,KE843,청도,20251003,13:05,13:05,13:28,여객,출발,,B737-900,188,"A,B,C,D"
출발,인천,진에어,GS7994,천진,20251003,13:05,13:05,13:03,여객,출발,,B737-800,189,"H,F,G,L"
출발,인천,에어서울,RS713,간사이,20251003,13:15,13:15,13:43,여객,출발,,A321,195,"E,F,G,L"
출발,인천,대한항공,KE175,홍콩,20251003,13:25,13:25,14:03,여객,지연,항공교통흐름에 의한 지연,A321neo,182,"A,B,C,D"
출발,인천,대한항공,KE951,두바이,20251003,13:25,13:25,13:59,여객,출발,,B777-300ER,277,"A,B,C,D"
출발,인천,에어서울,RS745,요나고,20251003,13:25,13:25,13:45,여객,출발,,A321,195,"E,F,G,L"
출발,인천,샤먼항공,MF872,샤먼 가오치,20251003,13:30,13:45,14:06,여객,지연,공항 및 출입국 절차에 의한 지연,B737-800,168,"J,F,G,L"
출발,인천,대한항공,KE695,카트만두,20251003,13:35,13:35,14:19,여객,지연,공항 및 출입국 절차에 의한 지연,A330-300,272,"A,B,C,D"
출발,인천,대한항공,KE927,밀라노,20251003,13:40,13:40,14:01,여객,출발,,B787-9,269,"A,B,C,D"
출발,인천,대한항공,KE955,이스탄불,20251003,13:40,13:40,13:57,여객,출발,,B777-300ER,277,"A,B,C,D"
출발,인천,대한항공,KE789,후쿠오카,20251003,13:45,13:45,14:12,여객,출발,,B737-900,188,"A,B,C,D"
출발,인천,진에어,LJ207,도쿄/나리타,20251003,13:50,14:10,14:32,여객,지연,공항 및 출입국 절차에 의한 지연,B737-800,189,"H,F,G,L"
출발,인천,진에어,LJ861,청도,20251003,13:50,14:40,15:01,여객,지연,항공기 연결에 의한 지연,B737-800,189,"H,F,G,L"
출발,인천,에어서울,RS723,후쿠오카,20251003,14:25,14:25,14:55,여객,출발,,A321,195,"E,F,G,L"
출발,인천,대한항공,KE017,로스앤젤레스,20251003,14:30,14:30,15:03,여객,출발,,B747-8i,368,"A,B,C,D"
출발,인천,진에어,LJ359,다카마쓰,20251003,14:30,14:30,14:59,여객,출발,,B737-800,189,"H,F,G,L"
출발,인천,대한항공,KE833,심양,20251003,14:35,14:35,15:08,여객,지연,항공교통흐름에 의한 지연,B737-900,188,"A,B,C,D"
출발,인천,진에어,LJ237,간사이,20251003,14:40,14:40,15:09,여객,출발,,B737-800,189,"H,F,G,L"
출발,인천,대한항공,KE643,싱가포르,20251003,14:45,14:45,15:13,여객,출발,,A330-300,272,"A,B,C,D"
출발,인천,진에어,LJ209,도쿄/나리타,20251003,14:45,14:45,15:19,여객,출발,,B737-800,189,"H,F,G,L"
출발,인천,대한항공,KE725,간사이,20251003,15:05,15:05,15:37,여객,출발,,A321neo,182,"A,B,C,D"
출발,인천,대한항공,KE627,자카르타(수카르노 하타),20251003,15:10,15:10,15:53,여객,지연,항공교통흐름에 의한 지연,A330-300,272,"A,B,C,D"
출발,인천,대한항공,KE189,타이중,20251003,15:15,15:15,16:09,여객,지연,항공교통흐름에 의한 지연,A321neo,182,"A,B,C,D"
출발,인천,에어서울,RS715,간사이,20251003,15:20,15:20,15:56,여객,출발,,A321,195,"E,F,G,L"
출발,인천,에어부산,BX176,간사이,20251003,15:25,15:25,16:03,여객,지연,기타 원인에 의한 지연,A321,195,"E,F,G,L"
출발,인천,진에어,LJ211,도쿄/나리타,20251003,15:35,16:27,16:46,여객,지연,공항 및 출입국 절차에 의한 지연,B737-800,189,"H,F,G,L"
출발,인천,대한항공,KE733,고베,20251003,15:50,15:50,16:31,여객,지연,항공교통흐름에 의한 지연,A321neo,182,"A,B,C,D"
출발,인천,에어부산,BX166,도쿄/나리타,20251003,15:50,15:50,16:42,여객,지연,공항 및 출입국 절차에 의한 지연,A321,195,"E,F,G,L"
출발,인천,대한항공,KE023,샌프란시스코,20251003,16:00,16:00,17:01,여객,지연,항공교통흐름에 의한 지연,B777-300ER,277,"A,B,C,D"
출발,인천,진에어,LJ265,후쿠오카,20251003,16:00,16:00,16:37,여객,출발,,B737-800,189,"H,F,G,L"
출발,인천,진에어,LJ239,간사이,20251003,16:05,16:05,16:38,여객,출발,,B737-800,189,"H,F,G,L"
출발,인천,진에어,LJ347,나고야,20251003,16:05,16:44,17:05,여객,지연,공항 및 출입국 절차에 의한 지연,B737-800,189,"H,F,G,L"
출발,인천,대한항공,KE187,타오위안,20251003,16:10,16:25,17:03,여객,지연,기타 원인에 의한 지연,A321neo,182,"A,B,C,D"
출발,인천,대한항공,KE633,덴파사(응우라 라이),20251003,16:10,16:10,16:44,여객,지연,항공교통흐름에 의한 지연,A330-300,272,"A,B,C,D"
출발,인천,진에어,LJ351,기타규슈,20251003,16:15,17:10,17:32,여객,지연,공항 및 출입국 절차에 의한 지연,B737-800,189,"H,F,G,L"
출발,인천,델타항공,DL188,애틀랜타,20251003,16:25,16:49,17:13,여객,지연,공항 및 출입국 절차에 의한 지연,A350-900,306,"K,F,G,L"
출발,인천,대한항공,KE041,시애틀,20251003,16:40,16:40,17:26,여객,지연,항공교통흐름에 의한 지연,A330-300,272,"A,B,C,D"
출발,인천,에어서울,RS703,도쿄/나리타,20251003,16:45,16:45,17:34,여객,지연,공항 및 출입국 절차에 의한 지연,A321,195,"E,F,G,L"
출발,인천,진에어,LJ271,후쿠오카,20251003,17:00,17:28,17:50,여객,지연,공항 및 출입국 절차에 의한 지연,B737-800,189,"H,F,G,L"
출발,인천,대한항공,KE713,도쿄/나리타,20251003,17:05,17:55,18:28,여객,지연,항공기 연결에 의한 지연,A321neo,182,"A,B,C,D"
출발,인천,진에어,LJ091,푸꾸옥,20251003,17:05,17:05,17:28,여객,출발,,B737-800,189,"H,F,G,L"
출발,인천,대한항공,KE1405,김해,20251003,17:10,17:10,17:53,여객,지연,,B737-900,188,
출발,인천,대한항공,KE485,푸꾸옥,20251003,17:10,17:10,17:46,여객,지연,항공교통흐름에 의한 지연,B737-900,188,"A,B,C,D"
출발,인천,진에어,LJ009,치앙마이,20251003,17:10,17:44,18:07,여객,지연,공항 및 출입국 절차에 의한 지연,B737-800,189,"H,F,G,L"
출발,인천,에어부산,BX747,수안나폼(방콕),20251003,17:15,17:15,17:55,여객,지연,공항 및 출입국 절차에 의한 지연,A321,195,"E,F,G,L"
출발,인천,진에어,LJ005,푸껫,20251003,17:25,17:25,17:51,여객,출발,,B737-800,189,"H,F,G,L"
출발,인천,대한항공,KE629,덴파사(응우라 라이),20251003,17:45,17:45,18:11,여객,출발,,A330-300,272,"A,B,C,D"
출발,인천,대한항공,KE663,푸껫,20251003,17:50,17:50,18:17,여객,출발,,B737-900,188,"A,B,C,D"
출발,인천,대한항공,KE411,오클랜드,20251003,18:00,18:30,19:44,여객,지연,항공기 정비에 의한 지연,B787-9,269,"A,B,C,D"
출발,인천,대한항공,KE651,수안나폼(방콕),20251003,18:05,18:50,19:28,여객,지연,항공기 연결에 의한 지연,A330-300,272,"A,B,C,D"
출발,인천,대한항공,KE461,다낭,20251003,18:20,18:20,18:50,여객,출발,,B737-900,188,"A,B,C,D"
출발,인천,대한항공,KE1407,김해,20251003,18:25,18:50,19:06,여객,지연,운항 기준 및 승무원 관련 지연,B737-900,188,
출발,인천,대한항공,KE667,치앙마이,20251003,18:25,18:25,18:38,여객,출발,,B737-900,188,"A,B,C,D"
출발,인천,대한항공,KE705,도쿄/나리타,20251003,18:35,18:35,19:10,여객,출발,,A321neo,182,"A,B,C,D"
출발,인천,대한항공,KE871,대련,20251003,18:35,18:35,19:04,여객,출발,,B737-900,188,"A,B,C,D"
출발,인천,대한항공,KE161,쿤밍,20251003,18:40,18:40,19:35,여객,지연,운항 기준 및 승무원 관련 지연,B737-900,188,"A,B,C,D"
출발,인천,대한항공,KE423,괌,20251003,18:40,19:00,19:49,여객,지연,항공기 연결에 의한 지연,B737-900,188,"A,B,C,D"
출발,인천,대한항공,KE645,싱가포르,20251003,18:40,19:25,20:18,여객,지연,항공기 연결에 의한 지연,A330-300,272,"A,B,C,D"
출발,인천,대한항공,KE781,후쿠오카,20251003,18:40,18:40,18:57,여객,출발,,B737-900,188,"A,B,C,D"
출발,인천,델타항공,DL170,미니애폴리스,20251003,18:40,18:40,19:01,여객,출발,,A350-900,306,"K,F,G,L"
출발,인천,대한항공,KE071,밴쿠버,20251003,18:45,18:45,19:23,여객,지연,운항 기준 및 승무원 관련 지연,B787-9,269,"A,B,C,D"
출발,인천,대한항공,KE453,노이바이(하노이),20251003,18:45,19:00,19:55,여객,지연,항공교통흐름에 의한 지연,B737-900,188,"A,B,C,D"
출발,인천,대한항공,KE475,떤 선녓(호찌민),20251003,18:45,18:45,19:11,여객,출발,,B737-900,188,"A,B,C,D"
출발,인천,대한항공,KE623,마닐라,20251003,18:50,18:50,19:21,여객,출발,,B737-900,188,"A,B,C,D"
출발,인천,대한항공,KE689,프놈펜,20251003,18:50,18:50,19:39,여객,지연,운항 기준 및 승무원 관련 지연,B737-900,188,"A,B,C,D"
출발,인천,대한항공,KE743,나고야,20251003,18:50,19:50,20:21,여객,지연,항공기 정비에 의한 지연,A321neo,182,"A,B,C,D"
출발,인천,델타항공,DL26,애틀랜타,20251003,18:50,19:06,19:32,여객,지연,공항 및 출입국 절차에 의한 지연,A350-900,306,"K,F,G,L"
출발,인천,대한항공,KE895,푸동,20251003,18:55,18:55,19:30,여객,출발,,A330-300,272,"A,B,C,D"
출발,인천,대한항공,KE721,간사이,20251003,19:00,19:00,19:37,여객,출발,,A321neo,182,"A,B,C,D"
출발,인천,대한항공,KE401,시드니,20251003,19:10,19:10,20:04,여객,지연,항공교통흐름에 의한 지연,A380-800,407,"A,B,C,D"
출발,인천,진에어,LJ131,코타키나발루,20251003,19:10,19:54,20:21,여객,지연,공항 및 출입국 절차에 의한 지연,B737-800,189,"H,F,G,L"
출발,인천,델타항공,DL196,시애틀,20251003,19:20,19:39,20:08,여객,지연,공항 및 출입국 절차에 의한 지연,A330-900neo,281,"K,F,G,L"
출발,인천,에어서울,RS581,팡라로,20251003,19:25,19:25,20:07,여객,지연,공항 및 출입국 절차에 의한 지연,A321,195,"E,F,G,L"
출발,인천,대한항공,KE085,뉴욕,20251003,19:30,20:00,20:31,여객,지연,기타 원인에 의한 지연,B747-8i,368,"A,B,C,D"
출발,인천,대한항공,KE1431,대구,20251003,19:30,19:50,20:10,여객,지연,,B737-900,188,
출발,인천,대한항공,KE1409,김해,20251003,19:35,19:35,20:16,여객,지연,항공교통흐름에 의한 지연,B737-900,188,
출발,인천,진에어,LJ917,괌,20251003,19:35,20:07,20:29,여객,지연,항공기 연결에 의한 지연,B737-800,189,"H,F,G,L"
출발,인천,델타항공,DL172,솔트레이크시티,20251003,19:40,19:40,20:14,여객,출발,,A350-900,306,"K,F,G,L"
출발,인천,대한항공,KE177,홍콩,20251003,19:45,19:45,20:29,여객,지연,항공교통흐름에 의한 지연,A321neo,182,"A,B,C,D"
출발,인천,대한항공,KE477,떤 선녓(호찌민),20251003,19:45,20:08,20:35,여객,지연,항공교통흐름에 의한 지연,B737-900,188,"A,B,C,D"
출발,인천,대한항공,KE659,수안나폼(방콕),20251003,19:45,19:45,20:40,여객,지연,항공교통흐름에 의한 지연,B737-900,188,"A,B,C,D"
출발,인천,에어서울,RS527,깜라인(나트랑),20251003,19:50,19:50,20:52,여객,지연,항공교통흐름에 의한 지연,A321,195,"E,F,G,L"
출발,인천,진에어,LJ001,수안나폼(방콕),20251003,19:55,19:55,20:25,여객,출발,,B737-800,189,"H,F,G,L"
출발,인천,대한항공,KE467,깜라인(나트랑),20251003,20:00,20:36,21:05,여객,지연,항공교통흐름에 의한 지연,B737-900,188,"A,B,C,D"
출발,인천,대한항공,KE853,베이징,20251003,20:00,20:15,20:58,여객,지연,항공교통흐름에 의한 지연,A330-300,272,"A,B,C,D"
출발,인천,대한항공,KE407,브리즈번,20251003,20:05,20:05,20:25,여객,출발,,A330-300,272,"A,B,C,D"
출발,인천,대한항공,KE615,세부,20251003,20:05,20:05,21:03,여객,지연,항공교통흐름에 의한 지연,B737-900,188,"A,B,C,D"
출발,인천,대한항공,KE625,마닐라,20251003,20:15,20:51,21:16,여객,지연,항공교통흐름에 의한 지연,B737-900,188,"A,B,C,D"
출발,인천,에어서울,RS529,깜라인(나트랑),20251003,20:20,20:20,21:32,여객,지연,항공교통흐름에 의한 지연,A321,195,"E,F,G,L"
출발,인천,대한항공,KE011,로스앤젤레스,20251003,20:25,20:25,21:11,여객,지연,항공교통흐름에 의한 지연,A380-800,407,"A,B,C,D"
출발,인천,진에어,LJ081,다낭,20251003,20:25,20:40,21:07,여객,지연,항공교통흐름에 의한 지연,B737-800,189,"H,F,G,L"
출발,인천,대한항공,KE719,하네다,20251003,20:30,20:30,21:18,여객,지연,항공교통흐름에 의한 지연,A321neo,182,"A,B,C,D"
출발,인천,샤먼항공,MF878,푸저우(복주),20251003,20:35,21:00,21:28,여객,지연,공항 및 출입국 절차에 의한 지연,B737-800,168,"J,F,G,L"
출발,인천,중화항공,CI163,타오위안,20251003,20:35,21:27,21:51,여객,지연,항공기 연결에 의한 지연,A330-300,277,"J,F,G,L"
출발,인천,진에어,LJ087,깜라인(나트랑),20251003,20:40,20:59,21:24,여객,지연,항공교통흐름에 의한 지연,B737-800,189,"H,F,G,L"
출발,인천,진에어,LJ043,팡라로,20251003,20:50,20:50,21:48,여객,지연,,B737-800,189,"H,F,G,L"
출발,인천,에어서울,RS511,다낭,20251003,20:55,21:30,21:57,여객,지연,항공교통흐름에 의한 지연,A321,195,"E,F,G,L"
출발,인천,대한항공,KE005,라스베이거스,20251003,21:00,21:00,21:38,여객,지연,항공교통흐름에 의한 지연,B777-300ER,277,"A,B,C,D"
출발,인천,대한항공,KE053,호놀룰루,20251003,21:05,21:05,21:48,여객,지연,항공교통흐름에 의한 지연,A330-300,272,"A,B,C,D"
출발,인천,대한항공,KE655,수안나폼(방콕),20251003,21:15,21:15,22:10,여객,지연,항공교통흐름에 의한 지연,A330-300,272,"A,B,C,D"
출발,인천,진에어,LJ037,클라크,20251003,21:25,22:05,23:08,여객,지연,공항 및 출입국 절차에 의한 지연,B737-800,189,"H,F,G,L"
출발,인천,에어부산,BX787,깜라인(나트랑),20251003,21:30,21:30,22:17,여객,지연,공항 및 출입국 절차에 의한 지연,A321,195,"E,F,G,L"
출발,인천,진에어,LJ089,깜라인(나트랑),20251003,21:55,21:55,23:02,여객,지연,,B737-800,189,"H,F,G,L"
출발,인천,진에어,LJ733,타오위안,20251003,22:10,22:10,22:54,여객,지연,,B737-800,189,"H,F,G,L"
출발,인천,네덜란드항공,KL856,암스테르담,20251003,22:25,23:07,23:32,여객,지연,항공교통흐름에 의한 지연,B787-9,294,"M,F,G,L"
출발,인천,대한항공,KE619,마닐라,20251003,22:35,23:09,23:30,여객,지연,항공교통흐름에 의한 지연,A330-300,272,"A,B,C,D"
출발,인천,대한항공,KE075,밴쿠버,20251003,22:40,22:40,23:42,여객,지연,항공교통흐름에 의한 지연,B787-9,269,"A,B,C,D"
출발,인천,대한항공,KE647,싱가포르,20251004,00:05,23:55,00:54,여객,지연,항공기 연결에 의한 지연,B777-300ER,277,"A,B,C,D"
출발,인천,스칸디나비아항공,SK988,코펜하겐,20251004,00:05,23:45,00:25,여객,출발,,A350-900,300,"K,F,G,L"
출발,인천,대한항공,KE1401,김해,20251004,06:35,06:35,06:54,여객,출발,,B737-900,188,
출발,인천,에어부산,BX164,도쿄/나리타,20251004,07:15,07:15,07:28,여객,출발,,A321,195,"E,F,G,L"
출발,인천,에어서울,RS711,간사이,20251004,07:15,07:15,07:42,여객,출발,,A321,195,"E,F,G,L"
출발,인천,진에어,LJ261,후쿠오카,20251004,07:15,07:15,07:33,여객,출발,,B737-800,189,"H,F,G,L"
출발,인천,에어부산,BX156,후쿠오카,20251004,07:20,07:20,08:03,여객,출발,,A321,195,"E,F,G,L"
출발,인천,에어서울,RS727,후쿠오카,20251004,07:20,07:20,07:58,여객,지연,공항 및 출입국 절차에 의한 지연,A321,195,"E,F,G,L"
출발,인천,대한항공,KE787,후쿠오카,20251004,07:25,07:25,07:48,여객,출발,,B737-900,188,"A,B,C,D"
출발,인천,진에어,LJ201,도쿄/나리타,20251004,07:25,07:25,07:52,여객,출발,,B737-800,189,"H,F,G,L"
출발,인천,대한항공,KE795,나가사키,20251004,07:30,07:30,07:54,여객,출발,,B737-900,188,"A,B,C,D"
출발,인천,진에어,LJ345,나고야,20251004,07:30,07:30,08:11,여객,출발,,B737-800,189,"H,F,G,L"
출발,인천,진에어,LJ231,간사이,20251004,07:40,08:04,:,여객,지연,항공기 정비에 의한 지연,B737-800,189,"H,F,G,L"
출발,인천,대한항공,KE173,홍콩,20251004,07:45,07:45,08:13,여객,출발,,A321neo,182,"A,B,C,D"
출발,인천,대한항공,KE621,마닐라,20251004,07:50,07:50,08:23,여객,출발,,B737-900,188,"A,B,C,D"
출발,인천,대한항공,KE845,청도,20251004,07:50,07:50,08:09,여객,출발,,B737-900,188,"A,B,C,D"
출발,인천,진에어,LJ731,타오위안,20251004,07:50,08:08,08:35,여객,지연,공항 및 출입국 절차에 의한 지연,B737-800,189,"H,F,G,L"
출발,인천,대한항공,KE131,정저우,20251004,08:00,08:00,08:29,여객,출발,,B737-900,188,"A,B,C,D"
출발,인천,대한항공,KE441,노이바이(하노이),20251004,08:00,08:20,08:37,여객,지연,항공교통흐름에 의한 지연,A330-300,272,"A,B,C,D"
출발,인천,대한항공,KE767,아오모리,20251004,08:10,08:10,08:34,여객,출발,,B737-900,188,"A,B,C,D"
출발,인천,에어서울,RS705,도쿄/나리타,20251004,08:10,09:05,09:24,여객,지연,항공기 연결에 의한 지연,A321,195,"E,F,G,L"
출발,인천,진에어,LJ241,간사이,20251004,08:10,08:10,08:40,여객,출발,,B737-800,189,"H,F,G,L"
출발,인천,진에어,LJ357,시모지시마,20251004,08:10,08:10,08:48,여객,지연,,B737-800,189,"H,F,G,L"
출발,인천,대한항공,KE859,베이징,20251004,08:15,08:15,08:43,여객,출발,,B777-300ER,277,"A,B,C,D"
출발,인천,진에어,LJ203,도쿄/나리타,20251004,08:15,08:32,08:58,여객,지연,항공기 연결에 의한 지연,B737-800,189,"H,F,G,L"
출발,인천,대한항공,KE127,푸저우(복주),20251004,08:20,08:20,08:46,여객,출발,,B737-900,188,"A,B,C,D"
출발,인천,대한항공,KE1403,김해,20251004,08:20,08:35,09:00,여객,출발,,B737-900,188,
출발,인천,진에어,LJ301,삿포로,20251004,08:20,08:20,08:46,여객,출발,,B737-800,189,"H,F,G,L"
출발,인천,대한항공,KE731,고베,20251004,08:25,11:25,:,여객,,항공기 정비에 의한 지연,A321neo,182,"A,B,C,D"
출발,인천,대한항공,KE893,푸동,20251004,08:25,08:25,08:52,여객,출발,,A330-300,272,"A,B,C,D"
출발,인천,에어 프랑스,AF267,파리,20251004,08:30,08:30,08:57,여객,출발,,B777-300ER,296,"M,F,G,L"
출발,인천,대한항공,KE827,선전(심천),20251004,08:40,08:40,09:05,여객,출발,,B737-900,188,"A,B,C,D"
출발,인천,대한항공,KE831,심양,20251004,08:45,08:05,08:33,여객,출발,,B737-900,188,"A,B,C,D"
출발,인천,에어서울,RS741,다카마쓰,20251004,08:45,10:35,:,여객,지연,항공기 연결에 의한 지연,A321,195,"E,F,G,L"
출발,인천,대한항공,KE865,광저우,20251004,08:50,08:50,09:12,여객,출발,,A330-300,272,"A,B,C,D"
출발,인천,대한항공,KE469,떤 선녓(호찌민),20251004,09:05,09:05,09:36,여객,출발,,A330-300,272,"A,B,C,D"
출발,인천,대한항공,KE805,천진,20251004,09:10,09:10,09:38,여객,출발,,B737-900,188,"A,B,C,D"
출발,인천,대한항공,KE811,시안,20251004,09:10,09:10,09:23,여객,출발,,B737-900,188,"A,B,C,D"
출발,인천,에어부산,BX172,간사이,20251004,09:15,09:15,09:29,여객,출발,,A321,195,"E,F,G,L"
출발,인천,대한항공,KE035,애틀랜타,20251004,09:20,09:20,09:37,여객,출발,,B777-300ER,277,"A,B,C,D"
출발,인천,대한항공,KE785,가고시마,20251004,09:20,09:20,09:50,여객,출발,,B737-900,188,"A,B,C,D"
출발,인천,진에어,LJ913,괌,20251004,09:20,09:20,09:48,여객,출발,,B737-800,189,"H,F,G,L"
출발,인천,에어서울,RS701,도쿄/나리타,20251004,09:25,09:50,10:11,여객,지연,항공기 연결에 의한 지연,A321,195,"E,F,G,L"
출발,인천,대한항공,KE031,댈러스,20251004,09:30,09:30,10:00,여객,출발,,B787-9,269,"A,B,C,D"
출발,인천,대한항공,KE091,보스턴,20251004,09:30,09:30,10:05,여객,출발,,B787-9,269,"A,B,C,D"
출발,인천,대한항공,KE657,수안나폼(방콕),20251004,09:30,09:30,09:52,여객,출발,,A330-300,272,"A,B,C,D"
출발,인천,대한항공,KE755,오키나와,20251004,09:30,09:30,09:50,여객,출발,,B737-900,188,"A,B,C,D"
출발,인천,대한항공,KE073,토론토,20251004,09:35,09:35,09:58,여객,출발,,B777-300ER,277,"A,B,C,D"
출발,인천,대한항공,KE723,간사이,20251004,09:35,09:35,10:07,여객,출발,,A321neo,182,"A,B,C,D"
출발,인천,대한항공,KE763,니가타,20251004,09:40,09:40,10:09,여객,출발,,B737-900,188,"A,B,C,D"
출발,인천,대한항공,KE421,괌,20251004,09:45,09:45,10:13,여객,출발,,B737-900,188,"A,B,C,D"
출발,인천,진에어,LJ205,도쿄/나리타,20251004,09:45,09:45,10:03,여객,출발,,B737-800,189,"H,F,G,L"
출발,인천,진에어,LJ341,오키나와,20251004,09:55,09:55,10:16,여객,출발,,B737-800,189,"H,F,G,L"
출발,인천,대한항공,KE081,뉴욕,20251004,10:00,10:00,10:20,여객,출발,,A380-800,407,"A,B,C,D"
출발,인천,대한항공,KE765,삿포로,20251004,10:05,10:05,10:18,여객,출발,,B737-900,188,"A,B,C,D"
출발,인천,대한항공,KE703,도쿄/나리타,20251004,10:10,10:10,10:38,여객,출발,,A321neo,182,"A,B,C,D"
출발,인천,진에어,LJ233,간사이,20251004,10:10,10:50,11:46,여객,지연,공항 및 출입국 절차에 의한 지연,B737-800,189,"H,F,G,L"
출발,인천,델타항공,DL158,디트로이트,20251004,10:15,10:15,10:35,여객,출발,,A350-900,306,"K,F,G,L"
출발,인천,대한항공,KE125,샤먼 가오치,20251004,10:20,10:20,10:38,여객,출발,,B737-900,188,"A,B,C,D"
출발,인천,대한항공,KE169,마카오,20251004,10:20,10:20,10:48,여객,출발,,A321neo,182,"A,B,C,D"
출발,인천,대한항공,KE093,워싱톤,20251004,10:25,10:25,10:47,여객,출발,,B777-300ER,277,"A,B,C,D"
출발,인천,대한항공,KE185,타오위안,20251004,10:30,10:30,11:00,여객,출발,,A321neo,182,"A,B,C,D"
출발,인천,진에어,LJ269,후쿠오카,20251004,10:30,10:33,11:13,여객,지연,운항 기준 및 승무원 관련 지연,B737-800,189,"H,F,G,L"
출발,인천,가루다인도네시아,GA879,자카르타(수카르노 하타),20251004,10:35,10:35,10:56,여객,출발,,A330-900neo,301,"J,F,G,L"
출발,인천,대한항공,KE037,시카고,20251004,10:40,10:40,11:26,여객,지연,항공교통흐름에 의한 지연,B777-300ER,277,"A,B,C,D"
출발,인천,대한항공,KE969,프라하,20251004,10:45,10:45,11:04,여객,출발,,B787-9,269,"A,B,C,D"
출발,인천,대한항공,KE457,다낭,20251004,10:55,10:55,11:24,여객,출발,,B737-900,188,"A,B,C,D"
출발,인천,대한항공,KE907,런던히드로,20251004,10:55,10:55,11:33,여객,지연,공항 및 출입국 절차에 의한 지연,A380-800,407,"A,B,C,D"
출발,인천,대한항공,KE791,후쿠오카,20251004,11:05,11:29,11:51,여객,지연,항공교통흐름에 의한 지연,B737-900,188,"A,B,C,D"
출발,인천,대한항공,KE917,취리히,20251004,11:05,11:05,11:38,여객,출발,,B787-9,269,"A,B,C,D"
출발,인천,대한항공,KE901,파리,20251004,11:10,11:10,11:47,여객,출발,,B777-300ER,277,"A,B,C,D"
출발,인천,에어부산,BX158,후쿠오카,20251004,11:25,11:25,12:01,여객,지연,공항 및 출입국 절차에 의한 지연,A321,195,"E,F,G,L"
출발,인천,아에로멕시코,AM091,멕시코시티,20251004,11:40,11:40,12:27,여객,지연,항공교통흐름에 의한 지연,B787-9,274,"H,F,G,L"
출발,인천,대한항공,KE925,암스테르담,20251004,11:55,11:55,12:18,여객,출발,,B777-300ER,277,"A,B,C,D"
출발,인천,중화항공,CI165,가오슝,20251004,12:05,12:32,12:57,여객,지연,항공교통흐름에 의한 지연,A321neo,180,"J,F,G,L"
출발,인천,진에어,LJ263,후쿠오카,20251004,12:10,12:10,12:35,여객,출발,,B737-800,189,"H,F,G,L"
출발,인천,에어서울,RS811,장가계,20251004,12:20,12:20,12:59,여객,출발,,A321,195,"E,F,G,L"
출발,인천,대한항공,KE769,삿포로,20251004,12:35,12:35,13:01,여객,출발,,B737-900,188,"A,B,C,D"
출발,인천,대한항공,KE803,천진,20251004,12:35,13:05,13:25,여객,지연,항공기 연결에 의한 지연,B737-900,188,"A,B,C,D"
출발,인천,대한항공,KE963,부다페스트,20251004,12:35,12:35,12:51,여객,출발,,B787-9,269,"A,B,C,D"
출발,인천,중화항공,CI161,타오위안,20251004,12:35,12:35,13:02,여객,출발,,A330-300,277,"J,F,G,L"
출발,인천,에어부산,BX174,간사이,20251004,12:40,12:40,13:04,여객,출발,,A321,195,"E,F,G,L"
출발,인천,대한항공,KE711,도쿄/나리타,20251004,13:00,13:00,13:27,여객,출발,,A321neo,182,"A,B,C,D"
출발,인천,대한항공,KE869,대련,20251004,13:00,13:00,13:18,여객,출발,,B737-900,188,"A,B,C,D"
출발,인천,대한항공,KE843,청도,20251004,13:05,13:05,13:20,여객,출발,,B737-900,188,"A,B,C,D"
출발,인천,에어서울,RS713,간사이,20251004,13:15,13:30,13:54,여객,지연,공항 및 출입국 절차에 의한 지연,A321,195,"E,F,G,L"
출발,인천,대한항공,KE931,로마,20251004,13:20,13:20,13:48,여객,출발,,B777-300ER,277,"A,B,C,D"
출발,인천,대한항공,KE135,허페이,20251004,13:25,13:25,13:46,여객,출발,,B737-900,188,"A,B,C,D"
출발,인천,대한항공,KE175,홍콩,20251004,13:25,14:00,14:22,여객,지연,항공교통흐름에 의한 지연,A321neo,182,"A,B,C,D"
출발,인천,대한항공,KE951,두바이,20251004,13:25,13:25,13:56,여객,출발,,B777-300ER,277,"A,B,C,D"
출발,인천,대한항공,KE955,이스탄불,20251004,13:40,13:40,13:57,여객,출발,,B777-300ER,277,"A,B,C,D"
출발,인천,샤먼항공,MF872,샤먼 가오치,20251004,13:40,13:40,14:07,여객,출발,,B737-800,168,"J,F,G,L"
출발,인천,대한항공,KE789,후쿠오카,20251004,13:45,13:45,14:19,여객,지연,항공교통흐름에 의한 지연,B737-900,188,"A,B,C,D"
출발,인천,진에어,LJ207,도쿄/나리타,20251004,13:50,14:24,14:46,여객,지연,항공교통흐름에 의한 지연,B737-800,189,"H,F,G,L"
출발,인천,진에어,LJ861,청도,20251004,13:50,13:50,14:17,여객,출발,,B737-800,189,"H,F,G,L"
출발,인천,에어서울,RS723,후쿠오카,20251004,14:25,15:55,16:45,여객,지연,항공기 연결에 의한 지연,A321,195,"E,F,G,L"
출발,인천,대한항공,KE017,로스앤젤레스,20251004,14:30,14:30,14:50,여객,출발,,B747-8i,368,"A,B,C,D"
출발,인천,진에어,LJ359,다카마쓰,20251004,14:30,14:30,15:03,여객,출발,,B737-800,189,"H,F,G,L"
출발,인천,대한항공,KE833,심양,20251004,14:35,14:35,15:00,여객,출발,,B737-900,188,"A,B,C,D"
출발,인천,진에어,LJ237,간사이,20251004,14:40,14:57,15:20,여객,지연,항공교통흐름에 의한 지연,B737-800,189,"H,F,G,L"
출발,인천,대한항공,KE643,싱가포르,20251004,14:45,14:45,15:04,여객,출발,,A330-300,272,"A,B,C,D"
출발,인천,진에어,LJ209,도쿄/나리타,20251004,14:45,15:09,15:32,여객,지연,항공교통흐름에 의한 지연,B737-800,189,"H,F,G,L"
출발,인천,대한항공,KE725,간사이,20251004,15:05,15:05,16:08,여객,지연,항공교통흐름에 의한 지연,A321neo,182,"A,B,C,D"
출발,인천,대한항공,KE627,자카르타(수카르노 하타),20251004,15:10,15:10,15:42,여객,출발,,A330-300,272,"A,B,C,D"
출발,인천,대한항공,KE189,타이중,20251004,15:15,15:15,15:45,여객,출발,,A321neo,182,"A,B,C,D"
출발,인천,에어서울,RS715,간사이,20251004,15:20,15:45,16:42,여객,지연,항공기 연결에 의한 지연,A321,195,"E,F,G,L"
출발,인천,에어부산,BX176,간사이,20251004,15:25,15:25,16:06,여객,지연,공항 및 출입국 절차에 의한 지연,A321,195,"E,F,G,L"
출발,인천,진에어,LJ211,도쿄/나리타,20251004,15:35,16:55,17:27,여객,지연,공항 및 출입국 절차에 의한 지연,B737-800,189,"H,F,G,L"
출발,인천,진에어,LJ851,황산,20251004,15:35,15:35,16:04,여객,출발,,B737-800,189,"H,F,G,L"
출발,인천,대한항공,KE671,쿠알라룸푸르,20251004,15:40,15:40,16:14,여객,출발,,A330-300,272,"A,B,C,D"
출발,인천,대한항공,KE733,고베,20251004,15:50,16:30,16:50,여객,지연,항공교통흐름에 의한 지연,A321neo,182,"A,B,C,D"
출발,인천,에어부산,BX166,도쿄/나리타,20251004,15:50,15:50,16:20,여객,출발,,A321,195,"E,F,G,L"
출발,인천,대한항공,KE023,샌프란시스코,20251004,16:00,16:00,16:27,여객,출발,,B777-300ER,277,"A,B,C,D"
출발,인천,진에어,LJ265,후쿠오카,20251004,16:00,16:16,16:40,여객,지연,공항 및 출입국 절차에 의한 지연,B737-800,189,"H,F,G,L"
출발,인천,진에어,LJ239,간사이,20251004,16:05,16:59,17:21,여객,지연,항공교통흐름에 의한 지연,B737-800,189,"H,F,G,L"
출발,인천,진에어,LJ347,나고야,20251004,16:05,17:09,17:30,여객,지연,항공교통흐름에 의한 지연,B737-800,189,"H,F,G,L"
출발,인천,대한항공,KE187,타오위안,20251004,16:10,16:37,16:55,여객,지연,항공교통흐름에 의한 지연,A321neo,182,"A,B,C,D"
출발,인천,대한항공,KE633,덴파사(응우라 라이),20251004,16:10,16:31,16:52,여객,지연,항공교통흐름에 의한 지연,A330-300,272,"A,B,C,D"
출발,인천,진에어,LJ351,기타규슈,20251004,16:15,17:15,18:13,여객,지연,공항 및 출입국 절차에 의한 지연,B737-800,189,"H,F,G,L"
출발,인천,델타항공,DL188,애틀랜타,20251004,16:25,17:36,18:01,여객,지연,항공기 연결에 의한 지연,A350-900,306,"K,F,G,L"
출발,인천,대한항공,KE041,시애틀,20251004,16:40,16:40,17:17,여객,지연,항공교통흐름에 의한 지연,A330-300,272,"A,B,C,D"
출발,인천,에어서울,RS703,도쿄/나리타,20251004,16:45,16:45,17:42,여객,지연,공항 및 출입국 절차에 의한 지연,A321,195,"E,F,G,L"
출발,인천,진에어,LJ271,후쿠오카,20251004,17:00,17:15,17:40,여객,지연,공항 및 출입국 절차에 의한 지연,B737-800,189,"H,F,G,L"
출발,인천,대한항공,KE713,도쿄/나리타,20251004,17:05,17:05,17:46,여객,지연,항공교통흐름에 의한 지연,A321neo,182,"A,B,C,D"
출발,인천,진에어,LJ091,푸꾸옥,20251004,17:05,17:05,17:37,여객,출발,,B737-800,189,"H,F,G,L"
출발,인천,대한항공,KE1405,김해,20251004,17:10,17:30,17:49,여객,지연,항공교통흐름에 의한 지연,B737-900,188,
출발,인천,대한항공,KE485,푸꾸옥,20251004,17:10,17:33,17:53,여객,지연,항공교통흐름에 의한 지연,B737-900,188,"A,B,C,D"
출발,인천,진에어,LJ009,치앙마이,20251004,17:10,18:10,:,여객,지연,항공기 연결에 의한 지연,B737-800,189,"H,F,G,L"
출발,인천,에어부산,BX747,수안나폼(방콕),20251004,17:15,17:40,18:23,여객,지연,항공기 연결에 의한 지연,A321,195,"E,F,G,L"
출발,인천,진에어,LJ005,푸껫,20251004,17:25,17:44,18:07,여객,지연,항공교통흐름에 의한 지연,B737-800,189,"H,F,G,L"
출발,인천,대한항공,KE629,덴파사(응우라 라이),20251004,17:45,18:10,18:31,여객,지연,항공교통흐름에 의한 지연,A330-300,272,"A,B,C,D"
출발,인천,대한항공,KE663,푸껫,20251004,17:50,17:50,18:14,여객,출발,,B737-900,188,"A,B,C,D"
출발,인천,대한항공,KE651,수안나폼(방콕),20251004,18:05,18:05,18:33,여객,출발,,A330-300,272,"A,B,C,D"
출발,인천,대한항공,KE461,다낭,20251004,18:20,19:17,19:36,여객,지연,항공교통흐름에 의한 지연,B737-900,188,"A,B,C,D"
출발,인천,대한항공,KE1407,김해,20251004,18:25,18:40,19:04,여객,지연,항공교통흐름에 의한 지연,B737-900,188,
출발,인천,대한항공,KE667,치앙마이,20251004,18:25,18:50,19:43,여객,지연,항공기 연결에 의한 지연,B737-900,188,"A,B,C,D"
출발,인천,대한항공,KE705,도쿄/나리타,20251004,18:35,18:35,19:10,여객,출발,,A321neo,182,"A,B,C,D"
출발,인천,대한항공,KE423,괌,20251004,18:40,18:40,19:12,여객,출발,,B737-900,188,"A,B,C,D"
출발,인천,대한항공,KE645,싱가포르,20251004,18:40,19:00,19:20,여객,지연,항공교통흐름에 의한 지연,A330-300,272,"A,B,C,D"
출발,인천,대한항공,KE781,후쿠오카,20251004,18:40,19:02,19:24,여객,지연,항공교통흐름에 의한 지연,B737-900,188,"A,B,C,D"
출발,인천,델타항공,DL170,미니애폴리스,20251004,18:40,18:56,19:18,여객,지연,공항 및 출입국 절차에 의한 지연,A350-900,306,"K,F,G,L"
출발,인천,대한항공,KE071,밴쿠버,20251004,18:45,18:45,19:26,여객,지연,항공교통흐름에 의한 지연,B787-9,269,"A,B,C,D"
출발,인천,대한항공,KE453,노이바이(하노이),20251004,18:45,18:45,19:22,여객,출발,,B737-900,188,"A,B,C,D"
출발,인천,대한항공,KE475,떤 선녓(호찌민),20251004,18:45,19:05,19:28,여객,지연,항공교통흐름에 의한 지연,B737-900,188,"A,B,C,D"
출발,인천,대한항공,KE623,마닐라,20251004,18:50,19:19,19:48,여객,지연,항공기 연결에 의한 지연,B737-900,188,"A,B,C,D"
출발,인천,대한항공,KE689,프놈펜,20251004,18:50,19:17,19:39,여객,지연,항공교통흐름에 의한 지연,B737-900,188,"A,B,C,D"
출발,인천,대한항공,KE743,나고야,20251004,18:50,19:15,19:51,여객,지연,항공교통흐름에 의한 지연,A321neo,182,"A,B,C,D"
출발,인천,델타항공,DL26,애틀랜타,20251004,18:50,19:10,:,여객,지연,공항 및 출입국 절차에 의한 지연,A350-900,306,"K,F,G,L"
출발,인천,대한항공,KE895,푸동,20251004,18:55,19:37,19:59,여객,지연,항공교통흐름에 의한 지연,A330-300,272,"A,B,C,D"
출발,인천,대한항공,KE721,간사이,20251004,19:00,19:22,19:47,여객,지연,항공교통흐름에 의한 지연,A321neo,182,"A,B,C,D"
출발,인천,대한항공,KE401,시드니,20251004,19:10,19:40,20:29,여객,지연,항공기 연결에 의한 지연,A380-800,407,"A,B,C,D"
출발,인천,진에어,LJ131,코타키나발루,20251004,19:10,19:43,20:11,여객,지연,항공기 연결에 의한 지연,B737-800,189,"H,F,G,L"
출발,인천,에어부산,BX741,비엔티안,20251004,19:15,20:18,20:41,여객,지연,공항 및 출입국 절차에 의한 지연,A321,195,"E,F,G,L"
출발,인천,델타항공,DL196,시애틀,20251004,19:20,19:37,20:03,여객,지연,공항 및 출입국 절차에 의한 지연,A330-900neo,281,"K,F,G,L"
출발,인천,대한항공,KE163,장가계,20251004,19:25,19:25,20:05,여객,출발,,B737-900,188,"A,B,C,D"
출발,인천,에어서울,RS581,팡라로,20251004,19:25,19:25,20:43,여객,지연,공항 및 출입국 절차에 의한 지연,A321,195,"E,F,G,L"
출발,인천,대한항공,KE085,뉴욕,20251004,19:30,19:54,20:20,여객,지연,항공교통흐름에 의한 지연,B747-8i,368,"A,B,C,D"
출발,인천,대한항공,KE1431,대구,20251004,19:30,19:30,20:01,여객,출발,,B737-900,188,
출발,인천,대한항공,KE1409,김해,20251004,19:35,19:35,20:13,여객,출발,,B737-900,188,
출발,인천,진에어,LJ917,괌,20251004,19:35,20:15,20:59,여객,지연,공항 및 출입국 절차에 의한 지연,B737-800,189,"H,F,G,L"
출발,인천,델타항공,DL172,솔트레이크시티,20251004,19:40,19:40,20:16,여객,출발,,A350-900,306,"K,F,G,L"
출발,인천,대한항공,KE177,홍콩,20251004,19:45,19:45,20:09,여객,출발,,A321neo,182,"A,B,C,D"
출발,인천,대한항공,KE477,떤 선녓(호찌민),20251004,19:45,20:10,20:52,여객,지연,항공기 연결에 의한 지연,B737-900,188,"A,B,C,D"
출발,인천,대한항공,KE659,수안나폼(방콕),20251004,19:45,19:45,20:35,여객,지연,항공교통흐름에 의한 지연,B737-900,188,"A,B,C,D"
출발,인천,에어서울,RS527,깜라인(나트랑),20251004,19:50,20:55,21:37,여객,지연,항공기 연결에 의한 지연,A321,195,"E,F,G,L"
출발,인천,진에어,LJ001,수안나폼(방콕),20251004,19:55,20:55,21:47,여객,지연,공항 및 출입국 절차에 의한 지연,B737-800,189,"H,F,G,L"
출발,인천,대한항공,KE467,깜라인(나트랑),20251004,20:00,20:00,20:37,여객,출발,,B737-900,188,"A,B,C,D"
출발,인천,대한항공,KE853,베이징,20251004,20:00,20:00,20:46,여객,지연,,A330-300,272,"A,B,C,D"
출발,인천,대한항공,KE407,브리즈번,20251004,20:05,20:05,21:05,여객,지연,,A330-300,272,"A,B,C,D"
출발,인천,대한항공,KE615,세부,20251004,20:05,20:05,20:58,여객,지연,항공교통흐름에 의한 지연,B737-900,188,"A,B,C,D"
출발,인천,대한항공,KE625,마닐라,20251004,20:15,20:30,21:02,여객,지연,,B737-900,188,"A,B,C,D"
출발,인천,대한항공,KE011,로스앤젤레스,20251004,20:25,20:25,21:07,여객,지연,항공교통흐름에 의한 지연,A380-800,407,"A,B,C,D"
출발,인천,진에어,LJ081,다낭,20251004,20:25,20:44,21:04,여객,지연,항공기 연결에 의한 지연,B737-800,189,"H,F,G,L"
출발,인천,샤먼항공,MF878,푸저우(복주),20251004,20:35,20:50,21:14,여객,지연,공항 및 출입국 절차에 의한 지연,B737-800,168,"J,F,G,L"
출발,인천,중화항공,CI163,타오위안,20251004,20:35,20:51,21:13,여객,지연,항공교통흐름에 의한 지연,A330-300,277,"J,F,G,L"
출발,인천,진에어,LJ087,깜라인(나트랑),20251004,20:40,20:58,21:30,여객,지연,항공기 연결에 의한 지연,B737-800,189,"H,F,G,L"
출발,인천,진에어,LJ043,팡라로,20251004,20:50,21:42,22:06,여객,지연,항공기 연결에 의한 지연,B737-800,189,"H,F,G,L"
출발,인천,에어서울,RS511,다낭,20251004,20:55,20:55,23:04,여객,지연,항공교통흐름에 의한 지연,A321,195,"E,F,G,L"
출발,인천,대한항공,KE005,라스베이거스,20251004,21:00,21:00,21:23,여객,출발,,B777-300ER,277,"A,B,C,D"
출발,인천,대한항공,KE053,호놀룰루,20251004,21:05,21:05,21:26,여객,출발,,A330-300,272,"A,B,C,D"
출발,인천,진에어,LJ089,깜라인(나트랑),20251004,21:10,23:00,23:37,여객,지연,공항 및 출입국 절차에 의한 지연,B737-800,189,"H,F,G,L"
출발,인천,대한항공,KE655,수안나폼(방콕),20251004,21:15,21:15,22:32,여객,지연,항공교통흐름에 의한 지연,A330-300,272,"A,B,C,D"
출발,인천,진에어,LJ037,클라크,20251004,21:25,22:50,23:32,여객,지연,공항 및 출입국 절차에 의한 지연,B737-800,189,"H,F,G,L"
출발,인천,에어부산,BX787,깜라인(나트랑),20251004,21:30,21:30,22:29,여객,지연,기타 원인에 의한 지연,A321,195,"E,F,G,L"
출발,인천,진에어,LJ733,타오위안,20251004,22:10,22:10,22:40,여객,출발,,B737-800,189,"H,F,G,L"
출발,인천,네덜란드항공,KL856,암스테르담,20251004,22:25,22:25,22:45,여객,출발,,B787-9,294,"M,F,G,L"
출발,인천,대한항공,KE619,마닐라,20251004,22:35,22:35,23:24,여객,지연,,A330-300,272,"A,B,C,D"
출발,인천,대한항공,KE075,밴쿠버,20251004,22:40,22:40,23:30,여객,출발,,B787-9,269,"A,B,C,D"
출발,인천,스칸디나비아항공,SK988,코펜하겐,20251004,23:45,23:45,23:59,여객,출발,,A350-900,300,"K,F,G,L"
출발,인천,대한항공,KE647,싱가포르,20251005,00:05,00:05,00:18,여객,출발,,B777-300ER,277,"A,B,C,D"
출발,인천,가루다인도네시아,GA871D,덴파사(응우라 라이),20251005,01:10,01:10,01:30,여객,출발,,A330-300,251,"J,F,G,L"
출발,인천,대한항공,KE1401,김해,20251005,06:35,06:35,06:41,여객,출발,,B737-900,188,
출발,인천,에어부산,BX164,도쿄/나리타,20251005,07:15,07:15,07:34,여객,출발,,A321,195,"E,F,G,L"
출발,인천,에어서울,RS711,간사이,20251005,07:15,07:15,07:31,여객,출발,,A321,195,"E,F,G,L"
출발,인천,진에어,LJ261,후쿠오카,20251005,07:15,07:54,08:10,여객,지연,항공기 연결에 의한 지연,B737-800,189,"H,F,G,L"
출발,인천,에어부산,BX156,후쿠오카,20251005,07:20,07:20,07:43,여객,출발,,A321,195,"E,F,G,L"
출발,인천,대한항공,KE787,후쿠오카,20251005,07:25,07:25,07:39,여객,출발,,B737-900,188,"A,B,C,D"
출발,인천,진에어,LJ201,도쿄/나리타,20251005,07:25,07:25,07:54,여객,출발,,B737-800,189,"H,F,G,L"
출발,인천,대한항공,KE771,오카야마,20251005,07:30,07:30,07:45,여객,출발,,B737-900,188,"A,B,C,D"
출발,인천,진에어,LJ345,나고야,20251005,07:30,07:30,07:57,여객,출발,,B737-800,189,"H,F,G,L"
출발,인천,진에어,LJ231,간사이,20251005,07:40,07:40,08:06,여객,출발,,B737-800,189,"H,F,G,L"
출발,인천,대한항공,KE845,청도,20251005,07:50,07:50,08:11,여객,출발,,B737-900,188,"A,B,C,D"
출발,인천,진에어,LJ731,타오위안,20251005,07:50,07:50,08:13,여객,출발,,B737-800,189,"H,F,G,L"
출발,인천,대한항공,KE131,정저우,20251005,08:00,08:00,08:15,여객,출발,,B737-900,188,"A,B,C,D"
출발,인천,대한항공,KE441,노이바이(하노이),20251005,08:00,08:00,08:19,여객,출발,,A330-300,272,"A,B,C,D"
출발,인천,대한항공,KE197,칭기즈칸(신 울란바토르) 국제공항,20251005,08:10,08:10,08:42,여객,출발,,B737-900,188,"A,B,C,D"
출발,인천,에어서울,RS705,도쿄/나리타,20251005,08:10,10:50,:,여객,,항공기 연결에 의한 지연,A321,195,"E,F,G,L"
출발,인천,진에어,LJ241,간사이,20251005,08:10,08:10,08:26,여객,출발,,B737-800,189,"H,F,G,L"
출발,인천,진에어,LJ357,시모지시마,20251005,08:10,08:10,08:31,여객,출발,,B737-800,189,"H,F,G,L"
출발,인천,진에어,LJ203,도쿄/나리타,20251005,08:15,08:15,08:34,여객,출발,,B737-800,189,"H,F,G,L"
출발,인천,대한항공,KE127,푸저우(복주),20251005,08:20,08:20,08:44,여객,출발,,B737-900,188,"A,B,C,D"
출발,인천,대한항공,KE1403,김해,20251005,08:20,08:20,08:50,여객,출발,,B737-900,188,
출발,인천,진에어,LJ301,삿포로,20251005,08:20,08:20,08:37,여객,출발,,B737-800,189,"H,F,G,L"
출발,인천,대한항공,KE731,고베,20251005,08:25,08:25,08:43,여객,출발,,A321neo,182,"A,B,C,D"
출발,인천,대한항공,KE893,푸동,20251005,08:25,08:25,08:51,여객,출발,,A330-300,272,"A,B,C,D"
출발,인천,에어서울,RS727,후쿠오카,20251005,08:25,08:25,08:44,여객,출발,,A321,195,"E,F,G,L"
출발,인천,에어 프랑스,AF267,파리,20251005,08:30,08:30,09:02,여객,출발,,B777-300ER,296,"M,F,G,L"
출발,인천,진에어,LJ273,후쿠오카,20251005,08:30,08:30,08:53,여객,출발,,B737-800,189,"H,F,G,L"
출발,인천,대한항공,KE775,고마쓰,20251005,08:35,08:35,08:52,여객,출발,,B737-900,188,"A,B,C,D"
출발,인천,대한항공,KE827,선전(심천),20251005,08:40,08:40,08:57,여객,출발,,B737-900,188,"A,B,C,D"
출발,인천,대한항공,KE831,심양,20251005,08:45,08:05,08:27,여객,출발,,B737-900,188,"A,B,C,D"
출발,인천,에어서울,RS741,다카마쓰,20251005,08:45,09:55,10:19,여객,지연,항공기 연결에 의한 지연,A321,195,"E,F,G,L"
출발,인천,대한항공,KE137,우한,20251005,08:50,08:50,08:48,여객,출발,,B737-900,188,"A,B,C,D"
출발,인천,대한항공,KE865,광저우,20251005,08:50,08:50,09:18,여객,출발,,A330-300,272,"A,B,C,D"
출발,인천,대한항공,KE819,창사(장사),20251005,09:00,09:00,09:20,여객,출발,,B737-900,188,"A,B,C,D"
출발,인천,대한항공,KE469,떤 선녓(호찌민),20251005,09:05,09:05,09:45,여객,지연,항공교통흐름에 의한 지연,A330-300,272,"A,B,C,D"
출발,인천,진에어,LJ361,이시가키,20251005,09:05,09:05,09:26,여객,출발,,B737-800,189,"H,F,G,L"
출발,인천,대한항공,KE805,천진,20251005,09:10,09:10,09:51,여객,지연,공항 및 출입국 절차에 의한 지연,B737-900,188,"A,B,C,D"
출발,인천,대한항공,KE811,시안,20251005,09:10,09:10,09:28,여객,출발,,B737-900,188,"A,B,C,D"
출발,인천,에어부산,BX172,간사이,20251005,09:15,09:15,09:27,여객,출발,,A321,195,"E,F,G,L"
출발,인천,대한항공,KE035,애틀랜타,20251005,09:20,09:20,09:46,여객,출발,,B777-300ER,277,"A,B,C,D"
출발,인천,진에어,LJ913,괌,20251005,09:20,09:20,09:31,여객,출발,,B737-800,189,"H,F,G,L"
출발,인천,에어서울,RS701,도쿄/나리타,20251005,09:25,09:25,09:43,여객,출발,,A321,195,"E,F,G,L"
출발,인천,대한항공,KE031,댈러스,20251005,09:30,09:30,09:49,여객,출발,,B787-9,269,"A,B,C,D"
출발,인천,대한항공,KE091,보스턴,20251005,09:30,09:30,09:58,여객,출발,,B787-9,269,"A,B,C,D"
출발,인천,대한항공,KE657,수안나폼(방콕),20251005,09:30,09:30,09:54,여객,출발,,A330-300,272,"A,B,C,D"
출발,인천,대한항공,KE755,오키나와,20251005,09:30,09:30,09:53,여객,출발,,B737-900,188,"A,B,C,D"
출발,인천,대한항공,KE777,구마모토,20251005,09:30,09:30,10:00,여객,출발,,B737-900,188,"A,B,C,D"
출발,인천,대한항공,KE073,토론토,20251005,09:35,09:35,10:10,여객,출발,,B777-300ER,277,"A,B,C,D"
출발,인천,대한항공,KE723,간사이,20251005,09:35,09:35,10:07,여객,출발,,A321neo,182,"A,B,C,D"
출발,인천,대한항공,KE421,괌,20251005,09:45,09:45,10:14,여객,출발,,B737-900,188,"A,B,C,D"
출발,인천,진에어,LJ205,도쿄/나리타,20251005,09:45,09:45,10:12,여객,출발,,B737-800,189,"H,F,G,L"
출발,인천,대한항공,KE913,마드리드,20251005,09:55,10:15,10:32,여객,지연,공항 및 출입국 절차에 의한 지연,B787-9,269,"A,B,C,D"
출발,인천,진에어,LJ341,오키나와,20251005,09:55,09:55,10:20,여객,출발,,B737-800,189,"H,F,G,L"
출발,인천,대한항공,KE081,뉴욕,20251005,10:00,10:00,10:29,여객,출발,,A380-800,407,"A,B,C,D"
출발,인천,대한항공,KE765,삿포로,20251005,10:05,10:05,10:21,여객,출발,,B737-900,188,"A,B,C,D"
출발,인천,대한항공,KE703,도쿄/나리타,20251005,10:10,10:10,10:26,여객,출발,,A321neo,182,"A,B,C,D"
출발,인천,진에어,LJ233,간사이,20251005,10:10,10:10,:,여객,취소,항공기 정비에 의한 지연,B737-800,189,"H,F,G,L"
출발,인천,델타항공,DL158,디트로이트,20251005,10:15,10:15,10:35,여객,출발,,A350-900,306,"K,F,G,L"
출발,인천,대한항공,KE125,샤먼 가오치,20251005,10:20,10:20,10:43,여객,출발,,B737-900,188,"A,B,C,D"
출발,인천,대한항공,KE169,마카오,20251005,10:20,10:50,11:28,여객,지연,기상에 의한 지연,A321neo,182,"A,B,C,D"
출발,인천,대한항공,KE093,워싱톤,20251005,10:25,10:25,11:05,여객,지연,운항 기준 및 승무원 관련 지연,B777-300ER,277,"A,B,C,D"
출발,인천,대한항공,KE101,남경,20251005,10:25,10:25,10:38,여객,출발,,A321neo,182,"A,B,C,D"
출발,인천,대한항공,KE937,비엔나,20251005,10:25,10:25,10:45,여객,출발,,B787-9,269,"A,B,C,D"
출발,인천,대한항공,KE185,타오위안,20251005,10:30,10:30,10:58,여객,출발,,A321neo,182,"A,B,C,D"
출발,인천,가루다인도네시아,GA879,자카르타(수카르노 하타),20251005,10:35,10:35,10:47,여객,출발,,A330-900neo,301,"J,F,G,L"
출발,인천,대한항공,KE741,나고야,20251005,10:35,10:35,10:48,여객,출발,,A321neo,182,"A,B,C,D"
출발,인천,대한항공,KE037,시카고,20251005,10:40,10:40,11:12,여객,출발,,B777-300ER,277,"A,B,C,D"
출발,인천,대한항공,KE855,베이징,20251005,10:40,10:40,11:07,여객,출발,,A330-300,272,"A,B,C,D"
출발,인천,대한항공,KE457,다낭,20251005,10:55,10:55,11:22,여객,출발,,B737-900,188,"A,B,C,D"
출발,인천,대한항공,KE907,런던히드로,20251005,10:55,10:55,11:26,여객,출발,,A380-800,407,"A,B,C,D"
출발,인천,대한항공,KE791,후쿠오카,20251005,11:05,11:05,11:35,여객,출발,,B737-900,188,"A,B,C,D"
출발,인천,대한항공,KE945,프랑크푸르트,20251005,11:05,11:05,11:48,여객,지연,공항 및 출입국 절차에 의한 지연,A380-800,407,"A,B,C,D"
출발,인천,대한항공,KE897,푸동,20251005,11:10,11:10,11:41,여객,출발,,B777-300ER,277,"A,B,C,D"
출발,인천,진에어,LJ245,간사이,20251005,11:10,14:05,14:26,여객,지연,항공기 정비에 의한 지연,B737-800,189,"H,F,G,L"
출발,인천,가루다인도네시아,GA871,덴파사(응우라 라이),20251005,11:25,18:05,:,여객,,항공기 연결에 의한 지연,A330-300,251,"J,F,G,L"
출발,인천,에어부산,BX158,후쿠오카,20251005,11:25,11:25,11:46,여객,출발,,A321,195,"E,F,G,L"
출발,인천,아에로멕시코,AM091,멕시코시티,20251005,11:40,11:40,11:59,여객,출발,,B787-9,274,"H,F,G,L"
출발,인천,대한항공,KE925,암스테르담,20251005,11:55,12:35,12:54,여객,지연,항공기 연결에 의한 지연,B777-300ER,277,"A,B,C,D"
출발,인천,중화항공,CI165,가오슝,20251005,12:05,12:05,12:29,여객,출발,,A321neo,180,"J,F,G,L"
출발,인천,진에어,LJ263,후쿠오카,20251005,12:10,12:34,12:46,여객,지연,항공기 연결에 의한 지연,B737-800,189,"H,F,G,L"
출발,인천,대한항공,KE769,삿포로,20251005,12:35,12:35,12:47,여객,출발,,B737-900,188,"A,B,C,D"
출발,인천,대한항공,KE803,천진,20251005,12:35,13:20,13:42,여객,지연,항공기 연결에 의한 지연,B737-900,188,"A,B,C,D"
출발,인천,중화항공,CI161,타오위안,20251005,12:35,12:35,12:53,여객,출발,,A330-300,277,"J,F,G,L"
출발,인천,에어부산,BX174,간사이,20251005,12:40,12:40,13:03,여객,출발,,A321,195,"E,F,G,L"
출발,인천,대한항공,KE497,델리,20251005,12:55,12:55,13:12,여객,출발,,B787-9,269,"A,B,C,D"
출발,인천,대한항공,KE711,도쿄/나리타,20251005,13:00,13:00,13:19,여객,출발,,A321neo,182,"A,B,C,D"
출발,인천,대한항공,KE869,대련,20251005,13:00,13:00,13:19,여객,출발,,B737-900,188,"A,B,C,D"
출발,인천,대한항공,KE921,리스본,20251005,13:00,13:00,13:22,여객,출발,,B787-9,269,"A,B,C,D"
출발,인천,대한항공,KE843,청도,20251005,13:05,13:05,13:28,여객,출발,,B737-900,188,"A,B,C,D"
출발,인천,진에어,GS7994,천진,20251005,13:05,13:05,13:13,여객,출발,,B737-800,189,"H,F,G,L"
출발,인천,에어서울,RS713,간사이,20251005,13:15,13:15,13:28,여객,출발,,A321,195,"E,F,G,L"
출발,인천,대한항공,KE135,허페이,20251005,13:25,13:25,13:47,여객,출발,,B737-900,188,"A,B,C,D"
출발,인천,대한항공,KE175,홍콩,20251005,13:25,14:52,15:13,여객,지연,항공교통흐름에 의한 지연,A321neo,182,"A,B,C,D"
출발,인천,대한항공,KE951,두바이,20251005,13:25,13:25,13:38,여객,출발,,B777-300ER,277,"A,B,C,D"
출발,인천,에어서울,RS745,요나고,20251005,13:25,13:25,13:39,여객,출발,,A321,195,"E,F,G,L"
출발,인천,샤먼항공,MF872,샤먼 가오치,20251005,13:30,13:30,13:52,여객,출발,,B737-800,168,"J,F,G,L"
출발,인천,대한항공,KE927,밀라노,20251005,13:40,13:40,13:54,여객,출발,,B787-9,269,"A,B,C,D"
출발,인천,대한항공,KE789,후쿠오카,20251005,13:45,13:45,14:09,여객,출발,,B737-900,188,"A,B,C,D"
출발,인천,중화항공,CI2161,타오위안,20251005,13:45,14:04,14:19,여객,지연,항공기 연결에 의한 지연,A330-300,277,"J,F,G,L"
출발,인천,진에어,LJ207,도쿄/나리타,20251005,13:50,13:50,14:04,여객,출발,,B737-800,189,"H,F,G,L"
출발,인천,진에어,LJ861,청도,20251005,13:50,13:50,14:09,여객,출발,,B737-800,189,"H,F,G,L"
출발,인천,에어서울,RS723,후쿠오카,20251005,14:25,15:00,15:32,여객,지연,항공기 연결에 의한 지연,A321,195,"E,F,G,L"
출발,인천,대한항공,KE017,로스앤젤레스,20251005,14:30,14:30,14:55,여객,출발,,B747-8i,368,"A,B,C,D"
출발,인천,진에어,LJ359,다카마쓰,20251005,14:30,14:30,14:47,여객,출발,,B737-800,189,"H,F,G,L"
출발,인천,대한항공,KE833,심양,20251005,14:35,14:35,14:46,여객,출발,,B737-900,188,"A,B,C,D"
출발,인천,진에어,LJ237,간사이,20251005,14:40,14:40,14:59,여객,출발,,B737-800,189,"H,F,G,L"
출발,인천,대한항공,KE643,싱가포르,20251005,14:45,14:45,15:07,여객,출발,,A330-300,272,"A,B,C,D"
출발,인천,진에어,LJ209,도쿄/나리타,20251005,14:45,15:34,15:55,여객,지연,항공기 연결에 의한 지연,B737-800,189,"H,F,G,L"
출발,인천,대한항공,KE725,간사이,20251005,15:05,15:05,15:18,여객,출발,,A321neo,182,"A,B,C,D"
출발,인천,대한항공,KE627,자카르타(수카르노 하타),20251005,15:10,15:10,15:39,여객,출발,,A330-300,272,"A,B,C,D"
출발,인천,대한항공,KE189,타이중,20251005,15:15,15:15,15:44,여객,출발,,A321neo,182,"A,B,C,D"
출발,인천,에어서울,RS715,간사이,20251005,15:20,17:40,:,여객,,항공기 연결에 의한 지연,A321,195,"E,F,G,L"
출발,인천,에어부산,BX176,간사이,20251005,15:25,15:25,15:50,여객,출발,,A321,195,"E,F,G,L"
출발,인천,진에어,LJ211,도쿄/나리타,20251005,15:35,15:35,16:01,여객,출발,,B737-800,189,"H,F,G,L"
출발,인천,대한항공,KE671,쿠알라룸푸르,20251005,15:40,15:40,15:57,여객,출발,,A330-300,272,"A,B,C,D"
출발,인천,대한항공,KE733,고베,20251005,15:50,16:10,16:52,여객,출발,,A321neo,182,"A,B,C,D"
출발,인천,에어부산,BX166,도쿄/나리타,20251005,15:50,15:50,16:07,여객,출발,,A321,195,"E,F,G,L"
출발,인천,대한항공,KE023,샌프란시스코,20251005,16:00,16:00,16:21,여객,출발,,B777-300ER,277,"A,B,C,D"
출발,인천,진에어,LJ265,후쿠오카,20251005,16:00,16:00,16:23,여객,출발,,B737-800,189,"H,F,G,L"
출발,인천,진에어,LJ239,간사이,20251005,16:05,20:30,:,여객,지연,항공기 연결에 의한 지연,B737-800,189,"H,F,G,L"
출발,인천,진에어,LJ347,나고야,20251005,16:05,16:18,16:48,여객,지연,기타 원인에 의한 지연,B737-800,189,"H,F,G,L"
출발,인천,대한항공,KE187,타오위안,20251005,16:10,16:10,16:35,여객,출발,,A321neo,182,"A,B,C,D"
출발,인천,대한항공,KE633,덴파사(응우라 라이),20251005,16:10,16:10,16:39,여객,출발,,A330-300,272,"A,B,C,D"
출발,인천,진에어,LJ351,기타규슈,20251005,16:15,16:15,16:50,여객,출발,,B737-800,189,"H,F,G,L"
출발,인천,델타항공,DL188,애틀랜타,20251005,16:25,16:25,16:45,여객,출발,,A350-900,306,"K,F,G,L"
출발,인천,대한항공,KE041,시애틀,20251005,16:40,16:40,17:10,여객,출발,,A330-300,272,"A,B,C,D"
출발,인천,에어서울,RS703,도쿄/나리타,20251005,16:45,16:45,17:16,여객,출발,,A321,195,"E,F,G,L"
출발,인천,진에어,LJ271,후쿠오카,20251005,17:00,17:00,17:25,여객,출발,,B737-800,189,"H,F,G,L"
출발,인천,대한항공,KE713,도쿄/나리타,20251005,17:05,17:05,17:38,여객,출발,,A321neo,182,"A,B,C,D"
출발,인천,진에어,LJ091,푸꾸옥,20251005,17:05,17:05,17:37,여객,출발,,B737-800,189,"H,F,G,L"
출발,인천,대한항공,KE1405,김해,20251005,17:10,17:10,17:28,여객,출발,,B737-900,188,
출발,인천,대한항공,KE485,푸꾸옥,20251005,17:10,17:10,17:33,여객,출발,,B737-900,188,"A,B,C,D"
출발,인천,진에어,LJ009,치앙마이,20251005,17:10,17:28,17:49,여객,지연,공항 및 출입국 절차에 의한 지연,B737-800,189,"H,F,G,L"
출발,인천,에어부산,BX747,수안나폼(방콕),20251005,17:15,17:15,17:40,여객,출발,,A321,195,"E,F,G,L"
출발,인천,진에어,LJ005,푸껫,20251005,17:25,17:25,17:56,여객,출발,,B737-800,189,"H,F,G,L"
출발,인천,대한항공,KE629,덴파사(응우라 라이),20251005,17:45,17:45,18:01,여객,출발,,A330-300,272,"A,B,C,D"
출발,인천,대한항공,KE663,푸껫,20251005,17:50,17:50,18:05,여객,출발,,B737-900,188,"A,B,C,D"
출발,인천,대한항공,KE411,오클랜드,20251005,18:00,18:00,18:16,여객,출발,,B787-9,269,"A,B,C,D"
출발,인천,대한항공,KE651,수안나폼(방콕),20251005,18:05,18:05,18:20,여객,출발,,A330-300,272,"A,B,C,D"
출발,인천,대한항공,KE461,다낭,20251005,18:20,18:20,18:59,여객,지연,항공교통흐름에 의한 지연,B737-900,188,"A,B,C,D"
출발,인천,대한항공,KE1407,김해,20251005,18:25,18:25,18:50,여객,출발,,B737-900,188,
출발,인천,대한항공,KE667,치앙마이,20251005,18:25,18:25,18:44,여객,출발,,B737-900,188,"A,B,C,D"
출발,인천,대한항공,KE705,도쿄/나리타,20251005,18:35,18:35,18:55,여객,출발,,A321neo,182,"A,B,C,D"
출발,인천,대한항공,KE871,대련,20251005,18:35,18:35,19:31,여객,지연,항공교통흐름에 의한 지연,B737-900,188,"A,B,C,D"
출발,인천,대한항공,KE161,쿤밍,20251005,18:40,18:40,19:12,여객,출발,,B737-900,188,"A,B,C,D"
출발,인천,대한항공,KE423,괌,20251005,18:40,18:40,19:22,여객,지연,항공교통흐름에 의한 지연,B737-900,188,"A,B,C,D"
출발,인천,대한항공,KE645,싱가포르,20251005,18:40,18:40,19:14,여객,출발,,A330-300,272,"A,B,C,D"
출발,인천,대한항공,KE781,후쿠오카,20251005,18:40,18:40,19:04,여객,출발,,B737-900,188,"A,B,C,D"
출발,인천,대한항공,KE071,밴쿠버,20251005,18:45,18:45,19:27,여객,지연,항공교통흐름에 의한 지연,B787-9,269,"A,B,C,D"
출발,인천,대한항공,KE453,노이바이(하노이),20251005,18:45,19:05,19:37,여객,지연,항공기 연결에 의한 지연,B737-900,188,"A,B,C,D"
출발,인천,대한항공,KE475,떤 선녓(호찌민),20251005,18:45,19:05,19:53,여객,지연,항공기 연결에 의한 지연,B737-900,188,"A,B,C,D"
출발,인천,대한항공,KE623,마닐라,20251005,18:50,18:50,19:25,여객,출발,,B737-900,188,"A,B,C,D"
출발,인천,대한항공,KE689,프놈펜,20251005,18:50,19:15,20:07,여객,지연,항공교통흐름에 의한 지연,B737-900,188,"A,B,C,D"
출발,인천,대한항공,KE743,나고야,20251005,18:50,19:10,19:43,여객,지연,항공교통흐름에 의한 지연,A321neo,182,"A,B,C,D"
출발,인천,델타항공,DL26,애틀랜타,20251005,18:50,18:50,19:16,여객,출발,,A350-900,306,"K,F,G,L"
출발,인천,대한항공,KE895,푸동,20251005,18:55,19:10,19:41,여객,지연,항공기 연결에 의한 지연,A330-300,272,"A,B,C,D"
출발,인천,대한항공,KE721,간사이,20251005,19:00,19:00,19:33,여객,출발,,A321neo,182,"A,B,C,D"
출발,인천,대한항공,KE401,시드니,20251005,19:10,19:10,19:49,여객,지연,항공교통흐름에 의한 지연,A380-800,407,"A,B,C,D"
출발,인천,진에어,LJ131,코타키나발루,20251005,19:10,19:31,19:57,여객,지연,공항 및 출입국 절차에 의한 지연,B737-800,189,"H,F,G,L"
출발,인천,델타항공,DL196,시애틀,20251005,19:20,19:20,19:55,여객,출발,,A330-900neo,281,"K,F,G,L"
출발,인천,에어서울,RS581,팡라로,20251005,19:25,19:25,19:59,여객,출발,,A321,195,"E,F,G,L"
출발,인천,대한항공,KE085,뉴욕,20251005,19:30,19:30,20:01,여객,출발,,B747-8i,368,"A,B,C,D"
출발,인천,대한항공,KE1431,대구,20251005,19:30,19:30,20:03,여객,출발,,B737-900,188,
출발,인천,대한항공,KE1409,김해,20251005,19:35,19:35,20:09,여객,출발,,B737-900,188,
출발,인천,진에어,LJ917,괌,20251005,19:35,19:35,19:59,여객,출발,,B737-800,189,"H,F,G,L"
출발,인천,델타항공,DL172,솔트레이크시티,20251005,19:40,19:40,20:05,여객,출발,,A350-900,306,"K,F,G,L"
출발,인천,대한항공,KE177,홍콩,20251005,19:45,19:45,20:13,여객,출발,,A321neo,182,"A,B,C,D"
출발,인천,대한항공,KE477,떤 선녓(호찌민),20251005,19:45,19:45,20:19,여객,출발,,B737-900,188,"A,B,C,D"
출발,인천,대한항공,KE659,수안나폼(방콕),20251005,19:45,19:45,20:28,여객,지연,항공교통흐름에 의한 지연,B737-900,188,"A,B,C,D"
출발,인천,에어서울,RS527,깜라인(나트랑),20251005,19:50,19:50,21:05,여객,지연,항공교통흐름에 의한 지연,A321,195,"E,F,G,L"
출발,인천,진에어,LJ001,수안나폼(방콕),20251005,19:55,22:15,:,여객,지연,항공기 연결에 의한 지연,B737-800,189,"H,F,G,L"
출발,인천,대한항공,KE467,깜라인(나트랑),20251005,20:00,20:00,20:32,여객,출발,,B737-900,188,"A,B,C,D"
출발,인천,대한항공,KE853,베이징,20251005,20:00,21:00,21:22,여객,지연,항공기 연결에 의한 지연,A330-300,272,"A,B,C,D"
출발,인천,대한항공,KE615,세부,20251005,20:05,20:05,20:26,여객,출발,,B737-900,188,"A,B,C,D"
출발,인천,대한항공,KE625,마닐라,20251005,20:15,20:15,20:39,여객,출발,,B737-900,188,"A,B,C,D"
출발,인천,대한항공,KE011,로스앤젤레스,20251005,20:25,20:25,20:57,여객,출발,,A380-800,407,"A,B,C,D"
출발,인천,진에어,LJ081,다낭,20251005,20:25,20:25,20:48,여객,출발,,B737-800,189,"H,F,G,L"
출발,인천,대한항공,KE719,하네다,20251005,20:30,20:30,20:53,여객,출발,,A321neo,182,"A,B,C,D"
출발,인천,샤먼항공,MF878,푸저우(복주),20251005,20:35,20:35,20:54,여객,출발,,B737-800,168,"J,F,G,L"
출발,인천,중화항공,CI163,타오위안,20251005,20:35,20:55,21:10,여객,지연,항공기 연결에 의한 지연,A330-300,277,"J,F,G,L"
출발,인천,진에어,LJ087,깜라인(나트랑),20251005,20:40,21:10,21:37,여객,지연,항공교통흐름에 의한 지연,B737-800,189,"H,F,G,L"
출발,인천,진에어,LJ043,팡라로,20251005,20:50,20:50,21:19,여객,출발,,B737-800,189,"H,F,G,L"
출발,인천,에어서울,RS511,다낭,20251005,20:55,20:55,21:32,여객,출발,,A321,195,"E,F,G,L"
출발,인천,대한항공,KE005,라스베이거스,20251005,21:00,21:00,21:16,여객,출발,,B777-300ER,277,"A,B,C,D"
출발,인천,대한항공,KE053,호놀룰루,20251005,21:05,21:05,21:24,여객,출발,,A330-300,272,"A,B,C,D"
출발,인천,대한항공,KE655,수안나폼(방콕),20251005,21:15,21:15,21:30,여객,출발,,A330-300,272,"A,B,C,D"
출발,인천,진에어,LJ037,클라크,20251005,21:25,21:49,22:12,여객,지연,공항 및 출입국 절차에 의한 지연,B737-800,189,"H,F,G,L"
출발,인천,에어부산,BX787,깜라인(나트랑),20251005,21:30,22:14,22:40,여객,지연,항공교통흐름에 의한 지연,A321,195,"E,F,G,L"
출발,인천,진에어,LJ885,엔스 쉬자핑,20251005,21:45,21:45,22:05,여객,출발,,B737-800,189,"H,F,G,L"
출발,인천,진에어,LJ733,타오위안,20251005,22:10,22:10,22:33,여객,출발,,B737-800,189,"H,F,G,L"
출발,인천,네덜란드항공,KL856,암스테르담,20251005,22:25,22:25,22:56,여객,출발,,B787-9,294,"M,F,G,L"
출발,인천,대한항공,KE619,마닐라,20251005,22:35,22:35,22:55,여객,출발,,A330-300,272,"A,B,C,D"
출발,인천,대한항공,KE647,싱가포르,20251005,23:35,23:35,23:47,여객,출발,,B777-300ER,277,"A,B,C,D"
출발,인천,대한항공,KE1401,김해,20251006,06:35,06:35,06:45,여객,출발,,B737-900,188,
출발,인천,에어부산,BX164,도쿄/나리타,20251006,07:15,07:15,07:38,여객,출발,,A321,195,"E,F,G,L"
출발,인천,에어서울,RS711,간사이,20251006,07:15,07:15,07:29,여객,출발,,A321,195,"E,F,G,L"
출발,인천,진에어,LJ261,후쿠오카,20251006,07:15,07:15,07:40,여객,출발,,B737-800,189,"H,F,G,L"
출발,인천,에어부산,BX156,후쿠오카,20251006,07:20,07:20,07:50,여객,출발,,A321,195,"E,F,G,L"
출발,인천,대한항공,KE787,후쿠오카,20251006,07:25,07:25,07:47,여객,출발,,B737-900,188,"A,B,C,D"
출발,인천,진에어,LJ201,도쿄/나리타,20251006,07:25,07:25,07:44,여객,출발,,B737-800,189,"H,F,G,L"
출발,인천,대한항공,KE795,나가사키,20251006,07:30,07:30,07:56,여객,출발,,B737-900,188,"A,B,C,D"
출발,인천,진에어,LJ345,나고야,20251006,07:30,07:30,07:57,여객,출발,,B737-800,189,"H,F,G,L"
출발,인천,진에어,LJ231,간사이,20251006,07:40,08:36,08:57,여객,지연,기타 원인에 의한 지연,B737-800,189,"H,F,G,L"
출발,인천,대한항공,KE173,홍콩,20251006,07:45,07:45,08:07,여객,출발,,A321neo,182,"A,B,C,D"
출발,인천,대한항공,KE621,마닐라,20251006,07:50,07:50,08:17,여객,출발,,B737-900,188,"A,B,C,D"
출발,인천,대한항공,KE845,청도,20251006,07:50,07:50,08:05,여객,출발,,B737-900,188,"A,B,C,D"
출발,인천,진에어,LJ731,타오위안,20251006,07:50,07:50,08:10,여객,출발,,B737-800,189,"H,F,G,L"
출발,인천,대한항공,KE131,정저우,20251006,08:00,08:00,08:27,여객,출발,,B737-900,188,"A,B,C,D"
출발,인천,대한항공,KE441,노이바이(하노이),20251006,08:00,08:00,08:15,여객,출발,,A330-300,272,"A,B,C,D"
출발,인천,에어서울,RS705,도쿄/나리타,20251006,08:05,08:05,08:22,여객,출발,,A321,195,"E,F,G,L"
출발,인천,대한항공,KE197,칭기즈칸(신 울란바토르) 국제공항,20251006,08:10,08:45,09:01,여객,지연,항공기 정비에 의한 지연,B737-900,188,"A,B,C,D"
출발,인천,대한항공,KE767,아오모리,20251006,08:10,08:10,08:43,여객,출발,,B737-900,188,"A,B,C,D"
출발,인천,진에어,LJ241,간사이,20251006,08:10,08:10,08:34,여객,출발,,B737-800,189,"H,F,G,L"
출발,인천,진에어,LJ357,시모지시마,20251006,08:10,08:10,08:31,여객,출발,,B737-800,189,"H,F,G,L"
출발,인천,진에어,LJ203,도쿄/나리타,20251006,08:15,08:15,08:46,여객,출발,,B737-800,189,"H,F,G,L"
출발,인천,대한항공,KE1403,김해,20251006,08:20,08:20,08:33,여객,출발,,B737-900,188,
출발,인천,진에어,LJ301,삿포로,20251006,08:20,08:46,09:10,여객,지연,공항 및 출입국 절차에 의한 지연,B737-800,189,"H,F,G,L"
출발,인천,대한항공,KE731,고베,20251006,08:25,08:25,08:51,여객,출발,,A321neo,182,"A,B,C,D"
출발,인천,대한항공,KE893,푸동,20251006,08:25,08:25,08:44,여객,출발,,A330-300,272,"A,B,C,D"
출발,인천,에어서울,RS727,후쿠오카,20251006,08:25,08:50,09:09,여객,지연,항공기 연결에 의한 지연,A321,195,"E,F,G,L"
출발,인천,에어 프랑스,AF267,파리,20251006,08:30,08:30,08:53,여객,출발,,B777-300ER,296,"M,F,G,L"
출발,인천,대한항공,KE827,선전(심천),20251006,08:40,08:40,08:56,여객,출발,,B737-900,188,"A,B,C,D"
출발,인천,대한항공,KE831,심양,20251006,08:45,08:05,08:23,여객,출발,,B737-900,188,"A,B,C,D"
출발,인천,에어서울,RS741,다카마쓰,20251006,08:45,09:05,09:19,여객,지연,공항 및 출입국 절차에 의한 지연,A321,195,"E,F,G,L"
출발,인천,대한항공,KE865,광저우,20251006,08:50,08:50,09:11,여객,출발,,A330-300,272,"A,B,C,D"
출발,인천,대한항공,KE819,창사(장사),20251006,09:00,09:00,09:17,여객,출발,,B737-900,188,"A,B,C,D"
출발,인천,대한항공,KE469,떤 선녓(호찌민),20251006,09:05,09:33,09:53,여객,지연,항공교통흐름에 의한 지연,A330-300,272,"A,B,C,D"
출발,인천,진에어,LJ361,이시가키,20251006,09:05,09:05,09:25,여객,출발,,B737-800,189,"H,F,G,L"
출발,인천,대한항공,KE805,천진,20251006,09:10,09:10,09:45,여객,출발,,B737-900,188,"A,B,C,D"
출발,인천,대한항공,KE811,시안,20251006,09:10,09:10,09:34,여객,출발,,B737-900,188,"A,B,C,D"
출발,인천,에어부산,BX172,간사이,20251006,09:15,09:15,09:30,여객,출발,,A321,195,"E,F,G,L"
출발,인천,대한항공,KE035,애틀랜타,20251006,09:20,09:43,10:04,여객,지연,SP,B777-300ER,277,"A,B,C,D"
출발,인천,대한항공,KE785,가고시마,20251006,09:20,09:20,09:39,여객,출발,,B737-900,188,"A,B,C,D"
출발,인천,진에어,LJ913,괌,20251006,09:20,10:13,10:36,여객,지연,기타 원인에 의한 지연,B737-800,189,"H,F,G,L"
출발,인천,에어서울,RS701,도쿄/나리타,20251006,09:25,09:55,10:10,여객,지연,항공기 연결에 의한 지연,A321,195,"E,F,G,L"
출발,인천,대한항공,KE031,댈러스,20251006,09:30,09:30,09:56,여객,출발,,B787-9,269,"A,B,C,D"
출발,인천,대한항공,KE091,보스턴,20251006,09:30,09:30,09:48,여객,출발,,B787-9,269,"A,B,C,D"
출발,인천,대한항공,KE657,수안나폼(방콕),20251006,09:30,09:30,09:51,여객,출발,,A330-300,272,"A,B,C,D"
출발,인천,대한항공,KE755,오키나와,20251006,09:30,09:30,09:47,여객,출발,,B737-900,188,"A,B,C,D"
출발,인천,대한항공,KE073,토론토,20251006,09:35,09:35,09:59,여객,출발,,B777-300ER,277,"A,B,C,D"
출발,인천,대한항공,KE723,간사이,20251006,09:35,09:35,10:01,여객,출발,,A321neo,182,"A,B,C,D"
출발,인천,대한항공,KE421,괌,20251006,09:45,09:45,10:11,여객,출발,,B737-900,188,"A,B,C,D"
출발,인천,진에어,LJ205,도쿄/나리타,20251006,09:45,09:45,10:06,여객,출발,,B737-800,189,"H,F,G,L"
출발,인천,진에어,LJ341,오키나와,20251006,09:55,12:20,:,여객,지연,항공기 연결에 의한 지연,B737-800,189,"H,F,G,L"
출발,인천,대한항공,KE081,뉴욕,20251006,10:00,10:20,10:51,여객,지연,운항 기준 및 승무원 관련 지연,A380-800,407,"A,B,C,D"
출발,인천,대한항공,KE765,삿포로,20251006,10:05,10:05,10:34,여객,출발,,B737-900,188,"A,B,C,D"
출발,인천,대한항공,KE703,도쿄/나리타,20251006,10:10,10:10,10:23,여객,출발,,A321neo,182,"A,B,C,D"
출발,인천,진에어,LJ233,간사이,20251006,10:10,10:10,10:27,여객,출발,,B737-800,189,"H,F,G,L"
출발,인천,델타항공,DL158,디트로이트,20251006,10:15,11:30,:,여객,지연,항공교통흐름에 의한 지연,A350-900,306,"K,F,G,L"
출발,인천,대한항공,KE125,샤먼 가오치,20251006,10:20,10:20,10:47,여객,출발,,B737-900,188,"A,B,C,D"
출발,인천,대한항공,KE169,마카오,20251006,10:20,10:20,10:43,여객,출발,,A321neo,182,"A,B,C,D"
출발,인천,대한항공,KE093,워싱톤,20251006,10:25,10:25,11:18,여객,출발,,B777-300ER,277,"A,B,C,D"
출발,인천,대한항공,KE101,남경,20251006,10:25,10:25,10:50,여객,출발,,A321neo,182,"A,B,C,D"
출발,인천,대한항공,KE937,비엔나,20251006,10:25,10:25,11:15,여객,출발,,B787-9,269,"A,B,C,D"
출발,인천,대한항공,KE185,타오위안,20251006,10:30,10:30,11:00,여객,출발,,A321neo,182,"A,B,C,D"
출발,인천,가루다인도네시아,GA879,자카르타(수카르노 하타),20251006,10:35,10:55,11:19,여객,출발,,A330-900neo,301,"J,F,G,L"
출발,인천,대한항공,KE741,나고야,20251006,10:35,10:35,11:13,여객,출발,,A321neo,182,"A,B,C,D"
출발,인천,대한항공,KE037,시카고,20251006,10:40,10:40,11:00,여객,출발,,B777-300ER,277,"A,B,C,D"
출발,인천,대한항공,KE855,베이징,20251006,10:40,10:40,11:07,여객,출발,,A330-300,272,"A,B,C,D"
출발,인천,대한항공,KE969,프라하,20251006,10:45,10:45,11:11,여객,출발,,B787-9,269,"A,B,C,D"
출발,인천,대한항공,KE457,다낭,20251006,10:55,10:55,11:25,여객,출발,,B737-900,188,"A,B,C,D"
출발,인천,대한항공,KE791,후쿠오카,20251006,11:05,11:05,11:36,여객,출발,,B737-900,188,"A,B,C,D"
출발,인천,대한항공,KE901,파리,20251006,11:10,11:10,11:40,여객,출발,,B777-300ER,277,"A,B,C,D"
출발,인천,진에어,LJ245,간사이,20251006,11:10,11:10,11:49,여객,출발,,B737-800,189,"H,F,G,L"
출발,인천,가루다인도네시아,GA871,덴파사(응우라 라이),20251006,11:25,11:25,11:54,여객,출발,,A330-300,251,"J,F,G,L"
출발,인천,에어부산,BX158,후쿠오카,20251006,11:25,11:25,12:05,여객,출발,,A321,195,"E,F,G,L"
출발,인천,아에로멕시코,AM091,멕시코시티,20251006,11:40,11:40,12:13,여객,지연,지상조업 관련 지연,B787-9,274,"H,F,G,L"
출발,인천,대한항공,KE925,암스테르담,20251006,11:55,11:55,12:24,여객,출발,,B777-300ER,277,"A,B,C,D"
출발,인천,대한항공,KE107,항저우,20251006,12:00,12:00,12:27,여객,출발,,A321neo,182,"A,B,C,D"
출발,인천,중화항공,CI165,가오슝,20251006,12:05,12:05,12:22,여객,출발,,A321neo,180,"J,F,G,L"
출발,인천,진에어,LJ263,후쿠오카,20251006,12:10,12:10,12:34,여객,출발,,B737-800,189,"H,F,G,L"
출발,인천,대한항공,KE769,삿포로,20251006,12:35,12:35,12:53,여객,출발,,B737-900,188,"A,B,C,D"
출발,인천,대한항공,KE803,천진,20251006,12:35,12:35,12:52,여객,출발,,B737-900,188,"A,B,C,D"
출발,인천,대한항공,KE963,부다페스트,20251006,12:35,12:35,12:47,여객,출발,,B787-9,269,"A,B,C,D"
출발,인천,중화항공,CI161,타오위안,20251006,12:35,12:35,13:01,여객,출발,,A330-300,277,"J,F,G,L"
출발,인천,에어부산,BX174,간사이,20251006,12:40,12:40,12:56,여객,출발,,A321,195,"E,F,G,L"
출발,인천,대한항공,KE711,도쿄/나리타,20251006,13:00,13:00,13:20,여객,출발,,A321neo,182,"A,B,C,D"
출발,인천,대한항공,KE869,대련,20251006,13:00,13:00,13:18,여객,출발,,B737-900,188,"A,B,C,D"
출발,인천,대한항공,KE843,청도,20251006,13:05,13:05,13:34,여객,출발,,B737-900,188,"A,B,C,D"
출발,인천,진에어,GS7994,천진,20251006,13:05,13:05,13:13,여객,출발,,B737-800,189,"H,F,G,L"
출발,인천,에어서울,RS713,간사이,20251006,13:15,13:15,13:40,여객,출발,,A321,195,"E,F,G,L"
출발,인천,대한항공,KE931,로마,20251006,13:20,13:20,13:47,여객,출발,,B777-300ER,277,"A,B,C,D"
출발,인천,대한항공,KE135,허페이,20251006,13:25,13:25,13:49,여객,출발,,B737-900,188,"A,B,C,D"
출발,인천,대한항공,KE175,홍콩,20251006,13:25,13:25,13:45,여객,출발,,A321neo,182,"A,B,C,D"
출발,인천,대한항공,KE951,두바이,20251006,13:25,13:25,13:55,여객,출발,,B777-300ER,277,"A,B,C,D"
출발,인천,샤먼항공,MF872,샤먼 가오치,20251006,13:30,13:30,13:44,여객,출발,,B737-800,168,"J,F,G,L"
출발,인천,대한항공,KE695,카트만두,20251006,13:35,13:35,14:02,여객,출발,,A330-300,272,"A,B,C,D"
출발,인천,에어서울,RS745,요나고,20251006,13:35,13:35,13:58,여객,출발,,A321,195,"E,F,G,L"
출발,인천,대한항공,KE927,밀라노,20251006,13:40,13:40,14:06,여객,출발,,B787-9,269,"A,B,C,D"
출발,인천,대한항공,KE955,이스탄불,20251006,13:40,13:40,14:16,여객,출발,,B777-300ER,277,"A,B,C,D"
출발,인천,대한항공,KE789,후쿠오카,20251006,13:45,13:45,14:10,여객,출발,,B737-900,188,"A,B,C,D"
출발,인천,중화항공,CI2161,타오위안,20251006,13:45,13:45,14:14,여객,출발,,A330-300,277,"J,F,G,L"
출발,인천,진에어,LJ207,도쿄/나리타,20251006,13:50,13:50,14:32,여객,출발,,B737-800,189,"H,F,G,L"
출발,인천,진에어,LJ861,청도,20251006,13:50,13:50,14:30,여객,출발,,B737-800,189,"H,F,G,L"
출발,인천,에어서울,RS723,후쿠오카,20251006,14:25,14:25,14:57,여객,지연,항공교통흐름에 의한 지연,A321,195,"E,F,G,L"
출발,인천,대한항공,KE017,로스앤젤레스,20251006,14:30,14:30,15:12,여객,출발,,B747-8i,368,"A,B,C,D"
출발,인천,진에어,LJ359,다카마쓰,20251006,14:30,14:30,15:01,여객,출발,,B737-800,189,"H,F,G,L"
출발,인천,대한항공,KE833,심양,20251006,14:35,14:35,15:05,여객,출발,,B737-900,188,"A,B,C,D"
출발,인천,진에어,LJ237,간사이,20251006,14:40,14:40,15:08,여객,출발,,B737-800,189,"H,F,G,L"
출발,인천,대한항공,KE643,싱가포르,20251006,14:45,14:45,15:12,여객,출발,,A330-300,272,"A,B,C,D"
출발,인천,진에어,LJ209,도쿄/나리타,20251006,14:45,14:45,15:06,여객,출발,,B737-800,189,"H,F,G,L"
출발,인천,대한항공,KE725,간사이,20251006,14:55,14:55,15:21,여객,출발,,A321neo,182,"A,B,C,D"
출발,인천,대한항공,KE627,자카르타(수카르노 하타),20251006,15:10,15:10,15:35,여객,출발,,A330-300,272,"A,B,C,D"
출발,인천,대한항공,KE189,타이중,20251006,15:15,15:15,15:42,여객,출발,,A321neo,182,"A,B,C,D"
출발,인천,에어서울,RS715,간사이,20251006,15:20,15:20,15:57,여객,출발,,A321,195,"E,F,G,L"
출발,인천,에어부산,BX176,간사이,20251006,15:25,15:25,15:54,여객,출발,,A321,195,"E,F,G,L"
출발,인천,진에어,LJ211,도쿄/나리타,20251006,15:35,15:56,16:22,여객,지연,항공교통흐름에 의한 지연,B737-800,189,"H,F,G,L"
출발,인천,대한항공,KE671,쿠알라룸푸르,20251006,15:40,15:40,16:09,여객,출발,,A330-300,272,"A,B,C,D"
출발,인천,대한항공,KE733,고베,20251006,15:50,15:50,16:26,여객,출발,,A321neo,182,"A,B,C,D"
출발,인천,에어부산,BX166,도쿄/나리타,20251006,15:50,15:50,16:14,여객,출발,,A321,195,"E,F,G,L"
출발,인천,대한항공,KE023,샌프란시스코,20251006,16:00,16:00,16:53,여객,지연,항공교통흐름에 의한 지연,B777-300ER,277,"A,B,C,D"
출발,인천,진에어,LJ265,후쿠오카,20251006,16:00,16:00,16:38,여객,출발,,B737-800,189,"H,F,G,L"
출발,인천,진에어,LJ239,간사이,20251006,16:05,16:25,16:56,여객,지연,공항 및 출입국 절차에 의한 지연,B737-800,189,"H,F,G,L"
출발,인천,진에어,LJ347,나고야,20251006,16:05,19:05,:,여객,,항공기 연결에 의한 지연,B737-800,189,"H,F,G,L"
출발,인천,대한항공,KE187,타오위안,20251006,16:10,16:25,16:39,여객,출발,,A321neo,182,"A,B,C,D"
출발,인천,대한항공,KE633,덴파사(응우라 라이),20251006,16:10,16:10,16:27,여객,출발,,A330-300,272,"A,B,C,D"
출발,인천,진에어,LJ351,기타규슈,20251006,16:15,16:55,17:18,여객,지연,항공기 연결에 의한 지연,B737-800,189,"H,F,G,L"
출발,인천,델타항공,DL188,애틀랜타,20251006,16:25,16:25,16:59,여객,출발,,A350-900,306,"K,F,G,L"
출발,인천,대한항공,KE041,시애틀,20251006,16:40,16:40,17:11,여객,출발,,A330-300,272,"A,B,C,D"
출발,인천,에어서울,RS703,도쿄/나리타,20251006,16:45,17:15,17:54,여객,지연,항공기 연결에 의한 지연,A321,195,"E,F,G,L"
출발,인천,진에어,LJ271,후쿠오카,20251006,17:00,17:00,17:36,여객,출발,,B737-800,189,"H,F,G,L"
출발,인천,대한항공,KE713,도쿄/나리타,20251006,17:05,17:05,17:31,여객,출발,,A321neo,182,"A,B,C,D"
출발,인천,진에어,LJ091,푸꾸옥,20251006,17:05,17:34,17:56,여객,지연,항공교통흐름에 의한 지연,B737-800,189,"H,F,G,L"
출발,인천,대한항공,KE1405,김해,20251006,17:10,17:10,17:47,여객,출발,,B737-900,188,
출발,인천,대한항공,KE485,푸꾸옥,20251006,17:10,17:10,17:45,여객,출발,,B737-900,188,"A,B,C,D"
출발,인천,진에어,LJ009,치앙마이,20251006,17:10,17:10,17:42,여객,출발,,B737-800,189,"H,F,G,L"
출발,인천,대한항공,KE489,양곤,20251006,17:15,17:15,17:50,여객,출발,,B737-900,188,"A,B,C,D"
출발,인천,에어부산,BX747,수안나폼(방콕),20251006,17:15,17:15,17:37,여객,출발,,A321,195,"E,F,G,L"
출발,인천,진에어,LJ005,푸껫,20251006,17:25,17:57,18:14,여객,지연,항공기 연결에 의한 지연,B737-800,189,"H,F,G,L"
출발,인천,대한항공,KE629,덴파사(응우라 라이),20251006,17:45,17:45,18:06,여객,출발,,A330-300,272,"A,B,C,D"
출발,인천,대한항공,KE663,푸껫,20251006,17:50,17:50,18:10,여객,출발,,B737-900,188,"A,B,C,D"
출발,인천,대한항공,KE651,수안나폼(방콕),20251006,18:05,18:20,19:01,여객,지연,항공기 연결에 의한 지연,A330-300,272,"A,B,C,D"
출발,인천,대한항공,KE461,다낭,20251006,18:20,18:20,18:59,여객,출발,,B737-900,188,"A,B,C,D"
출발,인천,대한항공,KE1407,김해,20251006,18:25,18:25,18:57,여객,출발,,B737-900,188,
출발,인천,대한항공,KE667,치앙마이,20251006,18:25,18:40,19:37,여객,지연,항공기 연결에 의한 지연,B737-900,188,"A,B,C,D"
출발,인천,대한항공,KE705,도쿄/나리타,20251006,18:35,18:35,19:22,여객,지연,항공교통흐름에 의한 지연,A321neo,182,"A,B,C,D"
출발,인천,대한항공,KE871,대련,20251006,18:35,18:35,19:04,여객,출발,,B737-900,188,"A,B,C,D"
출발,인천,대한항공,KE161,쿤밍,20251006,18:40,18:40,19:29,여객,지연,항공교통흐름에 의한 지연,B737-900,188,"A,B,C,D"
출발,인천,대한항공,KE423,괌,20251006,18:40,18:40,19:48,여객,지연,항공교통흐름에 의한 지연,B737-900,188,"A,B,C,D"
출발,인천,대한항공,KE645,싱가포르,20251006,18:40,18:40,19:30,여객,지연,항공교통흐름에 의한 지연,A330-300,272,"A,B,C,D"
출발,인천,대한항공,KE781,후쿠오카,20251006,18:40,18:40,19:25,여객,지연,항공교통흐름에 의한 지연,B737-900,188,"A,B,C,D"
출발,인천,델타항공,DL170,미니애폴리스,20251006,18:40,18:40,19:11,여객,출발,,A350-900,306,"K,F,G,L"
출발,인천,대한항공,KE071,밴쿠버,20251006,18:45,18:45,19:45,여객,지연,항공교통흐름에 의한 지연,B787-9,269,"A,B,C,D"
출발,인천,대한항공,KE453,노이바이(하노이),20251006,18:45,18:45,19:43,여객,지연,항공교통흐름에 의한 지연,B737-900,188,"A,B,C,D"
출발,인천,대한항공,KE475,떤 선녓(호찌민),20251006,18:45,19:55,:,여객,,항공기 연결에 의한 지연,B737-900,188,"A,B,C,D"
출발,인천,대한항공,KE623,마닐라,20251006,18:50,18:50,19:54,여객,지연,항공교통흐름에 의한 지연,B737-900,188,"A,B,C,D"
출발,인천,대한항공,KE689,프놈펜,20251006,18:50,19:40,20:28,여객,지연,항공기 연결에 의한 지연,B737-900,188,"A,B,C,D"
출발,인천,대한항공,KE743,나고야,20251006,18:50,18:50,19:41,여객,지연,항공교통흐름에 의한 지연,A321neo,182,"A,B,C,D"
출발,인천,델타항공,DL26,애틀랜타,20251006,18:50,19:10,:,여객,지연,공항 및 출입국 절차에 의한 지연,A350-900,306,"K,F,G,L"
출발,인천,대한항공,KE895,푸동,20251006,18:55,19:50,20:39,여객,지연,항공기 연결에 의한 지연,A330-300,272,"A,B,C,D"
출발,인천,대한항공,KE721,간사이,20251006,19:00,19:00,19:51,여객,지연,항공교통흐름에 의한 지연,A321neo,182,"A,B,C,D"
출발,인천,대한항공,KE401,시드니,20251006,19:10,19:10,20:01,여객,지연,항공교통흐름에 의한 지연,A380-800,407,"A,B,C,D"
출발,인천,진에어,LJ131,코타키나발루,20251006,19:10,19:33,19:57,여객,지연,항공교통흐름에 의한 지연,B737-800,189,"H,F,G,L"
출발,인천,델타항공,DL196,시애틀,20251006,19:20,19:45,:,여객,지연,항공기 연결에 의한 지연,A330-900neo,281,"K,F,G,L"
출발,인천,에어서울,RS581,팡라로,20251006,19:25,19:25,20:12,여객,지연,공항 및 출입국 절차에 의한 지연,A321,195,"E,F,G,L"
출발,인천,대한항공,KE085,뉴욕,20251006,19:30,20:00,20:21,여객,지연,기타 원인에 의한 지연,B747-8i,368,"A,B,C,D"
출발,인천,대한항공,KE1431,대구,20251006,19:30,19:30,20:09,여객,지연,,B737-900,188,
출발,인천,대한항공,KE1409,김해,20251006,19:35,19:35,20:17,여객,지연,항공교통흐름에 의한 지연,B737-900,188,
출발,인천,진에어,LJ917,괌,20251006,19:35,19:58,20:19,여객,지연,공항 및 출입국 절차에 의한 지연,B737-800,189,"H,F,G,L"
출발,인천,델타항공,DL172,솔트레이크시티,20251006,19:40,19:40,20:11,여객,출발,,A350-900,306,"K,F,G,L"
출발,인천,대한항공,KE177,홍콩,20251006,19:45,19:45,20:42,여객,지연,항공교통흐름에 의한 지연,A321neo,182,"A,B,C,D"
출발,인천,대한항공,KE477,떤 선녓(호찌민),20251006,19:45,19:45,21:05,여객,지연,항공기 연결에 의한 지연,B737-900,188,"A,B,C,D"
출발,인천,대한항공,KE659,수안나폼(방콕),20251006,19:45,20:05,21:24,여객,지연,항공기 연결에 의한 지연,B737-900,188,"A,B,C,D"
출발,인천,에어서울,RS527,깜라인(나트랑),20251006,19:50,19:50,20:37,여객,출발,,A321,195,"E,F,G,L"
출발,인천,진에어,LJ001,수안나폼(방콕),20251006,19:55,21:20,22:26,여객,지연,항공기 연결에 의한 지연,B737-800,189,"H,F,G,L"
출발,인천,진에어,LJ903,나고야,20251006,19:55,20:53,21:08,여객,지연,기타 원인에 의한 지연,B737-800,189,"H,F,G,L"
출발,인천,대한항공,KE467,깜라인(나트랑),20251006,20:00,20:00,20:58,여객,지연,항공교통흐름에 의한 지연,B737-900,188,"A,B,C,D"
출발,인천,대한항공,KE853,베이징,20251006,20:00,20:25,21:26,여객,지연,항공기 연결에 의한 지연,A330-300,272,"A,B,C,D"
출발,인천,대한항공,KE407,브리즈번,20251006,20:05,20:05,20:25,여객,출발,,A330-300,272,"A,B,C,D"
출발,인천,대한항공,KE615,세부,20251006,20:05,20:05,20:44,여객,출발,,B737-900,188,"A,B,C,D"
출발,인천,대한항공,KE625,마닐라,20251006,20:15,20:15,21:30,여객,지연,항공기 연결에 의한 지연,B737-900,188,"A,B,C,D"
출발,인천,에어서울,RS529,깜라인(나트랑),20251006,20:20,20:20,21:13,여객,지연,공항 및 출입국 절차에 의한 지연,A321,195,"E,F,G,L"
출발,인천,대한항공,KE011,로스앤젤레스,20251006,20:25,20:25,21:12,여객,지연,항공기 연결에 의한 지연,A380-800,407,"A,B,C,D"
출발,인천,진에어,LJ081,다낭,20251006,20:25,21:26,21:52,여객,지연,항공기 연결에 의한 지연,B737-800,189,"H,F,G,L"
출발,인천,대한항공,KE719,하네다,20251006,20:30,20:30,21:01,여객,출발,,A321neo,182,"A,B,C,D"
출발,인천,샤먼항공,MF878,푸저우(복주),20251006,20:35,21:30,21:15,여객,지연,공항 및 출입국 절차에 의한 지연,B737-800,168,"J,F,G,L"
출발,인천,중화항공,CI163,타오위안,20251006,20:35,21:17,21:44,여객,지연,항공교통흐름에 의한 지연,A330-300,277,"J,F,G,L"
출발,인천,진에어,LJ087,깜라인(나트랑),20251006,20:40,21:30,22:20,여객,지연,항공기 연결에 의한 지연,B737-800,189,"H,F,G,L"
출발,인천,진에어,LJ043,팡라로,20251006,20:50,21:25,22:28,여객,지연,항공기 연결에 의한 지연,B737-800,189,"H,F,G,L"
출발,인천,에어서울,RS511,다낭,20251006,20:55,20:55,21:35,여객,지연,항공기 연결에 의한 지연,A321,195,"E,F,G,L"
출발,인천,대한항공,KE005,라스베이거스,20251006,21:00,21:00,21:24,여객,출발,,B777-300ER,277,"A,B,C,D"
출발,인천,대한항공,KE053,호놀룰루,20251006,21:05,21:05,21:38,여객,출발,,A330-300,272,"A,B,C,D"
출발,인천,진에어,LJ037,클라크,20251006,21:25,22:18,22:42,여객,지연,항공기 연결에 의한 지연,B737-800,189,"H,F,G,L"
출발,인천,에어부산,BX787,깜라인(나트랑),20251006,21:30,21:30,22:16,여객,지연,공항 및 출입국 절차에 의한 지연,A321,195,"E,F,G,L"
출발,인천,진에어,LJ089,깜라인(나트랑),20251006,21:55,22:55,23:30,여객,지연,항공기 연결에 의한 지연,B737-800,189,"H,F,G,L"
출발,인천,진에어,LJ733,타오위안,20251006,22:10,22:10,22:46,여객,출발,,B737-800,189,"H,F,G,L"
출발,인천,네덜란드항공,KL856,암스테르담,20251006,22:25,22:25,22:52,여객,출발,,B787-9,294,"M,F,G,L"
출발,인천,대한항공,KE619,마닐라,20251006,22:35,22:35,23:02,여객,출발,,A330-300,272,"A,B,C,D"
출발,인천,대한항공,KE075,밴쿠버,20251006,22:40,22:40,23:04,여객,출발,,B787-9,269,"A,B,C,D"
출발,인천,대한항공,KE647,싱가포르,20251006,23:35,23:35,23:52,여객,출발,,B777-300ER,277,"A,B,C,D"
출발,인천,스칸디나비아항공,SK988,코펜하겐,20251006,23:45,23:45,23:49,여객,출발,,A350-900,300,"K,F,G,L"
출발,인천,대한항공,KE1401,김해,20251007,06:35,06:35,06:54,여객,출발,,B737-900,188,
출발,인천,에어부산,BX164,도쿄/나리타,20251007,07:15,07:15,07:24,여객,출발,,A321,195,"E,F,G,L"
출발,인천,에어서울,RS711,간사이,20251007,07:15,07:15,07:33,여객,출발,,A321,195,"E,F,G,L"
출발,인천,진에어,LJ261,후쿠오카,20251007,07:15,07:15,07:38,여객,출발,,B737-800,189,"H,F,G,L"
출발,인천,에어부산,BX156,후쿠오카,20251007,07:20,07:20,07:32,여객,출발,,A321,195,"E,F,G,L"
출발,인천,에어서울,RS727,후쿠오카,20251007,07:20,07:20,07:45,여객,출발,,A321,195,"E,F,G,L"
출발,인천,대한항공,KE787,후쿠오카,20251007,07:25,07:25,07:48,여객,출발,,B737-900,188,"A,B,C,D"
출발,인천,진에어,LJ201,도쿄/나리타,20251007,07:25,07:25,07:43,여객,출발,,B737-800,189,"H,F,G,L"
출발,인천,대한항공,KE771,오카야마,20251007,07:30,07:30,07:54,여객,출발,,B737-900,188,"A,B,C,D"
출발,인천,진에어,LJ345,나고야,20251007,07:30,07:30,07:49,여객,출발,,B737-800,189,"H,F,G,L"
출발,인천,진에어,LJ231,간사이,20251007,07:40,07:40,07:57,여객,출발,,B737-800,189,"H,F,G,L"
출발,인천,대한항공,KE173,홍콩,20251007,07:45,07:45,08:05,여객,출발,,A321neo,182,"A,B,C,D"
출발,인천,대한항공,KE621,마닐라,20251007,07:50,07:50,08:17,여객,출발,,B737-900,188,"A,B,C,D"
출발,인천,대한항공,KE845,청도,20251007,07:50,07:50,08:09,여객,출발,,B737-900,188,"A,B,C,D"
출발,인천,진에어,LJ731,타오위안,20251007,07:50,08:09,08:29,여객,지연,공항 및 출입국 절차에 의한 지연,B737-800,189,"H,F,G,L"
출발,인천,대한항공,KE131,정저우,20251007,08:00,08:00,08:23,여객,출발,,B737-900,188,"A,B,C,D"
출발,인천,대한항공,KE441,노이바이(하노이),20251007,08:00,08:00,08:31,여객,출발,,A330-300,272,"A,B,C,D"
출발,인천,에어서울,RS705,도쿄/나리타,20251007,08:10,08:10,08:42,여객,출발,,A321,195,"E,F,G,L"
출발,인천,진에어,LJ241,간사이,20251007,08:10,08:10,08:33,여객,출발,,B737-800,189,"H,F,G,L"
출발,인천,대한항공,KE859,베이징,20251007,08:15,08:15,08:38,여객,출발,,B777-300ER,277,"A,B,C,D"
출발,인천,진에어,LJ203,도쿄/나리타,20251007,08:15,08:15,08:36,여객,출발,,B737-800,189,"H,F,G,L"
출발,인천,대한항공,KE127,푸저우(복주),20251007,08:20,08:20,08:43,여객,출발,,B737-900,188,"A,B,C,D"
출발,인천,대한항공,KE1403,김해,20251007,08:20,08:20,08:53,여객,출발,,B737-900,188,
출발,인천,진에어,LJ301,삿포로,20251007,08:20,08:20,08:45,여객,출발,,B737-800,189,"H,F,G,L"
출발,인천,대한항공,KE731,고베,20251007,08:25,08:25,08:51,여객,출발,,A321neo,182,"A,B,C,D"
출발,인천,대한항공,KE893,푸동,20251007,08:25,08:25,09:05,여객,출발,,A330-300,272,"A,B,C,D"
출발,인천,에어 프랑스,AF267,파리,20251007,08:30,08:30,08:55,여객,출발,,B777-300ER,296,"M,F,G,L"
출발,인천,대한항공,KE827,선전(심천),20251007,08:40,08:40,09:11,여객,출발,,B737-900,188,"A,B,C,D"
출발,인천,대한항공,KE831,심양,20251007,08:45,08:05,08:33,여객,출발,,B737-900,188,"A,B,C,D"
출발,인천,에어서울,RS741,다카마쓰,20251007,08:45,09:00,09:14,여객,지연,기타 원인에 의한 지연,A321,195,"E,F,G,L"
출발,인천,대한항공,KE865,광저우,20251007,08:50,08:50,09:17,여객,출발,,A330-300,272,"A,B,C,D"
출발,인천,대한항공,KE469,떤 선녓(호찌민),20251007,09:05,09:35,10:16,여객,지연,항공기 연결에 의한 지연,A330-300,272,"A,B,C,D"
출발,인천,진에어,LJ361,이시가키,20251007,09:05,09:05,09:42,여객,출발,,B737-800,189,"H,F,G,L"
출발,인천,대한항공,KE805,천진,20251007,09:10,09:10,09:24,여객,출발,,B737-900,188,"A,B,C,D"
출발,인천,에어부산,BX172,간사이,20251007,09:15,09:15,09:20,여객,출발,,A321,195,"E,F,G,L"
출발,인천,대한항공,KE035,애틀랜타,20251007,09:20,09:50,10:40,여객,지연,항공기 연결에 의한 지연,B777-300ER,277,"A,B,C,D"
출발,인천,진에어,LJ913,괌,20251007,09:20,09:20,09:47,여객,출발,,B737-800,189,"H,F,G,L"
출발,인천,에어서울,RS701,도쿄/나리타,20251007,09:25,09:25,09:38,여객,출발,,A321,195,"E,F,G,L"
출발,인천,대한항공,KE031,댈러스,20251007,09:30,09:50,10:46,여객,지연,항공기 연결에 의한 지연,B787-9,269,"A,B,C,D"
출발,인천,대한항공,KE091,보스턴,20251007,09:30,09:50,10:28,여객,지연,항공기 연결에 의한 지연,B787-9,269,"A,B,C,D"
출발,인천,대한항공,KE657,수안나폼(방콕),20251007,09:30,09:30,09:59,여객,출발,,A330-300,272,"A,B,C,D"
출발,인천,대한항공,KE755,오키나와,20251007,09:30,09:30,10:05,여객,출발,,B737-900,188,"A,B,C,D"
출발,인천,대한항공,KE777,구마모토,20251007,09:30,09:30,09:53,여객,출발,,B737-900,188,"A,B,C,D"
출발,인천,대한항공,KE073,토론토,20251007,09:35,09:58,10:13,여객,지연,항공기 연결에 의한 지연,B777-300ER,277,"A,B,C,D"
출발,인천,대한항공,KE723,간사이,20251007,09:35,09:35,09:55,여객,출발,,A321neo,182,"A,B,C,D"
출발,인천,대한항공,KE763,니가타,20251007,09:40,09:40,10:04,여객,출발,,B737-900,188,"A,B,C,D"
출발,인천,대한항공,KE421,괌,20251007,09:45,09:45,10:06,여객,출발,,B737-900,188,"A,B,C,D"
출발,인천,진에어,LJ205,도쿄/나리타,20251007,09:45,09:45,10:01,여객,출발,,B737-800,189,"H,F,G,L"
출발,인천,대한항공,KE913,마드리드,20251007,09:55,09:55,10:30,여객,지연,공항 및 출입국 절차에 의한 지연,B787-9,269,"A,B,C,D"
출발,인천,진에어,LJ341,오키나와,20251007,09:55,09:55,10:24,여객,출발,,B737-800,189,"H,F,G,L"
출발,인천,대한항공,KE081,뉴욕,20251007,10:00,10:00,10:34,여객,출발,,A380-800,407,"A,B,C,D"
출발,인천,대한항공,KE765,삿포로,20251007,10:05,10:05,10:18,여객,출발,,B737-900,188,"A,B,C,D"
출발,인천,대한항공,KE703,도쿄/나리타,20251007,10:10,10:10,10:43,여객,출발,,A321neo,182,"A,B,C,D"
출발,인천,진에어,LJ233,간사이,20251007,10:10,10:10,10:37,여객,출발,,B737-800,189,"H,F,G,L"
출발,인천,델타항공,DL158,디트로이트,20251007,10:15,10:31,10:52,여객,지연,공항 및 출입국 절차에 의한 지연,A350-900,306,"K,F,G,L"
출발,인천,대한항공,KE125,샤먼 가오치,20251007,10:20,10:20,10:41,여객,출발,,B737-900,188,"A,B,C,D"
출발,인천,대한항공,KE169,마카오,20251007,10:20,10:20,10:32,여객,출발,,A321neo,182,"A,B,C,D"
출발,인천,대한항공,KE093,워싱톤,20251007,10:25,10:25,10:58,여객,출발,,B777-300ER,277,"A,B,C,D"
출발,인천,대한항공,KE185,타오위안,20251007,10:30,10:30,10:56,여객,출발,,A321neo,182,"A,B,C,D"
출발,인천,가루다인도네시아,GA879,자카르타(수카르노 하타),20251007,10:35,10:35,10:49,여객,출발,,A330-900neo,301,"J,F,G,L"
출발,인천,대한항공,KE741,나고야,20251007,10:35,10:35,11:00,여객,출발,,A321neo,182,"A,B,C,D"
출발,인천,대한항공,KE037,시카고,20251007,10:40,10:40,11:14,여객,출발,,B777-300ER,277,"A,B,C,D"
출발,인천,대한항공,KE457,다낭,20251007,10:55,10:55,11:22,여객,출발,,B737-900,188,"A,B,C,D"
출발,인천,대한항공,KE907,런던히드로,20251007,10:55,10:55,11:09,여객,출발,,A380-800,407,"A,B,C,D"
출발,인천,대한항공,KE791,후쿠오카,20251007,11:05,11:05,11:40,여객,출발,,B737-900,188,"A,B,C,D"
출발,인천,대한항공,KE917,취리히,20251007,11:05,11:05,11:26,여객,출발,,B787-9,269,"A,B,C,D"
출발,인천,대한항공,KE945,프랑크푸르트,20251007,11:05,11:05,11:43,여객,출발,,A380-800,407,"A,B,C,D"
출발,인천,대한항공,KE897,푸동,20251007,11:10,11:10,11:41,여객,출발,,B777-300ER,277,"A,B,C,D"
출발,인천,대한항공,KE901,파리,20251007,11:10,11:10,11:47,여객,출발,,B777-300ER,277,"A,B,C,D"
출발,인천,진에어,LJ245,간사이,20251007,11:10,11:10,11:38,여객,출발,,B737-800,189,"H,F,G,L"
출발,인천,가루다인도네시아,GA871,덴파사(응우라 라이),20251007,11:25,11:25,11:53,여객,출발,,A330-300,251,"J,F,G,L"
출발,인천,에어부산,BX158,후쿠오카,20251007,11:25,11:25,11:51,여객,지연,공항 및 출입국 절차에 의한 지연,A321,195,"E,F,G,L"
출발,인천,아에로멕시코,AM091,멕시코시티,20251007,11:40,11:40,12:20,여객,출발,,B787-9,274,"H,F,G,L"
출발,인천,대한항공,KE9717,도야마,20251007,11:45,11:45,12:24,여객,출발,,B737-900,188,"A,B,C,D"
출발,인천,대한항공,KE925,암스테르담,20251007,11:55,11:55,12:10,여객,출발,,B777-300ER,277,"A,B,C,D"
출발,인천,중화항공,CI165,가오슝,20251007,12:05,12:05,12:30,여객,출발,,A321neo,180,"J,F,G,L"
출발,인천,진에어,LJ263,후쿠오카,20251007,12:10,12:10,12:34,여객,출발,,B737-800,189,"H,F,G,L"
출발,인천,에어서울,RS811,장가계,20251007,12:20,12:20,12:38,여객,출발,,A321,195,"E,F,G,L"
출발,인천,대한항공,KE769,삿포로,20251007,12:35,12:35,12:47,여객,출발,,B737-900,188,"A,B,C,D"
출발,인천,대한항공,KE803,천진,20251007,12:35,12:35,12:44,여객,출발,,B737-900,188,"A,B,C,D"
출발,인천,대한항공,KE963,부다페스트,20251007,12:35,12:35,12:59,여객,출발,,B787-9,269,"A,B,C,D"
출발,인천,중화항공,CI161,타오위안,20251007,12:35,12:35,13:07,여객,출발,,A330-300,277,"J,F,G,L"
출발,인천,에어부산,BX174,간사이,20251007,12:40,12:40,13:03,여객,출발,,A321,195,"E,F,G,L"
출발,인천,대한항공,KE497,델리,20251007,12:55,12:55,13:31,여객,출발,,B787-9,269,"A,B,C,D"
출발,인천,대한항공,KE711,도쿄/나리타,20251007,13:00,13:00,13:41,여객,출발,,A321neo,182,"A,B,C,D"
출발,인천,대한항공,KE869,대련,20251007,13:00,13:00,13:17,여객,출발,,B737-900,188,"A,B,C,D"
출발,인천,대한항공,KE843,청도,20251007,13:05,13:05,13:26,여객,출발,,B737-900,188,"A,B,C,D"
출발,인천,에어서울,RS713,간사이,20251007,13:15,13:15,13:45,여객,출발,,A321,195,"E,F,G,L"
출발,인천,대한항공,KE175,홍콩,20251007,13:25,13:25,14:01,여객,출발,,A321neo,182,"A,B,C,D"
출발,인천,대한항공,KE951,두바이,20251007,13:25,13:25,13:50,여객,출발,,B777-300ER,277,"A,B,C,D"
출발,인천,샤먼항공,MF872,샤먼 가오치,20251007,13:30,13:45,14:16,여객,지연,항공기 연결에 의한 지연,B737-800,168,"J,F,G,L"
출발,인천,대한항공,KE789,후쿠오카,20251007,13:45,13:45,14:05,여객,출발,,B737-900,188,"A,B,C,D"
출발,인천,진에어,LJ207,도쿄/나리타,20251007,13:50,13:50,14:14,여객,출발,,B737-800,189,"H,F,G,L"
출발,인천,진에어,LJ861,청도,20251007,13:50,13:50,14:17,여객,출발,,B737-800,189,"H,F,G,L"
출발,인천,에어서울,RS723,후쿠오카,20251007,14:25,14:25,14:40,여객,출발,,A321,195,"E,F,G,L"
출발,인천,대한항공,KE017,로스앤젤레스,20251007,14:30,14:30,14:54,여객,출발,,B747-8i,368,"A,B,C,D"
출발,인천,진에어,LJ359,다카마쓰,20251007,14:30,14:30,14:50,여객,출발,,B737-800,189,"H,F,G,L"
출발,인천,대한항공,KE833,심양,20251007,14:35,14:35,14:52,여객,출발,,B737-900,188,"A,B,C,D"
출발,인천,진에어,LJ237,간사이,20251007,14:40,14:40,14:58,여객,출발,,B737-800,189,"H,F,G,L"
출발,인천,대한항공,KE643,싱가포르,20251007,14:45,14:45,15:10,여객,출발,,A330-300,272,"A,B,C,D"
출발,인천,진에어,LJ209,도쿄/나리타,20251007,14:45,14:45,15:17,여객,출발,,B737-800,189,"H,F,G,L"
출발,인천,대한항공,KE725,간사이,20251007,14:55,14:55,15:34,여객,출발,,A321neo,182,"A,B,C,D"
출발,인천,대한항공,KE627,자카르타(수카르노 하타),20251007,15:10,15:10,15:40,여객,출발,,A330-300,272,"A,B,C,D"
출발,인천,대한항공,KE189,타이중,20251007,15:15,15:15,15:57,여객,출발,,A321neo,182,"A,B,C,D"
출발,인천,에어서울,RS715,간사이,20251007,15:20,15:20,16:11,여객,지연,공항 및 출입국 절차에 의한 지연,A321,195,"E,F,G,L"
출발,인천,에어부산,BX176,간사이,20251007,15:25,15:25,16:18,여객,지연,기타 원인에 의한 지연,A321,195,"E,F,G,L"
출발,인천,대한항공,KE671,쿠알라룸푸르,20251007,15:40,15:40,16:27,여객,지연,항공기 연결에 의한 지연,A330-300,272,"A,B,C,D"
출발,인천,대한항공,KE733,고베,20251007,15:50,16:37,16:37,여객,지연,항공교통흐름에 의한 지연,A321neo,182,"A,B,C,D"
출발,인천,에어부산,BX166,도쿄/나리타,20251007,15:50,15:50,16:21,여객,출발,,A321,195,"E,F,G,L"
출발,인천,대한항공,KE023,샌프란시스코,20251007,16:00,16:20,17:06,여객,지연,항공기 연결에 의한 지연,B777-300ER,277,"A,B,C,D"
출발,인천,진에어,LJ265,후쿠오카,20251007,16:00,16:00,16:36,여객,출발,,B737-800,189,"H,F,G,L"
출발,인천,진에어,LJ239,간사이,20251007,16:05,16:26,16:49,여객,지연,공항 및 출입국 절차에 의한 지연,B737-800,189,"H,F,G,L"
출발,인천,진에어,LJ347,나고야,20251007,16:05,16:23,16:45,여객,지연,공항 및 출입국 절차에 의한 지연,B737-800,189,"H,F,G,L"
출발,인천,대한항공,KE187,타오위안,20251007,16:10,16:10,16:44,여객,출발,,A321neo,182,"A,B,C,D"
출발,인천,대한항공,KE633,덴파사(응우라 라이),20251007,16:10,16:10,16:47,여객,지연,항공교통흐름에 의한 지연,A330-300,272,"A,B,C,D"
출발,인천,진에어,LJ351,기타규슈,20251007,16:15,16:36,17:02,여객,지연,공항 및 출입국 절차에 의한 지연,B737-800,189,"H,F,G,L"
출발,인천,대한항공,KE041,시애틀,20251007,16:40,16:40,17:18,여객,출발,,A330-300,272,"A,B,C,D"
출발,인천,에어서울,RS703,도쿄/나리타,20251007,16:45,16:45,17:14,여객,출발,,A321,195,"E,F,G,L"
출발,인천,진에어,LJ271,후쿠오카,20251007,17:00,17:32,17:55,여객,지연,항공기 정비에 의한 지연,B737-800,189,"H,F,G,L"
출발,인천,대한항공,KE713,도쿄/나리타,20251007,17:05,17:05,17:39,여객,출발,,A321neo,182,"A,B,C,D"
출발,인천,진에어,LJ091,푸꾸옥,20251007,17:05,17:05,17:41,여객,출발,,B737-800,189,"H,F,G,L"
출발,인천,대한항공,KE1405,김해,20251007,17:10,17:10,17:34,여객,출발,,B737-900,188,
출발,인천,대한항공,KE485,푸꾸옥,20251007,17:10,17:49,17:49,여객,지연,항공교통흐름에 의한 지연,B737-900,188,"A,B,C,D"
출발,인천,진에어,LJ009,치앙마이,20251007,17:10,19:55,:,여객,지연,항공기 연결에 의한 지연,B737-800,189,"H,F,G,L"
출발,인천,에어부산,BX747,수안나폼(방콕),20251007,17:15,17:15,17:53,여객,출발,,A321,195,"E,F,G,L"
출발,인천,진에어,LJ005,푸껫,20251007,17:25,17:25,17:59,여객,출발,,B737-800,189,"H,F,G,L"
출발,인천,진에어,LJ901,후쿠오카,20251007,17:35,18:02,18:27,여객,지연,공항 및 출입국 절차에 의한 지연,B737-800,189,"H,F,G,L"
출발,인천,대한항공,KE629,덴파사(응우라 라이),20251007,17:45,17:45,18:06,여객,출발,,A330-300,272,"A,B,C,D"
출발,인천,대한항공,KE663,푸껫,20251007,17:50,17:50,18:14,여객,출발,,B737-900,188,"A,B,C,D"
출발,인천,대한항공,KE651,수안나폼(방콕),20251007,18:05,18:05,18:40,여객,출발,,A330-300,272,"A,B,C,D"
출발,인천,대한항공,KE461,다낭,20251007,18:20,18:20,18:55,여객,지연,항공교통흐름에 의한 지연,B737-900,188,"A,B,C,D"
출발,인천,대한항공,KE1407,김해,20251007,18:25,18:25,18:58,여객,출발,,B737-900,188,
출발,인천,대한항공,KE667,치앙마이,20251007,18:25,18:25,18:49,여객,출발,,B737-900,188,"A,B,C,D"
출발,인천,대한항공,KE705,도쿄/나리타,20251007,18:35,18:35,18:47,여객,출발,,A321neo,182,"A,B,C,D"
출발,인천,대한항공,KE423,괌,20251007,18:40,18:40,19:03,여객,출발,,B737-900,188,"A,B,C,D"
출발,인천,대한항공,KE645,싱가포르,20251007,18:40,18:40,19:10,여객,출발,,A330-300,272,"A,B,C,D"
출발,인천,대한항공,KE781,후쿠오카,20251007,18:40,18:40,18:59,여객,출발,,B737-900,188,"A,B,C,D"
출발,인천,델타항공,DL170,미니애폴리스,20251007,18:40,18:40,19:01,여객,출발,,A350-900,306,"K,F,G,L"
출발,인천,대한항공,KE071,밴쿠버,20251007,18:45,18:45,19:16,여객,출발,,B787-9,269,"A,B,C,D"
출발,인천,대한항공,KE453,노이바이(하노이),20251007,18:45,18:45,19:18,여객,출발,,B737-900,188,"A,B,C,D"
출발,인천,대한항공,KE475,떤 선녓(호찌민),20251007,18:45,19:22,19:37,여객,지연,항공교통흐름에 의한 지연,B737-900,188,"A,B,C,D"
출발,인천,대한항공,KE623,마닐라,20251007,18:50,18:50,19:35,여객,지연,항공교통흐름에 의한 지연,B737-900,188,"A,B,C,D"
출발,인천,대한항공,KE689,프놈펜,20251007,18:50,18:50,19:42,여객,지연,항공교통흐름에 의한 지연,B737-900,188,"A,B,C,D"
출발,인천,대한항공,KE743,나고야,20251007,18:50,18:50,19:09,여객,출발,,A321neo,182,"A,B,C,D"
출발,인천,델타항공,DL26,애틀랜타,20251007,18:50,18:50,19:23,여객,출발,,A350-900,306,"K,F,G,L"
출발,인천,대한항공,KE895,푸동,20251007,18:55,19:55,19:57,여객,지연,항공기 연결에 의한 지연,A330-300,272,"A,B,C,D"
출발,인천,대한항공,KE721,간사이,20251007,19:00,19:00,19:33,여객,출발,,A321neo,182,"A,B,C,D"
출발,인천,대한항공,KE401,시드니,20251007,19:10,19:10,19:40,여객,출발,,A380-800,407,"A,B,C,D"
출발,인천,진에어,LJ131,코타키나발루,20251007,19:10,19:10,19:49,여객,출발,,B737-800,189,"H,F,G,L"
출발,인천,델타항공,DL196,시애틀,20251007,19:20,20:00,:,여객,지연,항공기 연결에 의한 지연,A330-900neo,281,"K,F,G,L"
출발,인천,대한항공,KE163,장가계,20251007,19:25,19:25,19:51,여객,출발,,B737-900,188,"A,B,C,D"
출발,인천,에어서울,RS581,팡라로,20251007,19:25,19:25,20:06,여객,출발,,A321,195,"E,F,G,L"
출발,인천,대한항공,KE085,뉴욕,20251007,19:30,20:00,20:46,여객,지연,기타 원인에 의한 지연,B747-8i,368,"A,B,C,D"
출발,인천,대한항공,KE1431,대구,20251007,19:30,19:30,19:56,여객,출발,,B737-900,188,
출발,인천,대한항공,KE1409,김해,20251007,19:35,19:35,20:07,여객,출발,,B737-900,188,
출발,인천,진에어,LJ917,괌,20251007,19:35,20:50,:,여객,지연,공항 및 출입국 절차에 의한 지연,B737-800,189,"H,F,G,L"
출발,인천,델타항공,DL172,솔트레이크시티,20251007,19:40,21:30,:,여객,지연,항공기 연결에 의한 지연,A350-900,306,"K,F,G,L"
출발,인천,대한항공,KE177,홍콩,20251007,19:45,19:45,20:19,여객,출발,,A321neo,182,"A,B,C,D"
출발,인천,대한항공,KE477,떤 선녓(호찌민),20251007,19:45,19:45,20:14,여객,출발,,B737-900,188,"A,B,C,D"
출발,인천,대한항공,KE659,수안나폼(방콕),20251007,19:45,19:45,20:11,여객,출발,,B737-900,188,"A,B,C,D"
출발,인천,에어서울,RS527,깜라인(나트랑),20251007,19:50,19:50,20:29,여객,출발,,A321,195,"E,F,G,L"
출발,인천,진에어,LJ001,수안나폼(방콕),20251007,19:55,20:12,20:33,여객,지연,공항 및 출입국 절차에 의한 지연,B737-800,189,"H,F,G,L"
출발,인천,대한항공,KE467,깜라인(나트랑),20251007,20:00,20:00,20:43,여객,지연,항공교통흐름에 의한 지연,B737-900,188,"A,B,C,D"
출발,인천,대한항공,KE853,베이징,20251007,20:00,20:00,20:25,여객,출발,,A330-300,272,"A,B,C,D"
출발,인천,대한항공,KE625,마닐라,20251007,20:15,20:15,21:09,여객,지연,항공교통흐름에 의한 지연,B737-900,188,"A,B,C,D"
출발,인천,대한항공,KE011,로스앤젤레스,20251007,20:25,20:25,20:54,여객,출발,,A380-800,407,"A,B,C,D"
출발,인천,진에어,LJ081,다낭,20251007,20:25,20:25,20:52,여객,출발,,B737-800,189,"H,F,G,L"
출발,인천,대한항공,KE719,하네다,20251007,20:30,20:30,20:58,여객,출발,,A321neo,182,"A,B,C,D"
출발,인천,샤먼항공,MF878,푸저우(복주),20251007,20:35,20:35,21:16,여객,출발,,B737-800,168,"J,F,G,L"
출발,인천,중화항공,CI163,타오위안,20251007,20:35,20:35,21:14,여객,출발,,A330-300,277,"J,F,G,L"
출발,인천,진에어,LJ087,깜라인(나트랑),20251007,20:40,21:15,21:50,여객,지연,공항 및 출입국 절차에 의한 지연,B737-800,189,"H,F,G,L"
출발,인천,진에어,LJ043,팡라로,20251007,20:50,21:35,22:04,여객,지연,항공기 연결에 의한 지연,B737-800,189,"H,F,G,L"
출발,인천,에어서울,RS511,다낭,20251007,20:55,21:25,21:47,여객,지연,항공기 연결에 의한 지연,A321,195,"E,F,G,L"
출발,인천,대한항공,KE005,라스베이거스,20251007,21:00,21:00,21:31,여객,출발,,B777-300ER,277,"A,B,C,D"
출발,인천,진에어,LJ037,클라크,20251007,21:25,21:42,22:10,여객,지연,공항 및 출입국 절차에 의한 지연,B737-800,189,"H,F,G,L"
출발,인천,에어부산,BX787,깜라인(나트랑),20251007,21:30,21:30,22:06,여객,출발,,A321,195,"E,F,G,L"
출발,인천,진에어,LJ089,깜라인(나트랑),20251007,21:55,22:45,:,여객,지연,항공기 연결에 의한 지연,B737-800,189,"H,F,G,L"
출발,인천,진에어,LJ733,타오위안,20251007,22:10,22:10,22:22,여객,출발,,B737-800,189,"H,F,G,L"
출발,인천,네덜란드항공,KL856,암스테르담,20251007,22:25,:,:,여객,취소,항공기 연결에 의한 지연,B787-9,294,"M,F,G,L"
출발,인천,대한항공,KE619,마닐라,20251007,22:35,22:35,22:54,여객,출발,,A330-300,272,"A,B,C,D"
출발,인천,대한항공,KE647,싱가포르,20251007,23:35,23:35,23:51,여객,출발,,B777-300ER,277,"A,B,C,D"
출발,인천,대한항공,KE1401,김해,20251008,06:35,06:35,06:46,여객,출발,,B737-900,188,
출발,인천,에어부산,BX164,도쿄/나리타,20251008,07:15,07:15,07:37,여객,출발,,A321,195,"E,F,G,L"
출발,인천,에어서울,RS711,간사이,20251008,07:15,07:15,07:34,여객,출발,,A321,195,"E,F,G,L"
출발,인천,진에어,LJ261,후쿠오카,20251008,07:15,07:15,07:33,여객,출발,,B737-800,189,"H,F,G,L"
출발,인천,에어부산,BX156,후쿠오카,20251008,07:20,07:20,07:51,여객,출발,,A321,195,"E,F,G,L"
출발,인천,대한항공,KE787,후쿠오카,20251008,07:25,07:25,07:47,여객,출발,,B737-900,188,"A,B,C,D"
출발,인천,진에어,LJ201,도쿄/나리타,20251008,07:25,07:25,07:41,여객,출발,,B737-800,189,"H,F,G,L"
출발,인천,대한항공,KE771,오카야마,20251008,07:30,07:30,08:12,여객,출발,,B737-900,188,"A,B,C,D"
출발,인천,진에어,LJ345,나고야,20251008,07:30,07:30,08:08,여객,출발,,B737-800,189,"H,F,G,L"
출발,인천,진에어,LJ231,간사이,20251008,07:40,08:25,08:43,여객,지연,공항 및 출입국 절차에 의한 지연,B737-800,189,"H,F,G,L"
출발,인천,대한항공,KE173,홍콩,20251008,07:45,07:45,08:07,여객,출발,,A321neo,182,"A,B,C,D"
출발,인천,대한항공,KE621,마닐라,20251008,07:50,07:50,08:11,여객,출발,,B737-900,188,"A,B,C,D"
출발,인천,대한항공,KE845,청도,20251008,07:50,07:50,08:13,여객,출발,,B737-900,188,"A,B,C,D"
출발,인천,진에어,LJ731,타오위안,20251008,07:50,07:50,08:17,여객,출발,,B737-800,189,"H,F,G,L"
출발,인천,대한항공,KE131,정저우,20251008,08:00,08:00,08:21,여객,출발,,B737-900,188,"A,B,C,D"
출발,인천,대한항공,KE441,노이바이(하노이),20251008,08:00,08:00,08:24,여객,출발,,A330-300,272,"A,B,C,D"
출발,인천,에어서울,RS727,후쿠오카,20251008,08:05,08:05,08:20,여객,출발,,A321,195,"E,F,G,L"
출발,인천,대한항공,KE197,칭기즈칸(신 울란바토르) 국제공항,20251008,08:10,08:10,08:40,여객,출발,,B737-900,188,"A,B,C,D"
출발,인천,에어서울,RS705,도쿄/나리타,20251008,08:10,08:10,08:35,여객,출발,,A321,195,"E,F,G,L"
출발,인천,진에어,LJ241,간사이,20251008,08:10,08:10,08:30,여객,출발,,B737-800,189,"H,F,G,L"
출발,인천,진에어,LJ357,시모지시마,20251008,08:10,08:10,08:31,여객,출발,,B737-800,189,"H,F,G,L"
출발,인천,진에어,LJ203,도쿄/나리타,20251008,08:15,08:15,08:32,여객,출발,,B737-800,189,"H,F,G,L"
출발,인천,대한항공,KE1403,김해,20251008,08:20,08:20,08:49,여객,출발,,B737-900,188,
출발,인천,진에어,LJ301,삿포로,20251008,08:20,08:20,08:40,여객,출발,,B737-800,189,"H,F,G,L"
출발,인천,대한항공,KE731,고베,20251008,08:25,08:25,08:46,여객,출발,,A321neo,182,"A,B,C,D"
출발,인천,대한항공,KE893,푸동,20251008,08:25,08:25,08:48,여객,출발,,A330-300,272,"A,B,C,D"
출발,인천,에어 프랑스,AF267,파리,20251008,08:30,08:30,08:53,여객,출발,,B777-300ER,296,"M,F,G,L"
출발,인천,대한항공,KE775,고마쓰,20251008,08:35,08:35,09:05,여객,출발,,B737-900,188,"A,B,C,D"
출발,인천,대한항공,KE827,선전(심천),20251008,08:40,08:40,09:06,여객,출발,,B737-900,188,"A,B,C,D"
출발,인천,대한항공,KE831,심양,20251008,08:45,08:05,08:36,여객,출발,,B737-900,188,"A,B,C,D"
출발,인천,에어서울,RS741,다카마쓰,20251008,08:45,08:45,09:01,여객,출발,,A321,195,"E,F,G,L"
출발,인천,대한항공,KE137,우한,20251008,08:50,08:50,09:12,여객,출발,,B737-900,188,"A,B,C,D"
출발,인천,대한항공,KE819,창사(장사),20251008,09:00,09:00,09:18,여객,출발,,B737-900,188,"A,B,C,D"
출발,인천,델타항공,DL8770,애틀랜타,20251008,09:00,09:00,09:10,여객,출발,,A350-900,306,"K,F,G,L"
출발,인천,대한항공,KE469,떤 선녓(호찌민),20251008,09:05,09:05,10:03,여객,지연,공항 및 출입국 절차에 의한 지연,A330-300,272,"A,B,C,D"
출발,인천,대한항공,KE805,천진,20251008,09:10,09:10,09:40,여객,출발,,B737-900,188,"A,B,C,D"
출발,인천,대한항공,KE811,시안,20251008,09:10,09:10,10:01,여객,지연,항공기 연결에 의한 지연,B737-900,188,"A,B,C,D"
출발,인천,에어부산,BX172,간사이,20251008,09:15,09:45,10:13,여객,지연,공항 및 출입국 절차에 의한 지연,A321,195,"E,F,G,L"
출발,인천,대한항공,KE035,애틀랜타,20251008,09:20,09:20,09:45,여객,출발,,B777-300ER,277,"A,B,C,D"
출발,인천,대한항공,KE785,가고시마,20251008,09:20,09:20,09:32,여객,출발,,B737-900,188,"A,B,C,D"
출발,인천,진에어,LJ913,괌,20251008,09:20,09:20,09:43,여객,출발,,B737-800,189,"H,F,G,L"
출발,인천,에어서울,RS701,도쿄/나리타,20251008,09:25,09:25,09:57,여객,지연,공항 및 출입국 절차에 의한 지연,A321,195,"E,F,G,L"
출발,인천,대한항공,KE031,댈러스,20251008,09:30,09:30,10:18,여객,지연,항공교통흐름에 의한 지연,B787-9,269,"A,B,C,D"
출발,인천,대한항공,KE091,보스턴,20251008,09:30,09:30,09:49,여객,출발,,B787-9,269,"A,B,C,D"
출발,인천,대한항공,KE657,수안나폼(방콕),20251008,09:30,09:30,09:56,여객,출발,,A330-300,272,"A,B,C,D"
출발,인천,대한항공,KE755,오키나와,20251008,09:30,09:30,09:58,여객,출발,,B737-900,188,"A,B,C,D"
출발,인천,대한항공,KE073,토론토,20251008,09:35,09:35,10:09,여객,출발,,B777-300ER,277,"A,B,C,D"
출발,인천,대한항공,KE723,간사이,20251008,09:35,09:35,10:03,여객,출발,,A321neo,182,"A,B,C,D"
출발,인천,대한항공,KE421,괌,20251008,09:45,09:45,10:11,여객,출발,,B737-900,188,"A,B,C,D"
출발,인천,진에어,LJ205,도쿄/나리타,20251008,09:45,10:02,10:22,여객,지연,공항 및 출입국 절차에 의한 지연,B737-800,189,"H,F,G,L"
출발,인천,진에어,LJ341,오키나와,20251008,09:55,09:55,10:14,여객,출발,,B737-800,189,"H,F,G,L"
출발,인천,진에어,LJ269,후쿠오카,20251008,10:00,10:00,10:20,여객,출발,,B737-800,189,"H,F,G,L"
출발,인천,대한항공,KE765,삿포로,20251008,10:05,10:05,10:29,여객,출발,,B737-900,188,"A,B,C,D"
출발,인천,대한항공,KE703,도쿄/나리타,20251008,10:10,10:10,10:42,여객,출발,,A321neo,182,"A,B,C,D"
출발,인천,진에어,LJ233,간사이,20251008,10:10,10:10,10:34,여객,출발,,B737-800,189,"H,F,G,L"
출발,인천,델타항공,DL158,디트로이트,20251008,10:15,10:15,10:25,여객,출발,,A350-900,306,"K,F,G,L"
출발,인천,대한항공,KE125,샤먼 가오치,20251008,10:20,10:20,10:44,여객,출발,,B737-900,188,"A,B,C,D"
출발,인천,대한항공,KE169,마카오,20251008,10:20,10:20,10:46,여객,출발,,A321neo,182,"A,B,C,D"
출발,인천,대한항공,KE093,워싱톤,20251008,10:25,10:25,10:53,여객,출발,,B777-300ER,277,"A,B,C,D"
출발,인천,대한항공,KE101,남경,20251008,10:25,10:25,10:48,여객,출발,,A321neo,182,"A,B,C,D"
출발,인천,대한항공,KE937,비엔나,20251008,10:25,10:25,10:54,여객,출발,,B787-9,269,"A,B,C,D"
출발,인천,대한항공,KE185,타오위안,20251008,10:30,10:30,11:09,여객,출발,,A321neo,182,"A,B,C,D"
출발,인천,가루다인도네시아,GA879,자카르타(수카르노 하타),20251008,10:35,10:35,10:42,여객,출발,,A330-900neo,301,"J,F,G,L"
출발,인천,대한항공,KE741,나고야,20251008,10:35,10:35,10:56,여객,출발,,A321neo,182,"A,B,C,D"
출발,인천,대한항공,KE037,시카고,20251008,10:40,10:40,11:08,여객,출발,,B777-300ER,277,"A,B,C,D"
출발,인천,대한항공,KE855,베이징,20251008,10:40,10:40,11:26,여객,지연,항공교통흐름에 의한 지연,A330-300,272,"A,B,C,D"
출발,인천,대한항공,KE969,프라하,20251008,10:45,10:45,11:15,여객,출발,,B787-9,269,"A,B,C,D"
출발,인천,대한항공,KE457,다낭,20251008,10:55,10:55,11:22,여객,출발,,B737-900,188,"A,B,C,D"
출발,인천,대한항공,KE907,런던히드로,20251008,10:55,10:55,11:37,여객,출발,,A380-800,407,"A,B,C,D"
출발,인천,대한항공,KE791,후쿠오카,20251008,11:05,11:05,11:26,여객,출발,,B737-900,188,"A,B,C,D"
출발,인천,대한항공,KE945,프랑크푸르트,20251008,11:05,11:05,11:40,여객,출발,,A380-800,407,"A,B,C,D"
출발,인천,대한항공,KE897,푸동,20251008,11:10,11:10,11:45,여객,출발,,B777-300ER,277,"A,B,C,D"
출발,인천,가루다인도네시아,GA871,덴파사(응우라 라이),20251008,11:25,11:25,11:42,여객,출발,,A330-300,251,"J,F,G,L"
출발,인천,에어부산,BX158,후쿠오카,20251008,11:25,11:25,11:39,여객,출발,,A321,195,"E,F,G,L"
출발,인천,아에로멕시코,AM091,멕시코시티,20251008,11:40,11:40,11:53,여객,출발,,B787-9,274,"H,F,G,L"
출발,인천,대한항공,KE107,항저우,20251008,12:00,12:00,12:28,여객,출발,,A321neo,182,"A,B,C,D"
출발,인천,중화항공,CI165,가오슝,20251008,12:05,12:05,12:14,여객,출발,,A321neo,180,"J,F,G,L"
출발,인천,진에어,LJ263,후쿠오카,20251008,12:10,12:10,12:24,여객,출발,,B737-800,189,"H,F,G,L"
출발,인천,대한항공,KE769,삿포로,20251008,12:35,12:35,12:58,여객,출발,,B737-900,188,"A,B,C,D"
출발,인천,대한항공,KE803,천진,20251008,12:35,12:35,12:52,여객,출발,,B737-900,188,"A,B,C,D"
출발,인천,중화항공,CI161,타오위안,20251008,12:35,12:58,13:21,여객,지연,항공기 연결에 의한 지연,A330-300,277,"J,F,G,L"
출발,인천,에어부산,BX174,간사이,20251008,12:40,12:40,13:09,여객,출발,,A321,195,"E,F,G,L"
출발,인천,대한항공,KE711,도쿄/나리타,20251008,13:00,13:00,13:29,여객,출발,,A321neo,182,"A,B,C,D"
출발,인천,대한항공,KE869,대련,20251008,13:00,13:00,13:24,여객,출발,,B737-900,188,"A,B,C,D"
출발,인천,대한항공,KE921,리스본,20251008,13:00,13:00,13:35,여객,출발,,B787-9,269,"A,B,C,D"
출발,인천,대한항공,KE843,청도,20251008,13:05,13:05,13:39,여객,출발,,B737-900,188,"A,B,C,D"
출발,인천,진에어,GS7994,천진,20251008,13:05,13:05,13:16,여객,출발,,B737-800,189,"H,F,G,L"
출발,인천,에어서울,RS713,간사이,20251008,13:15,13:15,13:53,여객,출발,,A321,195,"E,F,G,L"
출발,인천,대한항공,KE931,로마,20251008,13:20,13:20,14:04,여객,지연,항공교통흐름에 의한 지연,B777-300ER,277,"A,B,C,D"
출발,인천,대한항공,KE135,허페이,20251008,13:25,13:25,14:06,여객,지연,항공교통흐름에 의한 지연,B737-900,188,"A,B,C,D"
출발,인천,대한항공,KE175,홍콩,20251008,13:25,13:25,14:02,여객,지연,항공교통흐름에 의한 지연,A321neo,182,"A,B,C,D"
출발,인천,대한항공,KE951,두바이,20251008,13:25,13:25,13:54,여객,출발,,B777-300ER,277,"A,B,C,D"
출발,인천,에어서울,RS745,요나고,20251008,13:25,13:25,13:58,여객,출발,,A321,195,"E,F,G,L"
출발,인천,샤먼항공,MF872,샤먼 가오치,20251008,13:30,13:30,13:49,여객,출발,,B737-800,168,"J,F,G,L"
출발,인천,대한항공,KE927,밀라노,20251008,13:40,13:40,14:13,여객,출발,,B787-9,269,"A,B,C,D"
출발,인천,대한항공,KE955,이스탄불,20251008,13:40,13:40,14:21,여객,지연,항공교통흐름에 의한 지연,B777-300ER,277,"A,B,C,D"
출발,인천,대한항공,KE789,후쿠오카,20251008,13:45,13:45,14:24,여객,지연,항공교통흐름에 의한 지연,B737-900,188,"A,B,C,D"
출발,인천,중화항공,CI2161,타오위안,20251008,13:45,13:45,14:15,여객,출발,,A330-300,277,"J,F,G,L"
출발,인천,진에어,LJ207,도쿄/나리타,20251008,13:50,14:16,14:45,여객,지연,공항 및 출입국 절차에 의한 지연,B737-800,189,"H,F,G,L"
출발,인천,진에어,LJ861,청도,20251008,13:50,14:07,14:26,여객,지연,공항 및 출입국 절차에 의한 지연,B737-800,189,"H,F,G,L"
출발,인천,에어서울,RS723,후쿠오카,20251008,14:25,14:25,14:46,여객,출발,,A321,195,"E,F,G,L"
출발,인천,진에어,LJ359,다카마쓰,20251008,14:30,14:30,14:48,여객,출발,,B737-800,189,"H,F,G,L"
출발,인천,대한항공,KE833,심양,20251008,14:35,14:35,15:06,여객,출발,,B737-900,188,"A,B,C,D"
출발,인천,진에어,LJ237,간사이,20251008,14:40,14:40,15:01,여객,출발,,B737-800,189,"H,F,G,L"
출발,인천,대한항공,KE643,싱가포르,20251008,14:45,14:45,15:05,여객,출발,,A330-300,272,"A,B,C,D"
출발,인천,진에어,LJ209,도쿄/나리타,20251008,14:45,15:00,15:20,여객,지연,공항 및 출입국 절차에 의한 지연,B737-800,189,"H,F,G,L"
출발,인천,대한항공,KE725,간사이,20251008,14:55,14:55,15:13,여객,출발,,A321neo,182,"A,B,C,D"
출발,인천,대한항공,KE627,자카르타(수카르노 하타),20251008,15:10,15:10,15:33,여객,출발,,A330-300,272,"A,B,C,D"
출발,인천,대한항공,KE189,타이중,20251008,15:15,15:15,15:35,여객,출발,,A321neo,182,"A,B,C,D"
출발,인천,에어서울,RS715,간사이,20251008,15:20,15:20,15:53,여객,출발,,A321,195,"E,F,G,L"
출발,인천,에어부산,BX176,간사이,20251008,15:25,15:25,16:02,여객,출발,,A321,195,"E,F,G,L"
출발,인천,진에어,LJ851,황산,20251008,15:35,15:35,16:11,여객,출발,,B737-800,189,"H,F,G,L"
출발,인천,대한항공,KE671,쿠알라룸푸르,20251008,15:40,15:40,16:00,여객,출발,,A330-300,272,"A,B,C,D"
출발,인천,대한항공,KE733,고베,20251008,15:50,15:50,16:23,여객,출발,,A321neo,182,"A,B,C,D"
출발,인천,에어부산,BX166,도쿄/나리타,20251008,15:50,15:50,16:14,여객,출발,,A321,195,"E,F,G,L"
출발,인천,대한항공,KE023,샌프란시스코,20251008,16:00,16:00,16:35,여객,출발,,B777-300ER,277,"A,B,C,D"
출발,인천,진에어,LJ265,후쿠오카,20251008,16:00,16:00,16:31,여객,출발,,B737-800,189,"H,F,G,L"
출발,인천,진에어,LJ239,간사이,20251008,16:05,16:33,17:00,여객,지연,공항 및 출입국 절차에 의한 지연,B737-800,189,"H,F,G,L"
출발,인천,진에어,LJ347,나고야,20251008,16:05,16:24,16:46,여객,지연,공항 및 출입국 절차에 의한 지연,B737-800,189,"H,F,G,L"
출발,인천,대한항공,KE187,타오위안,20251008,16:10,16:10,16:33,여객,출발,,A321neo,182,"A,B,C,D"
출발,인천,대한항공,KE633,덴파사(응우라 라이),20251008,16:10,16:10,16:37,여객,출발,,A330-300,272,"A,B,C,D"
출발,인천,진에어,LJ351,기타규슈,20251008,16:15,16:15,16:53,여객,출발,,B737-800,189,"H,F,G,L"
출발,인천,델타항공,DL188,애틀랜타,20251008,16:25,16:25,17:05,여객,출발,,A350-900,306,"K,F,G,L"
출발,인천,대한항공,KE041,시애틀,20251008,16:40,16:40,17:14,여객,출발,,A330-300,272,"A,B,C,D"
출발,인천,에어서울,RS703,도쿄/나리타,20251008,16:45,16:45,17:18,여객,출발,,A321,195,"E,F,G,L"
출발,인천,진에어,LJ271,후쿠오카,20251008,17:00,17:00,17:30,여객,출발,,B737-800,189,"H,F,G,L"
출발,인천,대한항공,KE713,도쿄/나리타,20251008,17:05,17:05,17:37,여객,출발,,A321neo,182,"A,B,C,D"
출발,인천,진에어,LJ091,푸꾸옥,20251008,17:05,17:05,17:43,여객,출발,,B737-800,189,"H,F,G,L"
출발,인천,대한항공,KE1405,김해,20251008,17:10,17:10,17:39,여객,출발,,B737-900,188,
출발,인천,대한항공,KE485,푸꾸옥,20251008,17:10,17:10,17:35,여객,출발,,B737-900,188,"A,B,C,D"
출발,인천,진에어,LJ009,치앙마이,20251008,17:10,17:10,17:41,여객,출발,,B737-800,189,"H,F,G,L"
출발,인천,에어부산,BX747,수안나폼(방콕),20251008,17:15,17:15,17:46,여객,출발,,A321,195,"E,F,G,L"
출발,인천,진에어,LJ005,푸껫,20251008,17:25,17:25,17:57,여객,출발,,B737-800,189,"H,F,G,L"
출발,인천,대한항공,KE629,덴파사(응우라 라이),20251008,17:45,17:45,18:06,여객,출발,,A330-300,272,"A,B,C,D"
출발,인천,대한항공,KE663,푸껫,20251008,17:50,17:50,18:17,여객,출발,,B737-900,188,"A,B,C,D"
출발,인천,대한항공,KE411,오클랜드,20251008,18:00,18:20,18:52,여객,지연,항공기 연결에 의한 지연,B787-9,269,"A,B,C,D"
출발,인천,대한항공,KE651,수안나폼(방콕),20251008,18:05,18:05,18:55,여객,지연,항공기 연결에 의한 지연,A330-300,272,"A,B,C,D"
출발,인천,대한항공,KE461,다낭,20251008,18:20,18:20,18:45,여객,출발,,B737-900,188,"A,B,C,D"
출발,인천,대한항공,KE1407,김해,20251008,18:25,18:25,18:44,여객,출발,,B737-900,188,
출발,인천,대한항공,KE667,치앙마이,20251008,18:25,18:40,18:59,여객,출발,,B737-900,188,"A,B,C,D"
출발,인천,대한항공,KE705,도쿄/나리타,20251008,18:35,18:35,18:54,여객,출발,,A321neo,182,"A,B,C,D"
출발,인천,대한항공,KE871,대련,20251008,18:35,18:35,18:57,여객,출발,,B737-900,188,"A,B,C,D"
출발,인천,대한항공,KE161,쿤밍,20251008,18:40,19:10,19:22,여객,지연,항공기 연결에 의한 지연,B737-900,188,"A,B,C,D"
출발,인천,대한항공,KE423,괌,20251008,18:40,18:40,18:58,여객,출발,,B737-900,188,"A,B,C,D"
출발,인천,대한항공,KE645,싱가포르,20251008,18:40,18:40,19:17,여객,지연,항공교통흐름에 의한 지연,A330-300,272,"A,B,C,D"
출발,인천,대한항공,KE781,후쿠오카,20251008,18:40,18:40,19:04,여객,출발,,B737-900,188,"A,B,C,D"
출발,인천,델타항공,DL170,미니애폴리스,20251008,18:40,18:40,18:57,여객,출발,,A350-900,306,"K,F,G,L"
출발,인천,대한항공,KE071,밴쿠버,20251008,18:45,18:45,19:31,여객,지연,항공교통흐름에 의한 지연,B787-9,269,"A,B,C,D"
출발,인천,대한항공,KE453,노이바이(하노이),20251008,18:45,18:45,19:08,여객,출발,,B737-900,188,"A,B,C,D"
출발,인천,대한항공,KE475,떤 선녓(호찌민),20251008,18:45,18:45,19:06,여객,출발,,B737-900,188,"A,B,C,D"
출발,인천,대한항공,KE623,마닐라,20251008,18:50,18:50,19:13,여객,출발,,B737-900,188,"A,B,C,D"
출발,인천,대한항공,KE689,프놈펜,20251008,18:50,19:10,19:56,여객,지연,항공교통흐름에 의한 지연,B737-900,188,"A,B,C,D"
출발,인천,대한항공,KE743,나고야,20251008,18:50,18:50,19:10,여객,출발,,A321neo,182,"A,B,C,D"
출발,인천,델타항공,DL26,애틀랜타,20251008,18:50,18:50,19:19,여객,출발,,A350-900,306,"K,F,G,L"
출발,인천,대한항공,KE895,푸동,20251008,18:55,19:25,19:53,여객,지연,항공기 연결에 의한 지연,A330-300,272,"A,B,C,D"
출발,인천,대한항공,KE721,간사이,20251008,19:00,19:00,19:23,여객,출발,,A321neo,182,"A,B,C,D"
출발,인천,대한항공,KE401,시드니,20251008,19:10,19:10,19:33,여객,출발,,A380-800,407,"A,B,C,D"
출발,인천,진에어,LJ131,코타키나발루,20251008,19:10,19:10,19:28,여객,출발,,B737-800,189,"H,F,G,L"
출발,인천,에어부산,BX741,비엔티안,20251008,19:15,19:15,19:38,여객,출발,,A321,195,"E,F,G,L"
출발,인천,델타항공,DL196,시애틀,20251008,19:20,20:05,20:20,여객,지연,항공기 연결에 의한 지연,A330-900neo,281,"K,F,G,L"
출발,인천,대한항공,KE163,장가계,20251008,19:25,19:25,19:44,여객,출발,,B737-900,188,"A,B,C,D"
출발,인천,에어서울,RS581,팡라로,20251008,19:25,19:25,19:46,여객,출발,,A321,195,"E,F,G,L"
출발,인천,대한항공,KE085,뉴욕,20251008,19:30,20:00,20:27,여객,지연,기타 원인에 의한 지연,B747-8i,368,"A,B,C,D"
출발,인천,대한항공,KE1431,대구,20251008,19:30,19:30,19:49,여객,출발,,B737-900,188,
출발,인천,대한항공,KE1409,김해,20251008,19:35,19:35,19:58,여객,출발,,B737-900,188,
출발,인천,진에어,LJ917,괌,20251008,19:35,19:35,19:59,여객,출발,,B737-800,189,"H,F,G,L"
출발,인천,델타항공,DL172,솔트레이크시티,20251008,19:40,19:40,19:46,여객,출발,,A350-900,306,"K,F,G,L"
출발,인천,대한항공,KE177,홍콩,20251008,19:45,19:45,20:18,여객,출발,,A321neo,182,"A,B,C,D"
출발,인천,대한항공,KE477,떤 선녓(호찌민),20251008,19:45,19:45,20:40,여객,지연,항공교통흐름에 의한 지연,B737-900,188,"A,B,C,D"
출발,인천,대한항공,KE659,수안나폼(방콕),20251008,19:45,19:45,20:00,여객,출발,,B737-900,188,"A,B,C,D"
출발,인천,에어서울,RS527,깜라인(나트랑),20251008,19:50,19:50,21:11,여객,지연,항공교통흐름에 의한 지연,A321,195,"E,F,G,L"
출발,인천,진에어,LJ001,수안나폼(방콕),20251008,19:55,19:55,20:36,여객,지연,,B737-800,189,"H,F,G,L"
출발,인천,대한항공,KE467,깜라인(나트랑),20251008,20:00,20:00,20:31,여객,출발,,B737-900,188,"A,B,C,D"
출발,인천,대한항공,KE853,베이징,20251008,20:00,20:00,20:25,여객,출발,,A330-300,272,"A,B,C,D"
출발,인천,대한항공,KE407,브리즈번,20251008,20:05,20:05,20:18,여객,출발,,A330-300,272,"A,B,C,D"
출발,인천,대한항공,KE615,세부,20251008,20:05,20:05,20:20,여객,출발,,B737-900,188,"A,B,C,D"
출발,인천,대한항공,KE625,마닐라,20251008,20:15,20:15,20:46,여객,출발,,B737-900,188,"A,B,C,D"
출발,인천,대한항공,KE011,로스앤젤레스,20251008,20:25,20:25,20:58,여객,출발,,A380-800,407,"A,B,C,D"
출발,인천,진에어,LJ081,다낭,20251008,20:25,20:25,20:51,여객,출발,,B737-800,189,"H,F,G,L"
출발,인천,대한항공,KE719,하네다,20251008,20:30,20:30,20:49,여객,출발,,A321neo,182,"A,B,C,D"
출발,인천,샤먼항공,MF878,푸저우(복주),20251008,20:35,20:35,20:52,여객,출발,,B737-800,168,"J,F,G,L"
출발,인천,중화항공,CI163,타오위안,20251008,20:35,20:35,20:55,여객,출발,,A330-300,277,"J,F,G,L"
출발,인천,진에어,LJ087,깜라인(나트랑),20251008,20:40,21:21,21:48,여객,지연,항공기 연결에 의한 지연,B737-800,189,"H,F,G,L"
출발,인천,진에어,LJ043,팡라로,20251008,20:50,20:50,21:17,여객,출발,,B737-800,189,"H,F,G,L"
출발,인천,에어서울,RS511,다낭,20251008,20:55,20:55,21:47,여객,지연,항공기 연결에 의한 지연,A321,195,"E,F,G,L"
출발,인천,대한항공,KE005,라스베이거스,20251008,21:00,21:00,21:22,여객,출발,,B777-300ER,277,"A,B,C,D"
출발,인천,대한항공,KE053,호놀룰루,20251008,21:05,21:05,21:29,여객,출발,,A330-300,272,"A,B,C,D"
출발,인천,대한항공,KE655,수안나폼(방콕),20251008,21:15,21:15,21:31,여객,출발,,A330-300,272,"A,B,C,D"
출발,인천,진에어,LJ037,클라크,20251008,21:25,21:25,22:01,여객,출발,,B737-800,189,"H,F,G,L"
출발,인천,에어부산,BX787,깜라인(나트랑),20251008,21:30,21:30,22:32,여객,지연,항공교통흐름에 의한 지연,A321,195,"E,F,G,L"
출발,인천,진에어,LJ089,깜라인(나트랑),20251008,21:55,22:27,22:47,여객,지연,항공기 연결에 의한 지연,B737-800,189,"H,F,G,L"
출발,인천,진에어,LJ733,타오위안,20251008,22:10,22:10,22:30,여객,출발,,B737-800,189,"H,F,G,L"
출발,인천,네덜란드항공,KL856,암스테르담,20251008,22:25,22:25,22:34,여객,출발,,B787-9,294,"M,F,G,L"
출발,인천,대한항공,KE619,마닐라,20251008,22:35,22:35,23:03,여객,출발,,A330-300,272,"A,B,C,D"
출발,인천,대한항공,KE075,밴쿠버,20251008,22:40,22:40,22:56,여객,출발,,B787-9,269,"A,B,C,D"
출발,인천,대한항공,KE647,싱가포르,20251008,23:35,23:35,23:58,여객,출발,,B777-300ER,277,"A,B,C,D"
출발,인천,스칸디나비아항공,SK988,코펜하겐,20251008,23:45,23:45,23:52,여객,출발,,A350-900,300,"K,F,G,L"
출발,인천,대한항공,KE1401,김해,20251009,06:35,06:35,06:46,여객,출발,,B737-900,188,
출발,인천,에어부산,BX164,도쿄/나리타,20251009,07:15,07:15,07:42,여객,출발,,A321,195,"E,F,G,L"
출발,인천,에어서울,RS711,간사이,20251009,07:15,07:15,07:25,여객,출발,,A321,195,"E,F,G,L"
출발,인천,진에어,LJ261,후쿠오카,20251009,07:15,07:15,07:44,여객,출발,,B737-800,189,"H,F,G,L"
출발,인천,에어부산,BX156,후쿠오카,20251009,07:20,07:20,07:36,여객,출발,,A321,195,"E,F,G,L"
출발,인천,에어서울,RS727,후쿠오카,20251009,07:20,07:20,07:40,여객,출발,,A321,195,"E,F,G,L"
출발,인천,대한항공,KE787,후쿠오카,20251009,07:25,07:25,07:53,여객,출발,,B737-900,188,"A,B,C,D"
출발,인천,진에어,LJ201,도쿄/나리타,20251009,07:25,07:25,07:55,여객,출발,,B737-800,189,"H,F,G,L"
출발,인천,대한항공,KE795,나가사키,20251009,07:30,07:30,07:46,여객,출발,,B737-900,188,"A,B,C,D"
출발,인천,진에어,LJ345,나고야,20251009,07:30,07:30,07:59,여객,출발,,B737-800,189,"H,F,G,L"
출발,인천,진에어,LJ231,간사이,20251009,07:40,07:40,08:16,여객,출발,,B737-800,189,"H,F,G,L"
출발,인천,대한항공,KE173,홍콩,20251009,07:45,07:45,08:17,여객,출발,,A321neo,182,"A,B,C,D"
출발,인천,대한항공,KE621,마닐라,20251009,07:50,07:50,08:12,여객,출발,,B737-900,188,"A,B,C,D"
출발,인천,대한항공,KE845,청도,20251009,07:50,07:50,08:25,여객,출발,,B737-900,188,"A,B,C,D"
출발,인천,진에어,LJ731,타오위안,20251009,07:50,08:05,08:28,여객,지연,공항 및 출입국 절차에 의한 지연,B737-800,189,"H,F,G,L"
출발,인천,대한항공,KE131,정저우,20251009,08:00,08:00,08:30,여객,출발,,B737-900,188,"A,B,C,D"
출발,인천,대한항공,KE441,노이바이(하노이),20251009,08:00,08:00,08:36,여객,출발,,A330-300,272,"A,B,C,D"
출발,인천,대한항공,KE767,아오모리,20251009,08:10,08:10,08:36,여객,출발,,B737-900,188,"A,B,C,D"
출발,인천,진에어,LJ241,간사이,20251009,08:10,08:10,08:31,여객,출발,,B737-800,189,"H,F,G,L"
출발,인천,진에어,LJ357,시모지시마,20251009,08:10,08:10,08:45,여객,출발,,B737-800,189,"H,F,G,L"
출발,인천,대한항공,KE859,베이징,20251009,08:15,08:15,08:43,여객,출발,,B777-300ER,277,"A,B,C,D"
출발,인천,진에어,LJ203,도쿄/나리타,20251009,08:15,08:15,08:41,여객,출발,,B737-800,189,"H,F,G,L"
출발,인천,대한항공,KE127,푸저우(복주),20251009,08:20,08:20,08:52,여객,출발,,B737-900,188,"A,B,C,D"
출발,인천,대한항공,KE1403,김해,20251009,08:20,08:35,08:51,여객,지연,항공기 연결에 의한 지연,B737-900,188,
출발,인천,진에어,LJ301,삿포로,20251009,08:20,08:20,08:48,여객,출발,,B737-800,189,"H,F,G,L"
출발,인천,대한항공,KE731,고베,20251009,08:25,08:25,08:44,여객,출발,,A321neo,182,"A,B,C,D"
출발,인천,대한항공,KE893,푸동,20251009,08:25,08:25,08:59,여객,출발,,A330-300,272,"A,B,C,D"
출발,인천,에어 프랑스,AF267,파리,20251009,08:30,08:30,08:54,여객,출발,,B777-300ER,296,"M,F,G,L"
출발,인천,대한항공,KE827,선전(심천),20251009,08:40,08:40,09:14,여객,출발,,B737-900,188,"A,B,C,D"
출발,인천,대한항공,KE831,심양,20251009,08:45,08:05,08:21,여객,출발,,B737-900,188,"A,B,C,D"
출발,인천,에어서울,RS741,다카마쓰,20251009,08:45,08:45,09:03,여객,출발,,A321,195,"E,F,G,L"
출발,인천,대한항공,KE137,우한,20251009,08:50,08:50,09:09,여객,출발,,B737-900,188,"A,B,C,D"
출발,인천,대한항공,KE865,광저우,20251009,08:50,08:50,09:20,여객,출발,,A330-300,272,"A,B,C,D"
출발,인천,대한항공,KE819,창사(장사),20251009,09:00,09:15,09:51,여객,지연,기타 원인에 의한 지연,B737-900,188,"A,B,C,D"
출발,인천,대한항공,KE469,떤 선녓(호찌민),20251009,09:05,09:05,09:54,여객,지연,항공교통흐름에 의한 지연,A330-300,272,"A,B,C,D"
출발,인천,진에어,LJ361,이시가키,20251009,09:05,09:05,09:26,여객,출발,,B737-800,189,"H,F,G,L"
출발,인천,대한항공,KE805,천진,20251009,09:10,09:10,09:37,여객,출발,,B737-900,188,"A,B,C,D"
출발,인천,대한항공,KE811,시안,20251009,09:10,09:10,09:28,여객,출발,,B737-900,188,"A,B,C,D"
출발,인천,에어부산,BX172,간사이,20251009,09:15,09:15,09:25,여객,출발,,A321,195,"E,F,G,L"
출발,인천,대한항공,KE035,애틀랜타,20251009,09:20,09:20,09:33,여객,출발,,B777-300ER,277,"A,B,C,D"
출발,인천,진에어,LJ913,괌,20251009,09:20,09:20,09:42,여객,출발,,B737-800,189,"H,F,G,L"
출발,인천,에어서울,RS701,도쿄/나리타,20251009,09:25,09:25,10:17,여객,지연,항공교통흐름에 의한 지연,A321,195,"E,F,G,L"
출발,인천,대한항공,KE031,댈러스,20251009,09:30,09:30,09:53,여객,출발,,B787-9,269,"A,B,C,D"
출발,인천,대한항공,KE091,보스턴,20251009,09:30,09:30,09:49,여객,출발,,B787-9,269,"A,B,C,D"
출발,인천,대한항공,KE657,수안나폼(방콕),20251009,09:30,09:30,09:58,여객,출발,,A330-300,272,"A,B,C,D"
출발,인천,대한항공,KE755,오키나와,20251009,09:30,09:30,10:05,여객,출발,,B737-900,188,"A,B,C,D"
출발,인천,대한항공,KE777,구마모토,20251009,09:30,09:30,09:51,여객,출발,,B737-900,188,"A,B,C,D"
출발,인천,에어서울,RS745,요나고,20251009,09:30,09:45,10:04,여객,지연,항공기 연결에 의한 지연,A321,195,"E,F,G,L"
출발,인천,대한항공,KE073,토론토,20251009,09:35,09:35,09:55,여객,출발,,B777-300ER,277,"A,B,C,D"
출발,인천,대한항공,KE723,간사이,20251009,09:35,10:00,10:14,여객,지연,항공기 연결에 의한 지연,A321neo,182,"A,B,C,D"
출발,인천,대한항공,KE763,니가타,20251009,09:40,09:40,10:07,여객,출발,,B737-900,188,"A,B,C,D"
출발,인천,대한항공,KE421,괌,20251009,09:45,09:45,10:01,여객,출발,,B737-900,188,"A,B,C,D"
출발,인천,진에어,LJ205,도쿄/나리타,20251009,09:45,10:18,10:35,여객,지연,항공기 연결에 의한 지연,B737-800,189,"H,F,G,L"
출발,인천,대한항공,KE913,마드리드,20251009,09:55,09:55,10:17,여객,출발,,B787-9,269,"A,B,C,D"
출발,인천,진에어,LJ341,오키나와,20251009,09:55,09:55,10:16,여객,출발,,B737-800,189,"H,F,G,L"
출발,인천,대한항공,KE081,뉴욕,20251009,10:00,10:00,10:23,여객,출발,,A380-800,407,"A,B,C,D"
출발,인천,대한항공,KE765,삿포로,20251009,10:05,10:05,10:27,여객,출발,,B737-900,188,"A,B,C,D"
출발,인천,대한항공,KE703,도쿄/나리타,20251009,10:10,10:10,10:52,여객,지연,항공교통흐름에 의한 지연,A321neo,182,"A,B,C,D"
출발,인천,진에어,LJ233,간사이,20251009,10:10,10:10,10:32,여객,출발,,B737-800,189,"H,F,G,L"
출발,인천,델타항공,DL158,디트로이트,20251009,10:15,15:40,:,여객,취소,운항 기준 및 승무원 관련 지연,A350-900,306,"K,F,G,L"
출발,인천,대한항공,KE125,샤먼 가오치,20251009,10:20,10:20,10:39,여객,출발,,B737-900,188,"A,B,C,D"
출발,인천,대한항공,KE169,마카오,20251009,10:20,10:45,11:12,여객,지연,항공기 연결에 의한 지연,A321neo,182,"A,B,C,D"
출발,인천,대한항공,KE093,워싱톤,20251009,10:25,10:25,11:15,여객,지연,항공기 연결에 의한 지연,B777-300ER,277,"A,B,C,D"
출발,인천,대한항공,KE185,타오위안,20251009,10:30,10:30,10:49,여객,출발,,A321neo,182,"A,B,C,D"
출발,인천,가루다인도네시아,GA879,자카르타(수카르노 하타),20251009,10:35,10:35,10:55,여객,출발,,A330-900neo,301,"J,F,G,L"
출발,인천,대한항공,KE741,나고야,20251009,10:35,10:35,10:48,여객,출발,,A321neo,182,"A,B,C,D"
출발,인천,대한항공,KE037,시카고,20251009,10:40,10:40,11:06,여객,출발,,B777-300ER,277,"A,B,C,D"
출발,인천,대한항공,KE457,다낭,20251009,10:55,10:55,11:22,여객,출발,,B737-900,188,"A,B,C,D"
출발,인천,대한항공,KE907,런던히드로,20251009,10:55,10:55,11:14,여객,출발,,A380-800,407,"A,B,C,D"
출발,인천,대한항공,KE791,후쿠오카,20251009,11:05,11:05,11:26,여객,출발,,B737-900,188,"A,B,C,D"
출발,인천,대한항공,KE917,취리히,20251009,11:05,11:05,11:28,여객,출발,,B787-9,269,"A,B,C,D"
출발,인천,대한항공,KE897,푸동,20251009,11:10,11:10,11:39,여객,출발,,B777-300ER,277,"A,B,C,D"
출발,인천,대한항공,KE901,파리,20251009,11:10,11:10,11:32,여객,출발,,B777-300ER,277,"A,B,C,D"
출발,인천,진에어,LJ245,간사이,20251009,11:10,11:10,11:19,여객,출발,,B737-800,189,"H,F,G,L"
출발,인천,가루다인도네시아,GA871,덴파사(응우라 라이),20251009,11:25,11:25,11:46,여객,출발,,A330-300,251,"J,F,G,L"
출발,인천,에어부산,BX158,후쿠오카,20251009,11:25,11:25,11:37,여객,출발,,A321,195,"E,F,G,L"
출발,인천,에어 프랑스,AF269,파리,20251009,11:35,11:35,11:56,여객,출발,,B777-300ER,296,"M,F,G,L"
출발,인천,아에로멕시코,AM091,멕시코시티,20251009,11:40,12:00,12:45,여객,지연,항공기 연결에 의한 지연,B787-9,274,"H,F,G,L"
출발,인천,대한항공,KE925,암스테르담,20251009,11:55,11:55,12:10,여객,출발,,B777-300ER,277,"A,B,C,D"
출발,인천,중화항공,CI165,가오슝,20251009,12:05,12:05,12:10,여객,출발,,A321neo,180,"J,F,G,L"
출발,인천,진에어,LJ263,후쿠오카,20251009,12:10,12:10,12:38,여객,출발,,B737-800,189,"H,F,G,L"
출발,인천,에어서울,RS811,장가계,20251009,12:20,12:20,12:43,여객,출발,,A321,195,"E,F,G,L"
출발,인천,대한항공,KE769,삿포로,20251009,12:35,12:35,12:49,여객,출발,,B737-900,188,"A,B,C,D"
출발,인천,대한항공,KE803,천진,20251009,12:35,12:35,12:52,여객,출발,,B737-900,188,"A,B,C,D"
출발,인천,대한항공,KE963,부다페스트,20251009,12:35,12:35,12:46,여객,출발,,B787-9,269,"A,B,C,D"
출발,인천,중화항공,CI161,타오위안,20251009,12:35,12:35,12:47,여객,출발,,A330-300,277,"J,F,G,L"
출발,인천,에어부산,BX174,간사이,20251009,12:40,12:40,12:56,여객,출발,,A321,195,"E,F,G,L"
출발,인천,대한항공,KE497,델리,20251009,12:55,12:55,13:16,여객,출발,,B787-9,269,"A,B,C,D"
출발,인천,대한항공,KE711,도쿄/나리타,20251009,13:00,13:00,13:20,여객,출발,,A321neo,182,"A,B,C,D"
출발,인천,대한항공,KE869,대련,20251009,13:00,13:00,13:27,여객,출발,,B737-900,188,"A,B,C,D"
출발,인천,대한항공,KE843,청도,20251009,13:05,13:05,13:17,여객,출발,,B737-900,188,"A,B,C,D"
출발,인천,에어서울,RS713,간사이,20251009,13:15,13:15,13:29,여객,출발,,A321,195,"E,F,G,L"
출발,인천,대한항공,KE135,허페이,20251009,13:25,13:25,13:53,여객,출발,,B737-900,188,"A,B,C,D"
출발,인천,대한항공,KE175,홍콩,20251009,13:25,13:25,13:43,여객,출발,,A321neo,182,"A,B,C,D"
출발,인천,대한항공,KE951,두바이,20251009,13:25,13:25,13:41,여객,출발,,B777-300ER,277,"A,B,C,D"
출발,인천,샤먼항공,MF872,샤먼 가오치,20251009,13:40,13:40,14:05,여객,출발,,B737-800,168,"J,F,G,L"
출발,인천,대한항공,KE789,후쿠오카,20251009,13:45,13:45,13:54,여객,출발,,B737-900,188,"A,B,C,D"
출발,인천,중화항공,CI2161,타오위안,20251009,13:45,13:45,13:58,여객,출발,,A330-300,277,"J,F,G,L"
출발,인천,진에어,LJ207,도쿄/나리타,20251009,13:50,13:50,14:11,여객,출발,,B737-800,189,"H,F,G,L"
출발,인천,에어서울,RS723,후쿠오카,20251009,14:25,14:25,14:44,여객,출발,,A321,195,"E,F,G,L"
출발,인천,대한항공,KE017,로스앤젤레스,20251009,14:30,14:30,15:01,여객,출발,,B747-8i,368,"A,B,C,D"
출발,인천,진에어,LJ359,다카마쓰,20251009,14:30,14:30,15:06,여객,출발,,B737-800,189,"H,F,G,L"
출발,인천,대한항공,KE833,심양,20251009,14:35,14:35,14:49,여객,출발,,B737-900,188,"A,B,C,D"
출발,인천,진에어,LJ237,간사이,20251009,14:40,14:40,14:56,여객,출발,,B737-800,189,"H,F,G,L"
출발,인천,대한항공,KE643,싱가포르,20251009,14:45,14:45,15:12,여객,출발,,A330-300,272,"A,B,C,D"
출발,인천,진에어,LJ209,도쿄/나리타,20251009,14:45,14:45,15:18,여객,출발,,B737-800,189,"H,F,G,L"
출발,인천,대한항공,KE725,간사이,20251009,14:55,14:55,15:27,여객,출발,,A321neo,182,"A,B,C,D"
출발,인천,대한항공,KE627,자카르타(수카르노 하타),20251009,15:10,15:10,15:59,여객,지연,항공교통흐름에 의한 지연,A330-300,272,"A,B,C,D"
출발,인천,대한항공,KE189,타이중,20251009,15:15,15:15,15:53,여객,출발,,A321neo,182,"A,B,C,D"
출발,인천,에어서울,RS715,간사이,20251009,15:20,15:20,15:47,여객,출발,,A321,195,"E,F,G,L"
출발,인천,에어부산,BX176,간사이,20251009,15:25,15:25,16:01,여객,출발,,A321,195,"E,F,G,L"
출발,인천,대한항공,KE671,쿠알라룸푸르,20251009,15:40,15:40,16:03,여객,출발,,A330-300,272,"A,B,C,D"
출발,인천,대한항공,KE733,고베,20251009,15:50,15:50,16:23,여객,출발,,A321neo,182,"A,B,C,D"
출발,인천,에어부산,BX166,도쿄/나리타,20251009,15:50,15:50,16:16,여객,출발,,A321,195,"E,F,G,L"
출발,인천,대한항공,KE023,샌프란시스코,20251009,16:00,16:00,16:27,여객,출발,,B777-300ER,277,"A,B,C,D"
출발,인천,진에어,LJ265,후쿠오카,20251009,16:00,16:00,16:32,여객,출발,,B737-800,189,"H,F,G,L"
출발,인천,진에어,LJ239,간사이,20251009,16:05,16:05,16:34,여객,출발,,B737-800,189,"H,F,G,L"
출발,인천,진에어,LJ347,나고야,20251009,16:05,16:25,16:41,여객,지연,공항 및 출입국 절차에 의한 지연,B737-800,189,"H,F,G,L"
출발,인천,대한항공,KE187,타오위안,20251009,16:10,16:10,16:54,여객,지연,항공교통흐름에 의한 지연,A321neo,182,"A,B,C,D"
출발,인천,대한항공,KE633,덴파사(응우라 라이),20251009,16:10,17:00,17:24,여객,지연,항공기 연결에 의한 지연,A330-300,272,"A,B,C,D"
출발,인천,진에어,LJ351,기타규슈,20251009,16:15,16:15,16:49,여객,출발,,B737-800,189,"H,F,G,L"
출발,인천,델타항공,DL188,애틀랜타,20251009,16:25,16:25,16:56,여객,출발,,A350-900,306,"K,F,G,L"
출발,인천,대한항공,KE041,시애틀,20251009,16:40,16:40,17:11,여객,출발,,A330-300,272,"A,B,C,D"
출발,인천,에어서울,RS703,도쿄/나리타,20251009,16:45,16:45,17:22,여객,출발,,A321,195,"E,F,G,L"
출발,인천,진에어,LJ271,후쿠오카,20251009,17:00,17:00,17:28,여객,출발,,B737-800,189,"H,F,G,L"
출발,인천,대한항공,KE713,도쿄/나리타,20251009,17:05,17:05,17:18,여객,출발,,A321neo,182,"A,B,C,D"
출발,인천,진에어,LJ091,푸꾸옥,20251009,17:05,17:05,17:40,여객,출발,,B737-800,189,"H,F,G,L"
출발,인천,대한항공,KE1405,김해,20251009,17:10,17:10,17:36,여객,출발,,B737-900,188,
출발,인천,대한항공,KE485,푸꾸옥,20251009,17:10,17:10,17:34,여객,출발,,B737-900,188,"A,B,C,D"
출발,인천,진에어,LJ009,치앙마이,20251009,17:10,17:36,17:59,여객,지연,공항 및 출입국 절차에 의한 지연,B737-800,189,"H,F,G,L"
출발,인천,에어부산,BX747,수안나폼(방콕),20251009,17:15,17:15,17:44,여객,출발,,A321,195,"E,F,G,L"
출발,인천,진에어,LJ005,푸껫,20251009,17:25,17:25,17:56,여객,출발,,B737-800,189,"H,F,G,L"
출발,인천,대한항공,KE629,덴파사(응우라 라이),20251009,17:45,17:45,18:15,여객,출발,,A330-300,272,"A,B,C,D"
출발,인천,대한항공,KE663,푸껫,20251009,17:50,17:50,18:12,여객,출발,,B737-900,188,"A,B,C,D"
출발,인천,대한항공,KE651,수안나폼(방콕),20251009,18:05,18:05,18:27,여객,출발,,A330-300,272,"A,B,C,D"
출발,인천,대한항공,KE461,다낭,20251009,18:20,18:20,19:01,여객,지연,항공교통흐름에 의한 지연,B737-900,188,"A,B,C,D"
출발,인천,대한항공,KE1407,김해,20251009,18:25,18:25,18:41,여객,출발,,B737-900,188,
출발,인천,대한항공,KE667,치앙마이,20251009,18:25,18:25,18:44,여객,출발,,B737-900,188,"A,B,C,D"
출발,인천,대한항공,KE705,도쿄/나리타,20251009,18:35,18:35,18:55,여객,출발,,A321neo,182,"A,B,C,D"
출발,인천,대한항공,KE423,괌,20251009,18:40,18:40,18:59,여객,출발,,B737-900,188,"A,B,C,D"
출발,인천,대한항공,KE645,싱가포르,20251009,18:40,18:40,19:14,여객,출발,,A330-300,272,"A,B,C,D"
출발,인천,대한항공,KE781,후쿠오카,20251009,18:40,18:40,18:57,여객,출발,,B737-900,188,"A,B,C,D"
출발,인천,대한항공,KE071,밴쿠버,20251009,18:45,18:45,19:08,여객,출발,,B787-9,269,"A,B,C,D"
출발,인천,대한항공,KE453,노이바이(하노이),20251009,18:45,18:45,19:32,여객,지연,운항 기준 및 승무원 관련 지연,B737-900,188,"A,B,C,D"
출발,인천,대한항공,KE475,떤 선녓(호찌민),20251009,18:45,18:45,19:28,여객,지연,항공교통흐름에 의한 지연,B737-900,188,"A,B,C,D"
출발,인천,대한항공,KE623,마닐라,20251009,18:50,19:30,19:55,여객,지연,항공기 연결에 의한 지연,B737-900,188,"A,B,C,D"
출발,인천,대한항공,KE689,프놈펜,20251009,18:50,19:10,19:38,여객,지연,항공기 연결에 의한 지연,B737-900,188,"A,B,C,D"
출발,인천,대한항공,KE743,나고야,20251009,18:50,18:50,19:05,여객,출발,,A321neo,182,"A,B,C,D"
출발,인천,대한항공,KE895,푸동,20251009,18:55,19:10,19:34,여객,지연,항공기 연결에 의한 지연,A330-300,272,"A,B,C,D"
출발,인천,대한항공,KE721,간사이,20251009,19:00,19:00,19:26,여객,출발,,A321neo,182,"A,B,C,D"
출발,인천,대한항공,KE401,시드니,20251009,19:10,19:10,19:36,여객,출발,,A380-800,407,"A,B,C,D"
출발,인천,진에어,LJ131,코타키나발루,20251009,19:10,19:10,19:41,여객,출발,,B737-800,189,"H,F,G,L"
출발,인천,델타항공,DL196,시애틀,20251009,19:20,19:20,19:53,여객,출발,,A330-900neo,281,"K,F,G,L"
출발,인천,에어서울,RS581,팡라로,20251009,19:25,19:25,19:57,여객,출발,,A321,195,"E,F,G,L"
출발,인천,대한항공,KE085,뉴욕,20251009,19:30,20:00,20:28,여객,지연,기타 원인에 의한 지연,B747-8i,368,"A,B,C,D"
출발,인천,대한항공,KE1431,대구,20251009,19:30,19:30,20:04,여객,출발,,B737-900,188,
출발,인천,대한항공,KE1409,김해,20251009,19:35,19:35,20:17,여객,지연,항공교통흐름에 의한 지연,B737-900,188,
출발,인천,진에어,LJ917,괌,20251009,19:35,19:35,20:21,여객,지연,,B737-800,189,"H,F,G,L"
출발,인천,델타항공,DL172,솔트레이크시티,20251009,19:40,21:15,:,여객,지연,항공기 연결에 의한 지연,A350-900,306,"K,F,G,L"
출발,인천,대한항공,KE177,홍콩,20251009,19:45,19:45,20:15,여객,출발,,A321neo,182,"A,B,C,D"
출발,인천,대한항공,KE477,떤 선녓(호찌민),20251009,19:45,19:45,20:25,여객,지연,항공교통흐름에 의한 지연,B737-900,188,"A,B,C,D"
출발,인천,대한항공,KE659,수안나폼(방콕),20251009,19:45,19:45,20:37,여객,지연,항공교통흐름에 의한 지연,B737-900,188,"A,B,C,D"
출발,인천,에어서울,RS527,깜라인(나트랑),20251009,19:50,19:50,21:05,여객,지연,항공교통흐름에 의한 지연,A321,195,"E,F,G,L"
출발,인천,진에어,LJ001,수안나폼(방콕),20251009,19:55,20:26,20:55,여객,지연,공항 및 출입국 절차에 의한 지연,B737-800,189,"H,F,G,L"
출발,인천,대한항공,KE467,깜라인(나트랑),20251009,20:00,20:00,20:41,여객,지연,항공교통흐름에 의한 지연,B737-900,188,"A,B,C,D"
출발,인천,대한항공,KE615,세부,20251009,20:05,20:05,20:39,여객,출발,,B737-900,188,"A,B,C,D"
출발,인천,대한항공,KE625,마닐라,20251009,20:15,20:15,20:57,여객,지연,항공교통흐름에 의한 지연,B737-900,188,"A,B,C,D"
출발,인천,에어서울,RS529,깜라인(나트랑),20251009,20:20,20:50,21:53,여객,지연,항공기 연결에 의한 지연,A321,195,"E,F,G,L"
출발,인천,진에어,LJ081,다낭,20251009,20:25,20:25,21:03,여객,출발,,B737-800,189,"H,F,G,L"
출발,인천,샤먼항공,MF878,푸저우(복주),20251009,20:35,20:35,21:01,여객,출발,,B737-800,168,"J,F,G,L"
출발,인천,중화항공,CI163,타오위안,20251009,20:35,21:13,21:35,여객,지연,항공기 연결에 의한 지연,A330-300,277,"J,F,G,L"
출발,인천,진에어,LJ087,깜라인(나트랑),20251009,20:40,20:57,21:19,여객,지연,공항 및 출입국 절차에 의한 지연,B737-800,189,"H,F,G,L"
출발,인천,대한항공,KE853,베이징,20251009,20:45,20:45,21:38,여객,지연,항공교통흐름에 의한 지연,A330-300,272,"A,B,C,D"
출발,인천,진에어,LJ043,팡라로,20251009,20:50,21:09,21:31,여객,지연,공항 및 출입국 절차에 의한 지연,B737-800,189,"H,F,G,L"
출발,인천,에어서울,RS511,다낭,20251009,20:55,21:25,22:10,여객,지연,항공교통흐름에 의한 지연,A321,195,"E,F,G,L"
출발,인천,대한항공,KE005,라스베이거스,20251009,21:00,21:00,21:33,여객,출발,,B777-300ER,277,"A,B,C,D"
출발,인천,대한항공,KE053,호놀룰루,20251009,21:05,21:05,21:37,여객,출발,,A330-300,272,"A,B,C,D"
출발,인천,대한항공,KE655,수안나폼(방콕),20251009,21:15,21:15,22:04,여객,지연,항공교통흐름에 의한 지연,A330-300,272,"A,B,C,D"
출발,인천,진에어,LJ037,클라크,20251009,21:25,21:59,22:29,여객,지연,공항 및 출입국 절차에 의한 지연,B737-800,189,"H,F,G,L"
출발,인천,에어부산,BX787,깜라인(나트랑),20251009,21:30,21:30,22:19,여객,지연,공항 및 출입국 절차에 의한 지연,A321,195,"E,F,G,L"
출발,인천,진에어,LJ885,엔스 쉬자핑,20251009,21:45,22:28,22:54,여객,지연,공항 및 출입국 절차에 의한 지연,B737-800,189,"H,F,G,L"
출발,인천,진에어,LJ733,타오위안,20251009,22:10,22:27,22:52,여객,지연,공항 및 출입국 절차에 의한 지연,B737-800,189,"H,F,G,L"
출발,인천,네덜란드항공,KL856,암스테르담,20251009,22:25,22:25,22:56,여객,출발,,B787-9,294,"M,F,G,L"
출발,인천,대한항공,KE619,마닐라,20251009,22:35,22:35,23:02,여객,출발,,A330-300,272,"A,B,C,D"
출발,인천,대한항공,KE647,싱가포르,20251010,00:05,23:55,00:30,여객,출발,,B777-300ER,277,"A,B,C,D"
출발,인천,대한항공,KE1401,김해,20251010,06:35,06:35,06:47,여객,출발,,B737-900,188,
출발,인천,에어부산,BX164,도쿄/나리타,20251010,07:15,07:15,07:28,여객,출발,,A321,195,"E,F,G,L"
출발,인천,에어서울,RS711,간사이,20251010,07:15,07:15,07:32,여객,출발,,A321,195,"E,F,G,L"
출발,인천,진에어,LJ261,후쿠오카,20251010,07:15,07:15,07:30,여객,출발,,B737-800,189,"H,F,G,L"
출발,인천,에어부산,BX156,후쿠오카,20251010,07:20,07:20,07:35,여객,출발,,A321,195,"E,F,G,L"
출발,인천,대한항공,KE787,후쿠오카,20251010,07:25,07:25,07:38,여객,출발,,B737-900,188,"A,B,C,D"
출발,인천,진에어,LJ201,도쿄/나리타,20251010,07:25,07:43,08:07,여객,지연,항공기 정비에 의한 지연,B737-800,189,"H,F,G,L"
출발,인천,대한항공,KE771,오카야마,20251010,07:30,07:30,07:44,여객,출발,,B737-900,188,"A,B,C,D"
출발,인천,진에어,LJ345,나고야,20251010,07:30,07:30,07:58,여객,출발,,B737-800,189,"H,F,G,L"
출발,인천,진에어,LJ231,간사이,20251010,07:40,07:40,08:15,여객,출발,,B737-800,189,"H,F,G,L"
출발,인천,대한항공,KE173,홍콩,20251010,07:45,07:45,08:05,여객,출발,,A321neo,182,"A,B,C,D"
출발,인천,대한항공,KE621,마닐라,20251010,07:50,07:50,08:21,여객,출발,,B737-900,188,"A,B,C,D"
출발,인천,대한항공,KE845,청도,20251010,07:50,07:50,08:04,여객,출발,,B737-900,188,"A,B,C,D"
출발,인천,진에어,LJ731,타오위안,20251010,07:50,08:15,08:34,여객,지연,운항 기준 및 승무원 관련 지연,B737-800,189,"H,F,G,L"
출발,인천,대한항공,KE131,정저우,20251010,08:00,08:00,08:24,여객,출발,,B737-900,188,"A,B,C,D"
출발,인천,대한항공,KE441,노이바이(하노이),20251010,08:00,08:00,08:30,여객,출발,,A330-300,272,"A,B,C,D"
출발,인천,대한항공,KE197,칭기즈칸(신 울란바토르) 국제공항,20251010,08:10,08:10,08:38,여객,출발,,B737-900,188,"A,B,C,D"
출발,인천,에어서울,RS705,도쿄/나리타,20251010,08:10,08:10,08:31,여객,출발,,A321,195,"E,F,G,L"
출발,인천,진에어,LJ241,간사이,20251010,08:10,08:10,08:37,여객,출발,,B737-800,189,"H,F,G,L"
출발,인천,진에어,LJ203,도쿄/나리타,20251010,08:15,08:15,08:45,여객,출발,,B737-800,189,"H,F,G,L"
출발,인천,대한항공,KE1403,김해,20251010,08:20,08:20,08:47,여객,출발,,B737-900,188,
출발,인천,진에어,LJ301,삿포로,20251010,08:20,08:20,08:49,여객,출발,,B737-800,189,"H,F,G,L"
출발,인천,대한항공,KE731,고베,20251010,08:25,08:25,08:52,여객,출발,,A321neo,182,"A,B,C,D"
출발,인천,대한항공,KE893,푸동,20251010,08:25,08:25,08:49,여객,출발,,A330-300,272,"A,B,C,D"
출발,인천,에어서울,RS727,후쿠오카,20251010,08:25,10:20,10:35,여객,지연,항공기 연결에 의한 지연,A321,195,"E,F,G,L"
출발,인천,에어 프랑스,AF267,파리,20251010,08:30,08:30,08:51,여객,출발,,B777-300ER,296,"M,F,G,L"
출발,인천,대한항공,KE775,고마쓰,20251010,08:35,08:35,09:01,여객,출발,,B737-900,188,"A,B,C,D"
출발,인천,대한항공,KE827,선전(심천),20251010,08:40,08:40,09:04,여객,출발,,B737-900,188,"A,B,C,D"
출발,인천,대한항공,KE831,심양,20251010,08:45,08:05,08:32,여객,출발,,B737-900,188,"A,B,C,D"
출발,인천,에어서울,RS741,다카마쓰,20251010,08:45,10:50,:,여객,지연,항공기 연결에 의한 지연,A321,195,"E,F,G,L"
출발,인천,대한항공,KE137,우한,20251010,08:50,08:50,09:22,여객,출발,,B737-900,188,"A,B,C,D"
출발,인천,대한항공,KE865,광저우,20251010,08:50,08:50,09:14,여객,출발,,A330-300,272,"A,B,C,D"
출발,인천,대한항공,KE819,창사(장사),20251010,09:00,09:00,09:17,여객,출발,,B737-900,188,"A,B,C,D"
출발,인천,대한항공,KE469,떤 선녓(호찌민),20251010,09:05,09:05,09:30,여객,출발,,A330-300,272,"A,B,C,D"
출발,인천,진에어,LJ361,이시가키,20251010,09:05,09:05,09:25,여객,출발,,B737-800,189,"H,F,G,L"
출발,인천,대한항공,KE805,천진,20251010,09:10,09:26,09:51,여객,지연,항공교통흐름에 의한 지연,B737-900,188,"A,B,C,D"
출발,인천,대한항공,KE811,시안,20251010,09:10,09:10,09:32,여객,출발,,B737-900,188,"A,B,C,D"
출발,인천,에어부산,BX172,간사이,20251010,09:15,09:15,09:21,여객,출발,,A321,195,"E,F,G,L"
출발,인천,대한항공,KE035,애틀랜타,20251010,09:20,09:20,09:39,여객,출발,,B777-300ER,277,"A,B,C,D"
출발,인천,대한항공,KE785,가고시마,20251010,09:20,09:20,09:37,여객,출발,,B737-900,188,"A,B,C,D"
출발,인천,진에어,LJ913,괌,20251010,09:20,09:20,09:42,여객,출발,,B737-800,189,"H,F,G,L"
출발,인천,에어서울,RS701,도쿄/나리타,20251010,09:25,09:25,09:46,여객,출발,,A321,195,"E,F,G,L"
출발,인천,대한항공,KE031,댈러스,20251010,09:30,09:30,09:49,여객,출발,,B787-9,269,"A,B,C,D"
출발,인천,대한항공,KE091,보스턴,20251010,09:30,09:30,09:54,여객,출발,,B787-9,269,"A,B,C,D"
출발,인천,대한항공,KE657,수안나폼(방콕),20251010,09:30,09:30,10:05,여객,출발,,A330-300,272,"A,B,C,D"
출발,인천,대한항공,KE755,오키나와,20251010,09:30,09:30,10:03,여객,출발,,B737-900,188,"A,B,C,D"
출발,인천,대한항공,KE073,토론토,20251010,09:35,09:35,10:00,여객,출발,,B777-300ER,277,"A,B,C,D"
출발,인천,대한항공,KE723,간사이,20251010,09:35,09:35,09:57,여객,출발,,A321neo,182,"A,B,C,D"
출발,인천,대한항공,KE421,괌,20251010,09:45,09:45,10:09,여객,출발,,B737-900,188,"A,B,C,D"
출발,인천,진에어,LJ205,도쿄/나리타,20251010,09:45,09:45,10:06,여객,출발,,B737-800,189,"H,F,G,L"
출발,인천,대한항공,KE913,마드리드,20251010,09:55,09:55,10:14,여객,출발,,B787-9,269,"A,B,C,D"
출발,인천,진에어,LJ341,오키나와,20251010,09:55,09:55,10:17,여객,출발,,B737-800,189,"H,F,G,L"
출발,인천,대한항공,KE081,뉴욕,20251010,10:00,10:00,10:32,여객,출발,,A380-800,407,"A,B,C,D"
출발,인천,대한항공,KE765,삿포로,20251010,10:05,10:05,10:21,여객,출발,,B737-900,188,"A,B,C,D"
출발,인천,대한항공,KE703,도쿄/나리타,20251010,10:10,10:10,10:27,여객,출발,,A321neo,182,"A,B,C,D"
출발,인천,진에어,LJ233,간사이,20251010,10:10,10:10,10:36,여객,출발,,B737-800,189,"H,F,G,L"
출발,인천,델타항공,DL158,디트로이트,20251010,10:15,10:15,10:23,여객,출발,,A350-900,306,"K,F,G,L"
출발,인천,대한항공,KE125,샤먼 가오치,20251010,10:20,10:38,10:59,여객,지연,항공교통흐름에 의한 지연,B737-900,188,"A,B,C,D"
출발,인천,대한항공,KE169,마카오,20251010,10:20,10:20,10:44,여객,출발,,A321neo,182,"A,B,C,D"
출발,인천,대한항공,KE093,워싱톤,20251010,10:25,10:25,10:48,여객,출발,,B777-300ER,277,"A,B,C,D"
출발,인천,대한항공,KE101,남경,20251010,10:25,10:25,10:55,여객,출발,,A321neo,182,"A,B,C,D"
출발,인천,대한항공,KE937,비엔나,20251010,10:25,10:40,11:09,여객,지연,항공기 연결에 의한 지연,B787-9,269,"A,B,C,D"
출발,인천,대한항공,KE185,타오위안,20251010,10:30,10:30,11:03,여객,출발,,A321neo,182,"A,B,C,D"
출발,인천,가루다인도네시아,GA879,자카르타(수카르노 하타),20251010,10:35,10:35,10:57,여객,출발,,A330-900neo,301,"J,F,G,L"
출발,인천,대한항공,KE741,나고야,20251010,10:35,10:35,10:57,여객,출발,,A321neo,182,"A,B,C,D"
출발,인천,대한항공,KE037,시카고,20251010,10:40,10:40,11:06,여객,출발,,B777-300ER,277,"A,B,C,D"
출발,인천,대한항공,KE855,베이징,20251010,10:40,11:24,11:24,여객,지연,항공교통흐름에 의한 지연,A330-300,272,"A,B,C,D"
출발,인천,대한항공,KE969,프라하,20251010,10:45,10:45,11:16,여객,출발,,B787-9,269,"A,B,C,D"
출발,인천,대한항공,KE457,다낭,20251010,10:55,10:55,11:18,여객,출발,,B737-900,188,"A,B,C,D"
출발,인천,대한항공,KE907,런던히드로,20251010,10:55,10:55,11:38,여객,지연,항공교통흐름에 의한 지연,A380-800,407,"A,B,C,D"
출발,인천,대한항공,KE791,후쿠오카,20251010,11:05,11:05,11:27,여객,출발,,B737-900,188,"A,B,C,D"
출발,인천,대한항공,KE945,프랑크푸르트,20251010,11:05,11:43,11:51,여객,지연,항공교통흐름에 의한 지연,A380-800,407,"A,B,C,D"
출발,인천,대한항공,KE897,푸동,20251010,11:10,11:10,11:40,여객,출발,,B777-300ER,277,"A,B,C,D"
출발,인천,대한항공,KE901,파리,20251010,11:10,11:10,11:48,여객,지연,항공교통흐름에 의한 지연,B777-300ER,277,"A,B,C,D"
출발,인천,가루다인도네시아,GA871,덴파사(응우라 라이),20251010,11:25,11:25,11:47,여객,출발,,A330-300,251,"J,F,G,L"
출발,인천,에어부산,BX158,후쿠오카,20251010,11:25,11:47,12:00,여객,지연,항공기 연결에 의한 지연,A321,195,"E,F,G,L"
출발,인천,아에로멕시코,AM091,멕시코시티,20251010,11:40,11:40,12:05,여객,출발,,B787-9,274,"H,F,G,L"
출발,인천,대한항공,KE925,암스테르담,20251010,11:55,11:55,12:24,여객,출발,,B777-300ER,277,"A,B,C,D"
출발,인천,대한항공,KE107,항저우,20251010,12:00,12:00,12:18,여객,출발,,A321neo,182,"A,B,C,D"
출발,인천,중화항공,CI165,가오슝,20251010,12:05,12:05,12:21,여객,출발,,A321neo,180,"J,F,G,L"
출발,인천,진에어,LJ263,후쿠오카,20251010,12:10,12:10,12:27,여객,출발,,B737-800,189,"H,F,G,L"
출발,인천,대한항공,KE769,삿포로,20251010,12:35,12:35,12:46,여객,출발,,B737-900,188,"A,B,C,D"
출발,인천,대한항공,KE803,천진,20251010,12:35,12:35,13:03,여객,출발,,B737-900,188,"A,B,C,D"
출발,인천,에어 프랑스,AF269,파리,20251010,12:35,12:35,13:00,여객,출발,,B777-300ER,296,"M,F,G,L"
출발,인천,중화항공,CI161,타오위안,20251010,12:35,12:35,12:50,여객,출발,,A330-300,277,"J,F,G,L"
출발,인천,에어부산,BX174,간사이,20251010,12:40,12:40,13:06,여객,출발,,A321,195,"E,F,G,L"
출발,인천,대한항공,KE711,도쿄/나리타,20251010,13:00,13:00,13:25,여객,출발,,A321neo,182,"A,B,C,D"
출발,인천,대한항공,KE869,대련,20251010,13:00,13:00,13:14,여객,출발,,B737-900,188,"A,B,C,D"
출발,인천,대한항공,KE921,리스본,20251010,13:00,13:00,13:27,여객,출발,,B787-9,269,"A,B,C,D"
출발,인천,대한항공,KE843,청도,20251010,13:05,13:05,13:39,여객,출발,,B737-900,188,"A,B,C,D"
출발,인천,진에어,GS7994,천진,20251010,13:05,13:05,13:11,여객,출발,,B737-800,189,"H,F,G,L"
출발,인천,에어서울,RS713,간사이,20251010,13:15,15:00,:,여객,지연,항공기 연결에 의한 지연,A321,195,"E,F,G,L"
출발,인천,대한항공,KE175,홍콩,20251010,13:25,13:25,13:45,여객,출발,,A321neo,182,"A,B,C,D"
출발,인천,대한항공,KE951,두바이,20251010,13:25,13:25,13:43,여객,출발,,B777-300ER,277,"A,B,C,D"
출발,인천,에어서울,RS745,요나고,20251010,13:25,13:25,13:31,여객,출발,,A321,195,"E,F,G,L"
출발,인천,대한항공,KE695,카트만두,20251010,13:35,13:35,13:56,여객,출발,,A330-300,272,"A,B,C,D"
출발,인천,대한항공,KE927,밀라노,20251010,13:40,13:40,14:00,여객,출발,,B787-9,269,"A,B,C,D"
출발,인천,대한항공,KE955,이스탄불,20251010,13:40,13:40,14:03,여객,출발,,B777-300ER,277,"A,B,C,D"
출발,인천,샤먼항공,MF872,샤먼 가오치,20251010,13:40,13:40,13:49,여객,출발,,B737-800,168,"J,F,G,L"
출발,인천,대한항공,KE789,후쿠오카,20251010,13:45,13:45,14:04,여객,출발,,B737-900,188,"A,B,C,D"
출발,인천,진에어,LJ207,도쿄/나리타,20251010,13:50,13:50,14:17,여객,출발,,B737-800,189,"H,F,G,L"
출발,인천,진에어,LJ861,청도,20251010,13:50,14:05,14:22,여객,지연,공항 및 출입국 절차에 의한 지연,B737-800,189,"H,F,G,L"
출발,인천,에어서울,RS723,후쿠오카,20251010,14:25,14:55,15:31,여객,지연,항공기 연결에 의한 지연,A321,195,"E,F,G,L"
출발,인천,대한항공,KE017,로스앤젤레스,20251010,14:30,14:30,14:51,여객,출발,,B747-8i,368,"A,B,C,D"
출발,인천,진에어,LJ359,다카마쓰,20251010,14:30,14:30,14:41,여객,출발,,B737-800,189,"H,F,G,L"
출발,인천,진에어,LJ237,간사이,20251010,14:40,14:40,14:46,여객,출발,,B737-800,189,"H,F,G,L"
출발,인천,대한항공,KE643,싱가포르,20251010,14:45,14:45,15:02,여객,출발,,A330-300,272,"A,B,C,D"
출발,인천,진에어,LJ209,도쿄/나리타,20251010,14:45,14:45,14:58,여객,출발,,B737-800,189,"H,F,G,L"
출발,인천,대한항공,KE189,타이중,20251010,15:15,15:15,16:01,여객,지연,항공교통흐름에 의한 지연,A321neo,182,"A,B,C,D"
출발,인천,에어서울,RS715,간사이,20251010,15:20,16:10,17:04,여객,지연,항공기 연결에 의한 지연,A321,195,"E,F,G,L"
출발,인천,에어부산,BX176,간사이,20251010,15:25,15:50,16:39,여객,지연,공항 및 출입국 절차에 의한 지연,A321,195,"E,F,G,L"
출발,인천,진에어,LJ211,도쿄/나리타,20251010,15:35,15:56,16:19,여객,지연,공항 및 출입국 절차에 의한 지연,B737-800,189,"H,F,G,L"
출발,인천,대한항공,KE671,쿠알라룸푸르,20251010,15:40,15:40,16:04,여객,출발,,A330-300,272,"A,B,C,D"
출발,인천,대한항공,KE733,고베,20251010,15:50,15:50,16:27,여객,지연,항공교통흐름에 의한 지연,A321neo,182,"A,B,C,D"
출발,인천,에어부산,BX166,도쿄/나리타,20251010,15:50,15:50,16:23,여객,출발,,A321,195,"E,F,G,L"
출발,인천,대한항공,KE023,샌프란시스코,20251010,16:00,16:00,17:00,여객,지연,항공교통흐름에 의한 지연,B777-300ER,277,"A,B,C,D"
출발,인천,진에어,LJ265,후쿠오카,20251010,16:00,16:56,17:21,여객,지연,항공기 연결에 의한 지연,B737-800,189,"H,F,G,L"
출발,인천,진에어,LJ239,간사이,20251010,16:05,16:43,17:09,여객,지연,공항 및 출입국 절차에 의한 지연,B737-800,189,"H,F,G,L"
출발,인천,진에어,LJ347,나고야,20251010,16:05,16:54,17:19,여객,지연,항공기 연결에 의한 지연,B737-800,189,"H,F,G,L"
출발,인천,대한항공,KE187,타오위안,20251010,16:10,16:10,16:45,여객,출발,,A321neo,182,"A,B,C,D"
출발,인천,대한항공,KE633,덴파사(응우라 라이),20251010,16:10,16:25,17:15,여객,지연,항공기 연결에 의한 지연,A330-300,272,"A,B,C,D"
출발,인천,진에어,LJ351,기타규슈,20251010,16:15,16:15,16:54,여객,출발,,B737-800,189,"H,F,G,L"
출발,인천,델타항공,DL188,애틀랜타,20251010,16:25,16:55,:,여객,,항공기 연결에 의한 지연,A350-900,306,"K,F,G,L"
출발,인천,대한항공,KE041,시애틀,20251010,16:40,16:40,17:29,여객,지연,항공교통흐름에 의한 지연,A330-300,272,"A,B,C,D"
출발,인천,에어서울,RS703,도쿄/나리타,20251010,16:45,16:45,17:37,여객,지연,공항 및 출입국 절차에 의한 지연,A321,195,"E,F,G,L"
출발,인천,진에어,LJ271,후쿠오카,20251010,17:00,17:32,17:55,여객,지연,항공기 연결에 의한 지연,B737-800,189,"H,F,G,L"
출발,인천,대한항공,KE713,도쿄/나리타,20251010,17:05,17:05,17:45,여객,지연,항공교통흐름에 의한 지연,A321neo,182,"A,B,C,D"
출발,인천,진에어,LJ091,푸꾸옥,20251010,17:05,17:22,17:51,여객,지연,항공기 연결에 의한 지연,B737-800,189,"H,F,G,L"
출발,인천,대한항공,KE1405,김해,20251010,17:10,17:10,18:01,여객,지연,항공교통흐름에 의한 지연,B737-900,188,
출발,인천,대한항공,KE485,푸꾸옥,20251010,17:10,17:10,17:57,여객,지연,항공교통흐름에 의한 지연,B737-900,188,"A,B,C,D"
출발,인천,진에어,LJ009,치앙마이,20251010,17:10,19:00,:,여객,지연,항공기 정비에 의한 지연,B737-800,189,"H,F,G,L"
출발,인천,에어부산,BX747,수안나폼(방콕),20251010,17:15,17:15,18:02,여객,지연,공항 및 출입국 절차에 의한 지연,A321,195,"E,F,G,L"
출발,인천,진에어,LJ005,푸껫,20251010,17:25,17:46,18:10,여객,지연,공항 및 출입국 절차에 의한 지연,B737-800,189,"H,F,G,L"
출발,인천,대한항공,KE629,덴파사(응우라 라이),20251010,17:45,17:45,18:20,여객,출발,,A330-300,272,"A,B,C,D"
출발,인천,대한항공,KE663,푸껫,20251010,17:50,17:50,18:28,여객,출발,,B737-900,188,"A,B,C,D"
출발,인천,대한항공,KE411,오클랜드,20251010,18:00,18:00,18:38,여객,지연,항공교통흐름에 의한 지연,B787-9,269,"A,B,C,D"
출발,인천,대한항공,KE651,수안나폼(방콕),20251010,18:05,18:05,18:31,여객,출발,,A330-300,272,"A,B,C,D"
출발,인천,대한항공,KE461,다낭,20251010,18:20,18:20,18:59,여객,출발,,B737-900,188,"A,B,C,D"
출발,인천,대한항공,KE1407,김해,20251010,18:25,18:25,19:08,여객,출발,,B737-900,188,
출발,인천,대한항공,KE667,치앙마이,20251010,18:25,18:25,19:03,여객,지연,항공기 연결에 의한 지연,B737-900,188,"A,B,C,D"
출발,인천,대한항공,KE705,도쿄/나리타,20251010,18:35,18:35,19:06,여객,출발,,A321neo,182,"A,B,C,D"
출발,인천,대한항공,KE871,대련,20251010,18:35,18:35,19:01,여객,출발,,B737-900,188,"A,B,C,D"
출발,인천,대한항공,KE161,쿤밍,20251010,18:40,19:20,19:38,여객,지연,기타 원인에 의한 지연,B737-900,188,"A,B,C,D"
출발,인천,대한항공,KE423,괌,20251010,18:40,18:40,19:15,여객,출발,,B737-900,188,"A,B,C,D"
출발,인천,대한항공,KE645,싱가포르,20251010,18:40,18:40,20:00,여객,지연,항공교통흐름에 의한 지연,A330-300,272,"A,B,C,D"
출발,인천,대한항공,KE781,후쿠오카,20251010,18:40,18:40,19:13,여객,출발,,B737-900,188,"A,B,C,D"
출발,인천,델타항공,DL170,미니애폴리스,20251010,18:40,18:40,19:04,여객,출발,,A350-900,306,"K,F,G,L"
출발,인천,대한항공,KE071,밴쿠버,20251010,18:45,18:45,19:22,여객,지연,운항 기준 및 승무원 관련 지연,B787-9,269,"A,B,C,D"
출발,인천,대한항공,KE453,노이바이(하노이),20251010,18:45,19:05,19:34,여객,지연,항공기 연결에 의한 지연,B737-900,188,"A,B,C,D"
출발,인천,대한항공,KE475,떤 선녓(호찌민),20251010,18:45,18:45,19:09,여객,출발,,B737-900,188,"A,B,C,D"
출발,인천,대한항공,KE623,마닐라,20251010,18:50,18:50,19:19,여객,출발,,B737-900,188,"A,B,C,D"
출발,인천,대한항공,KE689,프놈펜,20251010,18:50,18:50,19:24,여객,출발,,B737-900,188,"A,B,C,D"
출발,인천,대한항공,KE743,나고야,20251010,18:50,18:50,19:18,여객,출발,,A321neo,182,"A,B,C,D"
출발,인천,델타항공,DL26,애틀랜타,20251010,18:50,18:50,19:10,여객,출발,,A350-900,306,"K,F,G,L"
출발,인천,대한항공,KE895,푸동,20251010,18:55,19:10,19:42,여객,지연,항공기 연결에 의한 지연,A330-300,272,"A,B,C,D"
출발,인천,대한항공,KE721,간사이,20251010,19:00,19:00,19:26,여객,출발,,A321neo,182,"A,B,C,D"
출발,인천,대한항공,KE401,시드니,20251010,19:10,19:10,19:36,여객,출발,,A380-800,407,"A,B,C,D"
출발,인천,진에어,LJ131,코타키나발루,20251010,19:10,19:40,20:05,여객,지연,항공기 연결에 의한 지연,B737-800,189,"H,F,G,L"
출발,인천,델타항공,DL196,시애틀,20251010,19:20,19:50,:,여객,,항공기 연결에 의한 지연,A330-900neo,281,"K,F,G,L"
출발,인천,에어서울,RS581,팡라로,20251010,19:25,20:55,21:24,여객,지연,항공기 연결에 의한 지연,A321,195,"E,F,G,L"
출발,인천,대한항공,KE085,뉴욕,20251010,19:30,20:00,20:43,여객,지연,기타 원인에 의한 지연,B747-8i,368,"A,B,C,D"
출발,인천,대한항공,KE1431,대구,20251010,19:30,20:20,20:49,여객,지연,공항 및 출입국 절차에 의한 지연,B737-900,188,
출발,인천,대한항공,KE1409,김해,20251010,19:35,19:35,19:56,여객,출발,,B737-900,188,
출발,인천,진에어,LJ917,괌,20251010,19:35,19:52,20:37,여객,지연,항공기 연결에 의한 지연,B737-800,189,"H,F,G,L"
출발,인천,델타항공,DL172,솔트레이크시티,20251010,19:40,20:48,:,여객,지연,항공기 연결에 의한 지연,A350-900,306,"K,F,G,L"
출발,인천,대한항공,KE177,홍콩,20251010,19:45,19:45,20:18,여객,출발,,A321neo,182,"A,B,C,D"
출발,인천,대한항공,KE477,떤 선녓(호찌민),20251010,19:45,19:45,20:23,여객,출발,,B737-900,188,"A,B,C,D"
출발,인천,에어서울,RS527,깜라인(나트랑),20251010,19:50,19:50,20:46,여객,지연,항공교통흐름에 의한 지연,A321,195,"E,F,G,L"
출발,인천,진에어,LJ001,수안나폼(방콕),20251010,19:55,20:46,21:09,여객,지연,항공기 연결에 의한 지연,B737-800,189,"H,F,G,L"
출발,인천,대한항공,KE467,깜라인(나트랑),20251010,20:00,20:00,20:54,여객,지연,항공교통흐름에 의한 지연,B737-900,188,"A,B,C,D"
출발,인천,대한항공,KE853,베이징,20251010,20:00,20:00,20:33,여객,출발,,A330-300,272,"A,B,C,D"
출발,인천,대한항공,KE407,브리즈번,20251010,20:05,20:20,20:52,여객,지연,항공교통흐름에 의한 지연,A330-300,272,"A,B,C,D"
출발,인천,대한항공,KE615,세부,20251010,20:05,20:05,21:01,여객,지연,항공교통흐름에 의한 지연,B737-900,188,"A,B,C,D"
출발,인천,대한항공,KE625,마닐라,20251010,20:15,20:15,21:07,여객,지연,항공교통흐름에 의한 지연,B737-900,188,"A,B,C,D"
출발,인천,대한항공,KE011,로스앤젤레스,20251010,20:25,20:25,21:24,여객,지연,항공교통흐름에 의한 지연,A380-800,407,"A,B,C,D"
출발,인천,진에어,LJ081,다낭,20251010,20:25,22:12,22:36,여객,지연,항공기 연결에 의한 지연,B737-800,189,"H,F,G,L"
출발,인천,대한항공,KE719,하네다,20251010,20:30,20:30,21:08,여객,지연,항공교통흐름에 의한 지연,A321neo,182,"A,B,C,D"
출발,인천,샤먼항공,MF878,푸저우(복주),20251010,20:35,20:35,21:05,여객,출발,,B737-800,168,"J,F,G,L"
출발,인천,중화항공,CI163,타오위안,20251010,20:35,21:08,21:31,여객,지연,항공기 연결에 의한 지연,A330-300,277,"J,F,G,L"
출발,인천,진에어,LJ087,깜라인(나트랑),20251010,20:40,21:41,22:17,여객,지연,항공기 연결에 의한 지연,B737-800,189,"H,F,G,L"
출발,인천,진에어,LJ043,팡라로,20251010,20:50,21:26,21:47,여객,지연,항공기 연결에 의한 지연,B737-800,189,"H,F,G,L"
출발,인천,에어서울,RS511,다낭,20251010,20:55,20:55,21:23,여객,출발,,A321,195,"E,F,G,L"
출발,인천,대한항공,KE005,라스베이거스,20251010,21:00,21:00,21:17,여객,출발,,B777-300ER,277,"A,B,C,D"
출발,인천,대한항공,KE053,호놀룰루,20251010,21:05,21:05,21:30,여객,출발,,A330-300,272,"A,B,C,D"
출발,인천,대한항공,KE655,수안나폼(방콕),20251010,21:15,21:15,21:53,여객,지연,항공교통흐름에 의한 지연,A330-300,272,"A,B,C,D"
출발,인천,진에어,LJ037,클라크,20251010,21:25,21:44,22:09,여객,지연,항공기 연결에 의한 지연,B737-800,189,"H,F,G,L"
출발,인천,에어부산,BX787,깜라인(나트랑),20251010,21:30,21:30,22:04,여객,출발,,A321,195,"E,F,G,L"
출발,인천,진에어,LJ733,타오위안,20251010,22:10,22:54,23:18,여객,지연,항공기 연결에 의한 지연,B737-800,189,"H,F,G,L"
출발,인천,네덜란드항공,KL856,암스테르담,20251010,22:25,22:25,22:55,여객,출발,,B787-9,294,"M,F,G,L"
출발,인천,대한항공,KE619,마닐라,20251010,22:35,22:35,22:53,여객,출발,,A330-300,272,"A,B,C,D"
출발,인천,대한항공,KE075,밴쿠버,20251010,22:40,22:40,23:12,여객,출발,,B787-9,269,"A,B,C,D"
출발,인천,스칸디나비아항공,SK988,코펜하겐,20251010,23:45,23:45,23:52,여객,출발,,A350-900,300,"K,F,G,L"
출발,인천,대한항공,KE647,싱가포르,20251011,00:05,23:50,00:17,여객,출발,,B777-300ER,277,"A,B,C,D"
출발,인천,대한항공,KE1401,김해,20251011,06:35,06:35,07:09,여객,출발,,B737-900,188,
출발,인천,에어부산,BX164,도쿄/나리타,20251011,07:15,07:15,07:24,여객,출발,,A321,195,"E,F,G,L"
출발,인천,에어서울,RS711,간사이,20251011,07:15,07:15,07:28,여객,출발,,A321,195,"E,F,G,L"
출발,인천,진에어,LJ261,후쿠오카,20251011,07:15,07:15,07:30,여객,출발,,B737-800,189,"H,F,G,L"
출발,인천,에어부산,BX156,후쿠오카,20251011,07:20,07:20,07:38,여객,출발,,A321,195,"E,F,G,L"
출발,인천,에어서울,RS727,후쿠오카,20251011,07:20,07:20,07:42,여객,출발,,A321,195,"E,F,G,L"
출발,인천,대한항공,KE787,후쿠오카,20251011,07:25,07:25,07:51,여객,출발,,B737-900,188,"A,B,C,D"
출발,인천,진에어,LJ201,도쿄/나리타,20251011,07:25,07:25,07:48,여객,출발,,B737-800,189,"H,F,G,L"
출발,인천,대한항공,KE795,나가사키,20251011,07:30,07:30,07:56,여객,출발,,B737-900,188,"A,B,C,D"
출발,인천,진에어,LJ345,나고야,20251011,07:30,07:30,07:53,여객,출발,,B737-800,189,"H,F,G,L"
출발,인천,진에어,LJ231,간사이,20251011,07:40,07:40,08:14,여객,출발,,B737-800,189,"H,F,G,L"
출발,인천,대한항공,KE173,홍콩,20251011,07:45,07:45,08:09,여객,출발,,A321neo,182,"A,B,C,D"
출발,인천,대한항공,KE621,마닐라,20251011,07:50,07:50,08:22,여객,출발,,B737-900,188,"A,B,C,D"
출발,인천,대한항공,KE845,청도,20251011,07:50,07:50,08:11,여객,출발,,B737-900,188,"A,B,C,D"
출발,인천,진에어,LJ731,타오위안,20251011,07:50,07:50,08:27,여객,출발,,B737-800,189,"H,F,G,L"
출발,인천,대한항공,KE131,정저우,20251011,08:00,08:00,08:20,여객,출발,,B737-900,188,"A,B,C,D"
출발,인천,대한항공,KE441,노이바이(하노이),20251011,08:00,08:00,08:24,여객,출발,,A330-300,272,"A,B,C,D"
출발,인천,대한항공,KE767,아오모리,20251011,08:10,08:10,08:38,여객,출발,,B737-900,188,"A,B,C,D"
출발,인천,에어서울,RS705,도쿄/나리타,20251011,08:10,09:05,09:15,여객,지연,항공기 연결에 의한 지연,A321,195,"E,F,G,L"
출발,인천,진에어,LJ241,간사이,20251011,08:10,08:10,08:41,여객,출발,,B737-800,189,"H,F,G,L"
출발,인천,진에어,LJ357,시모지시마,20251011,08:10,08:10,08:39,여객,출발,,B737-800,189,"H,F,G,L"
출발,인천,대한항공,KE859,베이징,20251011,08:15,08:15,08:33,여객,출발,,B777-300ER,277,"A,B,C,D"
출발,인천,진에어,LJ203,도쿄/나리타,20251011,08:15,08:15,08:49,여객,출발,,B737-800,189,"H,F,G,L"
출발,인천,대한항공,KE127,푸저우(복주),20251011,08:20,08:20,08:44,여객,출발,,B737-900,188,"A,B,C,D"
출발,인천,대한항공,KE1403,김해,20251011,08:20,08:20,08:51,여객,출발,,B737-900,188,
출발,인천,진에어,LJ301,삿포로,20251011,08:20,08:20,08:43,여객,출발,,B737-800,189,"H,F,G,L"
출발,인천,대한항공,KE731,고베,20251011,08:25,08:25,09:00,여객,출발,,A321neo,182,"A,B,C,D"
출발,인천,대한항공,KE893,푸동,20251011,08:25,08:25,08:51,여객,출발,,A330-300,272,"A,B,C,D"
출발,인천,에어 프랑스,AF267,파리,20251011,08:30,08:30,08:53,여객,출발,,B777-300ER,296,"M,F,G,L"
출발,인천,대한항공,KE827,선전(심천),20251011,08:40,08:40,09:03,여객,출발,,B737-900,188,"A,B,C,D"
출발,인천,대한항공,KE831,심양,20251011,08:45,08:05,08:29,여객,출발,,B737-900,188,"A,B,C,D"
출발,인천,에어서울,RS741,다카마쓰,20251011,08:45,08:45,09:03,여객,출발,,A321,195,"E,F,G,L"
출발,인천,대한항공,KE865,광저우,20251011,08:50,08:50,09:12,여객,출발,,A330-300,272,"A,B,C,D"
출발,인천,대한항공,KE469,떤 선녓(호찌민),20251011,09:05,09:05,09:50,여객,지연,항공교통흐름에 의한 지연,A330-300,272,"A,B,C,D"
출발,인천,대한항공,KE805,천진,20251011,09:10,09:10,09:24,여객,출발,,B737-900,188,"A,B,C,D"
출발,인천,대한항공,KE811,시안,20251011,09:10,09:10,09:15,여객,출발,,B737-900,188,"A,B,C,D"
출발,인천,에어부산,BX172,간사이,20251011,09:15,09:15,09:27,여객,출발,,A321,195,"E,F,G,L"
출발,인천,대한항공,KE035,애틀랜타,20251011,09:20,09:20,09:46,여객,출발,,B777-300ER,277,"A,B,C,D"
출발,인천,대한항공,KE785,가고시마,20251011,09:20,09:20,09:39,여객,출발,,B737-900,188,"A,B,C,D"
출발,인천,진에어,LJ913,괌,20251011,09:20,09:20,09:35,여객,출발,,B737-800,189,"H,F,G,L"
출발,인천,에어서울,RS701,도쿄/나리타,20251011,09:25,09:25,09:40,여객,출발,,A321,195,"E,F,G,L"
출발,인천,대한항공,KE031,댈러스,20251011,09:30,09:30,10:11,여객,지연,항공교통흐름에 의한 지연,B787-9,269,"A,B,C,D"
출발,인천,대한항공,KE091,보스턴,20251011,09:30,09:30,09:51,여객,출발,,B787-9,269,"A,B,C,D"
출발,인천,대한항공,KE657,수안나폼(방콕),20251011,09:30,12:00,:,여객,,항공기 정비에 의한 지연,A330-300,272,"A,B,C,D"
출발,인천,대한항공,KE755,오키나와,20251011,09:30,09:30,09:55,여객,출발,,B737-900,188,"A,B,C,D"
출발,인천,대한항공,KE073,토론토,20251011,09:35,09:35,10:04,여객,출발,,B777-300ER,277,"A,B,C,D"
출발,인천,대한항공,KE723,간사이,20251011,09:35,09:35,10:01,여객,출발,,A321neo,182,"A,B,C,D"
출발,인천,대한항공,KE763,니가타,20251011,09:40,09:40,09:54,여객,출발,,B737-900,188,"A,B,C,D"
출발,인천,대한항공,KE421,괌,20251011,09:45,09:45,10:08,여객,출발,,B737-900,188,"A,B,C,D"
출발,인천,진에어,LJ205,도쿄/나리타,20251011,09:45,10:35,10:55,여객,지연,항공기 연결에 의한 지연,B737-800,189,"H,F,G,L"
출발,인천,진에어,LJ341,오키나와,20251011,09:55,09:55,10:20,여객,출발,,B737-800,189,"H,F,G,L"
출발,인천,대한항공,KE081,뉴욕,20251011,10:00,10:00,10:24,여객,출발,,A380-800,407,"A,B,C,D"
출발,인천,대한항공,KE765,삿포로,20251011,10:05,10:05,10:19,여객,출발,,B737-900,188,"A,B,C,D"
출발,인천,대한항공,KE703,도쿄/나리타,20251011,10:10,10:10,10:41,여객,출발,,A321neo,182,"A,B,C,D"
출발,인천,진에어,LJ233,간사이,20251011,10:10,10:10,10:22,여객,출발,,B737-800,189,"H,F,G,L"
출발,인천,델타항공,DL158,디트로이트,20251011,10:15,10:40,:,여객,지연,항공기 정비에 의한 지연,A350-900,306,"K,F,G,L"
출발,인천,대한항공,KE125,샤먼 가오치,20251011,10:20,10:20,10:50,여객,출발,,B737-900,188,"A,B,C,D"
출발,인천,대한항공,KE169,마카오,20251011,10:20,10:20,10:33,여객,출발,,A321neo,182,"A,B,C,D"
출발,인천,대한항공,KE093,워싱톤,20251011,10:25,10:25,10:52,여객,출발,,B777-300ER,277,"A,B,C,D"
출발,인천,대한항공,KE185,타오위안,20251011,10:30,10:30,11:02,여객,지연,항공교통흐름에 의한 지연,A321neo,182,"A,B,C,D"
출발,인천,가루다인도네시아,GA879,자카르타(수카르노 하타),20251011,10:35,10:35,10:54,여객,출발,,A330-900neo,301,"J,F,G,L"
출발,인천,대한항공,KE741,나고야,20251011,10:35,10:35,11:23,여객,지연,항공교통흐름에 의한 지연,A321neo,182,"A,B,C,D"
출발,인천,대한항공,KE037,시카고,20251011,10:40,10:40,11:32,여객,지연,항공교통흐름에 의한 지연,B777-300ER,277,"A,B,C,D"
출발,인천,대한항공,KE969,프라하,20251011,10:45,10:45,11:12,여객,출발,,B787-9,269,"A,B,C,D"
출발,인천,대한항공,KE457,다낭,20251011,10:55,10:55,11:21,여객,출발,,B737-900,188,"A,B,C,D"
출발,인천,대한항공,KE907,런던히드로,20251011,10:55,11:20,11:56,여객,지연,항공교통흐름에 의한 지연,A380-800,407,"A,B,C,D"
출발,인천,대한항공,KE791,후쿠오카,20251011,11:05,11:05,11:34,여객,출발,,B737-900,188,"A,B,C,D"
출발,인천,대한항공,KE917,취리히,20251011,11:05,11:20,12:27,여객,지연,항공교통흐름에 의한 지연,B787-9,269,"A,B,C,D"
출발,인천,대한항공,KE897,푸동,20251011,11:10,11:10,11:41,여객,출발,,B777-300ER,277,"A,B,C,D"
출발,인천,대한항공,KE901,파리,20251011,11:10,11:30,12:29,여객,지연,항공교통흐름에 의한 지연,B777-300ER,277,"A,B,C,D"
출발,인천,가루다인도네시아,GA871,덴파사(응우라 라이),20251011,11:25,12:23,13:00,여객,지연,항공기 연결에 의한 지연,A330-300,251,"J,F,G,L"
출발,인천,에어부산,BX158,후쿠오카,20251011,11:25,11:25,11:43,여객,출발,,A321,195,"E,F,G,L"
출발,인천,아에로멕시코,AM091,멕시코시티,20251011,11:40,11:40,12:00,여객,출발,,B787-9,274,"H,F,G,L"
출발,인천,대한항공,KE925,암스테르담,20251011,11:55,11:55,12:32,여객,지연,항공교통흐름에 의한 지연,B777-300ER,277,"A,B,C,D"
출발,인천,중화항공,CI165,가오슝,20251011,12:05,12:05,12:40,여객,출발,,A321neo,180,"J,F,G,L"
출발,인천,진에어,LJ263,후쿠오카,20251011,12:10,12:10,12:35,여객,출발,,B737-800,189,"H,F,G,L"
출발,인천,에어서울,RS811,장가계,20251011,12:20,12:20,12:50,여객,출발,,A321,195,"E,F,G,L"
출발,인천,대한항공,KE769,삿포로,20251011,12:35,12:35,13:02,여객,출발,,B737-900,188,"A,B,C,D"
출발,인천,대한항공,KE803,천진,20251011,12:35,12:35,12:59,여객,출발,,B737-900,188,"A,B,C,D"
출발,인천,대한항공,KE963,부다페스트,20251011,12:35,12:35,12:54,여객,출발,,B787-9,269,"A,B,C,D"
출발,인천,중화항공,CI161,타오위안,20251011,12:35,12:35,13:14,여객,출발,,A330-300,277,"J,F,G,L"
출발,인천,에어부산,BX174,간사이,20251011,12:40,12:40,13:16,여객,지연,공항 및 출입국 절차에 의한 지연,A321,195,"E,F,G,L"
출발,인천,대한항공,KE711,도쿄/나리타,20251011,13:00,13:00,13:28,여객,출발,,A321neo,182,"A,B,C,D"
출발,인천,대한항공,KE869,대련,20251011,13:00,13:00,13:35,여객,지연,항공교통흐름에 의한 지연,B737-900,188,"A,B,C,D"
출발,인천,대한항공,KE843,청도,20251011,13:05,13:05,13:38,여객,출발,,B737-900,188,"A,B,C,D"
출발,인천,에어서울,RS713,간사이,20251011,13:15,13:15,13:39,여객,출발,,A321,195,"E,F,G,L"
출발,인천,대한항공,KE931,로마,20251011,13:20,13:20,13:53,여객,지연,항공교통흐름에 의한 지연,B777-300ER,277,"A,B,C,D"
출발,인천,대한항공,KE135,허페이,20251011,13:25,13:25,13:57,여객,출발,,B737-900,188,"A,B,C,D"
출발,인천,대한항공,KE175,홍콩,20251011,13:25,13:25,13:49,여객,출발,,A321neo,182,"A,B,C,D"
출발,인천,대한항공,KE951,두바이,20251011,13:25,13:25,13:41,여객,출발,,B777-300ER,277,"A,B,C,D"
출발,인천,대한항공,KE955,이스탄불,20251011,13:40,13:40,14:17,여객,출발,,B777-300ER,277,"A,B,C,D"
출발,인천,샤먼항공,MF872,샤먼 가오치,20251011,13:40,13:40,14:05,여객,출발,,B737-800,168,"J,F,G,L"
출발,인천,대한항공,KE789,후쿠오카,20251011,13:45,13:45,14:15,여객,출발,,B737-900,188,"A,B,C,D"
출발,인천,진에어,LJ207,도쿄/나리타,20251011,13:50,13:50,14:23,여객,출발,,B737-800,189,"H,F,G,L"
출발,인천,진에어,LJ861,청도,20251011,13:50,13:50,14:21,여객,출발,,B737-800,189,"H,F,G,L"
출발,인천,에어서울,RS723,후쿠오카,20251011,14:25,14:25,14:42,여객,출발,,A321,195,"E,F,G,L"
출발,인천,대한항공,KE017,로스앤젤레스,20251011,14:30,14:30,14:49,여객,출발,,B747-8i,368,"A,B,C,D"
출발,인천,진에어,LJ359,다카마쓰,20251011,14:30,14:30,14:54,여객,출발,,B737-800,189,"H,F,G,L"
출발,인천,대한항공,KE833,심양,20251011,14:35,14:35,15:00,여객,출발,,B737-900,188,"A,B,C,D"
출발,인천,진에어,LJ237,간사이,20251011,14:40,14:40,15:06,여객,출발,,B737-800,189,"H,F,G,L"
출발,인천,대한항공,KE643,싱가포르,20251011,14:45,14:45,15:12,여객,출발,,A330-300,272,"A,B,C,D"
출발,인천,진에어,LJ209,도쿄/나리타,20251011,14:45,14:45,15:10,여객,출발,,B737-800,189,"H,F,G,L"
출발,인천,대한항공,KE725,간사이,20251011,15:05,15:05,15:39,여객,출발,,A321neo,182,"A,B,C,D"
출발,인천,대한항공,KE627,자카르타(수카르노 하타),20251011,15:10,15:10,15:49,여객,지연,항공교통흐름에 의한 지연,A330-300,272,"A,B,C,D"
출발,인천,대한항공,KE189,타이중,20251011,15:15,15:15,15:45,여객,출발,,A321neo,182,"A,B,C,D"
출발,인천,에어서울,RS715,간사이,20251011,15:20,15:35,16:17,여객,지연,공항 및 출입국 절차에 의한 지연,A321,195,"E,F,G,L"
출발,인천,에어부산,BX176,간사이,20251011,15:25,15:25,16:07,여객,지연,공항 및 출입국 절차에 의한 지연,A321,195,"E,F,G,L"
출발,인천,진에어,LJ851,황산,20251011,15:35,15:35,16:17,여객,지연,,B737-800,189,"H,F,G,L"
출발,인천,대한항공,KE671,쿠알라룸푸르,20251011,15:40,16:20,17:24,여객,지연,기타 원인에 의한 지연,A330-300,272,"A,B,C,D"
출발,인천,대한항공,KE733,고베,20251011,15:50,15:50,16:59,여객,지연,항공교통흐름에 의한 지연,A321neo,182,"A,B,C,D"
출발,인천,에어부산,BX166,도쿄/나리타,20251011,15:50,15:50,16:38,여객,지연,공항 및 출입국 절차에 의한 지연,A321,195,"E,F,G,L"
출발,인천,대한항공,KE023,샌프란시스코,20251011,16:00,16:00,16:51,여객,지연,항공교통흐름에 의한 지연,B777-300ER,277,"A,B,C,D"
출발,인천,진에어,LJ265,후쿠오카,20251011,16:00,16:00,16:47,여객,지연,,B737-800,189,"H,F,G,L"
출발,인천,진에어,LJ239,간사이,20251011,16:05,16:52,17:18,여객,지연,공항 및 출입국 절차에 의한 지연,B737-800,189,"H,F,G,L"
출발,인천,진에어,LJ347,나고야,20251011,16:05,16:21,16:43,여객,지연,공항 및 출입국 절차에 의한 지연,B737-800,189,"H,F,G,L"
출발,인천,대한항공,KE187,타오위안,20251011,16:10,16:10,16:34,여객,출발,,A321neo,182,"A,B,C,D"
출발,인천,대한항공,KE633,덴파사(응우라 라이),20251011,16:10,16:10,16:37,여객,출발,,A330-300,272,"A,B,C,D"
출발,인천,진에어,LJ351,기타규슈,20251011,16:15,16:34,16:53,여객,지연,공항 및 출입국 절차에 의한 지연,B737-800,189,"H,F,G,L"
출발,인천,대한항공,KE041,시애틀,20251011,16:40,17:15,18:03,여객,지연,항공기 연결에 의한 지연,A330-300,272,"A,B,C,D"
출발,인천,에어서울,RS703,도쿄/나리타,20251011,16:45,16:45,17:22,여객,출발,,A321,195,"E,F,G,L"
출발,인천,진에어,LJ271,후쿠오카,20251011,17:00,17:00,17:20,여객,출발,,B737-800,189,"H,F,G,L"
출발,인천,대한항공,KE713,도쿄/나리타,20251011,17:05,17:05,17:27,여객,출발,,A321neo,182,"A,B,C,D"
출발,인천,진에어,LJ091,푸꾸옥,20251011,17:05,19:00,19:54,여객,지연,항공기 연결에 의한 지연,B737-800,189,"H,F,G,L"
출발,인천,대한항공,KE1405,김해,20251011,17:10,17:10,17:32,여객,출발,,B737-900,188,
출발,인천,대한항공,KE485,푸꾸옥,20251011,17:10,17:10,17:29,여객,출발,,B737-900,188,"A,B,C,D"
출발,인천,진에어,LJ009,치앙마이,20251011,17:10,18:15,18:45,여객,지연,항공기 연결에 의한 지연,B737-800,189,"H,F,G,L"
출발,인천,에어부산,BX747,수안나폼(방콕),20251011,17:15,17:15,17:34,여객,출발,,A321,195,"E,F,G,L"
출발,인천,진에어,LJ005,푸껫,20251011,17:25,17:25,17:52,여객,출발,,B737-800,189,"H,F,G,L"
출발,인천,대한항공,KE629,덴파사(응우라 라이),20251011,17:45,17:45,18:06,여객,출발,,A330-300,272,"A,B,C,D"
출발,인천,대한항공,KE663,푸껫,20251011,17:50,17:50,18:12,여객,출발,,B737-900,188,"A,B,C,D"
출발,인천,대한항공,KE651,수안나폼(방콕),20251011,18:05,18:05,18:17,여객,출발,,A330-300,272,"A,B,C,D"
출발,인천,대한항공,KE461,다낭,20251011,18:20,18:20,18:29,여객,출발,,B737-900,188,"A,B,C,D"
출발,인천,대한항공,KE1407,김해,20251011,18:25,19:26,19:28,여객,지연,항공기 연결에 의한 지연,B737-900,188,
출발,인천,대한항공,KE667,치앙마이,20251011,18:25,18:25,18:58,여객,출발,,B737-900,188,"A,B,C,D"
출발,인천,대한항공,KE705,도쿄/나리타,20251011,18:35,18:35,19:00,여객,출발,,A321neo,182,"A,B,C,D"
출발,인천,대한항공,KE423,괌,20251011,18:40,18:40,19:14,여객,출발,,B737-900,188,"A,B,C,D"
출발,인천,대한항공,KE645,싱가포르,20251011,18:40,18:40,19:05,여객,출발,,A330-300,272,"A,B,C,D"
출발,인천,대한항공,KE781,후쿠오카,20251011,18:40,18:40,19:20,여객,출발,,B737-900,188,"A,B,C,D"
출발,인천,델타항공,DL170,미니애폴리스,20251011,18:40,19:25,:,여객,,항공기 연결에 의한 지연,A350-900,306,"K,F,G,L"
출발,인천,대한항공,KE453,노이바이(하노이),20251011,18:45,19:05,19:50,여객,지연,항공기 연결에 의한 지연,B737-900,188,"A,B,C,D"
출발,인천,대한항공,KE475,떤 선녓(호찌민),20251011,18:45,18:45,19:24,여객,출발,,B737-900,188,"A,B,C,D"
출발,인천,대한항공,KE623,마닐라,20251011,18:50,19:10,19:44,여객,지연,항공기 연결에 의한 지연,B737-900,188,"A,B,C,D"
출발,인천,대한항공,KE689,프놈펜,20251011,18:50,19:20,20:20,여객,지연,항공기 연결에 의한 지연,B737-900,188,"A,B,C,D"
출발,인천,대한항공,KE743,나고야,20251011,18:50,18:50,19:22,여객,출발,,A321neo,182,"A,B,C,D"
출발,인천,델타항공,DL26,애틀랜타,20251011,18:50,18:50,19:19,여객,출발,,A350-900,306,"K,F,G,L"
출발,인천,대한항공,KE895,푸동,20251011,18:55,19:32,19:38,여객,지연,항공교통흐름에 의한 지연,A330-300,272,"A,B,C,D"
출발,인천,대한항공,KE721,간사이,20251011,19:00,19:00,19:40,여객,지연,항공교통흐름에 의한 지연,A321neo,182,"A,B,C,D"
출발,인천,대한항공,KE401,시드니,20251011,19:10,19:10,19:46,여객,출발,,A380-800,407,"A,B,C,D"
출발,인천,진에어,LJ131,코타키나발루,20251011,19:10,20:06,20:26,여객,지연,항공기 연결에 의한 지연,B737-800,189,"H,F,G,L"
출발,인천,에어부산,BX741,비엔티안,20251011,19:15,19:15,20:03,여객,지연,공항 및 출입국 절차에 의한 지연,A321,195,"E,F,G,L"
출발,인천,델타항공,DL196,시애틀,20251011,19:20,23:45,:,여객,,항공기 연결에 의한 지연,A330-900neo,281,"K,F,G,L"
출발,인천,대한항공,KE163,장가계,20251011,19:25,19:25,19:58,여객,출발,,B737-900,188,"A,B,C,D"
출발,인천,에어서울,RS581,팡라로,20251011,19:25,19:25,20:12,여객,지연,공항 및 출입국 절차에 의한 지연,A321,195,"E,F,G,L"
출발,인천,대한항공,KE085,뉴욕,20251011,19:30,20:00,20:35,여객,지연,기타 원인에 의한 지연,B747-8i,368,"A,B,C,D"
출발,인천,대한항공,KE1431,대구,20251011,19:30,22:15,:,여객,지연,항공기 정비에 의한 지연,B737-900,188,
출발,인천,대한항공,KE1409,김해,20251011,19:35,19:50,20:33,여객,지연,항공기 연결에 의한 지연,B737-900,188,
출발,인천,진에어,LJ917,괌,20251011,19:35,20:15,21:03,여객,지연,항공기 연결에 의한 지연,B737-800,189,"H,F,G,L"
출발,인천,델타항공,DL172,솔트레이크시티,20251011,19:40,19:40,20:16,여객,출발,,A350-900,306,"K,F,G,L"
출발,인천,대한항공,KE477,떤 선녓(호찌민),20251011,19:45,20:07,20:28,여객,지연,항공교통흐름에 의한 지연,B737-900,188,"A,B,C,D"
출발,인천,대한항공,KE659,수안나폼(방콕),20251011,19:45,19:45,20:50,여객,지연,항공기 연결에 의한 지연,B737-900,188,"A,B,C,D"
출발,인천,에어서울,RS527,깜라인(나트랑),20251011,19:50,19:50,21:04,여객,지연,항공교통흐름에 의한 지연,A321,195,"E,F,G,L"
출발,인천,진에어,LJ001,수안나폼(방콕),20251011,19:55,20:34,20:58,여객,지연,공항 및 출입국 절차에 의한 지연,B737-800,189,"H,F,G,L"
출발,인천,대한항공,KE467,깜라인(나트랑),20251011,20:00,20:00,20:37,여객,출발,,B737-900,188,"A,B,C,D"
출발,인천,대한항공,KE853,베이징,20251011,20:00,20:00,20:37,여객,출발,,A330-300,272,"A,B,C,D"
출발,인천,대한항공,KE615,세부,20251011,20:05,20:05,20:35,여객,출발,,B737-900,188,"A,B,C,D"
출발,인천,대한항공,KE625,마닐라,20251011,20:15,20:15,20:43,여객,출발,,B737-900,188,"A,B,C,D"
출발,인천,대한항공,KE011,로스앤젤레스,20251011,20:25,20:25,20:51,여객,출발,,A380-800,407,"A,B,C,D"
출발,인천,진에어,LJ081,다낭,20251011,20:25,20:25,20:53,여객,출발,,B737-800,189,"H,F,G,L"
출발,인천,대한항공,KE719,하네다,20251011,20:30,20:30,20:38,여객,출발,,A321neo,182,"A,B,C,D"
출발,인천,샤먼항공,MF878,푸저우(복주),20251011,20:35,20:35,21:08,여객,출발,,B737-800,168,"J,F,G,L"
출발,인천,중화항공,CI163,타오위안,20251011,20:35,21:07,21:31,여객,지연,항공기 연결에 의한 지연,A330-300,277,"J,F,G,L"
출발,인천,진에어,LJ087,깜라인(나트랑),20251011,20:40,21:10,21:37,여객,지연,항공기 연결에 의한 지연,B737-800,189,"H,F,G,L"
출발,인천,진에어,LJ043,팡라로,20251011,20:50,21:20,21:53,여객,지연,항공기 연결에 의한 지연,B737-800,189,"H,F,G,L"
출발,인천,에어서울,RS511,다낭,20251011,20:55,21:35,22:16,여객,지연,항공기 연결에 의한 지연,A321,195,"E,F,G,L"
출발,인천,대한항공,KE005,라스베이거스,20251011,21:00,21:00,21:08,여객,출발,,B777-300ER,277,"A,B,C,D"
출발,인천,대한항공,KE053,호놀룰루,20251011,21:05,21:05,21:26,여객,출발,,A330-300,272,"A,B,C,D"
출발,인천,대한항공,KE655,수안나폼(방콕),20251011,21:15,21:30,21:56,여객,지연,공항 및 출입국 절차에 의한 지연,A330-300,272,"A,B,C,D"
출발,인천,진에어,LJ037,클라크,20251011,21:25,21:25,22:04,여객,출발,,B737-800,189,"H,F,G,L"
출발,인천,에어부산,BX787,깜라인(나트랑),20251011,21:30,21:30,22:23,여객,지연,항공교통흐름에 의한 지연,A321,195,"E,F,G,L"
출발,인천,진에어,LJ733,타오위안,20251011,22:10,22:10,22:27,여객,출발,,B737-800,189,"H,F,G,L"
출발,인천,네덜란드항공,KL856,암스테르담,20251011,22:25,22:25,22:48,여객,출발,,B787-9,294,"M,F,G,L"
출발,인천,대한항공,KE619,마닐라,20251011,22:35,22:35,22:52,여객,출발,,A330-300,272,"A,B,C,D"
출발,인천,대한항공,KE075,밴쿠버,20251011,22:40,22:40,22:58,여객,출발,,B787-9,269,"A,B,C,D"
출발,인천,대한항공,KE647,싱가포르,20251011,23:35,23:35,23:52,여객,출발,,B777-300ER,277,"A,B,C,D"
출발,인천,스칸디나비아항공,SK988,코펜하겐,20251011,23:45,23:45,23:57,여객,출발,,A350-900,300,"K,F,G,L"
출발,인천,대한항공,KE1401,김해,20251012,06:35,06:50,07:18,여객,지연,항공기 연결에 의한 지연,B737-900,188,
출발,인천,에어부산,BX164,도쿄/나리타,20251012,07:15,07:15,07:33,여객,출발,,A321,195,"E,F,G,L"
출발,인천,에어서울,RS711,간사이,20251012,07:15,07:15,07:36,여객,출발,,A321,195,"E,F,G,L"
출발,인천,진에어,LJ261,후쿠오카,20251012,07:15,07:15,07:37,여객,출발,,B737-800,189,"H,F,G,L"
출발,인천,에어부산,BX156,후쿠오카,20251012,07:20,07:40,08:09,여객,지연,항공기 연결에 의한 지연,A321,195,"E,F,G,L"
출발,인천,대한항공,KE787,후쿠오카,20251012,07:25,07:25,07:48,여객,출발,,B737-900,188,"A,B,C,D"
출발,인천,진에어,LJ201,도쿄/나리타,20251012,07:25,07:25,07:46,여객,출발,,B737-800,189,"H,F,G,L"
출발,인천,대한항공,KE771,오카야마,20251012,07:30,07:30,08:00,여객,출발,,B737-900,188,"A,B,C,D"
출발,인천,진에어,LJ345,나고야,20251012,07:30,07:30,07:43,여객,출발,,B737-800,189,"H,F,G,L"
출발,인천,진에어,LJ231,간사이,20251012,07:40,07:40,08:07,여객,출발,,B737-800,189,"H,F,G,L"
출발,인천,대한항공,KE173,홍콩,20251012,07:45,07:45,08:22,여객,출발,,A321neo,182,"A,B,C,D"
출발,인천,대한항공,KE621,마닐라,20251012,07:50,07:50,08:15,여객,출발,,B737-900,188,"A,B,C,D"
출발,인천,대한항공,KE845,청도,20251012,07:50,07:50,08:20,여객,출발,,B737-900,188,"A,B,C,D"
출발,인천,진에어,LJ731,타오위안,20251012,07:50,08:07,08:26,여객,지연,공항 및 출입국 절차에 의한 지연,B737-800,189,"H,F,G,L"
출발,인천,대한항공,KE131,정저우,20251012,08:00,08:00,08:24,여객,출발,,B737-900,188,"A,B,C,D"
출발,인천,대한항공,KE441,노이바이(하노이),20251012,08:00,08:00,08:35,여객,출발,,A330-300,272,"A,B,C,D"
출발,인천,대한항공,KE197,칭기즈칸(신 울란바토르) 국제공항,20251012,08:10,08:10,08:37,여객,출발,,B737-900,188,"A,B,C,D"
출발,인천,에어서울,RS705,도쿄/나리타,20251012,08:10,08:10,08:28,여객,출발,,A321,195,"E,F,G,L"
출발,인천,진에어,LJ241,간사이,20251012,08:10,08:10,08:22,여객,출발,,B737-800,189,"H,F,G,L"
출발,인천,진에어,LJ357,시모지시마,20251012,08:10,08:10,08:42,여객,출발,,B737-800,189,"H,F,G,L"
출발,인천,대한항공,KE859,베이징,20251012,08:15,08:15,08:48,여객,출발,,B777-300ER,277,"A,B,C,D"
출발,인천,진에어,LJ203,도쿄/나리타,20251012,08:15,08:15,08:37,여객,출발,,B737-800,189,"H,F,G,L"
출발,인천,대한항공,KE1403,김해,20251012,08:20,08:20,08:48,여객,출발,,B737-900,188,
출발,인천,진에어,LJ301,삿포로,20251012,08:20,08:20,08:33,여객,출발,,B737-800,189,"H,F,G,L"
출발,인천,대한항공,KE731,고베,20251012,08:25,08:25,08:46,여객,출발,,A321neo,182,"A,B,C,D"
출발,인천,대한항공,KE893,푸동,20251012,08:25,08:25,08:46,여객,출발,,A330-300,272,"A,B,C,D"
출발,인천,에어서울,RS727,후쿠오카,20251012,08:25,08:25,08:44,여객,출발,,A321,195,"E,F,G,L"
출발,인천,에어 프랑스,AF267,파리,20251012,08:30,08:30,08:55,여객,출발,,B777-300ER,296,"M,F,G,L"
출발,인천,대한항공,KE775,고마쓰,20251012,08:35,08:35,09:00,여객,출발,,B737-900,188,"A,B,C,D"
출발,인천,대한항공,KE827,선전(심천),20251012,08:40,08:40,08:58,여객,출발,,B737-900,188,"A,B,C,D"
출발,인천,대한항공,KE831,심양,20251012,08:45,08:05,08:28,여객,출발,,B737-900,188,"A,B,C,D"
출발,인천,에어서울,RS741,다카마쓰,20251012,08:45,09:10,09:56,여객,지연,항공기 연결에 의한 지연,A321,195,"E,F,G,L"
출발,인천,대한항공,KE137,우한,20251012,08:50,08:50,09:16,여객,출발,,B737-900,188,"A,B,C,D"
출발,인천,대한항공,KE865,광저우,20251012,08:50,08:50,09:14,여객,출발,,A330-300,272,"A,B,C,D"
출발,인천,대한항공,KE819,창사(장사),20251012,09:00,09:00,09:38,여객,출발,,B737-900,188,"A,B,C,D"
출발,인천,대한항공,KE469,떤 선녓(호찌민),20251012,09:05,09:05,09:54,여객,지연,항공교통흐름에 의한 지연,A330-300,272,"A,B,C,D"
출발,인천,진에어,LJ361,이시가키,20251012,09:05,09:05,09:36,여객,출발,,B737-800,189,"H,F,G,L"
출발,인천,대한항공,KE805,천진,20251012,09:10,09:10,09:51,여객,출발,,B737-900,188,"A,B,C,D"
출발,인천,대한항공,KE811,시안,20251012,09:10,09:10,09:27,여객,출발,,B737-900,188,"A,B,C,D"
출발,인천,에어부산,BX172,간사이,20251012,09:15,09:15,09:49,여객,출발,,A321,195,"E,F,G,L"
출발,인천,대한항공,KE035,애틀랜타,20251012,09:20,09:20,09:35,여객,출발,,B777-300ER,277,"A,B,C,D"
출발,인천,진에어,LJ913,괌,20251012,09:20,09:35,09:58,여객,지연,운항 기준 및 승무원 관련 지연,B737-800,189,"H,F,G,L"
출발,인천,에어서울,RS701,도쿄/나리타,20251012,09:25,09:25,09:42,여객,출발,,A321,195,"E,F,G,L"
출발,인천,대한항공,KE031,댈러스,20251012,09:30,09:30,10:00,여객,출발,,B787-9,269,"A,B,C,D"
출발,인천,대한항공,KE091,보스턴,20251012,09:30,09:30,09:52,여객,출발,,B787-9,269,"A,B,C,D"
출발,인천,대한항공,KE657,수안나폼(방콕),20251012,09:30,09:30,09:56,여객,출발,,A330-300,272,"A,B,C,D"
출발,인천,대한항공,KE755,오키나와,20251012,09:30,09:45,10:07,여객,지연,공항 및 출입국 절차에 의한 지연,B737-900,188,"A,B,C,D"
출발,인천,대한항공,KE777,구마모토,20251012,09:30,09:30,09:53,여객,출발,,B737-900,188,"A,B,C,D"
출발,인천,대한항공,KE073,토론토,20251012,09:35,09:35,10:09,여객,출발,,B777-300ER,277,"A,B,C,D"
출발,인천,대한항공,KE723,간사이,20251012,09:35,09:35,10:06,여객,출발,,A321neo,182,"A,B,C,D"
출발,인천,대한항공,KE421,괌,20251012,09:45,09:45,10:13,여객,출발,,B737-900,188,"A,B,C,D"
출발,인천,진에어,LJ205,도쿄/나리타,20251012,09:45,09:45,10:11,여객,출발,,B737-800,189,"H,F,G,L"
출발,인천,대한항공,KE913,마드리드,20251012,09:55,09:55,10:16,여객,출발,,B787-9,269,"A,B,C,D"
출발,인천,진에어,LJ341,오키나와,20251012,09:55,11:45,12:03,여객,지연,항공기 연결에 의한 지연,B737-800,189,"H,F,G,L"
출발,인천,대한항공,KE081,뉴욕,20251012,10:00,10:00,10:20,여객,출발,,A380-800,407,"A,B,C,D"
출발,인천,대한항공,KE703,도쿄/나리타,20251012,10:10,10:10,10:35,여객,출발,,A321neo,182,"A,B,C,D"
출발,인천,진에어,LJ233,간사이,20251012,10:10,10:10,10:27,여객,출발,,B737-800,189,"H,F,G,L"
출발,인천,델타항공,DL158,디트로이트,20251012,10:15,10:15,10:24,여객,출발,,A350-900,306,"K,F,G,L"
출발,인천,대한항공,KE125,샤먼 가오치,20251012,10:20,10:20,10:34,여객,출발,,B737-900,188,"A,B,C,D"
출발,인천,대한항공,KE169,마카오,20251012,10:20,10:20,10:36,여객,출발,,A321neo,182,"A,B,C,D"
출발,인천,대한항공,KE093,워싱톤,20251012,10:25,11:00,11:17,여객,지연,항공기 연결에 의한 지연,B777-300ER,277,"A,B,C,D"
출발,인천,대한항공,KE101,남경,20251012,10:25,10:25,10:42,여객,출발,,A321neo,182,"A,B,C,D"
출발,인천,대한항공,KE937,비엔나,20251012,10:25,10:25,10:38,여객,출발,,B787-9,269,"A,B,C,D"
출발,인천,대한항공,KE185,타오위안,20251012,10:30,10:30,10:48,여객,출발,,A321neo,182,"A,B,C,D"
출발,인천,가루다인도네시아,GA879,자카르타(수카르노 하타),20251012,10:35,10:35,10:44,여객,출발,,A330-900neo,301,"J,F,G,L"
출발,인천,대한항공,KE741,나고야,20251012,10:35,10:35,10:58,여객,출발,,A321neo,182,"A,B,C,D"
출발,인천,대한항공,KE037,시카고,20251012,10:40,10:40,11:02,여객,출발,,B777-300ER,277,"A,B,C,D"
출발,인천,대한항공,KE855,베이징,20251012,10:40,10:40,11:06,여객,출발,,A330-300,272,"A,B,C,D"
출발,인천,대한항공,KE457,다낭,20251012,10:55,10:55,11:18,여객,출발,,B737-900,188,"A,B,C,D"
출발,인천,대한항공,KE907,런던히드로,20251012,10:55,10:55,11:15,여객,출발,,A380-800,407,"A,B,C,D"
출발,인천,대한항공,KE791,후쿠오카,20251012,11:05,11:05,11:24,여객,출발,,B737-900,188,"A,B,C,D"
출발,인천,대한항공,KE945,프랑크푸르트,20251012,11:05,11:05,11:36,여객,출발,,A380-800,407,"A,B,C,D"
출발,인천,대한항공,KE897,푸동,20251012,11:10,11:10,11:34,여객,출발,,B777-300ER,277,"A,B,C,D"
출발,인천,대한항공,KE9973,말라가,20251012,11:15,11:15,11:45,여객,출발,,B737-900,188,"A,B,C,D"
출발,인천,가루다인도네시아,GA871,덴파사(응우라 라이),20251012,11:25,11:25,11:47,여객,출발,,A330-300,251,"J,F,G,L"
출발,인천,에어부산,BX158,후쿠오카,20251012,11:25,11:25,11:40,여객,출발,,A321,195,"E,F,G,L"
출발,인천,아에로멕시코,AM091,멕시코시티,20251012,11:40,11:40,11:57,여객,출발,,B787-9,274,"H,F,G,L"
출발,인천,대한항공,KE925,암스테르담,20251012,11:55,11:55,12:15,여객,출발,,B777-300ER,277,"A,B,C,D"
출발,인천,중화항공,CI165,가오슝,20251012,12:05,12:05,12:10,여객,출발,,A321neo,180,"J,F,G,L"
출발,인천,진에어,LJ263,후쿠오카,20251012,12:10,12:10,12:22,여객,출발,,B737-800,189,"H,F,G,L"
출발,인천,대한항공,KE769,삿포로,20251012,12:35,12:35,12:55,여객,출발,,B737-900,188,"A,B,C,D"
출발,인천,대한항공,KE803,천진,20251012,12:35,12:35,12:53,여객,출발,,B737-900,188,"A,B,C,D"
출발,인천,중화항공,CI161,타오위안,20251012,12:35,12:35,12:51,여객,출발,,A330-300,277,"J,F,G,L"
출발,인천,에어부산,BX174,간사이,20251012,12:40,12:40,12:59,여객,출발,,A321,195,"E,F,G,L"
출발,인천,대한항공,KE497,델리,20251012,12:55,12:55,13:25,여객,출발,,B787-9,269,"A,B,C,D"
출발,인천,대한항공,KE711,도쿄/나리타,20251012,13:00,13:00,13:41,여객,지연,항공교통흐름에 의한 지연,A321neo,182,"A,B,C,D"
출발,인천,대한항공,KE869,대련,20251012,13:00,13:00,13:13,여객,출발,,B737-900,188,"A,B,C,D"
출발,인천,대한항공,KE843,청도,20251012,13:05,13:05,13:25,여객,출발,,B737-900,188,"A,B,C,D"
출발,인천,진에어,GS7994,천진,20251012,13:05,13:05,13:04,여객,출발,,B737-800,189,"H,F,G,L"
출발,인천,에어서울,RS713,간사이,20251012,13:15,13:15,13:46,여객,출발,,A321,195,"E,F,G,L"
출발,인천,대한항공,KE135,허페이,20251012,13:25,13:25,13:51,여객,출발,,B737-900,188,"A,B,C,D"
출발,인천,대한항공,KE175,홍콩,20251012,13:25,13:45,14:11,여객,지연,항공기 연결에 의한 지연,A321neo,182,"A,B,C,D"
출발,인천,대한항공,KE951,두바이,20251012,13:25,13:25,14:03,여객,출발,,B777-300ER,277,"A,B,C,D"
출발,인천,에어서울,RS745,요나고,20251012,13:25,13:25,13:56,여객,출발,,A321,195,"E,F,G,L"
출발,인천,대한항공,KE927,밀라노,20251012,13:40,13:40,14:01,여객,출발,,B787-9,269,"A,B,C,D"
출발,인천,샤먼항공,MF872,샤먼 가오치,20251012,13:40,13:40,13:58,여객,출발,,B737-800,168,"J,F,G,L"
출발,인천,대한항공,KE789,후쿠오카,20251012,13:45,13:45,14:13,여객,출발,,B737-900,188,"A,B,C,D"
출발,인천,진에어,LJ207,도쿄/나리타,20251012,13:50,13:50,14:22,여객,출발,,B737-800,189,"H,F,G,L"
출발,인천,진에어,LJ861,청도,20251012,13:50,13:50,14:28,여객,출발,,B737-800,189,"H,F,G,L"
출발,인천,에어서울,RS723,후쿠오카,20251012,14:25,14:25,14:52,여객,출발,,A321,195,"E,F,G,L"
출발,인천,대한항공,KE017,로스앤젤레스,20251012,14:30,14:30,15:05,여객,출발,,B747-8i,368,"A,B,C,D"
출발,인천,진에어,LJ359,다카마쓰,20251012,14:30,14:30,14:56,여객,출발,,B737-800,189,"H,F,G,L"
출발,인천,대한항공,KE833,심양,20251012,14:35,14:35,14:58,여객,출발,,B737-900,188,"A,B,C,D"
출발,인천,진에어,LJ237,간사이,20251012,14:40,14:40,15:13,여객,출발,,B737-800,189,"H,F,G,L"
출발,인천,대한항공,KE643,싱가포르,20251012,14:45,14:45,15:07,여객,출발,,A330-300,272,"A,B,C,D"
출발,인천,진에어,LJ209,도쿄/나리타,20251012,14:45,14:45,15:17,여객,출발,,B737-800,189,"H,F,G,L"
출발,인천,대한항공,KE725,간사이,20251012,15:05,15:05,15:35,여객,출발,,A321neo,182,"A,B,C,D"
출발,인천,대한항공,KE627,자카르타(수카르노 하타),20251012,15:10,15:10,15:37,여객,출발,,A330-300,272,"A,B,C,D"
출발,인천,대한항공,KE189,타이중,20251012,15:15,15:15,15:53,여객,지연,항공교통흐름에 의한 지연,A321neo,182,"A,B,C,D"
출발,인천,에어서울,RS715,간사이,20251012,15:20,15:20,16:06,여객,지연,공항 및 출입국 절차에 의한 지연,A321,195,"E,F,G,L"
출발,인천,에어부산,BX176,간사이,20251012,15:25,15:25,16:12,여객,지연,공항 및 출입국 절차에 의한 지연,A321,195,"E,F,G,L"
출발,인천,델타항공,DL9888,애틀랜타,20251012,15:30,15:30,15:55,여객,출발,,A350-900,306,"K,F,G,L"
출발,인천,진에어,LJ211,도쿄/나리타,20251012,15:35,16:07,16:30,여객,지연,공항 및 출입국 절차에 의한 지연,B737-800,189,"H,F,G,L"
출발,인천,대한항공,KE671,쿠알라룸푸르,20251012,15:40,15:40,16:29,여객,출발,,A330-300,272,"A,B,C,D"
출발,인천,대한항공,KE733,고베,20251012,15:50,15:50,16:18,여객,출발,,A321neo,182,"A,B,C,D"
출발,인천,에어부산,BX166,도쿄/나리타,20251012,15:50,15:50,16:39,여객,지연,공항 및 출입국 절차에 의한 지연,A321,195,"E,F,G,L"
출발,인천,대한항공,KE023,샌프란시스코,20251012,16:00,16:00,16:54,여객,지연,항공교통흐름에 의한 지연,B777-300ER,277,"A,B,C,D"
출발,인천,진에어,LJ265,후쿠오카,20251012,16:00,16:19,16:44,여객,지연,공항 및 출입국 절차에 의한 지연,B737-800,189,"H,F,G,L"
출발,인천,진에어,LJ239,간사이,20251012,16:05,16:38,17:01,여객,지연,공항 및 출입국 절차에 의한 지연,B737-800,189,"H,F,G,L"
출발,인천,진에어,LJ347,나고야,20251012,16:05,16:22,16:42,여객,지연,항공기 연결에 의한 지연,B737-800,189,"H,F,G,L"
출발,인천,대한항공,KE187,타오위안,20251012,16:10,16:10,17:09,여객,지연,항공교통흐름에 의한 지연,A321neo,182,"A,B,C,D"
출발,인천,대한항공,KE633,덴파사(응우라 라이),20251012,16:10,16:10,16:59,여객,지연,항공교통흐름에 의한 지연,A330-300,272,"A,B,C,D"
출발,인천,진에어,LJ351,기타규슈,20251012,16:15,16:33,16:56,여객,지연,공항 및 출입국 절차에 의한 지연,B737-800,189,"H,F,G,L"
출발,인천,대한항공,KE041,시애틀,20251012,16:40,16:40,17:22,여객,지연,항공교통흐름에 의한 지연,A330-300,272,"A,B,C,D"
출발,인천,에어서울,RS703,도쿄/나리타,20251012,16:45,16:45,17:27,여객,지연,공항 및 출입국 절차에 의한 지연,A321,195,"E,F,G,L"
출발,인천,진에어,LJ271,후쿠오카,20251012,17:00,18:25,19:12,여객,지연,항공기 연결에 의한 지연,B737-800,189,"H,F,G,L"
출발,인천,대한항공,KE713,도쿄/나리타,20251012,17:05,17:05,17:42,여객,출발,,A321neo,182,"A,B,C,D"
출발,인천,진에어,LJ091,푸꾸옥,20251012,17:05,17:20,17:46,여객,지연,공항 및 출입국 절차에 의한 지연,B737-800,189,"H,F,G,L"
출발,인천,대한항공,KE1405,김해,20251012,17:10,17:10,18:08,여객,지연,항공기 연결에 의한 지연,B737-900,188,
출발,인천,대한항공,KE485,푸꾸옥,20251012,17:10,17:10,17:54,여객,지연,항공교통흐름에 의한 지연,B737-900,188,"A,B,C,D"
출발,인천,진에어,LJ009,치앙마이,20251012,17:10,17:48,18:10,여객,지연,공항 및 출입국 절차에 의한 지연,B737-800,189,"H,F,G,L"
출발,인천,에어부산,BX747,수안나폼(방콕),20251012,17:15,17:15,17:57,여객,지연,공항 및 출입국 절차에 의한 지연,A321,195,"E,F,G,L"
출발,인천,진에어,LJ005,푸껫,20251012,17:25,17:49,18:12,여객,지연,공항 및 출입국 절차에 의한 지연,B737-800,189,"H,F,G,L"
출발,인천,대한항공,KE663,푸껫,20251012,17:50,17:50,18:22,여객,출발,,B737-900,188,"A,B,C,D"
출발,인천,대한항공,KE411,오클랜드,20251012,18:00,18:00,18:26,여객,출발,,B787-9,269,"A,B,C,D"
출발,인천,대한항공,KE651,수안나폼(방콕),20251012,18:05,18:05,18:40,여객,지연,운항 기준 및 승무원 관련 지연,A330-300,272,"A,B,C,D"
출발,인천,대한항공,KE461,다낭,20251012,18:20,18:35,19:03,여객,지연,항공교통흐름에 의한 지연,B737-900,188,"A,B,C,D"
출발,인천,대한항공,KE1407,김해,20251012,18:25,18:40,19:20,여객,지연,항공기 연결에 의한 지연,B737-900,188,
출발,인천,대한항공,KE667,치앙마이,20251012,18:25,18:25,19:15,여객,지연,항공교통흐름에 의한 지연,B737-900,188,"A,B,C,D"
출발,인천,대한항공,KE705,도쿄/나리타,20251012,18:35,18:35,19:19,여객,지연,항공교통흐름에 의한 지연,A321neo,182,"A,B,C,D"
출발,인천,대한항공,KE871,대련,20251012,18:35,19:00,19:31,여객,지연,항공기 연결에 의한 지연,B737-900,188,"A,B,C,D"
출발,인천,대한항공,KE161,쿤밍,20251012,18:40,18:40,19:18,여객,출발,,B737-900,188,"A,B,C,D"
출발,인천,대한항공,KE423,괌,20251012,18:40,18:40,19:16,여객,출발,,B737-900,188,"A,B,C,D"
출발,인천,대한항공,KE645,싱가포르,20251012,18:40,19:15,:,여객,지연,항공교통흐름에 의한 지연,A330-300,272,"A,B,C,D"
출발,인천,대한항공,KE781,후쿠오카,20251012,18:40,18:40,19:09,여객,출발,,B737-900,188,"A,B,C,D"
출발,인천,델타항공,DL170,미니애폴리스,20251012,18:40,19:01,19:22,여객,지연,공항 및 출입국 절차에 의한 지연,A350-900,306,"K,F,G,L"
출발,인천,대한항공,KE071,밴쿠버,20251012,18:45,18:45,19:26,여객,지연,항공교통흐름에 의한 지연,B787-9,269,"A,B,C,D"
출발,인천,대한항공,KE453,노이바이(하노이),20251012,18:45,19:10,19:54,여객,지연,항공기 연결에 의한 지연,B737-900,188,"A,B,C,D"
출발,인천,대한항공,KE475,떤 선녓(호찌민),20251012,18:45,19:00,19:40,여객,지연,기타 원인에 의한 지연,B737-900,188,"A,B,C,D"
출발,인천,대한항공,KE623,마닐라,20251012,18:50,18:50,19:26,여객,출발,,B737-900,188,"A,B,C,D"
출발,인천,대한항공,KE689,프놈펜,20251012,18:50,18:50,19:22,여객,출발,,B737-900,188,"A,B,C,D"
출발,인천,대한항공,KE743,나고야,20251012,18:50,18:50,19:24,여객,출발,,A321neo,182,"A,B,C,D"
출발,인천,델타항공,DL26,애틀랜타,20251012,18:50,20:00,:,여객,지연,항공기 연결에 의한 지연,A350-900,306,"K,F,G,L"
출발,인천,대한항공,KE895,푸동,20251012,18:55,18:55,19:38,여객,출발,,A330-300,272,"A,B,C,D"
출발,인천,대한항공,KE721,간사이,20251012,19:00,19:00,19:28,여객,출발,,A321neo,182,"A,B,C,D"
출발,인천,대한항공,KE401,시드니,20251012,19:10,19:10,19:45,여객,출발,,A380-800,407,"A,B,C,D"
출발,인천,진에어,LJ131,코타키나발루,20251012,19:10,19:10,19:33,여객,출발,,B737-800,189,"H,F,G,L"
출발,인천,델타항공,DL196A,시애틀,20251012,19:20,19:40,:,여객,,항공기 연결에 의한 지연,A330-900neo,281,"K,F,G,L"
출발,인천,에어서울,RS581,팡라로,20251012,19:25,19:25,19:56,여객,출발,,A321,195,"E,F,G,L"
출발,인천,대한항공,KE085,뉴욕,20251012,19:30,19:30,20:14,여객,지연,항공교통흐름에 의한 지연,B747-8i,368,"A,B,C,D"
출발,인천,대한항공,KE1431,대구,20251012,19:30,19:30,20:23,여객,지연,,B737-900,188,
출발,인천,진에어,LJ917,괌,20251012,19:35,19:35,20:09,여객,출발,,B737-800,189,"H,F,G,L"
출발,인천,대한항공,KE177,홍콩,20251012,19:45,19:45,20:35,여객,지연,항공기 정비에 의한 지연,A321neo,182,"A,B,C,D"
출발,인천,대한항공,KE477,떤 선녓(호찌민),20251012,19:45,19:45,20:19,여객,출발,,B737-900,188,"A,B,C,D"
출발,인천,대한항공,KE659,수안나폼(방콕),20251012,19:45,19:45,20:29,여객,지연,항공교통흐름에 의한 지연,B737-900,188,"A,B,C,D"
출발,인천,에어서울,RS527,깜라인(나트랑),20251012,19:50,19:50,21:10,여객,지연,항공교통흐름에 의한 지연,A321,195,"E,F,G,L"
출발,인천,진에어,LJ001,수안나폼(방콕),20251012,19:55,20:32,20:56,여객,지연,공항 및 출입국 절차에 의한 지연,B737-800,189,"H,F,G,L"
출발,인천,대한항공,KE467,깜라인(나트랑),20251012,20:00,20:00,20:43,여객,지연,항공교통흐름에 의한 지연,B737-900,188,"A,B,C,D"
출발,인천,대한항공,KE853,베이징,20251012,20:00,20:00,20:37,여객,출발,,A330-300,272,"A,B,C,D"
출발,인천,대한항공,KE615,세부,20251012,20:05,20:05,20:41,여객,출발,,B737-900,188,"A,B,C,D"
출발,인천,대한항공,KE625,마닐라,20251012,20:15,20:15,20:53,여객,지연,항공교통흐름에 의한 지연,B737-900,188,"A,B,C,D"
출발,인천,대한항공,KE011,로스앤젤레스,20251012,20:25,20:25,21:01,여객,출발,,A380-800,407,"A,B,C,D"
출발,인천,진에어,LJ081,다낭,20251012,20:25,20:25,20:52,여객,출발,,B737-800,189,"H,F,G,L"
출발,인천,대한항공,KE719,하네다,20251012,20:30,20:30,20:44,여객,출발,,A321neo,182,"A,B,C,D"
출발,인천,샤먼항공,MF878,푸저우(복주),20251012,20:35,20:35,21:04,여객,출발,,B737-800,168,"J,F,G,L"
출발,인천,중화항공,CI163,타오위안,20251012,20:35,20:59,21:19,여객,지연,항공기 연결에 의한 지연,A330-300,277,"J,F,G,L"
출발,인천,진에어,LJ087,깜라인(나트랑),20251012,20:40,21:05,21:27,여객,지연,항공기 연결에 의한 지연,B737-800,189,"H,F,G,L"
출발,인천,진에어,LJ043,팡라로,20251012,20:50,21:05,21:47,여객,지연,기타 원인에 의한 지연,B737-800,189,"H,F,G,L"
출발,인천,에어서울,RS511,다낭,20251012,20:55,20:55,21:29,여객,지연,항공교통흐름에 의한 지연,A321,195,"E,F,G,L"
출발,인천,대한항공,KE005,라스베이거스,20251012,21:00,21:00,21:26,여객,출발,,B777-300ER,277,"A,B,C,D"
출발,인천,대한항공,KE053,호놀룰루,20251012,21:05,21:05,21:36,여객,출발,,A330-300,272,"A,B,C,D"
출발,인천,대한항공,KE655,수안나폼(방콕),20251012,21:15,21:15,21:37,여객,출발,,A330-300,272,"A,B,C,D"
출발,인천,진에어,LJ037,클라크,20251012,21:25,21:25,22:02,여객,지연,,B737-800,189,"H,F,G,L"
출발,인천,에어부산,BX787,깜라인(나트랑),20251012,21:30,21:30,22:28,여객,지연,항공교통흐름에 의한 지연,A321,195,"E,F,G,L"
출발,인천,진에어,LJ885,엔스 쉬자핑,20251012,21:45,21:45,22:05,여객,출발,,B737-800,189,"H,F,G,L"
출발,인천,진에어,LJ733,타오위안,20251012,22:10,22:10,22:21,여객,출발,,B737-800,189,"H,F,G,L"
출발,인천,네덜란드항공,KL856,암스테르담,20251012,22:25,22:25,22:37,여객,출발,,B787-9,294,"M,F,G,L"
출발,인천,대한항공,KE619,마닐라,20251012,22:35,22:35,22:39,여객,출발,,A330-300,272,"A,B,C,D"
출발,인천,대한항공,KE647,싱가포르,20251012,23:35,23:35,23:46,여객,출발,,B777-300ER,277,"A,B,C,D"
출발,인천,대한항공,KE1401,김해,20251013,06:35,06:35,06:48,여객,출발,,B737-900,188,
출발,인천,에어부산,BX164,도쿄/나리타,20251013,07:15,07:15,07:39,여객,출발,,A321,195,"E,F,G,L"
출발,인천,에어서울,RS711,간사이,20251013,07:15,07:15,07:33,여객,출발,,A321,195,"E,F,G,L"
출발,인천,진에어,LJ261,후쿠오카,20251013,07:15,07:15,07:30,여객,출발,,B737-800,189,"H,F,G,L"
출발,인천,에어부산,BX156,후쿠오카,20251013,07:20,07:20,07:49,여객,출발,,A321,195,"E,F,G,L"
출발,인천,대한항공,KE787,후쿠오카,20251013,07:25,07:25,07:51,여객,출발,,B737-900,188,"A,B,C,D"
출발,인천,진에어,LJ201,도쿄/나리타,20251013,07:25,07:25,07:43,여객,출발,,B737-800,189,"H,F,G,L"
출발,인천,대한항공,KE795,나가사키,20251013,07:30,07:30,08:04,여객,출발,,B737-900,188,"A,B,C,D"
출발,인천,진에어,LJ345,나고야,20251013,07:30,07:46,08:14,여객,지연,공항 및 출입국 절차에 의한 지연,B737-800,189,"H,F,G,L"
출발,인천,진에어,LJ231,간사이,20251013,07:40,07:40,08:11,여객,출발,,B737-800,189,"H,F,G,L"
출발,인천,대한항공,KE173,홍콩,20251013,07:45,07:45,08:15,여객,출발,,A321neo,182,"A,B,C,D"
출발,인천,대한항공,KE621,마닐라,20251013,07:50,07:50,08:39,여객,지연,기타 원인에 의한 지연,B737-900,188,"A,B,C,D"
출발,인천,대한항공,KE845,청도,20251013,07:50,07:50,08:17,여객,출발,,B737-900,188,"A,B,C,D"
출발,인천,진에어,LJ731,타오위안,20251013,07:50,07:50,08:27,여객,출발,,B737-800,189,"H,F,G,L"
출발,인천,대한항공,KE131,정저우,20251013,08:00,08:00,08:21,여객,출발,,B737-900,188,"A,B,C,D"
출발,인천,에어서울,RS705,도쿄/나리타,20251013,08:05,08:05,08:25,여객,출발,,A321,195,"E,F,G,L"
출발,인천,대한항공,KE197,칭기즈칸(신 울란바토르) 국제공항,20251013,08:10,08:10,08:38,여객,출발,,B737-900,188,"A,B,C,D"
출발,인천,대한항공,KE767,아오모리,20251013,08:10,08:10,08:29,여객,출발,,B737-900,188,"A,B,C,D"
출발,인천,진에어,LJ241,간사이,20251013,08:10,08:10,08:32,여객,출발,,B737-800,189,"H,F,G,L"
출발,인천,진에어,LJ357,시모지시마,20251013,08:10,08:10,08:43,여객,출발,,B737-800,189,"H,F,G,L"
출발,인천,대한항공,KE859,베이징,20251013,08:15,08:15,08:33,여객,출발,,B777-300ER,277,"A,B,C,D"
출발,인천,진에어,LJ203,도쿄/나리타,20251013,08:15,08:15,08:41,여객,출발,,B737-800,189,"H,F,G,L"
출발,인천,대한항공,KE1403,김해,20251013,08:20,08:20,08:44,여객,출발,,B737-900,188,
출발,인천,진에어,LJ301,삿포로,20251013,08:20,08:30,09:03,여객,지연,항공기 연결에 의한 지연,B737-800,189,"H,F,G,L"
출발,인천,대한항공,KE731,고베,20251013,08:25,08:25,08:56,여객,출발,,A321neo,182,"A,B,C,D"
출발,인천,대한항공,KE893,푸동,20251013,08:25,08:25,08:52,여객,출발,,A330-300,272,"A,B,C,D"
출발,인천,에어서울,RS727,후쿠오카,20251013,08:25,08:25,08:46,여객,출발,,A321,195,"E,F,G,L"
출발,인천,에어 프랑스,AF267,파리,20251013,08:30,08:30,08:54,여객,출발,,B777-300ER,296,"M,F,G,L"
출발,인천,대한항공,KE827,선전(심천),20251013,08:40,08:40,09:15,여객,출발,,B737-900,188,"A,B,C,D"
출발,인천,대한항공,KE831,심양,20251013,08:45,08:05,08:25,여객,출발,,B737-900,188,"A,B,C,D"
출발,인천,에어서울,RS741,다카마쓰,20251013,08:45,09:05,09:19,여객,지연,항공기 연결에 의한 지연,A321,195,"E,F,G,L"
출발,인천,대한항공,KE865,광저우,20251013,08:50,08:50,09:11,여객,출발,,A330-300,272,"A,B,C,D"
출발,인천,대한항공,KE819,창사(장사),20251013,09:00,09:00,09:31,여객,출발,,B737-900,188,"A,B,C,D"
출발,인천,대한항공,KE469,떤 선녓(호찌민),20251013,09:05,09:05,10:01,여객,지연,항공교통흐름에 의한 지연,A330-300,272,"A,B,C,D"
출발,인천,진에어,LJ361,이시가키,20251013,09:05,09:05,09:45,여객,출발,,B737-800,189,"H,F,G,L"
출발,인천,대한항공,KE805,천진,20251013,09:10,09:10,09:47,여객,지연,항공교통흐름에 의한 지연,B737-900,188,"A,B,C,D"
출발,인천,대한항공,KE811,시안,20251013,09:10,09:10,09:50,여객,지연,항공교통흐름에 의한 지연,B737-900,188,"A,B,C,D"
출발,인천,에어부산,BX172,간사이,20251013,09:15,09:15,09:33,여객,출발,,A321,195,"E,F,G,L"
출발,인천,대한항공,KE035,애틀랜타,20251013,09:20,09:20,09:51,여객,출발,,B777-300ER,277,"A,B,C,D"
출발,인천,대한항공,KE785,가고시마,20251013,09:20,09:20,09:45,여객,출발,,B737-900,188,"A,B,C,D"
출발,인천,진에어,LJ913,괌,20251013,09:20,09:20,09:35,여객,출발,,B737-800,189,"H,F,G,L"
출발,인천,에어서울,RS701,도쿄/나리타,20251013,09:25,09:40,10:05,여객,지연,항공기 정비에 의한 지연,A321,195,"E,F,G,L"
출발,인천,대한항공,KE031,댈러스,20251013,09:30,09:30,10:08,여객,출발,,B787-9,269,"A,B,C,D"
출발,인천,대한항공,KE091,보스턴,20251013,09:30,09:30,10:02,여객,출발,,B787-9,269,"A,B,C,D"
출발,인천,대한항공,KE657,수안나폼(방콕),20251013,09:30,09:30,10:23,여객,지연,항공기 연결에 의한 지연,A330-300,272,"A,B,C,D"
출발,인천,대한항공,KE755,오키나와,20251013,09:30,09:30,10:08,여객,지연,항공교통흐름에 의한 지연,B737-900,188,"A,B,C,D"
출발,인천,대한항공,KE073,토론토,20251013,09:35,09:35,10:10,여객,출발,,B777-300ER,277,"A,B,C,D"
출발,인천,대한항공,KE723,간사이,20251013,09:35,09:35,09:59,여객,출발,,A321neo,182,"A,B,C,D"
출발,인천,대한항공,KE421,괌,20251013,09:45,10:00,10:18,여객,지연,공항 및 출입국 절차에 의한 지연,B737-900,188,"A,B,C,D"
출발,인천,진에어,LJ341,오키나와,20251013,09:55,09:55,10:34,여객,출발,,B737-800,189,"H,F,G,L"
출발,인천,대한항공,KE081,뉴욕,20251013,10:00,10:00,10:35,여객,출발,,A380-800,407,"A,B,C,D"
출발,인천,대한항공,KE703,도쿄/나리타,20251013,10:05,10:05,10:22,여객,출발,,A321neo,182,"A,B,C,D"
출발,인천,진에어,LJ233,간사이,20251013,10:10,10:40,11:12,여객,지연,공항 및 출입국 절차에 의한 지연,B737-800,189,"H,F,G,L"
출발,인천,델타항공,DL158,디트로이트,20251013,10:15,15:50,:,여객,,항공기 연결에 의한 지연,A350-900,306,"K,F,G,L"
출발,인천,대한항공,KE125,샤먼 가오치,20251013,10:20,10:20,11:12,여객,지연,항공교통흐름에 의한 지연,B737-900,188,"A,B,C,D"
출발,인천,대한항공,KE169,마카오,20251013,10:20,10:20,11:04,여객,지연,항공교통흐름에 의한 지연,A321neo,182,"A,B,C,D"
출발,인천,대한항공,KE093,워싱톤,20251013,10:25,10:25,10:47,여객,출발,,B777-300ER,277,"A,B,C,D"
출발,인천,대한항공,KE101,남경,20251013,10:25,10:25,10:49,여객,출발,,A321neo,182,"A,B,C,D"
출발,인천,대한항공,KE937,비엔나,20251013,10:25,10:25,11:02,여객,지연,항공교통흐름에 의한 지연,B787-9,269,"A,B,C,D"
출발,인천,대한항공,KE185,타오위안,20251013,10:30,10:30,11:28,여객,지연,항공교통흐름에 의한 지연,A321neo,182,"A,B,C,D"
출발,인천,가루다인도네시아,GA879,자카르타(수카르노 하타),20251013,10:35,10:57,11:23,여객,지연,공항 및 출입국 절차에 의한 지연,A330-900neo,301,"J,F,G,L"
출발,인천,대한항공,KE741,나고야,20251013,10:35,10:35,10:50,여객,출발,,A321neo,182,"A,B,C,D"
출발,인천,대한항공,KE037,시카고,20251013,10:40,11:10,11:31,여객,지연,항공기 연결에 의한 지연,B777-300ER,277,"A,B,C,D"
출발,인천,대한항공,KE855,베이징,20251013,10:40,10:40,11:14,여객,출발,,A330-300,272,"A,B,C,D"
출발,인천,대한항공,KE969,프라하,20251013,10:45,10:45,11:26,여객,지연,항공교통흐름에 의한 지연,B787-9,269,"A,B,C,D"
출발,인천,대한항공,KE457,다낭,20251013,10:55,10:55,11:19,여객,출발,,B737-900,188,"A,B,C,D"
출발,인천,대한항공,KE907,런던히드로,20251013,10:55,10:55,12:00,여객,지연,항공교통흐름에 의한 지연,A380-800,407,"A,B,C,D"
출발,인천,대한항공,KE791,후쿠오카,20251013,11:05,11:05,11:34,여객,출발,,B737-900,188,"A,B,C,D"
출발,인천,대한항공,KE897,푸동,20251013,11:10,11:10,11:30,여객,출발,,B777-300ER,277,"A,B,C,D"
출발,인천,대한항공,KE901,파리,20251013,11:10,11:10,11:38,여객,출발,,B777-300ER,277,"A,B,C,D"
출발,인천,가루다인도네시아,GA871,덴파사(응우라 라이),20251013,11:25,11:25,11:56,여객,출발,,A330-300,251,"J,F,G,L"
출발,인천,에어부산,BX158,후쿠오카,20251013,11:25,11:25,11:40,여객,출발,,A321,195,"E,F,G,L"
출발,인천,아에로멕시코,AM091,멕시코시티,20251013,11:40,11:40,12:04,여객,출발,,B787-9,274,"H,F,G,L"
출발,인천,대한항공,KE925,암스테르담,20251013,11:55,11:55,12:23,여객,출발,,B777-300ER,277,"A,B,C,D"
출발,인천,대한항공,KE107,항저우,20251013,12:00,12:00,12:49,여객,지연,항공교통흐름에 의한 지연,A321neo,182,"A,B,C,D"
출발,인천,중화항공,CI165,가오슝,20251013,12:05,12:05,12:44,여객,출발,,A321neo,180,"J,F,G,L"
출발,인천,진에어,LJ263,후쿠오카,20251013,12:10,12:27,13:08,여객,지연,항공기 연결에 의한 지연,B737-800,189,"H,F,G,L"
출발,인천,대한항공,KE769,삿포로,20251013,12:35,12:35,12:55,여객,출발,,B737-900,188,"A,B,C,D"
출발,인천,대한항공,KE803,천진,20251013,12:35,12:35,13:06,여객,출발,,B737-900,188,"A,B,C,D"
출발,인천,대한항공,KE963,부다페스트,20251013,12:35,12:35,13:14,여객,지연,항공교통흐름에 의한 지연,B787-9,269,"A,B,C,D"
출발,인천,중화항공,CI161,타오위안,20251013,12:35,12:35,12:57,여객,출발,,A330-300,277,"J,F,G,L"
출발,인천,에어부산,BX174,간사이,20251013,12:40,12:40,13:23,여객,지연,공항 및 출입국 절차에 의한 지연,A321,195,"E,F,G,L"
출발,인천,대한항공,KE711,도쿄/나리타,20251013,13:00,13:00,13:49,여객,지연,항공교통흐름에 의한 지연,A321neo,182,"A,B,C,D"
출발,인천,대한항공,KE869,대련,20251013,13:00,13:00,14:02,여객,지연,항공기 연결에 의한 지연,B737-900,188,"A,B,C,D"
출발,인천,대한항공,KE843,청도,20251013,13:05,13:20,14:25,여객,지연,기타 원인에 의한 지연,B737-900,188,"A,B,C,D"
출발,인천,진에어,GS7994,천진,20251013,13:05,13:05,13:43,여객,지연,,B737-800,189,"H,F,G,L"
출발,인천,에어서울,RS713,간사이,20251013,13:15,13:15,14:00,여객,지연,공항 및 출입국 절차에 의한 지연,A321,195,"E,F,G,L"
출발,인천,대한항공,KE931,로마,20251013,13:20,13:20,13:50,여객,출발,,B777-300ER,277,"A,B,C,D"
출발,인천,대한항공,KE135,허페이,20251013,13:25,13:25,14:04,여객,지연,항공교통흐름에 의한 지연,B737-900,188,"A,B,C,D"
출발,인천,대한항공,KE175,홍콩,20251013,13:25,13:25,14:08,여객,지연,항공교통흐름에 의한 지연,A321neo,182,"A,B,C,D"
출발,인천,대한항공,KE695,카트만두,20251013,13:35,13:35,14:16,여객,지연,항공교통흐름에 의한 지연,A330-300,272,"A,B,C,D"
출발,인천,에어서울,RS745,요나고,20251013,13:35,13:35,14:24,여객,지연,공항 및 출입국 절차에 의한 지연,A321,195,"E,F,G,L"
출발,인천,대한항공,KE927,밀라노,20251013,13:40,13:40,14:10,여객,지연,항공교통흐름에 의한 지연,B787-9,269,"A,B,C,D"
출발,인천,대한항공,KE955,이스탄불,20251013,13:40,13:40,14:06,여객,출발,,B777-300ER,277,"A,B,C,D"
출발,인천,샤먼항공,MF872,샤먼 가오치,20251013,13:40,14:20,14:38,여객,지연,공항 및 출입국 절차에 의한 지연,B737-800,168,"J,F,G,L"
출발,인천,진에어,LJ861,청도,20251013,13:50,14:38,14:55,여객,지연,항공기 연결에 의한 지연,B737-800,189,"H,F,G,L"
출발,인천,에어서울,RS723,후쿠오카,20251013,14:25,14:25,15:00,여객,지연,공항 및 출입국 절차에 의한 지연,A321,195,"E,F,G,L"
출발,인천,대한항공,KE017,로스앤젤레스,20251013,14:30,14:30,15:13,여객,지연,항공교통흐름에 의한 지연,B747-8i,368,"A,B,C,D"
출발,인천,진에어,LJ359,다카마쓰,20251013,14:30,14:50,15:09,여객,지연,공항 및 출입국 절차에 의한 지연,B737-800,189,"H,F,G,L"
출발,인천,진에어,LJ237,간사이,20251013,14:40,14:40,15:07,여객,출발,,B737-800,189,"H,F,G,L"
출발,인천,대한항공,KE643,싱가포르,20251013,14:45,14:45,15:10,여객,출발,,A330-300,272,"A,B,C,D"
출발,인천,대한항공,KE725,간사이,20251013,14:55,14:55,15:23,여객,출발,,A321neo,182,"A,B,C,D"
출발,인천,대한항공,KE189,타이중,20251013,15:15,15:15,15:51,여객,출발,,A321neo,182,"A,B,C,D"
출발,인천,진에어,LJ209,도쿄/나리타,20251013,15:15,16:06,16:27,여객,지연,항공기 연결에 의한 지연,B737-800,189,"H,F,G,L"
출발,인천,에어서울,RS715,간사이,20251013,15:20,15:20,16:05,여객,지연,공항 및 출입국 절차에 의한 지연,A321,195,"E,F,G,L"
출발,인천,에어부산,BX176,간사이,20251013,15:25,15:25,15:53,여객,출발,,A321,195,"E,F,G,L"
출발,인천,진에어,LJ211,도쿄/나리타,20251013,15:35,15:35,16:14,여객,출발,,B737-800,189,"H,F,G,L"
출발,인천,대한항공,KE671,쿠알라룸푸르,20251013,15:40,15:40,16:17,여객,출발,,A330-300,272,"A,B,C,D"
출발,인천,대한항공,KE733,고베,20251013,15:50,15:50,16:35,여객,지연,항공교통흐름에 의한 지연,A321neo,182,"A,B,C,D"
출발,인천,에어부산,BX166,도쿄/나리타,20251013,15:50,15:50,16:23,여객,지연,공항 및 출입국 절차에 의한 지연,A321,195,"E,F,G,L"
출발,인천,대한항공,KE023,샌프란시스코,20251013,16:00,16:15,17:05,여객,지연,항공기 연결에 의한 지연,B777-300ER,277,"A,B,C,D"
출발,인천,진에어,LJ239,간사이,20251013,16:05,16:34,16:58,여객,지연,공항 및 출입국 절차에 의한 지연,B737-800,189,"H,F,G,L"
출발,인천,진에어,LJ347,나고야,20251013,16:05,16:35,:,여객,지연,항공기 연결에 의한 지연,B737-800,189,"H,F,G,L"
출발,인천,대한항공,KE187,타오위안,20251013,16:10,16:10,16:56,여객,지연,항공교통흐름에 의한 지연,A321neo,182,"A,B,C,D"
출발,인천,대한항공,KE633,덴파사(응우라 라이),20251013,16:10,16:10,16:52,여객,지연,항공교통흐름에 의한 지연,A330-300,272,"A,B,C,D"
출발,인천,진에어,LJ351,기타규슈,20251013,16:15,16:45,17:25,여객,지연,항공기 연결에 의한 지연,B737-800,189,"H,F,G,L"
출발,인천,델타항공,DL188,애틀랜타,20251013,16:25,16:48,17:13,여객,지연,항공기 연결에 의한 지연,A350-900,306,"K,F,G,L"
출발,인천,대한항공,KE041,시애틀,20251013,16:40,16:40,17:22,여객,지연,항공기 연결에 의한 지연,A330-300,272,"A,B,C,D"
출발,인천,에어서울,RS703,도쿄/나리타,20251013,16:45,16:45,17:31,여객,지연,공항 및 출입국 절차에 의한 지연,A321,195,"E,F,G,L"
출발,인천,진에어,LJ271,후쿠오카,20251013,17:00,17:35,18:16,여객,지연,항공기 연결에 의한 지연,B737-800,189,"H,F,G,L"
출발,인천,진에어,LJ091,푸꾸옥,20251013,17:05,17:05,17:34,여객,출발,,B737-800,189,"H,F,G,L"
출발,인천,대한항공,KE1405,김해,20251013,17:10,17:10,17:43,여객,출발,,B737-900,188,
출발,인천,대한항공,KE485,푸꾸옥,20251013,17:10,17:10,17:45,여객,출발,,B737-900,188,"A,B,C,D"
출발,인천,진에어,LJ009,치앙마이,20251013,17:10,17:10,17:41,여객,출발,,B737-800,189,"H,F,G,L"
출발,인천,대한항공,KE8425,괌,20251013,17:15,17:15,18:10,여객,지연,항공기 연결에 의한 지연,B737-900,188,"A,B,C,D"
출발,인천,에어부산,BX747,수안나폼(방콕),20251013,17:15,17:15,17:49,여객,출발,,A321,195,"E,F,G,L"
출발,인천,진에어,LJ005,푸껫,20251013,17:25,17:25,18:00,여객,출발,,B737-800,189,"H,F,G,L"
출발,인천,대한항공,KE629,덴파사(응우라 라이),20251013,17:45,17:45,18:17,여객,출발,,A330-300,272,"A,B,C,D"
출발,인천,대한항공,KE663,푸껫,20251013,17:50,18:05,18:39,여객,지연,기타 원인에 의한 지연,B737-900,188,"A,B,C,D"
출발,인천,대한항공,KE411,오클랜드,20251013,18:00,18:00,18:14,여객,출발,,B787-9,269,"A,B,C,D"
출발,인천,대한항공,KE651,수안나폼(방콕),20251013,18:05,18:05,18:35,여객,출발,,A330-300,272,"A,B,C,D"
출발,인천,대한항공,KE461,다낭,20251013,18:20,18:20,18:48,여객,출발,,B737-900,188,"A,B,C,D"
출발,인천,대한항공,KE1407,김해,20251013,18:25,18:45,19:20,여객,지연,항공교통흐름에 의한 지연,B737-900,188,
출발,인천,대한항공,KE667,치앙마이,20251013,18:25,18:40,19:24,여객,지연,항공교통흐름에 의한 지연,B737-900,188,"A,B,C,D"
출발,인천,대한항공,KE705,도쿄/나리타,20251013,18:35,18:35,18:54,여객,출발,,A321neo,182,"A,B,C,D"
출발,인천,대한항공,KE871,대련,20251013,18:35,19:55,20:25,여객,지연,항공기 연결에 의한 지연,B737-900,188,"A,B,C,D"
출발,인천,대한항공,KE161,쿤밍,20251013,18:40,18:40,19:01,여객,출발,,B737-900,188,"A,B,C,D"
출발,인천,대한항공,KE423,괌,20251013,18:40,18:40,19:06,여객,출발,,B737-900,188,"A,B,C,D"
출발,인천,대한항공,KE645,싱가포르,20251013,18:40,18:40,19:11,여객,출발,,A330-300,272,"A,B,C,D"
출발,인천,대한항공,KE781,후쿠오카,20251013,18:40,18:40,19:15,여객,지연,운항 기준 및 승무원 관련 지연,B737-900,188,"A,B,C,D"
출발,인천,델타항공,DL170,미니애폴리스,20251013,18:40,18:40,18:57,여객,출발,,A350-900,306,"K,F,G,L"
출발,인천,대한항공,KE071,밴쿠버,20251013,18:45,18:45,19:17,여객,출발,,B787-9,269,"A,B,C,D"
출발,인천,대한항공,KE453,노이바이(하노이),20251013,18:45,18:45,19:19,여객,출발,,B737-900,188,"A,B,C,D"
출발,인천,대한항공,KE475,떤 선녓(호찌민),20251013,18:45,18:45,19:28,여객,지연,항공교통흐름에 의한 지연,B737-900,188,"A,B,C,D"
출발,인천,대한항공,KE623,마닐라,20251013,18:50,19:05,19:51,여객,지연,항공기 연결에 의한 지연,B737-900,188,"A,B,C,D"
출발,인천,대한항공,KE689,프놈펜,20251013,18:50,19:05,19:46,여객,지연,항공기 연결에 의한 지연,B737-900,188,"A,B,C,D"
출발,인천,대한항공,KE713,도쿄/나리타,20251013,18:50,18:22,19:44,여객,지연,항공기 연결에 의한 지연,A321neo,182,"A,B,C,D"
출발,인천,대한항공,KE743,나고야,20251013,18:50,18:50,19:26,여객,출발,,A321neo,182,"A,B,C,D"
출발,인천,델타항공,DL26,애틀랜타,20251013,18:50,18:50,19:30,여객,출발,,A350-900,306,"K,F,G,L"
출발,인천,대한항공,KE895,푸동,20251013,18:55,19:18,19:42,여객,지연,항공기 연결에 의한 지연,A330-300,272,"A,B,C,D"
출발,인천,대한항공,KE721,간사이,20251013,19:00,19:15,19:48,여객,지연,항공기 연결에 의한 지연,A321neo,182,"A,B,C,D"
출발,인천,대한항공,KE401,시드니,20251013,19:10,19:10,19:40,여객,출발,,A380-800,407,"A,B,C,D"
출발,인천,델타항공,DL196,시애틀,20251013,19:20,19:20,19:52,여객,출발,,A330-900neo,281,"K,F,G,L"
출발,인천,에어서울,RS581,팡라로,20251013,19:25,19:25,20:13,여객,지연,공항 및 출입국 절차에 의한 지연,A321,195,"E,F,G,L"
출발,인천,대한항공,KE085,뉴욕,20251013,19:30,20:00,20:38,여객,지연,기타 원인에 의한 지연,B747-8i,368,"A,B,C,D"
출발,인천,대한항공,KE1431,대구,20251013,19:30,19:30,20:04,여객,출발,,B737-900,188,
출발,인천,대한항공,KE1409,김해,20251013,19:35,19:35,20:07,여객,출발,,B737-900,188,
출발,인천,진에어,LJ917,괌,20251013,19:35,19:35,20:00,여객,출발,,B737-800,189,"H,F,G,L"
출발,인천,델타항공,DL172,솔트레이크시티,20251013,19:40,20:22,20:46,여객,지연,항공기 정비에 의한 지연,A350-900,306,"K,F,G,L"
출발,인천,대한항공,KE177,홍콩,20251013,19:45,19:45,20:44,여객,지연,지상조업 관련 지연,A321neo,182,"A,B,C,D"
출발,인천,대한항공,KE477,떤 선녓(호찌민),20251013,19:45,19:45,20:22,여객,출발,,B737-900,188,"A,B,C,D"
출발,인천,대한항공,KE659,수안나폼(방콕),20251013,19:45,19:45,20:16,여객,출발,,B737-900,188,"A,B,C,D"
출발,인천,에어서울,RS527,깜라인(나트랑),20251013,19:50,19:50,20:30,여객,지연,공항 및 출입국 절차에 의한 지연,A321,195,"E,F,G,L"
출발,인천,진에어,LJ001,수안나폼(방콕),20251013,19:55,20:52,21:00,여객,지연,항공기 연결에 의한 지연,B737-800,189,"H,F,G,L"
출발,인천,대한항공,KE467,깜라인(나트랑),20251013,20:00,20:30,20:54,여객,지연,항공교통흐름에 의한 지연,B737-900,188,"A,B,C,D"
출발,인천,대한항공,KE853,베이징,20251013,20:00,20:15,21:19,여객,지연,항공교통흐름에 의한 지연,A330-300,272,"A,B,C,D"
출발,인천,대한항공,KE407,브리즈번,20251013,20:05,20:05,20:33,여객,출발,,A330-300,272,"A,B,C,D"
출발,인천,대한항공,KE615,세부,20251013,20:05,20:05,20:56,여객,지연,항공교통흐름에 의한 지연,B737-900,188,"A,B,C,D"
출발,인천,대한항공,KE625,마닐라,20251013,20:15,20:35,21:24,여객,지연,항공기 연결에 의한 지연,B737-900,188,"A,B,C,D"
출발,인천,대한항공,KE011,로스앤젤레스,20251013,20:25,20:25,21:12,여객,지연,항공교통흐름에 의한 지연,A380-800,407,"A,B,C,D"
출발,인천,대한항공,KE719,하네다,20251013,20:30,21:30,21:55,여객,지연,항공기 연결에 의한 지연,A321neo,182,"A,B,C,D"
출발,인천,샤먼항공,MF878,푸저우(복주),20251013,20:35,20:56,21:22,여객,지연,공항 및 출입국 절차에 의한 지연,B737-800,168,"J,F,G,L"
출발,인천,중화항공,CI163,타오위안,20251013,20:35,21:04,21:29,여객,지연,항공교통흐름에 의한 지연,A330-300,277,"J,F,G,L"
출발,인천,진에어,LJ087,깜라인(나트랑),20251013,20:40,20:40,21:17,여객,출발,,B737-800,189,"H,F,G,L"
출발,인천,에어서울,RS511,다낭,20251013,20:55,21:15,21:39,여객,지연,항공기 연결에 의한 지연,A321,195,"E,F,G,L"
출발,인천,대한항공,KE053,호놀룰루,20251013,21:05,21:05,21:35,여객,지연,항공교통흐름에 의한 지연,A330-300,272,"A,B,C,D"
출발,인천,대한항공,KE655,수안나폼(방콕),20251013,21:15,21:15,21:51,여객,출발,,A330-300,272,"A,B,C,D"
출발,인천,에어부산,BX787,깜라인(나트랑),20251013,21:30,21:30,22:06,여객,출발,,A321,195,"E,F,G,L"
출발,인천,네덜란드항공,KL856,암스테르담,20251013,22:25,22:25,22:34,여객,출발,,B787-9,294,"M,F,G,L"
출발,인천,대한항공,KE619,마닐라,20251013,22:35,22:35,22:51,여객,출발,,A330-300,272,"A,B,C,D"
출발,인천,대한항공,KE075,밴쿠버,20251013,22:40,22:40,23:01,여객,출발,,B787-9,269,"A,B,C,D"
출발,인천,대한항공,KE647,싱가포르,20251013,23:35,23:35,23:53,여객,출발,,B777-300ER,277,"A,B,C,D"
출발,인천,스칸디나비아항공,SK988,코펜하겐,20251013,23:45,23:45,23:44,여객,출발,,A350-900,300,"K,F,G,L"
출발,인천,대한항공,KE1401,김해,20251014,06:35,06:35,06:46,여객,출발,,B737-900,188,
출발,인천,에어부산,BX164,도쿄/나리타,20251014,07:15,07:15,07:34,여객,출발,,A321,195,"E,F,G,L"
출발,인천,에어서울,RS711,간사이,20251014,07:15,07:15,08:08,여객,지연,공항 및 출입국 절차에 의한 지연,A321,195,"E,F,G,L"
출발,인천,진에어,LJ261,후쿠오카,20251014,07:15,07:15,07:46,여객,출발,,B737-800,189,"H,F,G,L"
출발,인천,에어부산,BX156,후쿠오카,20251014,07:20,07:20,07:41,여객,출발,,A321,195,"E,F,G,L"
출발,인천,에어서울,RS727,후쿠오카,20251014,07:20,07:20,07:56,여객,출발,,A321,195,"E,F,G,L"
출발,인천,대한항공,KE787,후쿠오카,20251014,07:25,07:25,07:50,여객,출발,,B737-900,188,"A,B,C,D"
출발,인천,대한항공,KE771,오카야마,20251014,07:30,07:30,07:52,여객,출발,,B737-900,188,"A,B,C,D"
출발,인천,진에어,LJ231,간사이,20251014,07:40,07:40,08:11,여객,출발,,B737-800,189,"H,F,G,L"
출발,인천,대한항공,KE173,홍콩,20251014,07:45,07:45,08:27,여객,지연,항공교통흐름에 의한 지연,A321neo,182,"A,B,C,D"
출발,인천,대한항공,KE621,마닐라,20251014,07:50,07:50,08:09,여객,출발,,B737-900,188,"A,B,C,D"
출발,인천,대한항공,KE845,청도,20251014,07:50,07:50,08:19,여객,출발,,B737-900,188,"A,B,C,D"
출발,인천,진에어,LJ731,타오위안,20251014,07:50,07:50,08:44,여객,출발,,B737-800,189,"H,F,G,L"
출발,인천,대한항공,KE131,정저우,20251014,08:00,08:00,08:29,여객,출발,,B737-900,188,"A,B,C,D"
출발,인천,대한항공,KE441,노이바이(하노이),20251014,08:00,08:00,08:33,여객,출발,,A330-300,272,"A,B,C,D"
출발,인천,에어서울,RS705,도쿄/나리타,20251014,08:10,08:10,09:14,여객,지연,공항 및 출입국 절차에 의한 지연,A321,195,"E,F,G,L"
출발,인천,진에어,LJ241,간사이,20251014,08:10,08:10,08:38,여객,출발,,B737-800,189,"H,F,G,L"
출발,인천,대한항공,KE859,베이징,20251014,08:15,08:15,08:39,여객,출발,,B777-300ER,277,"A,B,C,D"
출발,인천,진에어,LJ203,도쿄/나리타,20251014,08:15,08:15,08:41,여객,출발,,B737-800,189,"H,F,G,L"
출발,인천,대한항공,KE127,푸저우(복주),20251014,08:20,08:20,08:41,여객,출발,,B737-900,188,"A,B,C,D"
출발,인천,대한항공,KE1403,김해,20251014,08:20,08:20,08:54,여객,출발,,B737-900,188,
출발,인천,진에어,LJ301,삿포로,20251014,08:20,08:20,08:47,여객,출발,,B737-800,189,"H,F,G,L"
출발,인천,대한항공,KE731,고베,20251014,08:25,08:25,08:52,여객,출발,,A321neo,182,"A,B,C,D"
출발,인천,대한항공,KE893,푸동,20251014,08:25,08:25,09:01,여객,출발,,A330-300,272,"A,B,C,D"
출발,인천,에어 프랑스,AF267,파리,20251014,08:30,08:30,09:03,여객,출발,,B777-300ER,296,"M,F,G,L"
출발,인천,대한항공,KE827,선전(심천),20251014,08:40,08:40,08:55,여객,출발,,B737-900,188,"A,B,C,D"
출발,인천,대한항공,KE831,심양,20251014,08:45,08:05,08:35,여객,출발,,B737-900,188,"A,B,C,D"
출발,인천,에어서울,RS741,다카마쓰,20251014,08:45,08:45,09:04,여객,출발,,A321,195,"E,F,G,L"
출발,인천,대한항공,KE137,우한,20251014,08:50,08:50,09:09,여객,출발,,B737-900,188,"A,B,C,D"
출발,인천,대한항공,KE865,광저우,20251014,08:50,08:50,09:08,여객,출발,,A330-300,272,"A,B,C,D"
출발,인천,대한항공,KE469,떤 선녓(호찌민),20251014,09:05,09:05,09:28,여객,출발,,A330-300,272,"A,B,C,D"
출발,인천,진에어,LJ361,이시가키,20251014,09:05,09:05,09:31,여객,출발,,B737-800,189,"H,F,G,L"
출발,인천,대한항공,KE805,천진,20251014,09:10,09:25,09:59,여객,지연,항공기 연결에 의한 지연,B737-900,188,"A,B,C,D"
출발,인천,대한항공,KE811,시안,20251014,09:10,09:10,09:41,여객,출발,,B737-900,188,"A,B,C,D"
출발,인천,에어부산,BX172,간사이,20251014,09:15,09:15,09:36,여객,출발,,A321,195,"E,F,G,L"
출발,인천,대한항공,KE035,애틀랜타,20251014,09:20,09:20,09:49,여객,출발,,B777-300ER,277,"A,B,C,D"
출발,인천,진에어,LJ913,괌,20251014,09:20,09:20,09:41,여객,출발,,B737-800,189,"H,F,G,L"
출발,인천,에어서울,RS701,도쿄/나리타,20251014,09:25,09:25,09:42,여객,출발,,A321,195,"E,F,G,L"
출발,인천,대한항공,KE031,댈러스,20251014,09:30,09:30,10:03,여객,출발,,B787-9,269,"A,B,C,D"
출발,인천,대한항공,KE091,보스턴,20251014,09:30,09:30,09:54,여객,출발,,B787-9,269,"A,B,C,D"
출발,인천,대한항공,KE657,수안나폼(방콕),20251014,09:30,09:30,09:47,여객,출발,,A330-300,272,"A,B,C,D"
출발,인천,대한항공,KE755,오키나와,20251014,09:30,09:30,09:44,여객,출발,,B737-900,188,"A,B,C,D"
출발,인천,대한항공,KE777,구마모토,20251014,09:30,09:30,09:53,여객,출발,,B737-900,188,"A,B,C,D"
출발,인천,대한항공,KE073,토론토,20251014,09:35,09:35,10:13,여객,출발,,B777-300ER,277,"A,B,C,D"
출발,인천,대한항공,KE723,간사이,20251014,09:35,09:35,10:00,여객,출발,,A321neo,182,"A,B,C,D"
출발,인천,대한항공,KE763,니가타,20251014,09:40,09:40,10:10,여객,출발,,B737-900,188,"A,B,C,D"
출발,인천,대한항공,KE421,괌,20251014,09:45,09:45,10:08,여객,출발,,B737-900,188,"A,B,C,D"
출발,인천,진에어,LJ205,도쿄/나리타,20251014,09:45,09:45,10:16,여객,출발,,B737-800,189,"H,F,G,L"
출발,인천,대한항공,KE913,마드리드,20251014,09:55,09:55,10:24,여객,출발,,B787-9,269,"A,B,C,D"
출발,인천,진에어,LJ341,오키나와,20251014,09:55,09:55,10:18,여객,출발,,B737-800,189,"H,F,G,L"
출발,인천,대한항공,KE081,뉴욕,20251014,10:00,10:00,10:34,여객,출발,,A380-800,407,"A,B,C,D"
출발,인천,대한항공,KE703,도쿄/나리타,20251014,10:10,10:10,10:31,여객,출발,,A321neo,182,"A,B,C,D"
출발,인천,진에어,LJ233,간사이,20251014,10:10,10:10,10:28,여객,출발,,B737-800,189,"H,F,G,L"
출발,인천,델타항공,DL158,디트로이트,20251014,10:15,10:15,10:25,여객,출발,,A350-900,306,"K,F,G,L"
출발,인천,대한항공,KE125,샤먼 가오치,20251014,10:20,10:20,10:35,여객,출발,,B737-900,188,"A,B,C,D"
출발,인천,대한항공,KE169,마카오,20251014,10:20,10:20,10:39,여객,출발,,A321neo,182,"A,B,C,D"
출발,인천,대한항공,KE093,워싱톤,20251014,10:25,10:25,10:46,여객,출발,,B777-300ER,277,"A,B,C,D"
출발,인천,대한항공,KE185,타오위안,20251014,10:30,10:30,10:52,여객,출발,,A321neo,182,"A,B,C,D"
출발,인천,가루다인도네시아,GA879,자카르타(수카르노 하타),20251014,10:35,10:35,10:48,여객,출발,,A330-900neo,301,"J,F,G,L"
출발,인천,대한항공,KE741,나고야,20251014,10:35,10:35,10:49,여객,출발,,A321neo,182,"A,B,C,D"
출발,인천,대한항공,KE037,시카고,20251014,10:40,10:40,11:04,여객,출발,,B777-300ER,277,"A,B,C,D"
출발,인천,대한항공,KE457,다낭,20251014,10:55,10:55,11:17,여객,출발,,B737-900,188,"A,B,C,D"
출발,인천,대한항공,KE907,런던히드로,20251014,10:55,10:55,11:21,여객,출발,,A380-800,407,"A,B,C,D"
출발,인천,대한항공,KE791,후쿠오카,20251014,11:05,11:05,11:26,여객,출발,,B737-900,188,"A,B,C,D"
출발,인천,대한항공,KE917,취리히,20251014,11:05,11:05,11:37,여객,출발,,B787-9,269,"A,B,C,D"
출발,인천,대한항공,KE945,프랑크푸르트,20251014,11:05,11:05,11:33,여객,출발,,A380-800,407,"A,B,C,D"
출발,인천,대한항공,KE897,푸동,20251014,11:10,11:10,11:32,여객,출발,,B777-300ER,277,"A,B,C,D"
출발,인천,대한항공,KE901,파리,20251014,11:10,11:10,11:43,여객,출발,,B777-300ER,277,"A,B,C,D"
출발,인천,가루다인도네시아,GA871,덴파사(응우라 라이),20251014,11:25,13:35,:,여객,지연,항공기 정비에 의한 지연,A330-300,251,"J,F,G,L"
출발,인천,에어부산,BX158,후쿠오카,20251014,11:25,11:25,11:52,여객,출발,,A321,195,"E,F,G,L"
출발,인천,아에로멕시코,AM091,멕시코시티,20251014,11:40,11:40,12:02,여객,출발,,B787-9,274,"H,F,G,L"
출발,인천,대한항공,KE925,암스테르담,20251014,11:55,11:55,12:36,여객,출발,,B777-300ER,277,"A,B,C,D"
출발,인천,중화항공,CI165,가오슝,20251014,12:05,12:05,12:15,여객,출발,,A321neo,180,"J,F,G,L"
출발,인천,진에어,LJ263,후쿠오카,20251014,12:10,12:10,12:30,여객,출발,,B737-800,189,"H,F,G,L"
출발,인천,에어서울,RS811,장가계,20251014,12:20,12:20,12:36,여객,출발,,A321,195,"E,F,G,L"
출발,인천,대한항공,KE769,삿포로,20251014,12:35,12:35,12:50,여객,출발,,B737-900,188,"A,B,C,D"
출발,인천,대한항공,KE803,천진,20251014,12:35,12:35,13:15,여객,지연,항공교통흐름에 의한 지연,B737-900,188,"A,B,C,D"
출발,인천,대한항공,KE963,부다페스트,20251014,12:35,12:35,13:21,여객,지연,항공교통흐름에 의한 지연,B787-9,269,"A,B,C,D"
출발,인천,중화항공,CI161,타오위안,20251014,12:35,12:35,12:39,여객,출발,,A330-300,277,"J,F,G,L"
출발,인천,에어부산,BX174,간사이,20251014,12:40,12:40,12:55,여객,출발,,A321,195,"E,F,G,L"
출발,인천,대한항공,KE497,델리,20251014,12:55,12:55,13:23,여객,출발,,B787-9,269,"A,B,C,D"
출발,인천,대한항공,KE711,도쿄/나리타,20251014,13:00,13:25,14:02,여객,지연,항공기 연결에 의한 지연,A321neo,182,"A,B,C,D"
출발,인천,대한항공,KE869,대련,20251014,13:00,13:00,13:17,여객,출발,,B737-900,188,"A,B,C,D"
출발,인천,대한항공,KE843,청도,20251014,13:05,13:05,13:39,여객,지연,항공교통흐름에 의한 지연,B737-900,188,"A,B,C,D"
출발,인천,에어서울,RS713,간사이,20251014,13:15,13:15,13:46,여객,출발,,A321,195,"E,F,G,L"
출발,인천,대한항공,KE175,홍콩,20251014,13:25,13:25,13:55,여객,출발,,A321neo,182,"A,B,C,D"
출발,인천,대한항공,KE951,두바이,20251014,13:25,13:25,13:58,여객,출발,,B777-300ER,277,"A,B,C,D"
출발,인천,샤먼항공,MF872,샤먼 가오치,20251014,13:30,13:30,13:42,여객,출발,,B737-800,168,"J,F,G,L"
출발,인천,대한항공,KE789,후쿠오카,20251014,13:45,13:45,14:07,여객,출발,,B737-900,188,"A,B,C,D"
출발,인천,진에어,LJ861,청도,20251014,13:50,13:50,14:16,여객,출발,,B737-800,189,"H,F,G,L"
출발,인천,에어서울,RS723,후쿠오카,20251014,14:25,14:25,14:43,여객,출발,,A321,195,"E,F,G,L"
출발,인천,대한항공,KE017,로스앤젤레스,20251014,14:30,14:30,14:51,여객,출발,,B747-8i,368,"A,B,C,D"
출발,인천,대한항공,KE833,심양,20251014,14:35,14:35,14:53,여객,출발,,B737-900,188,"A,B,C,D"
출발,인천,진에어,LJ237,간사이,20251014,14:40,14:40,15:06,여객,출발,,B737-800,189,"H,F,G,L"
출발,인천,대한항공,KE643,싱가포르,20251014,14:45,14:45,14:58,여객,출발,,A330-300,272,"A,B,C,D"
출발,인천,대한항공,KE725,간사이,20251014,14:55,14:55,15:22,여객,출발,,A321neo,182,"A,B,C,D"
출발,인천,대한항공,KE627,자카르타(수카르노 하타),20251014,15:10,17:50,:,여객,,항공기 연결에 의한 지연,A330-300,272,"A,B,C,D"
출발,인천,대한항공,KE189,타이중,20251014,15:15,15:15,15:38,여객,출발,,A321neo,182,"A,B,C,D"
출발,인천,진에어,LJ209,도쿄/나리타,20251014,15:15,15:33,15:55,여객,지연,항공기 연결에 의한 지연,B737-800,189,"H,F,G,L"
출발,인천,에어서울,RS715,간사이,20251014,15:20,15:40,16:08,여객,지연,항공기 연결에 의한 지연,A321,195,"E,F,G,L"
출발,인천,에어부산,BX176,간사이,20251014,15:25,15:25,15:59,여객,출발,,A321,195,"E,F,G,L"
출발,인천,대한항공,KE671,쿠알라룸푸르,20251014,15:40,16:40,16:57,여객,지연,항공기 연결에 의한 지연,A330-300,272,"A,B,C,D"
출발,인천,대한항공,KE733,고베,20251014,15:50,15:50,16:11,여객,출발,,A321neo,182,"A,B,C,D"
출발,인천,에어부산,BX166,도쿄/나리타,20251014,15:50,15:50,16:15,여객,출발,,A321,195,"E,F,G,L"
출발,인천,대한항공,KE023,샌프란시스코,20251014,16:00,16:00,16:22,여객,출발,,B777-300ER,277,"A,B,C,D"
출발,인천,진에어,LJ347,나고야,20251014,16:05,16:24,16:46,여객,지연,항공기 연결에 의한 지연,B737-800,189,"H,F,G,L"
출발,인천,대한항공,KE187,타오위안,20251014,16:10,16:10,16:29,여객,출발,,A321neo,182,"A,B,C,D"
출발,인천,대한항공,KE633,덴파사(응우라 라이),20251014,16:10,16:10,16:33,여객,출발,,A330-300,272,"A,B,C,D"
출발,인천,진에어,LJ351,기타규슈,20251014,16:15,16:15,16:32,여객,출발,,B737-800,189,"H,F,G,L"
출발,인천,델타항공,DL188,애틀랜타,20251014,16:25,16:25,16:50,여객,출발,,A350-900,306,"K,F,G,L"
출발,인천,대한항공,KE041,시애틀,20251014,16:40,16:40,16:59,여객,출발,,A330-300,272,"A,B,C,D"
출발,인천,에어서울,RS703,도쿄/나리타,20251014,16:45,16:45,17:15,여객,출발,,A321,195,"E,F,G,L"
출발,인천,진에어,LJ271,후쿠오카,20251014,17:00,17:00,17:17,여객,출발,,B737-800,189,"H,F,G,L"
출발,인천,대한항공,KE713,도쿄/나리타,20251014,17:05,17:05,17:28,여객,출발,,A321neo,182,"A,B,C,D"
출발,인천,진에어,LJ091,푸꾸옥,20251014,17:05,17:05,17:26,여객,출발,,B737-800,189,"H,F,G,L"
출발,인천,대한항공,KE1405,김해,20251014,17:10,17:10,17:37,여객,출발,,B737-900,188,
출발,인천,대한항공,KE485,푸꾸옥,20251014,17:10,17:10,17:31,여객,출발,,B737-900,188,"A,B,C,D"
출발,인천,진에어,LJ009,치앙마이,20251014,17:10,17:10,17:35,여객,출발,,B737-800,189,"H,F,G,L"
출발,인천,대한항공,KE8425,괌,20251014,17:15,18:00,18:16,여객,지연,항공기 연결에 의한 지연,B737-900,188,"A,B,C,D"
출발,인천,에어부산,BX747,수안나폼(방콕),20251014,17:15,17:15,17:39,여객,출발,,A321,195,"E,F,G,L"
출발,인천,진에어,LJ919,괌,20251014,17:35,17:35,17:43,여객,출발,,B737-800,189,"H,F,G,L"
출발,인천,대한항공,KE629,덴파사(응우라 라이),20251014,17:45,17:45,17:54,여객,출발,,A330-300,272,"A,B,C,D"
출발,인천,대한항공,KE663,푸껫,20251014,17:50,17:50,18:05,여객,출발,,B737-900,188,"A,B,C,D"
출발,인천,대한항공,KE651,수안나폼(방콕),20251014,18:05,18:05,18:14,여객,출발,,A330-300,272,"A,B,C,D"
출발,인천,대한항공,KE461,다낭,20251014,18:20,18:20,18:47,여객,출발,,B737-900,188,"A,B,C,D"
출발,인천,대한항공,KE1407,김해,20251014,18:25,18:40,19:03,여객,지연,항공기 연결에 의한 지연,B737-900,188,
출발,인천,대한항공,KE667,치앙마이,20251014,18:25,18:25,18:58,여객,출발,,B737-900,188,"A,B,C,D"
출발,인천,대한항공,KE705,도쿄/나리타,20251014,18:35,18:35,18:52,여객,출발,,A321neo,182,"A,B,C,D"
출발,인천,대한항공,KE423,괌,20251014,18:40,18:55,19:08,여객,출발,,B737-900,188,"A,B,C,D"
출발,인천,대한항공,KE645,싱가포르,20251014,18:40,18:40,19:02,여객,출발,,A330-300,272,"A,B,C,D"
출발,인천,대한항공,KE781,후쿠오카,20251014,18:40,18:40,18:59,여객,출발,,B737-900,188,"A,B,C,D"
출발,인천,델타항공,DL170,미니애폴리스,20251014,18:40,18:40,19:01,여객,출발,,A350-900,306,"K,F,G,L"
출발,인천,대한항공,KE071,밴쿠버,20251014,18:45,18:45,19:16,여객,출발,,B787-9,269,"A,B,C,D"
출발,인천,대한항공,KE453,노이바이(하노이),20251014,18:45,18:45,19:07,여객,출발,,B737-900,188,"A,B,C,D"
출발,인천,대한항공,KE475,떤 선녓(호찌민),20251014,18:45,18:45,19:18,여객,출발,,B737-900,188,"A,B,C,D"
출발,인천,대한항공,KE623,마닐라,20251014,18:50,18:50,19:20,여객,출발,,B737-900,188,"A,B,C,D"
출발,인천,대한항공,KE689,프놈펜,20251014,18:50,18:50,19:09,여객,출발,,B737-900,188,"A,B,C,D"
출발,인천,대한항공,KE743,나고야,20251014,18:50,18:50,19:12,여객,출발,,A321neo,182,"A,B,C,D"
출발,인천,델타항공,DL26,애틀랜타,20251014,18:50,18:50,19:10,여객,출발,,A350-900,306,"K,F,G,L"
출발,인천,대한항공,KE895,푸동,20251014,18:55,19:17,19:39,여객,지연,항공교통흐름에 의한 지연,A330-300,272,"A,B,C,D"
출발,인천,대한항공,KE721,간사이,20251014,19:00,19:00,19:32,여객,출발,,A321neo,182,"A,B,C,D"
출발,인천,대한항공,KE401,시드니,20251014,19:10,19:10,19:40,여객,출발,,A380-800,407,"A,B,C,D"
출발,인천,델타항공,DL196,시애틀,20251014,19:20,23:45,:,여객,,항공기 연결에 의한 지연,A330-900neo,281,"K,F,G,L"
출발,인천,대한항공,KE163,장가계,20251014,19:25,19:25,19:44,여객,출발,,B737-900,188,"A,B,C,D"
출발,인천,에어서울,RS581,팡라로,20251014,19:25,19:25,19:46,여객,출발,,A321,195,"E,F,G,L"
출발,인천,대한항공,KE085,뉴욕,20251014,19:30,20:25,20:51,여객,지연,기타 원인에 의한 지연,B747-8i,368,"A,B,C,D"
출발,인천,대한항공,KE1431,대구,20251014,19:30,19:30,19:52,여객,출발,,B737-900,188,
출발,인천,대한항공,KE1409,김해,20251014,19:35,19:35,20:03,여객,출발,,B737-900,188,
출발,인천,진에어,LJ917,괌,20251014,19:35,19:57,20:25,여객,지연,항공기 정비에 의한 지연,B737-800,189,"H,F,G,L"
출발,인천,델타항공,DL172,솔트레이크시티,20251014,19:40,19:40,19:56,여객,출발,,A350-900,306,"K,F,G,L"
출발,인천,대한항공,KE177,홍콩,20251014,19:45,19:45,20:05,여객,출발,,A321neo,182,"A,B,C,D"
출발,인천,대한항공,KE477,떤 선녓(호찌민),20251014,19:45,19:45,20:09,여객,출발,,B737-900,188,"A,B,C,D"
출발,인천,대한항공,KE659,수안나폼(방콕),20251014,19:45,19:45,20:15,여객,출발,,B737-900,188,"A,B,C,D"
출발,인천,에어서울,RS527,깜라인(나트랑),20251014,19:50,19:50,20:23,여객,출발,,A321,195,"E,F,G,L"
출발,인천,진에어,LJ001,수안나폼(방콕),20251014,19:55,19:55,20:32,여객,출발,,B737-800,189,"H,F,G,L"
출발,인천,대한항공,KE467,깜라인(나트랑),20251014,20:00,20:00,20:28,여객,출발,,B737-900,188,"A,B,C,D"
출발,인천,대한항공,KE853,베이징,20251014,20:00,20:00,20:17,여객,출발,,A330-300,272,"A,B,C,D"
출발,인천,대한항공,KE615,세부,20251014,20:05,20:05,20:40,여객,출발,,B737-900,188,"A,B,C,D"
출발,인천,대한항공,KE625,마닐라,20251014,20:15,20:15,20:47,여객,출발,,B737-900,188,"A,B,C,D"
출발,인천,대한항공,KE011,로스앤젤레스,20251014,20:25,20:25,20:59,여객,출발,,A380-800,407,"A,B,C,D"
출발,인천,대한항공,KE719,하네다,20251014,20:30,20:30,20:56,여객,출발,,A321neo,182,"A,B,C,D"
출발,인천,샤먼항공,MF878,푸저우(복주),20251014,20:35,20:35,20:45,여객,출발,,B737-800,168,"J,F,G,L"
출발,인천,중화항공,CI163,타오위안,20251014,20:35,20:35,21:06,여객,출발,,A330-300,277,"J,F,G,L"
출발,인천,진에어,LJ087,깜라인(나트랑),20251014,20:40,21:06,21:24,여객,지연,항공기 연결에 의한 지연,B737-800,189,"H,F,G,L"
출발,인천,에어서울,RS511,다낭,20251014,20:55,21:35,22:16,여객,지연,항공기 연결에 의한 지연,A321,195,"E,F,G,L"
출발,인천,대한항공,KE005,라스베이거스,20251014,21:00,21:00,21:14,여객,출발,,B777-300ER,277,"A,B,C,D"
출발,인천,대한항공,KE053,호놀룰루,20251014,21:05,21:05,21:23,여객,출발,,A330-300,272,"A,B,C,D"
출발,인천,대한항공,KE655,수안나폼(방콕),20251014,21:15,21:15,21:45,여객,출발,,A330-300,272,"A,B,C,D"
출발,인천,에어부산,BX787,깜라인(나트랑),20251014,21:30,21:30,21:55,여객,출발,,A321,195,"E,F,G,L"
출발,인천,네덜란드항공,KL856,암스테르담,20251014,22:25,22:25,22:48,여객,출발,,B787-9,294,"M,F,G,L"
출발,인천,대한항공,KE619,마닐라,20251014,22:35,22:35,23:01,여객,출발,,A330-300,272,"A,B,C,D"
출발,인천,대한항공,KE647,싱가포르,20251014,23:35,23:35,23:46,여객,출발,,B777-300ER,277,"A,B,C,D"
출발,인천,대한항공,KE1401,김해,20251015,06:35,06:35,06:54,여객,출발,,B737-900,188,
출발,인천,에어부산,BX164,도쿄/나리타,20251015,07:15,07:15,07:33,여객,출발,,A321,195,"E,F,G,L"
출발,인천,에어서울,RS711,간사이,20251015,07:15,07:15,07:37,여객,출발,,A321,195,"E,F,G,L"
출발,인천,진에어,LJ261,후쿠오카,20251015,07:15,07:15,07:30,여객,출발,,B737-800,189,"H,F,G,L"
출발,인천,에어부산,BX156,후쿠오카,20251015,07:20,07:20,07:42,여객,출발,,A321,195,"E,F,G,L"
출발,인천,대한항공,KE787,후쿠오카,20251015,07:25,07:25,07:44,여객,출발,,B737-900,188,"A,B,C,D"
출발,인천,대한항공,KE771,오카야마,20251015,07:30,07:30,07:53,여객,출발,,B737-900,188,"A,B,C,D"
출발,인천,진에어,LJ345,나고야,20251015,07:30,07:30,07:46,여객,출발,,B737-800,189,"H,F,G,L"
출발,인천,진에어,LJ231,간사이,20251015,07:40,07:40,08:10,여객,출발,,B737-800,189,"H,F,G,L"
출발,인천,대한항공,KE173,홍콩,20251015,07:45,07:45,08:15,여객,출발,,A321neo,182,"A,B,C,D"
출발,인천,대한항공,KE621,마닐라,20251015,07:50,07:50,08:19,여객,출발,,B737-900,188,"A,B,C,D"
출발,인천,대한항공,KE845,청도,20251015,07:50,07:50,08:13,여객,출발,,B737-900,188,"A,B,C,D"
출발,인천,진에어,LJ731,타오위안,20251015,07:50,07:50,08:03,여객,출발,,B737-800,189,"H,F,G,L"
출발,인천,대한항공,KE131,정저우,20251015,08:00,08:00,08:30,여객,출발,,B737-900,188,"A,B,C,D"
출발,인천,대한항공,KE441,노이바이(하노이),20251015,08:00,08:00,08:26,여객,출발,,A330-300,272,"A,B,C,D"
출발,인천,에어서울,RS727,후쿠오카,20251015,08:05,08:05,08:29,여객,출발,,A321,195,"E,F,G,L"
출발,인천,대한항공,KE197,칭기즈칸(신 울란바토르) 국제공항,20251015,08:10,08:10,08:39,여객,출발,,B737-900,188,"A,B,C,D"
출발,인천,에어서울,RS705,도쿄/나리타,20251015,08:10,10:00,:,여객,지연,항공기 연결에 의한 지연,A321,195,"E,F,G,L"
출발,인천,진에어,LJ241,간사이,20251015,08:10,08:10,08:37,여객,출발,,B737-800,189,"H,F,G,L"
출발,인천,진에어,LJ357,시모지시마,20251015,08:10,08:10,08:41,여객,출발,,B737-800,189,"H,F,G,L"
출발,인천,대한항공,KE859,베이징,20251015,08:15,08:15,08:34,여객,출발,,B777-300ER,277,"A,B,C,D"
출발,인천,진에어,LJ203,도쿄/나리타,20251015,08:15,08:34,08:56,여객,지연,공항 및 출입국 절차에 의한 지연,B737-800,189,"H,F,G,L"
출발,인천,대한항공,KE1403,김해,20251015,08:20,08:20,08:39,여객,출발,,B737-900,188,
출발,인천,진에어,LJ301,삿포로,20251015,08:20,08:20,08:53,여객,출발,,B737-800,189,"H,F,G,L"
출발,인천,대한항공,KE731,고베,20251015,08:25,08:25,09:01,여객,출발,,A321neo,182,"A,B,C,D"
출발,인천,대한항공,KE893,푸동,20251015,08:25,08:25,08:58,여객,출발,,A330-300,272,"A,B,C,D"
출발,인천,에어 프랑스,AF267,파리,20251015,08:30,08:30,08:52,여객,출발,,B777-300ER,296,"M,F,G,L"
출발,인천,대한항공,KE775,고마쓰,20251015,08:35,08:35,09:12,여객,출발,,B737-900,188,"A,B,C,D"
출발,인천,대한항공,KE827,선전(심천),20251015,08:40,08:40,09:12,여객,출발,,B737-900,188,"A,B,C,D"
출발,인천,대한항공,KE831,심양,20251015,08:45,08:35,09:04,여객,지연,기상에 의한 지연,B737-900,188,"A,B,C,D"
출발,인천,에어서울,RS741,다카마쓰,20251015,08:45,08:45,09:15,여객,출발,,A321,195,"E,F,G,L"
출발,인천,대한항공,KE137,우한,20251015,08:50,08:50,09:08,여객,출발,,B737-900,188,"A,B,C,D"
출발,인천,대한항공,KE865,광저우,20251015,08:50,08:50,09:19,여객,출발,,A330-300,272,"A,B,C,D"
출발,인천,대한항공,KE819,창사(장사),20251015,09:00,09:00,09:27,여객,출발,,B737-900,188,"A,B,C,D"
출발,인천,대한항공,KE469,떤 선녓(호찌민),20251015,09:05,09:05,09:35,여객,출발,,A330-300,272,"A,B,C,D"
출발,인천,대한항공,KE805,천진,20251015,09:10,09:10,09:50,여객,출발,,B737-900,188,"A,B,C,D"
출발,인천,대한항공,KE811,시안,20251015,09:10,09:10,09:43,여객,출발,,B737-900,188,"A,B,C,D"
출발,인천,에어부산,BX172,간사이,20251015,09:15,09:15,09:33,여객,출발,,A321,195,"E,F,G,L"
출발,인천,대한항공,KE035,애틀랜타,20251015,09:20,09:20,09:53,여객,출발,,B777-300ER,277,"A,B,C,D"
출발,인천,대한항공,KE785,가고시마,20251015,09:20,09:20,09:49,여객,출발,,B737-900,188,"A,B,C,D"
출발,인천,진에어,LJ913,괌,20251015,09:20,09:20,09:55,여객,출발,,B737-800,189,"H,F,G,L"
출발,인천,대한항공,KE031,댈러스,20251015,09:30,09:30,10:09,여객,출발,,B787-9,269,"A,B,C,D"
출발,인천,대한항공,KE091,보스턴,20251015,09:30,09:30,09:47,여객,출발,,B787-9,269,"A,B,C,D"
출발,인천,대한항공,KE657,수안나폼(방콕),20251015,09:30,09:30,10:04,여객,출발,,A330-300,272,"A,B,C,D"
출발,인천,대한항공,KE755,오키나와,20251015,09:30,09:30,10:07,여객,지연,항공기 연결에 의한 지연,B737-900,188,"A,B,C,D"
출발,인천,대한항공,KE073,토론토,20251015,09:35,09:35,10:04,여객,출발,,B777-300ER,277,"A,B,C,D"
출발,인천,대한항공,KE421,괌,20251015,09:45,09:45,10:11,여객,출발,,B737-900,188,"A,B,C,D"
출발,인천,진에어,LJ341,오키나와,20251015,09:55,09:55,10:24,여객,출발,,B737-800,189,"H,F,G,L"
출발,인천,대한항공,KE081,뉴욕,20251015,10:00,10:00,10:30,여객,출발,,A380-800,407,"A,B,C,D"
출발,인천,대한항공,KE703,도쿄/나리타,20251015,10:10,10:10,10:40,여객,출발,,A321neo,182,"A,B,C,D"
출발,인천,진에어,LJ233,간사이,20251015,10:10,10:10,10:33,여객,출발,,B737-800,189,"H,F,G,L"
출발,인천,델타항공,DL158,디트로이트,20251015,10:15,10:15,10:37,여객,출발,,A350-900,306,"K,F,G,L"
출발,인천,대한항공,KE125,샤먼 가오치,20251015,10:20,10:20,10:43,여객,출발,,B737-900,188,"A,B,C,D"
출발,인천,대한항공,KE169,마카오,20251015,10:20,10:20,10:37,여객,출발,,A321neo,182,"A,B,C,D"
출발,인천,대한항공,KE093,워싱톤,20251015,10:25,10:25,10:43,여객,출발,,B777-300ER,277,"A,B,C,D"
출발,인천,대한항공,KE101,남경,20251015,10:25,10:25,10:46,여객,출발,,A321neo,182,"A,B,C,D"
출발,인천,대한항공,KE937,비엔나,20251015,10:25,10:25,10:57,여객,출발,,B787-9,269,"A,B,C,D"
출발,인천,가루다인도네시아,GA879,자카르타(수카르노 하타),20251015,10:35,10:35,10:55,여객,출발,,A330-900neo,301,"J,F,G,L"
출발,인천,대한항공,KE741,나고야,20251015,10:35,10:35,10:52,여객,출발,,A321neo,182,"A,B,C,D"
출발,인천,대한항공,KE037,시카고,20251015,10:40,10:40,11:00,여객,출발,,B777-300ER,277,"A,B,C,D"
출발,인천,대한항공,KE855,베이징,20251015,10:40,10:40,11:05,여객,출발,,A330-300,272,"A,B,C,D"
출발,인천,대한항공,KE969,프라하,20251015,10:45,11:15,12:03,여객,지연,항공기 연결에 의한 지연,B787-9,269,"A,B,C,D"
출발,인천,대한항공,KE457,다낭,20251015,10:55,10:55,11:20,여객,출발,,B737-900,188,"A,B,C,D"
출발,인천,대한항공,KE907,런던히드로,20251015,10:55,10:55,11:28,여객,출발,,A380-800,407,"A,B,C,D"
출발,인천,대한항공,KE945,프랑크푸르트,20251015,11:05,11:05,11:39,여객,출발,,A380-800,407,"A,B,C,D"
출발,인천,대한항공,KE897,푸동,20251015,11:10,11:10,11:32,여객,출발,,B777-300ER,277,"A,B,C,D"
출발,인천,대한항공,KE901,파리,20251015,11:10,11:30,12:12,여객,지연,항공기 연결에 의한 지연,B777-300ER,277,"A,B,C,D"
출발,인천,가루다인도네시아,GA871,덴파사(응우라 라이),20251015,11:25,11:25,11:43,여객,출발,,A330-300,251,"J,F,G,L"
출발,인천,에어부산,BX158,후쿠오카,20251015,11:25,11:25,11:33,여객,출발,,A321,195,"E,F,G,L"
출발,인천,아에로멕시코,AM091,멕시코시티,20251015,11:40,11:40,12:04,여객,출발,,B787-9,274,"H,F,G,L"
출발,인천,대한항공,KE107,항저우,20251015,12:00,12:00,12:17,여객,출발,,A321neo,182,"A,B,C,D"
출발,인천,중화항공,CI165,가오슝,20251015,12:05,12:05,12:23,여객,출발,,A321neo,180,"J,F,G,L"
출발,인천,진에어,LJ263,후쿠오카,20251015,12:10,12:10,12:26,여객,출발,,B737-800,189,"H,F,G,L"
출발,인천,대한항공,KE769,삿포로,20251015,12:35,12:35,12:56,여객,출발,,B737-900,188,"A,B,C,D"
출발,인천,대한항공,KE803,천진,20251015,12:35,12:35,13:02,여객,출발,,B737-900,188,"A,B,C,D"
출발,인천,중화항공,CI161,타오위안,20251015,12:35,12:35,12:47,여객,출발,,A330-300,277,"J,F,G,L"
출발,인천,에어부산,BX174,간사이,20251015,12:40,12:40,12:48,여객,출발,,A321,195,"E,F,G,L"
출발,인천,대한항공,KE711,도쿄/나리타,20251015,13:00,13:00,13:22,여객,출발,,A321neo,182,"A,B,C,D"
출발,인천,대한항공,KE869,대련,20251015,13:00,13:00,13:39,여객,출발,,B737-900,188,"A,B,C,D"
출발,인천,대한항공,KE921,리스본,20251015,13:00,13:00,13:32,여객,출발,,B787-9,269,"A,B,C,D"
출발,인천,대한항공,KE843,청도,20251015,13:05,13:05,13:24,여객,출발,,B737-900,188,"A,B,C,D"
출발,인천,에어서울,RS701,도쿄/나리타,20251015,13:05,13:05,13:37,여객,출발,,A321,195,"E,F,G,L"
출발,인천,진에어,GS7994,천진,20251015,13:05,13:05,13:41,여객,출발,,B737-800,189,"H,F,G,L"
출발,인천,대한항공,KE931,로마,20251015,13:20,13:20,13:47,여객,출발,,B777-300ER,277,"A,B,C,D"
출발,인천,대한항공,KE135,허페이,20251015,13:25,13:25,14:20,여객,지연,항공기 연결에 의한 지연,B737-900,188,"A,B,C,D"
출발,인천,대한항공,KE175,홍콩,20251015,13:25,13:25,13:49,여객,출발,,A321neo,182,"A,B,C,D"
출발,인천,대한항공,KE951,두바이,20251015,13:25,13:25,13:54,여객,출발,,B777-300ER,277,"A,B,C,D"
출발,인천,에어서울,RS745,요나고,20251015,13:25,13:25,13:52,여객,출발,,A321,195,"E,F,G,L"
출발,인천,샤먼항공,MF872,샤먼 가오치,20251015,13:30,13:30,13:46,여객,출발,,B737-800,168,"J,F,G,L"
출발,인천,대한항공,KE927,밀라노,20251015,13:40,13:40,14:11,여객,출발,,B787-9,269,"A,B,C,D"
출발,인천,대한항공,KE955,이스탄불,20251015,13:40,13:40,14:05,여객,출발,,B777-300ER,277,"A,B,C,D"
출발,인천,대한항공,KE789,후쿠오카,20251015,13:45,13:45,14:22,여객,출발,,B737-900,188,"A,B,C,D"
출발,인천,진에어,LJ861,청도,20251015,13:50,13:50,14:27,여객,출발,,B737-800,189,"H,F,G,L"
출발,인천,에어서울,RS723,후쿠오카,20251015,14:25,14:25,14:58,여객,지연,공항 및 출입국 절차에 의한 지연,A321,195,"E,F,G,L"
출발,인천,대한항공,KE017,로스앤젤레스,20251015,14:30,14:50,15:31,여객,지연,항공기 연결에 의한 지연,B747-8i,368,"A,B,C,D"
출발,인천,진에어,LJ359,다카마쓰,20251015,14:30,14:30,15:02,여객,출발,,B737-800,189,"H,F,G,L"
출발,인천,대한항공,KE833,심양,20251015,14:35,14:35,15:03,여객,출발,,B737-900,188,"A,B,C,D"
출발,인천,진에어,LJ237,간사이,20251015,14:40,14:40,15:08,여객,출발,,B737-800,189,"H,F,G,L"
출발,인천,대한항공,KE643,싱가포르,20251015,14:45,14:45,15:12,여객,출발,,A330-300,272,"A,B,C,D"
출발,인천,대한항공,KE725,간사이,20251015,14:55,15:20,16:05,여객,지연,항공기 연결에 의한 지연,A321neo,182,"A,B,C,D"
출발,인천,대한항공,KE627,자카르타(수카르노 하타),20251015,15:10,15:26,15:49,여객,지연,항공교통흐름에 의한 지연,A330-300,272,"A,B,C,D"
출발,인천,대한항공,KE189,타이중,20251015,15:15,15:15,15:44,여객,출발,,A321neo,182,"A,B,C,D"
출발,인천,진에어,LJ209,도쿄/나리타,20251015,15:15,15:37,15:58,여객,지연,공항 및 출입국 절차에 의한 지연,B737-800,189,"H,F,G,L"
출발,인천,에어서울,RS715,간사이,20251015,15:20,16:45,16:56,여객,지연,항공기 연결에 의한 지연,A321,195,"E,F,G,L"
출발,인천,에어부산,BX176,간사이,20251015,15:25,15:25,16:01,여객,지연,공항 및 출입국 절차에 의한 지연,A321,195,"E,F,G,L"
출발,인천,진에어,LJ851,황산,20251015,15:35,16:05,16:39,여객,지연,항공기 연결에 의한 지연,B737-800,189,"H,F,G,L"
출발,인천,대한항공,KE671,쿠알라룸푸르,20251015,15:40,15:40,16:11,여객,출발,,A330-300,272,"A,B,C,D"
출발,인천,대한항공,KE733,고베,20251015,15:50,15:50,16:16,여객,출발,,A321neo,182,"A,B,C,D"
출발,인천,에어부산,BX166,도쿄/나리타,20251015,15:50,15:50,16:13,여객,출발,,A321,195,"E,F,G,L"
출발,인천,대한항공,KE023,샌프란시스코,20251015,16:00,16:00,16:30,여객,출발,,B777-300ER,277,"A,B,C,D"
출발,인천,진에어,LJ347,나고야,20251015,16:05,16:39,16:59,여객,지연,항공기 정비에 의한 지연,B737-800,189,"H,F,G,L"
출발,인천,대한항공,KE187,타오위안,20251015,16:10,16:10,16:21,여객,출발,,A321neo,182,"A,B,C,D"
출발,인천,대한항공,KE633,덴파사(응우라 라이),20251015,16:10,16:10,16:35,여객,출발,,A330-300,272,"A,B,C,D"
출발,인천,진에어,LJ351,기타규슈,20251015,16:15,16:15,16:32,여객,출발,,B737-800,189,"H,F,G,L"
출발,인천,델타항공,DL188,애틀랜타,20251015,16:25,16:25,16:50,여객,출발,,A350-900,306,"K,F,G,L"
출발,인천,대한항공,KE041,시애틀,20251015,16:40,16:55,17:16,여객,지연,기타 원인에 의한 지연,A330-300,272,"A,B,C,D"
출발,인천,진에어,LJ271,후쿠오카,20251015,17:00,17:00,17:18,여객,출발,,B737-800,189,"H,F,G,L"
출발,인천,대한항공,KE713,도쿄/나리타,20251015,17:05,17:05,17:20,여객,출발,,A321neo,182,"A,B,C,D"
출발,인천,진에어,LJ091,푸꾸옥,20251015,17:05,17:05,17:23,여객,출발,,B737-800,189,"H,F,G,L"
출발,인천,대한항공,KE1405,김해,20251015,17:10,17:10,17:27,여객,출발,,B737-900,188,
출발,인천,대한항공,KE485,푸꾸옥,20251015,17:10,17:10,17:35,여객,출발,,B737-900,188,"A,B,C,D"
출발,인천,진에어,LJ009,치앙마이,20251015,17:10,17:10,17:36,여객,출발,,B737-800,189,"H,F,G,L"
출발,인천,대한항공,KE8425,괌,20251015,17:15,17:15,17:38,여객,출발,,B737-900,188,"A,B,C,D"
출발,인천,에어부산,BX747,수안나폼(방콕),20251015,17:15,17:15,17:40,여객,출발,,A321,195,"E,F,G,L"
출발,인천,진에어,LJ919,괌,20251015,17:35,17:35,17:57,여객,출발,,B737-800,189,"H,F,G,L"
출발,인천,대한항공,KE629,덴파사(응우라 라이),20251015,17:45,17:45,18:12,여객,출발,,A330-300,272,"A,B,C,D"
출발,인천,대한항공,KE663,푸껫,20251015,17:50,17:50,18:08,여객,출발,,B737-900,188,"A,B,C,D"
출발,인천,대한항공,KE411,오클랜드,20251015,18:00,18:50,19:44,여객,지연,항공기 연결에 의한 지연,B787-9,269,"A,B,C,D"
출발,인천,대한항공,KE651,수안나폼(방콕),20251015,18:05,18:20,18:50,여객,지연,항공기 연결에 의한 지연,A330-300,272,"A,B,C,D"
출발,인천,대한항공,KE461,다낭,20251015,18:20,18:20,18:42,여객,출발,,B737-900,188,"A,B,C,D"
출발,인천,대한항공,KE1407,김해,20251015,18:25,18:25,19:08,여객,지연,항공교통흐름에 의한 지연,B737-900,188,
출발,인천,대한항공,KE667,치앙마이,20251015,18:25,18:25,18:54,여객,출발,,B737-900,188,"A,B,C,D"
출발,인천,대한항공,KE705,도쿄/나리타,20251015,18:35,18:35,18:56,여객,출발,,A321neo,182,"A,B,C,D"
출발,인천,대한항공,KE871,대련,20251015,18:35,18:35,19:18,여객,지연,항공교통흐름에 의한 지연,B737-900,188,"A,B,C,D"
출발,인천,대한항공,KE161,쿤밍,20251015,18:40,18:40,19:10,여객,출발,,B737-900,188,"A,B,C,D"
출발,인천,대한항공,KE423,괌,20251015,18:40,18:55,19:35,여객,지연,항공기 연결에 의한 지연,B737-900,188,"A,B,C,D"
출발,인천,대한항공,KE645,싱가포르,20251015,18:40,18:40,19:12,여객,출발,,A330-300,272,"A,B,C,D"
출발,인천,대한항공,KE781,후쿠오카,20251015,18:40,18:40,19:04,여객,출발,,B737-900,188,"A,B,C,D"
출발,인천,델타항공,DL170,미니애폴리스,20251015,18:40,18:40,19:06,여객,출발,,A350-900,306,"K,F,G,L"
출발,인천,대한항공,KE071,밴쿠버,20251015,18:45,18:45,19:21,여객,지연,항공교통흐름에 의한 지연,B787-9,269,"A,B,C,D"
출발,인천,대한항공,KE453,노이바이(하노이),20251015,18:45,20:13,:,여객,지연,항공기 연결에 의한 지연,B737-900,188,"A,B,C,D"
출발,인천,대한항공,KE475,떤 선녓(호찌민),20251015,18:45,18:45,19:37,여객,지연,항공교통흐름에 의한 지연,B737-900,188,"A,B,C,D"
출발,인천,에어서울,RS703,도쿄/나리타,20251015,18:45,18:45,19:29,여객,지연,공항 및 출입국 절차에 의한 지연,A321,195,"E,F,G,L"
출발,인천,대한항공,KE623,마닐라,20251015,18:50,18:50,19:27,여객,지연,항공교통흐름에 의한 지연,B737-900,188,"A,B,C,D"
출발,인천,대한항공,KE689,프놈펜,20251015,18:50,18:50,19:32,여객,지연,항공교통흐름에 의한 지연,B737-900,188,"A,B,C,D"
출발,인천,대한항공,KE743,나고야,20251015,18:50,18:50,19:25,여객,출발,,A321neo,182,"A,B,C,D"
출발,인천,델타항공,DL26,애틀랜타,20251015,18:50,19:09,19:33,여객,지연,공항 및 출입국 절차에 의한 지연,A350-900,306,"K,F,G,L"
출발,인천,대한항공,KE895,푸동,20251015,18:55,19:10,19:52,여객,지연,항공기 연결에 의한 지연,A330-300,272,"A,B,C,D"
출발,인천,대한항공,KE721,간사이,20251015,19:00,19:00,19:40,여객,지연,항공교통흐름에 의한 지연,A321neo,182,"A,B,C,D"
출발,인천,대한항공,KE401,시드니,20251015,19:10,19:10,19:54,여객,지연,항공기 연결에 의한 지연,A380-800,407,"A,B,C,D"
출발,인천,에어부산,BX741,비엔티안,20251015,19:15,19:15,19:41,여객,출발,,A321,195,"E,F,G,L"
출발,인천,델타항공,DL196,시애틀,20251015,19:20,21:03,21:28,여객,지연,항공기 연결에 의한 지연,A330-900neo,281,"K,F,G,L"
출발,인천,대한항공,KE163,장가계,20251015,19:25,19:25,20:05,여객,지연,항공교통흐름에 의한 지연,B737-900,188,"A,B,C,D"
출발,인천,에어서울,RS581,팡라로,20251015,19:25,19:25,20:00,여객,출발,,A321,195,"E,F,G,L"
출발,인천,대한항공,KE085,뉴욕,20251015,19:30,20:00,20:46,여객,지연,기타 원인에 의한 지연,B747-8i,368,"A,B,C,D"
출발,인천,대한항공,KE1431,대구,20251015,19:30,19:30,20:18,여객,지연,항공기 연결에 의한 지연,B737-900,188,
출발,인천,대한항공,KE1409,김해,20251015,19:35,19:35,20:31,여객,지연,항공교통흐름에 의한 지연,B737-900,188,
출발,인천,진에어,LJ917,괌,20251015,19:35,19:35,20:10,여객,출발,,B737-800,189,"H,F,G,L"
출발,인천,델타항공,DL172,솔트레이크시티,20251015,19:40,19:40,20:02,여객,출발,,A350-900,306,"K,F,G,L"
출발,인천,대한항공,KE177,홍콩,20251015,19:45,20:12,20:38,여객,지연,항공교통흐름에 의한 지연,A321neo,182,"A,B,C,D"
출발,인천,대한항공,KE477,떤 선녓(호찌민),20251015,19:45,19:45,20:29,여객,지연,항공교통흐름에 의한 지연,B737-900,188,"A,B,C,D"
출발,인천,대한항공,KE659,수안나폼(방콕),20251015,19:45,20:22,20:42,여객,지연,항공교통흐름에 의한 지연,B737-900,188,"A,B,C,D"
출발,인천,진에어,LJ001,수안나폼(방콕),20251015,19:55,20:31,20:54,여객,지연,공항 및 출입국 절차에 의한 지연,B737-800,189,"H,F,G,L"
출발,인천,대한항공,KE467,깜라인(나트랑),20251015,20:00,20:00,21:03,여객,지연,항공교통흐름에 의한 지연,B737-900,188,"A,B,C,D"
출발,인천,대한항공,KE853,베이징,20251015,20:00,20:00,20:58,여객,지연,항공교통흐름에 의한 지연,A330-300,272,"A,B,C,D"
출발,인천,대한항공,KE407,브리즈번,20251015,20:05,20:05,20:52,여객,지연,항공교통흐름에 의한 지연,A330-300,272,"A,B,C,D"
출발,인천,에어서울,RS527,깜라인(나트랑),20251015,20:10,20:10,21:20,여객,지연,항공교통흐름에 의한 지연,A321,195,"E,F,G,L"
출발,인천,대한항공,KE625,마닐라,20251015,20:15,20:15,21:14,여객,지연,항공교통흐름에 의한 지연,B737-900,188,"A,B,C,D"
출발,인천,대한항공,KE011,로스앤젤레스,20251015,20:25,20:25,21:18,여객,지연,항공교통흐름에 의한 지연,A380-800,407,"A,B,C,D"
출발,인천,진에어,LJ081,다낭,20251015,20:25,20:25,20:50,여객,출발,,B737-800,189,"H,F,G,L"
출발,인천,대한항공,KE719,하네다,20251015,20:30,20:30,21:05,여객,지연,항공교통흐름에 의한 지연,A321neo,182,"A,B,C,D"
출발,인천,샤먼항공,MF878,푸저우(복주),20251015,20:35,20:58,21:16,여객,지연,공항 및 출입국 절차에 의한 지연,B737-800,168,"J,F,G,L"
출발,인천,중화항공,CI163,타오위안,20251015,20:35,21:06,21:30,여객,지연,항공교통흐름에 의한 지연,A330-300,277,"J,F,G,L"
출발,인천,진에어,LJ087,깜라인(나트랑),20251015,20:40,21:20,21:42,여객,지연,공항 및 출입국 절차에 의한 지연,B737-800,189,"H,F,G,L"
출발,인천,에어서울,RS511,다낭,20251015,20:55,22:25,22:56,여객,지연,항공기 연결에 의한 지연,A321,195,"E,F,G,L"
출발,인천,대한항공,KE005,라스베이거스,20251015,21:00,21:00,21:54,여객,지연,항공교통흐름에 의한 지연,B777-300ER,277,"A,B,C,D"
출발,인천,대한항공,KE053,호놀룰루,20251015,21:05,21:40,22:00,여객,지연,항공기 연결에 의한 지연,A330-300,272,"A,B,C,D"
출발,인천,대한항공,KE655,수안나폼(방콕),20251015,21:15,21:15,22:00,여객,지연,항공교통흐름에 의한 지연,A330-300,272,"A,B,C,D"
출발,인천,에어부산,BX787,깜라인(나트랑),20251015,21:30,21:30,22:24,여객,지연,공항 및 출입국 절차에 의한 지연,A321,195,"E,F,G,L"
출발,인천,네덜란드항공,KL856,암스테르담,20251015,22:25,22:25,22:41,여객,출발,,B787-9,294,"M,F,G,L"
출발,인천,대한항공,KE619,마닐라,20251015,22:35,22:35,22:58,여객,출발,,A330-300,272,"A,B,C,D"
출발,인천,대한항공,KE075,밴쿠버,20251015,22:40,22:40,23:11,여객,출발,,B787-9,269,"A,B,C,D"
출발,인천,대한항공,KE647,싱가포르,20251015,23:35,23:35,23:56,여객,출발,,B777-300ER,277,"A,B,C,D"
출발,인천,스칸디나비아항공,SK988,코펜하겐,20251016,00:05,23:45,00:18,여객,출발,,A350-900,300,"K,F,G,L"
출발,인천,대한항공,KE1401,김해,20251016,06:35,06:35,06:47,여객,출발,,B737-900,188,
출발,인천,에어부산,BX164,도쿄/나리타,20251016,07:15,07:15,07:29,여객,출발,,A321,195,"E,F,G,L"
출발,인천,에어서울,RS711,간사이,20251016,07:15,07:15,07:45,여객,출발,,A321,195,"E,F,G,L"
출발,인천,진에어,LJ261,후쿠오카,20251016,07:15,07:15,07:50,여객,출발,,B737-800,189,"H,F,G,L"
출발,인천,에어부산,BX156,후쿠오카,20251016,07:20,07:20,07:43,여객,출발,,A321,195,"E,F,G,L"
출발,인천,대한항공,KE787,후쿠오카,20251016,07:25,07:25,07:41,여객,출발,,B737-900,188,"A,B,C,D"
출발,인천,대한항공,KE795,나가사키,20251016,07:30,07:30,07:54,여객,출발,,B737-900,188,"A,B,C,D"
출발,인천,진에어,LJ345,나고야,20251016,07:30,07:30,07:59,여객,출발,,B737-800,189,"H,F,G,L"
출발,인천,진에어,LJ231,간사이,20251016,07:40,07:40,08:08,여객,출발,,B737-800,189,"H,F,G,L"
출발,인천,대한항공,KE173,홍콩,20251016,07:45,07:45,08:12,여객,출발,,A321neo,182,"A,B,C,D"
출발,인천,대한항공,KE621,마닐라,20251016,07:50,07:50,08:31,여객,출발,,B737-900,188,"A,B,C,D"
출발,인천,대한항공,KE845,청도,20251016,07:50,07:50,08:17,여객,출발,,B737-900,188,"A,B,C,D"
출발,인천,진에어,LJ731,타오위안,20251016,07:50,07:50,08:15,여객,출발,,B737-800,189,"H,F,G,L"
출발,인천,대한항공,KE131,정저우,20251016,08:00,08:00,08:29,여객,출발,,B737-900,188,"A,B,C,D"
출발,인천,대한항공,KE441,노이바이(하노이),20251016,08:00,08:00,08:19,여객,출발,,A330-300,272,"A,B,C,D"
출발,인천,대한항공,KE197,칭기즈칸(신 울란바토르) 국제공항,20251016,08:10,08:10,08:33,여객,출발,,B737-900,188,"A,B,C,D"
출발,인천,대한항공,KE767,아오모리,20251016,08:10,08:10,08:44,여객,출발,,B737-900,188,"A,B,C,D"
출발,인천,진에어,LJ241,간사이,20251016,08:10,08:10,08:47,여객,출발,,B737-800,189,"H,F,G,L"
출발,인천,진에어,LJ357,시모지시마,20251016,08:10,08:10,08:42,여객,출발,,B737-800,189,"H,F,G,L"
출발,인천,대한항공,KE859,베이징,20251016,08:15,08:15,08:39,여객,출발,,B777-300ER,277,"A,B,C,D"
출발,인천,진에어,LJ203,도쿄/나리타,20251016,08:15,08:15,08:37,여객,출발,,B737-800,189,"H,F,G,L"
출발,인천,대한항공,KE127,푸저우(복주),20251016,08:20,08:20,08:41,여객,출발,,B737-900,188,"A,B,C,D"
출발,인천,대한항공,KE1403,김해,20251016,08:20,08:20,08:49,여객,출발,,B737-900,188,
출발,인천,진에어,LJ301,삿포로,20251016,08:20,08:20,08:51,여객,출발,,B737-800,189,"H,F,G,L"
출발,인천,대한항공,KE731,고베,20251016,08:25,08:25,08:59,여객,지연,항공교통흐름에 의한 지연,A321neo,182,"A,B,C,D"
출발,인천,대한항공,KE893,푸동,20251016,08:25,08:25,08:50,여객,출발,,A330-300,272,"A,B,C,D"
출발,인천,에어 프랑스,AF267,파리,20251016,08:30,08:30,08:53,여객,출발,,B777-300ER,296,"M,F,G,L"
출발,인천,대한항공,KE827,선전(심천),20251016,08:40,08:40,08:58,여객,출발,,B737-900,188,"A,B,C,D"
출발,인천,대한항공,KE831,심양,20251016,08:45,08:05,08:25,여객,출발,,B737-900,188,"A,B,C,D"
출발,인천,에어서울,RS741,다카마쓰,20251016,08:45,08:45,09:08,여객,출발,,A321,195,"E,F,G,L"
출발,인천,대한항공,KE137,우한,20251016,08:50,08:50,09:07,여객,출발,,B737-900,188,"A,B,C,D"
출발,인천,대한항공,KE865,광저우,20251016,08:50,08:50,09:09,여객,출발,,A330-300,272,"A,B,C,D"
출발,인천,대한항공,KE819,창사(장사),20251016,09:00,09:00,09:20,여객,출발,,B737-900,188,"A,B,C,D"
출발,인천,대한항공,KE469,떤 선녓(호찌민),20251016,09:05,09:05,09:27,여객,출발,,A330-300,272,"A,B,C,D"
출발,인천,진에어,LJ361,이시가키,20251016,09:05,09:05,09:19,여객,출발,,B737-800,189,"H,F,G,L"
출발,인천,대한항공,KE805,천진,20251016,09:10,09:10,09:37,여객,출발,,B737-900,188,"A,B,C,D"
출발,인천,대한항공,KE811,시안,20251016,09:10,09:10,09:41,여객,출발,,B737-900,188,"A,B,C,D"
출발,인천,에어부산,BX172,간사이,20251016,09:15,09:15,09:30,여객,출발,,A321,195,"E,F,G,L"
출발,인천,대한항공,KE035,애틀랜타,20251016,09:20,09:20,09:47,여객,출발,,B777-300ER,277,"A,B,C,D"
출발,인천,진에어,LJ913,괌,20251016,09:20,09:20,09:32,여객,출발,,B737-800,189,"H,F,G,L"
출발,인천,에어서울,RS701,도쿄/나리타,20251016,09:25,09:25,10:09,여객,지연,항공기 연결에 의한 지연,A321,195,"E,F,G,L"
출발,인천,대한항공,KE031,댈러스,20251016,09:30,10:10,10:37,여객,지연,항공기 정비에 의한 지연,B787-9,269,"A,B,C,D"
출발,인천,대한항공,KE091,보스턴,20251016,09:30,09:30,09:52,여객,출발,,B787-9,269,"A,B,C,D"
출발,인천,대한항공,KE657,수안나폼(방콕),20251016,09:30,09:30,09:51,여객,출발,,A330-300,272,"A,B,C,D"
출발,인천,대한항공,KE755,오키나와,20251016,09:30,09:30,09:57,여객,출발,,B737-900,188,"A,B,C,D"
출발,인천,대한항공,KE777,구마모토,20251016,09:30,09:30,09:54,여객,출발,,B737-900,188,"A,B,C,D"
출발,인천,에어서울,RS745,요나고,20251016,09:30,09:30,09:41,여객,출발,,A321,195,"E,F,G,L"
출발,인천,대한항공,KE073,토론토,20251016,09:35,09:35,10:05,여객,출발,,B777-300ER,277,"A,B,C,D"
출발,인천,대한항공,KE723,간사이,20251016,09:35,09:35,09:57,여객,출발,,A321neo,182,"A,B,C,D"
출발,인천,대한항공,KE763,니가타,20251016,09:40,09:40,10:02,여객,출발,,B737-900,188,"A,B,C,D"
출발,인천,대한항공,KE421,괌,20251016,09:45,09:45,10:07,여객,출발,,B737-900,188,"A,B,C,D"
출발,인천,진에어,LJ205,도쿄/나리타,20251016,09:45,10:05,10:21,여객,지연,공항 및 출입국 절차에 의한 지연,B737-800,189,"H,F,G,L"
출발,인천,대한항공,KE913,마드리드,20251016,09:55,09:55,10:08,여객,출발,,B787-9,269,"A,B,C,D"
출발,인천,진에어,LJ341,오키나와,20251016,09:55,09:55,10:19,여객,출발,,B737-800,189,"H,F,G,L"
출발,인천,대한항공,KE703,도쿄/나리타,20251016,10:10,10:10,10:48,여객,출발,,A321neo,182,"A,B,C,D"
출발,인천,델타항공,DL158,디트로이트,20251016,10:15,10:15,10:18,여객,출발,,A350-900,306,"K,F,G,L"
출발,인천,대한항공,KE125,샤먼 가오치,20251016,10:20,10:20,10:37,여객,출발,,B737-900,188,"A,B,C,D"
출발,인천,대한항공,KE169,마카오,20251016,10:20,10:20,10:39,여객,출발,,A321neo,182,"A,B,C,D"
출발,인천,대한항공,KE093,워싱톤,20251016,10:25,10:25,10:51,여객,출발,,B777-300ER,277,"A,B,C,D"
출발,인천,대한항공,KE185,타오위안,20251016,10:30,10:30,10:50,여객,출발,,A321neo,182,"A,B,C,D"
출발,인천,가루다인도네시아,GA879,자카르타(수카르노 하타),20251016,10:35,10:35,10:44,여객,출발,,A330-900neo,301,"J,F,G,L"
출발,인천,대한항공,KE741,나고야,20251016,10:35,10:35,10:53,여객,출발,,A321neo,182,"A,B,C,D"
출발,인천,대한항공,KE037,시카고,20251016,10:40,10:40,11:13,여객,출발,,B777-300ER,277,"A,B,C,D"
출발,인천,대한항공,KE457,다낭,20251016,10:55,10:55,11:28,여객,출발,,B737-900,188,"A,B,C,D"
출발,인천,대한항공,KE907,런던히드로,20251016,10:55,10:55,11:21,여객,출발,,A380-800,407,"A,B,C,D"
출발,인천,대한항공,KE791,후쿠오카,20251016,11:05,11:05,11:19,여객,출발,,B737-900,188,"A,B,C,D"
출발,인천,대한항공,KE917,취리히,20251016,11:05,11:45,12:32,여객,지연,항공기 정비에 의한 지연,B787-9,269,"A,B,C,D"
출발,인천,대한항공,KE897,푸동,20251016,11:10,11:10,11:53,여객,지연,항공교통흐름에 의한 지연,B777-300ER,277,"A,B,C,D"
출발,인천,대한항공,KE901,파리,20251016,11:10,11:10,11:45,여객,출발,,B777-300ER,277,"A,B,C,D"
출발,인천,가루다인도네시아,GA871,덴파사(응우라 라이),20251016,11:25,11:25,11:37,여객,출발,,A330-300,251,"J,F,G,L"
출발,인천,에어부산,BX158,후쿠오카,20251016,11:25,11:25,11:52,여객,출발,,A321,195,"E,F,G,L"
출발,인천,아에로멕시코,AM091,멕시코시티,20251016,11:40,11:40,12:08,여객,출발,,B787-9,274,"H,F,G,L"
출발,인천,대한항공,KE925,암스테르담,20251016,11:55,11:55,12:14,여객,출발,,B777-300ER,277,"A,B,C,D"
출발,인천,중화항공,CI165,가오슝,20251016,12:05,12:05,12:24,여객,출발,,A321neo,180,"J,F,G,L"
출발,인천,진에어,LJ263,후쿠오카,20251016,12:10,12:28,12:43,여객,지연,운항 기준 및 승무원 관련 지연,B737-800,189,"H,F,G,L"
출발,인천,대한항공,KE769,삿포로,20251016,12:35,12:35,12:53,여객,출발,,B737-900,188,"A,B,C,D"
출발,인천,대한항공,KE803,천진,20251016,12:35,12:35,13:08,여객,출발,,B737-900,188,"A,B,C,D"
출발,인천,중화항공,CI161,타오위안,20251016,12:35,12:35,12:59,여객,출발,,A330-300,277,"J,F,G,L"
출발,인천,에어부산,BX174,간사이,20251016,12:40,12:40,12:57,여객,출발,,A321,195,"E,F,G,L"
출발,인천,대한항공,KE497,델리,20251016,12:55,13:40,13:43,여객,지연,항공기 연결에 의한 지연,B787-9,269,"A,B,C,D"
출발,인천,에어서울,RS811,장가계,20251016,12:55,12:55,13:13,여객,출발,,A321,195,"E,F,G,L"
출발,인천,대한항공,KE711,도쿄/나리타,20251016,13:00,13:00,13:19,여객,출발,,A321neo,182,"A,B,C,D"
출발,인천,대한항공,KE869,대련,20251016,13:00,13:00,13:49,여객,지연,항공기 연결에 의한 지연,B737-900,188,"A,B,C,D"
출발,인천,대한항공,KE843,청도,20251016,13:05,13:45,13:45,여객,지연,항공교통흐름에 의한 지연,B737-900,188,"A,B,C,D"
출발,인천,대한항공,KE135,허페이,20251016,13:25,13:48,14:18,여객,지연,항공교통흐름에 의한 지연,B737-900,188,"A,B,C,D"
출발,인천,대한항공,KE175,홍콩,20251016,13:25,13:25,13:47,여객,출발,,A321neo,182,"A,B,C,D"
출발,인천,대한항공,KE951,두바이,20251016,13:25,13:25,14:00,여객,출발,,B777-300ER,277,"A,B,C,D"
출발,인천,샤먼항공,MF872,샤먼 가오치,20251016,13:30,13:30,13:36,여객,출발,,B737-800,168,"J,F,G,L"
출발,인천,대한항공,KE789,후쿠오카,20251016,13:45,13:45,14:14,여객,출발,,B737-900,188,"A,B,C,D"
출발,인천,에어서울,RS723,후쿠오카,20251016,14:25,14:25,14:43,여객,출발,,A321,195,"E,F,G,L"
출발,인천,대한항공,KE017,로스앤젤레스,20251016,14:30,14:30,14:47,여객,출발,,B747-8i,368,"A,B,C,D"
출발,인천,대한항공,KE833,심양,20251016,14:35,14:35,14:50,여객,출발,,B737-900,188,"A,B,C,D"
출발,인천,진에어,LJ237,간사이,20251016,14:40,14:40,14:59,여객,출발,,B737-800,189,"H,F,G,L"
출발,인천,대한항공,KE643,싱가포르,20251016,14:45,14:45,15:13,여객,출발,,A330-300,272,"A,B,C,D"
출발,인천,대한항공,KE725,간사이,20251016,14:55,14:55,15:08,여객,출발,,A321neo,182,"A,B,C,D"
출발,인천,대한항공,KE627,자카르타(수카르노 하타),20251016,15:10,15:10,15:31,여객,출발,,A330-300,272,"A,B,C,D"
출발,인천,대한항공,KE189,타이중,20251016,15:15,15:15,15:46,여객,출발,,A321neo,182,"A,B,C,D"
출발,인천,진에어,LJ209,도쿄/나리타,20251016,15:15,15:15,15:40,여객,출발,,B737-800,189,"H,F,G,L"
출발,인천,에어서울,RS715,간사이,20251016,15:20,15:20,15:45,여객,출발,,A321,195,"E,F,G,L"
출발,인천,에어부산,BX176,간사이,20251016,15:25,15:25,15:58,여객,출발,,A321,195,"E,F,G,L"
출발,인천,대한항공,KE671,쿠알라룸푸르,20251016,15:40,16:43,17:06,여객,지연,항공기 연결에 의한 지연,A330-300,272,"A,B,C,D"
출발,인천,대한항공,KE733,고베,20251016,15:50,15:50,16:05,여객,출발,,A321neo,182,"A,B,C,D"
출발,인천,에어부산,BX166,도쿄/나리타,20251016,15:50,15:50,16:18,여객,출발,,A321,195,"E,F,G,L"
출발,인천,대한항공,KE023,샌프란시스코,20251016,16:00,16:30,16:56,여객,지연,항공기 연결에 의한 지연,B777-300ER,277,"A,B,C,D"
출발,인천,진에어,LJ347,나고야,20251016,16:05,16:05,16:36,여객,출발,,B737-800,189,"H,F,G,L"
출발,인천,대한항공,KE187,타오위안,20251016,16:10,16:10,16:24,여객,출발,,A321neo,182,"A,B,C,D"
출발,인천,대한항공,KE633,덴파사(응우라 라이),20251016,16:10,16:10,16:46,여객,출발,,A330-300,272,"A,B,C,D"
출발,인천,진에어,LJ351,기타규슈,20251016,16:15,16:15,16:43,여객,출발,,B737-800,189,"H,F,G,L"
출발,인천,델타항공,DL188,애틀랜타,20251016,16:25,16:25,16:50,여객,출발,,A350-900,306,"K,F,G,L"
출발,인천,대한항공,KE041,시애틀,20251016,16:40,16:40,17:13,여객,출발,,A330-300,272,"A,B,C,D"
출발,인천,에어서울,RS703,도쿄/나리타,20251016,16:45,16:45,17:17,여객,출발,,A321,195,"E,F,G,L"
출발,인천,진에어,LJ271,후쿠오카,20251016,17:00,17:00,17:26,여객,출발,,B737-800,189,"H,F,G,L"
출발,인천,대한항공,KE713,도쿄/나리타,20251016,17:05,17:05,17:30,여객,출발,,A321neo,182,"A,B,C,D"
출발,인천,진에어,LJ091,푸꾸옥,20251016,17:05,17:05,17:34,여객,출발,,B737-800,189,"H,F,G,L"
출발,인천,대한항공,KE1405,김해,20251016,17:10,17:10,17:40,여객,출발,,B737-900,188,
출발,인천,대한항공,KE485,푸꾸옥,20251016,17:10,17:10,17:41,여객,출발,,B737-900,188,"A,B,C,D"
출발,인천,진에어,LJ009,치앙마이,20251016,17:10,17:10,17:32,여객,출발,,B737-800,189,"H,F,G,L"
출발,인천,대한항공,KE8425,괌,20251016,17:15,17:35,17:49,여객,출발,,B737-900,188,"A,B,C,D"
출발,인천,에어부산,BX747,수안나폼(방콕),20251016,17:15,17:15,17:37,여객,출발,,A321,195,"E,F,G,L"
출발,인천,진에어,LJ919,괌,20251016,17:35,17:35,18:02,여객,출발,,B737-800,189,"H,F,G,L"
출발,인천,대한항공,KE629,덴파사(응우라 라이),20251016,17:45,17:45,18:14,여객,출발,,A330-300,272,"A,B,C,D"
출발,인천,대한항공,KE663,푸껫,20251016,17:50,17:50,18:10,여객,출발,,B737-900,188,"A,B,C,D"
출발,인천,대한항공,KE651,수안나폼(방콕),20251016,18:05,18:05,18:30,여객,출발,,A330-300,272,"A,B,C,D"
출발,인천,대한항공,KE461,다낭,20251016,18:20,18:20,18:42,여객,출발,,B737-900,188,"A,B,C,D"
출발,인천,대한항공,KE1407,김해,20251016,18:25,18:25,18:46,여객,출발,,B737-900,188,
출발,인천,대한항공,KE667,치앙마이,20251016,18:25,18:25,18:38,여객,출발,,B737-900,188,"A,B,C,D"
출발,인천,대한항공,KE705,도쿄/나리타,20251016,18:35,18:35,18:50,여객,출발,,A321neo,182,"A,B,C,D"
출발,인천,대한항공,KE423,괌,20251016,18:40,18:40,19:02,여객,출발,,B737-900,188,"A,B,C,D"
출발,인천,대한항공,KE645,싱가포르,20251016,18:40,18:40,19:12,여객,출발,,A330-300,272,"A,B,C,D"
출발,인천,대한항공,KE781,후쿠오카,20251016,18:40,18:40,18:56,여객,출발,,B737-900,188,"A,B,C,D"
출발,인천,델타항공,DL170,미니애폴리스,20251016,18:40,20:05,:,여객,지연,항공기 연결에 의한 지연,A350-900,306,"K,F,G,L"
출발,인천,대한항공,KE071,밴쿠버,20251016,18:45,18:45,19:09,여객,출발,,B787-9,269,"A,B,C,D"
출발,인천,대한항공,KE453,노이바이(하노이),20251016,18:45,18:45,19:21,여객,출발,,B737-900,188,"A,B,C,D"
출발,인천,대한항공,KE475,떤 선녓(호찌민),20251016,18:45,19:00,19:45,여객,지연,기타 원인에 의한 지연,B737-900,188,"A,B,C,D"
출발,인천,대한항공,KE623,마닐라,20251016,18:50,19:10,19:39,여객,지연,운항 기준 및 승무원 관련 지연,B737-900,188,"A,B,C,D"
출발,인천,대한항공,KE689,프놈펜,20251016,18:50,18:50,19:19,여객,출발,,B737-900,188,"A,B,C,D"
출발,인천,대한항공,KE743,나고야,20251016,18:50,18:50,19:14,여객,출발,,A321neo,182,"A,B,C,D"
출발,인천,델타항공,DL26,애틀랜타,20251016,18:50,18:50,19:17,여객,출발,,A350-900,306,"K,F,G,L"
출발,인천,대한항공,KE895,푸동,20251016,18:55,18:55,19:26,여객,출발,,A330-300,272,"A,B,C,D"
출발,인천,대한항공,KE721,간사이,20251016,19:00,19:00,19:29,여객,출발,,A321neo,182,"A,B,C,D"
출발,인천,대한항공,KE401,시드니,20251016,19:10,19:10,19:53,여객,지연,항공기 연결에 의한 지연,A380-800,407,"A,B,C,D"
출발,인천,델타항공,DL196,시애틀,20251016,19:20,19:20,19:43,여객,출발,,A330-900neo,281,"K,F,G,L"
출발,인천,대한항공,KE085,뉴욕,20251016,19:30,20:00,20:23,여객,지연,기타 원인에 의한 지연,B747-8i,368,"A,B,C,D"
출발,인천,대한항공,KE1431,대구,20251016,19:30,19:50,20:28,여객,지연,항공기 연결에 의한 지연,B737-900,188,
출발,인천,대한항공,KE1409,김해,20251016,19:35,19:35,20:07,여객,지연,항공기 연결에 의한 지연,B737-900,188,
출발,인천,진에어,LJ917,괌,20251016,19:35,19:35,19:59,여객,출발,,B737-800,189,"H,F,G,L"
출발,인천,델타항공,DL172,솔트레이크시티,20251016,19:40,19:40,20:05,여객,출발,,A350-900,306,"K,F,G,L"
출발,인천,대한항공,KE177,홍콩,20251016,19:45,19:45,20:24,여객,출발,,A321neo,182,"A,B,C,D"
출발,인천,대한항공,KE477,떤 선녓(호찌민),20251016,19:45,19:45,20:09,여객,출발,,B737-900,188,"A,B,C,D"
출발,인천,대한항공,KE659,수안나폼(방콕),20251016,19:45,19:45,20:39,여객,지연,항공기 연결에 의한 지연,B737-900,188,"A,B,C,D"
출발,인천,에어서울,RS527,깜라인(나트랑),20251016,19:50,19:50,20:32,여객,출발,,A321,195,"E,F,G,L"
출발,인천,진에어,LJ001,수안나폼(방콕),20251016,19:55,19:55,20:20,여객,출발,,B737-800,189,"H,F,G,L"
출발,인천,대한항공,KE467,깜라인(나트랑),20251016,20:00,20:00,20:58,여객,지연,항공교통흐름에 의한 지연,B737-900,188,"A,B,C,D"
출발,인천,대한항공,KE615,세부,20251016,20:05,20:05,20:30,여객,출발,,B737-900,188,"A,B,C,D"
출발,인천,대한항공,KE625,마닐라,20251016,20:15,20:15,21:00,여객,지연,항공교통흐름에 의한 지연,B737-900,188,"A,B,C,D"
출발,인천,대한항공,KE011,로스앤젤레스,20251016,20:25,20:25,20:49,여객,출발,,A380-800,407,"A,B,C,D"
출발,인천,진에어,LJ081,다낭,20251016,20:25,20:25,20:53,여객,출발,,B737-800,189,"H,F,G,L"
출발,인천,대한항공,KE719,하네다,20251016,20:30,20:30,20:47,여객,출발,,A321neo,182,"A,B,C,D"
출발,인천,샤먼항공,MF878,푸저우(복주),20251016,20:35,20:35,20:55,여객,출발,,B737-800,168,"J,F,G,L"
출발,인천,중화항공,CI163,타오위안,20251016,20:35,20:52,21:14,여객,지연,항공교통흐름에 의한 지연,A330-300,277,"J,F,G,L"
출발,인천,진에어,LJ087,깜라인(나트랑),20251016,20:40,20:40,21:05,여객,출발,,B737-800,189,"H,F,G,L"
출발,인천,대한항공,KE853,베이징,20251016,20:45,20:45,21:06,여객,출발,,A330-300,272,"A,B,C,D"
출발,인천,에어서울,RS511,다낭,20251016,20:55,21:10,21:32,여객,지연,항공기 연결에 의한 지연,A321,195,"E,F,G,L"
출발,인천,대한항공,KE005,라스베이거스,20251016,21:00,21:00,21:11,여객,출발,,B777-300ER,277,"A,B,C,D"
출발,인천,대한항공,KE053,호놀룰루,20251016,21:05,21:05,21:29,여객,출발,,A330-300,272,"A,B,C,D"
출발,인천,대한항공,KE655,수안나폼(방콕),20251016,21:15,21:15,21:27,여객,출발,,A330-300,272,"A,B,C,D"
출발,인천,에어부산,BX787,깜라인(나트랑),20251016,21:30,21:30,22:20,여객,지연,항공교통흐름에 의한 지연,A321,195,"E,F,G,L"
출발,인천,에어서울,RS581,팡라로,20251016,21:30,21:30,22:10,여객,지연,항공기 연결에 의한 지연,A321,195,"E,F,G,L"
출발,인천,진에어,LJ885,엔스 쉬자핑,20251016,21:45,21:45,21:54,여객,출발,,B737-800,189,"H,F,G,L"
출발,인천,네덜란드항공,KL856,암스테르담,20251016,22:25,22:25,22:31,여객,출발,,B787-9,294,"M,F,G,L"
출발,인천,대한항공,KE619,마닐라,20251016,22:35,22:35,22:45,여객,출발,,A330-300,272,"A,B,C,D"
출발,인천,대한항공,KE647,싱가포르,20251017,00:05,23:35,00:04,여객,출발,,B777-300ER,277,"A,B,C,D"
출발,인천,대한항공,KE1401,김해,20251017,06:35,06:35,06:53,여객,출발,,B737-900,188,
출발,인천,에어부산,BX164,도쿄/나리타,20251017,07:15,07:15,07:37,여객,출발,,A321,195,"E,F,G,L"
출발,인천,에어서울,RS711,간사이,20251017,07:15,07:15,07:30,여객,출발,,A321,195,"E,F,G,L"
출발,인천,진에어,LJ261,후쿠오카,20251017,07:15,07:15,07:35,여객,출발,,B737-800,189,"H,F,G,L"
출발,인천,에어부산,BX156,후쿠오카,20251017,07:20,07:20,07:39,여객,출발,,A321,195,"E,F,G,L"
출발,인천,대한항공,KE787,후쿠오카,20251017,07:25,07:25,07:49,여객,출발,,B737-900,188,"A,B,C,D"
출발,인천,진에어,LJ201,도쿄/나리타,20251017,07:25,07:25,07:43,여객,출발,,B737-800,189,"H,F,G,L"
출발,인천,대한항공,KE771,오카야마,20251017,07:30,07:30,07:56,여객,출발,,B737-900,188,"A,B,C,D"
출발,인천,진에어,LJ345,나고야,20251017,07:30,07:30,07:51,여객,출발,,B737-800,189,"H,F,G,L"
출발,인천,진에어,LJ231,간사이,20251017,07:40,07:40,08:00,여객,출발,,B737-800,189,"H,F,G,L"
출발,인천,대한항공,KE173,홍콩,20251017,07:45,07:45,08:06,여객,출발,,A321neo,182,"A,B,C,D"
출발,인천,대한항공,KE621,마닐라,20251017,07:50,07:50,08:27,여객,출발,,B737-900,188,"A,B,C,D"
출발,인천,대한항공,KE845,청도,20251017,07:50,07:50,08:08,여객,출발,,B737-900,188,"A,B,C,D"
출발,인천,진에어,LJ731,타오위안,20251017,07:50,07:50,08:23,여객,출발,,B737-800,189,"H,F,G,L"
출발,인천,대한항공,KE131,정저우,20251017,08:00,08:00,08:12,여객,출발,,B737-900,188,"A,B,C,D"
출발,인천,대한항공,KE441,노이바이(하노이),20251017,08:00,08:00,08:16,여객,출발,,A330-300,272,"A,B,C,D"
출발,인천,대한항공,KE197,칭기즈칸(신 울란바토르) 국제공항,20251017,08:10,08:10,08:29,여객,출발,,B737-900,188,"A,B,C,D"
출발,인천,에어서울,RS705,도쿄/나리타,20251017,08:10,08:10,08:44,여객,지연,항공기 연결에 의한 지연,A321,195,"E,F,G,L"
출발,인천,진에어,LJ241,간사이,20251017,08:10,08:10,08:28,여객,출발,,B737-800,189,"H,F,G,L"
출발,인천,대한항공,KE859,베이징,20251017,08:15,08:15,08:40,여객,출발,,B777-300ER,277,"A,B,C,D"
출발,인천,진에어,LJ203,도쿄/나리타,20251017,08:15,08:39,09:00,여객,지연,운항 기준 및 승무원 관련 지연,B737-800,189,"H,F,G,L"
출발,인천,대한항공,KE1403,김해,20251017,08:20,08:20,08:59,여객,지연,항공기 연결에 의한 지연,B737-900,188,
출발,인천,진에어,LJ301,삿포로,20251017,08:20,08:20,08:37,여객,출발,,B737-800,189,"H,F,G,L"
출발,인천,대한항공,KE731,고베,20251017,08:25,08:25,08:41,여객,출발,,A321neo,182,"A,B,C,D"
출발,인천,대한항공,KE893,푸동,20251017,08:25,08:25,08:42,여객,출발,,A330-300,272,"A,B,C,D"
출발,인천,에어 프랑스,AF267,파리,20251017,08:30,08:30,08:53,여객,출발,,B777-300ER,296,"M,F,G,L"
출발,인천,대한항공,KE775,고마쓰,20251017,08:35,08:35,08:57,여객,출발,,B737-900,188,"A,B,C,D"
출발,인천,대한항공,KE827,선전(심천),20251017,08:40,08:40,08:51,여객,출발,,B737-900,188,"A,B,C,D"
출발,인천,대한항공,KE831,심양,20251017,08:45,08:05,08:25,여객,출발,,B737-900,188,"A,B,C,D"
출발,인천,에어서울,RS741,다카마쓰,20251017,08:45,09:05,09:25,여객,지연,항공기 연결에 의한 지연,A321,195,"E,F,G,L"
출발,인천,대한항공,KE137,우한,20251017,08:50,09:20,09:47,여객,지연,항공기 연결에 의한 지연,B737-900,188,"A,B,C,D"
출발,인천,대한항공,KE865,광저우,20251017,08:50,08:50,09:16,여객,출발,,A330-300,272,"A,B,C,D"
출발,인천,대한항공,KE819,창사(장사),20251017,09:00,09:00,09:21,여객,출발,,B737-900,188,"A,B,C,D"
출발,인천,대한항공,KE469,떤 선녓(호찌민),20251017,09:05,09:45,09:53,여객,지연,항공교통흐름에 의한 지연,A330-300,272,"A,B,C,D"
출발,인천,진에어,LJ361,이시가키,20251017,09:05,09:05,09:26,여객,출발,,B737-800,189,"H,F,G,L"
출발,인천,대한항공,KE805,천진,20251017,09:10,09:10,09:30,여객,출발,,B737-900,188,"A,B,C,D"
출발,인천,대한항공,KE811,시안,20251017,09:10,09:10,09:35,여객,출발,,B737-900,188,"A,B,C,D"
출발,인천,에어부산,BX172,간사이,20251017,09:15,09:15,09:32,여객,출발,,A321,195,"E,F,G,L"
출발,인천,대한항공,KE035,애틀랜타,20251017,09:20,09:20,09:42,여객,출발,,B777-300ER,277,"A,B,C,D"
출발,인천,대한항공,KE785,가고시마,20251017,09:20,09:20,09:44,여객,출발,,B737-900,188,"A,B,C,D"
출발,인천,진에어,LJ913,괌,20251017,09:20,09:20,09:36,여객,출발,,B737-800,189,"H,F,G,L"
출발,인천,에어서울,RS701,도쿄/나리타,20251017,09:25,09:25,09:39,여객,출발,,A321,195,"E,F,G,L"
출발,인천,대한항공,KE031,댈러스,20251017,09:30,09:30,09:54,여객,출발,,B787-9,269,"A,B,C,D"
출발,인천,대한항공,KE091,보스턴,20251017,09:30,09:30,10:07,여객,출발,,B787-9,269,"A,B,C,D"
출발,인천,대한항공,KE657,수안나폼(방콕),20251017,09:30,09:30,09:59,여객,출발,,A330-300,272,"A,B,C,D"
출발,인천,대한항공,KE755,오키나와,20251017,09:30,09:30,10:02,여객,출발,,B737-900,188,"A,B,C,D"
출발,인천,대한항공,KE073,토론토,20251017,09:35,09:35,10:20,여객,출발,,B777-300ER,277,"A,B,C,D"
출발,인천,대한항공,KE723,간사이,20251017,09:35,09:35,09:57,여객,출발,,A321neo,182,"A,B,C,D"
출발,인천,대한항공,KE421,괌,20251017,09:45,09:45,10:09,여객,출발,,B737-900,188,"A,B,C,D"
출발,인천,진에어,LJ205,도쿄/나리타,20251017,09:45,09:45,10:17,여객,출발,,B737-800,189,"H,F,G,L"
출발,인천,대한항공,KE913,마드리드,20251017,09:55,09:55,10:15,여객,출발,,B787-9,269,"A,B,C,D"
출발,인천,진에어,LJ341,오키나와,20251017,09:55,09:55,10:20,여객,출발,,B737-800,189,"H,F,G,L"
출발,인천,대한항공,KE081,뉴욕,20251017,10:00,10:00,10:33,여객,출발,,A380-800,407,"A,B,C,D"
출발,인천,대한항공,KE703,도쿄/나리타,20251017,10:10,10:10,10:36,여객,출발,,A321neo,182,"A,B,C,D"
출발,인천,진에어,LJ233,간사이,20251017,10:10,10:10,10:27,여객,출발,,B737-800,189,"H,F,G,L"
출발,인천,델타항공,DL158,디트로이트,20251017,10:15,10:15,10:24,여객,출발,,A350-900,306,"K,F,G,L"
출발,인천,대한항공,KE125,샤먼 가오치,20251017,10:20,10:20,10:49,여객,출발,,B737-900,188,"A,B,C,D"
출발,인천,대한항공,KE169,마카오,20251017,10:20,10:20,10:47,여객,출발,,A321neo,182,"A,B,C,D"
출발,인천,대한항공,KE093,워싱톤,20251017,10:25,10:25,10:51,여객,출발,,B777-300ER,277,"A,B,C,D"
출발,인천,대한항공,KE101,남경,20251017,10:25,10:40,11:21,여객,지연,공항 및 출입국 절차에 의한 지연,A321neo,182,"A,B,C,D"
출발,인천,대한항공,KE937,비엔나,20251017,10:25,10:25,10:52,여객,출발,,B787-9,269,"A,B,C,D"
출발,인천,대한항공,KE185,타오위안,20251017,10:30,10:30,11:01,여객,출발,,A321neo,182,"A,B,C,D"
출발,인천,가루다인도네시아,GA879,자카르타(수카르노 하타),20251017,10:35,10:35,10:54,여객,출발,,A330-900neo,301,"J,F,G,L"
출발,인천,대한항공,KE741,나고야,20251017,10:35,10:35,10:47,여객,출발,,A321neo,182,"A,B,C,D"
출발,인천,대한항공,KE037,시카고,20251017,10:40,10:40,10:57,여객,출발,,B777-300ER,277,"A,B,C,D"
출발,인천,대한항공,KE855,베이징,20251017,10:40,10:40,11:14,여객,출발,,A330-300,272,"A,B,C,D"
출발,인천,대한항공,KE969,프라하,20251017,10:45,10:45,11:25,여객,출발,,B787-9,269,"A,B,C,D"
출발,인천,대한항공,KE457,다낭,20251017,10:55,10:55,11:23,여객,출발,,B737-900,188,"A,B,C,D"
출발,인천,대한항공,KE907,런던히드로,20251017,10:55,10:55,11:36,여객,출발,,A380-800,407,"A,B,C,D"
출발,인천,대한항공,KE791,후쿠오카,20251017,11:05,11:05,11:28,여객,출발,,B737-900,188,"A,B,C,D"
출발,인천,대한항공,KE945,프랑크푸르트,20251017,11:05,11:05,11:47,여객,출발,,A380-800,407,"A,B,C,D"
출발,인천,대한항공,KE897,푸동,20251017,11:10,11:10,11:58,여객,출발,,B777-300ER,277,"A,B,C,D"
출발,인천,대한항공,KE901,파리,20251017,11:10,11:10,11:49,여객,출발,,B777-300ER,277,"A,B,C,D"
출발,인천,가루다인도네시아,GA871,덴파사(응우라 라이),20251017,11:25,11:25,11:47,여객,출발,,A330-300,251,"J,F,G,L"
출발,인천,에어부산,BX158,후쿠오카,20251017,11:25,11:25,11:41,여객,출발,,A321,195,"E,F,G,L"
출발,인천,아에로멕시코,AM091,멕시코시티,20251017,11:40,11:40,12:32,여객,출발,,B787-9,274,"H,F,G,L"
출발,인천,대한항공,KE925,암스테르담,20251017,11:55,11:55,12:23,여객,지연,공항 및 출입국 절차에 의한 지연,B777-300ER,277,"A,B,C,D"
출발,인천,대한항공,KE107,항저우,20251017,12:00,12:00,12:40,여객,출발,,A321neo,182,"A,B,C,D"
출발,인천,중화항공,CI165,가오슝,20251017,12:05,12:05,12:47,여객,출발,,A321neo,180,"J,F,G,L"
출발,인천,진에어,LJ263,후쿠오카,20251017,12:10,12:30,12:51,여객,지연,항공기 연결에 의한 지연,B737-800,189,"H,F,G,L"
출발,인천,대한항공,KE769,삿포로,20251017,12:35,12:35,13:19,여객,지연,항공교통흐름에 의한 지연,B737-900,188,"A,B,C,D"
출발,인천,대한항공,KE803,천진,20251017,12:35,12:35,12:53,여객,출발,,B737-900,188,"A,B,C,D"
출발,인천,중화항공,CI161,타오위안,20251017,12:35,12:35,12:58,여객,출발,,A330-300,277,"J,F,G,L"
출발,인천,에어부산,BX174,간사이,20251017,12:40,12:40,13:07,여객,출발,,A321,195,"E,F,G,L"
출발,인천,대한항공,KE711,도쿄/나리타,20251017,13:00,13:15,13:57,여객,지연,항공기 연결에 의한 지연,A321neo,182,"A,B,C,D"
출발,인천,대한항공,KE869,대련,20251017,13:00,13:00,13:33,여객,출발,,B737-900,188,"A,B,C,D"
출발,인천,대한항공,KE921,리스본,20251017,13:00,13:00,13:24,여객,출발,,B787-9,269,"A,B,C,D"
출발,인천,대한항공,KE843,청도,20251017,13:05,13:05,13:30,여객,출발,,B737-900,188,"A,B,C,D"
출발,인천,진에어,GS7994,천진,20251017,13:05,13:05,13:17,여객,출발,,B737-800,189,"H,F,G,L"
출발,인천,대한항공,KE175,홍콩,20251017,13:25,13:25,14:01,여객,출발,,A321neo,182,"A,B,C,D"
출발,인천,대한항공,KE951,두바이,20251017,13:25,13:25,13:48,여객,출발,,B777-300ER,277,"A,B,C,D"
출발,인천,에어서울,RS745,요나고,20251017,13:25,13:25,13:54,여객,출발,,A321,195,"E,F,G,L"
출발,인천,샤먼항공,MF872,샤먼 가오치,20251017,13:30,13:30,13:44,여객,출발,,B737-800,168,"J,F,G,L"
출발,인천,대한항공,KE695,카트만두,20251017,13:35,13:35,13:59,여객,출발,,A330-300,272,"A,B,C,D"
출발,인천,대한항공,KE927,밀라노,20251017,13:40,13:40,14:07,여객,출발,,B787-9,269,"A,B,C,D"
출발,인천,대한항공,KE955,이스탄불,20251017,13:40,13:40,14:13,여객,출발,,B777-300ER,277,"A,B,C,D"
출발,인천,대한항공,KE789,후쿠오카,20251017,13:45,13:45,14:19,여객,출발,,B737-900,188,"A,B,C,D"
출발,인천,진에어,LJ861,청도,20251017,13:50,13:50,14:22,여객,출발,,B737-800,189,"H,F,G,L"
출발,인천,에어서울,RS723,후쿠오카,20251017,14:25,14:25,14:39,여객,출발,,A321,195,"E,F,G,L"
출발,인천,대한항공,KE017,로스앤젤레스,20251017,14:30,14:30,15:02,여객,출발,,B747-8i,368,"A,B,C,D"
출발,인천,진에어,LJ359,다카마쓰,20251017,14:30,14:30,15:10,여객,출발,,B737-800,189,"H,F,G,L"
출발,인천,대한항공,KE833,심양,20251017,14:35,14:35,15:08,여객,출발,,B737-900,188,"A,B,C,D"
출발,인천,진에어,LJ237,간사이,20251017,14:40,15:00,15:41,여객,지연,공항 및 출입국 절차에 의한 지연,B737-800,189,"H,F,G,L"
출발,인천,대한항공,KE643,싱가포르,20251017,14:45,14:45,15:03,여객,출발,,A330-300,272,"A,B,C,D"
출발,인천,대한항공,KE725,간사이,20251017,15:05,15:05,15:33,여객,출발,,A321neo,182,"A,B,C,D"
출발,인천,대한항공,KE627,자카르타(수카르노 하타),20251017,15:10,15:10,15:31,여객,출발,,A330-300,272,"A,B,C,D"
출발,인천,대한항공,KE189,타이중,20251017,15:15,15:15,15:47,여객,출발,,A321neo,182,"A,B,C,D"
출발,인천,진에어,LJ209,도쿄/나리타,20251017,15:15,15:45,16:05,여객,지연,공항 및 출입국 절차에 의한 지연,B737-800,189,"H,F,G,L"
출발,인천,에어서울,RS715,간사이,20251017,15:20,15:20,16:02,여객,지연,공항 및 출입국 절차에 의한 지연,A321,195,"E,F,G,L"
출발,인천,에어부산,BX176,간사이,20251017,15:25,15:25,16:08,여객,지연,공항 및 출입국 절차에 의한 지연,A321,195,"E,F,G,L"
출발,인천,진에어,LJ211,도쿄/나리타,20251017,15:35,15:53,16:12,여객,지연,공항 및 출입국 절차에 의한 지연,B737-800,189,"H,F,G,L"
출발,인천,대한항공,KE733,고베,20251017,15:50,15:50,16:26,여객,지연,항공교통흐름에 의한 지연,A321neo,182,"A,B,C,D"
출발,인천,에어부산,BX166,도쿄/나리타,20251017,15:50,15:50,16:15,여객,출발,,A321,195,"E,F,G,L"
출발,인천,대한항공,KE023,샌프란시스코,20251017,16:00,16:15,16:42,여객,지연,항공기 연결에 의한 지연,B777-300ER,277,"A,B,C,D"
출발,인천,진에어,LJ347,나고야,20251017,16:05,16:35,16:59,여객,지연,운항 기준 및 승무원 관련 지연,B737-800,189,"H,F,G,L"
출발,인천,대한항공,KE187,타오위안,20251017,16:10,17:20,17:58,여객,지연,항공기 정비에 의한 지연,A321neo,182,"A,B,C,D"
출발,인천,대한항공,KE633,덴파사(응우라 라이),20251017,16:10,16:10,16:40,여객,출발,,A330-300,272,"A,B,C,D"
출발,인천,진에어,LJ351,기타규슈,20251017,16:15,16:33,16:54,여객,지연,공항 및 출입국 절차에 의한 지연,B737-800,189,"H,F,G,L"
출발,인천,델타항공,DL188,애틀랜타,20251017,16:25,16:25,16:48,여객,출발,,A350-900,306,"K,F,G,L"
출발,인천,에어서울,RS703,도쿄/나리타,20251017,16:45,16:45,17:19,여객,출발,,A321,195,"E,F,G,L"
출발,인천,진에어,LJ271,후쿠오카,20251017,17:00,17:43,18:04,여객,지연,항공기 연결에 의한 지연,B737-800,189,"H,F,G,L"
출발,인천,대한항공,KE713,도쿄/나리타,20251017,17:05,17:05,17:26,여객,출발,,A321neo,182,"A,B,C,D"
출발,인천,진에어,LJ091,푸꾸옥,20251017,17:05,17:05,17:32,여객,출발,,B737-800,189,"H,F,G,L"
출발,인천,대한항공,KE1405,김해,20251017,17:10,17:10,17:34,여객,출발,,B737-900,188,
출발,인천,대한항공,KE485,푸꾸옥,20251017,17:10,17:10,17:37,여객,출발,,B737-900,188,"A,B,C,D"
출발,인천,진에어,LJ009,치앙마이,20251017,17:10,17:10,17:44,여객,출발,,B737-800,189,"H,F,G,L"
출발,인천,대한항공,KE8425,괌,20251017,17:15,17:15,17:29,여객,출발,,B737-900,188,"A,B,C,D"
출발,인천,에어부산,BX747,수안나폼(방콕),20251017,17:15,17:15,17:41,여객,출발,,A321,195,"E,F,G,L"
출발,인천,진에어,LJ919,괌,20251017,17:35,17:35,18:00,여객,출발,,B737-800,189,"H,F,G,L"
출발,인천,대한항공,KE629,덴파사(응우라 라이),20251017,17:45,17:45,18:25,여객,지연,항공교통흐름에 의한 지연,A330-300,272,"A,B,C,D"
출발,인천,대한항공,KE663,푸껫,20251017,17:50,17:50,18:10,여객,출발,,B737-900,188,"A,B,C,D"
출발,인천,대한항공,KE411,오클랜드,20251017,18:00,18:00,18:23,여객,출발,,B787-9,269,"A,B,C,D"
출발,인천,대한항공,KE461,다낭,20251017,18:20,18:20,18:42,여객,출발,,B737-900,188,"A,B,C,D"
출발,인천,대한항공,KE1407,김해,20251017,18:25,18:25,19:01,여객,출발,,B737-900,188,
출발,인천,대한항공,KE667,치앙마이,20251017,18:25,18:25,18:51,여객,출발,,B737-900,188,"A,B,C,D"
출발,인천,대한항공,KE705,도쿄/나리타,20251017,18:35,18:50,19:28,여객,지연,항공교통흐름에 의한 지연,A321neo,182,"A,B,C,D"
출발,인천,대한항공,KE871,대련,20251017,18:35,18:35,19:12,여객,출발,,B737-900,188,"A,B,C,D"
출발,인천,대한항공,KE161,쿤밍,20251017,18:40,18:40,19:32,여객,지연,항공교통흐름에 의한 지연,B737-900,188,"A,B,C,D"
출발,인천,대한항공,KE423,괌,20251017,18:40,18:40,19:08,여객,출발,,B737-900,188,"A,B,C,D"
출발,인천,대한항공,KE645,싱가포르,20251017,18:40,18:40,19:17,여객,지연,항공교통흐름에 의한 지연,A330-300,272,"A,B,C,D"
출발,인천,대한항공,KE781,후쿠오카,20251017,18:40,18:40,19:22,여객,지연,항공교통흐름에 의한 지연,B737-900,188,"A,B,C,D"
출발,인천,델타항공,DL170,미니애폴리스,20251017,18:40,18:40,19:03,여객,출발,,A350-900,306,"K,F,G,L"
출발,인천,대한항공,KE071,밴쿠버,20251017,18:45,18:45,19:15,여객,출발,,B787-9,269,"A,B,C,D"
출발,인천,대한항공,KE453,노이바이(하노이),20251017,18:45,18:45,19:10,여객,출발,,B737-900,188,"A,B,C,D"
출발,인천,대한항공,KE475,떤 선녓(호찌민),20251017,18:45,19:25,20:12,여객,지연,항공기 연결에 의한 지연,B737-900,188,"A,B,C,D"
출발,인천,대한항공,KE623,마닐라,20251017,18:50,18:50,19:42,여객,지연,항공교통흐름에 의한 지연,B737-900,188,"A,B,C,D"
출발,인천,대한항공,KE689,프놈펜,20251017,18:50,18:50,19:46,여객,지연,항공교통흐름에 의한 지연,B737-900,188,"A,B,C,D"
출발,인천,대한항공,KE743,나고야,20251017,18:50,18:50,19:36,여객,지연,항공교통흐름에 의한 지연,A321neo,182,"A,B,C,D"
출발,인천,대한항공,KE895,푸동,20251017,18:55,18:55,19:34,여객,지연,항공교통흐름에 의한 지연,A330-300,272,"A,B,C,D"
출발,인천,대한항공,KE721,간사이,20251017,19:00,19:00,19:40,여객,출발,,A321neo,182,"A,B,C,D"
출발,인천,대한항공,KE401,시드니,20251017,19:10,19:10,19:49,여객,지연,항공교통흐름에 의한 지연,A380-800,407,"A,B,C,D"
출발,인천,대한항공,KE9689,프놈펜,20251017,19:20,19:20,19:50,여객,출발,,B737-900,188,"A,B,C,D"
출발,인천,델타항공,DL196,시애틀,20251017,19:20,19:20,19:53,여객,출발,,A330-900neo,281,"K,F,G,L"
출발,인천,대한항공,KE085,뉴욕,20251017,19:30,19:45,20:23,여객,지연,기타 원인에 의한 지연,B747-8i,368,"A,B,C,D"
출발,인천,대한항공,KE1431,대구,20251017,19:30,19:30,20:05,여객,출발,,B737-900,188,
출발,인천,대한항공,KE1409,김해,20251017,19:35,20:05,20:31,여객,지연,항공교통흐름에 의한 지연,B737-900,188,
출발,인천,진에어,LJ917,괌,20251017,19:35,19:35,20:14,여객,출발,,B737-800,189,"H,F,G,L"
출발,인천,델타항공,DL172,솔트레이크시티,20251017,19:40,19:40,20:16,여객,출발,,A350-900,306,"K,F,G,L"
출발,인천,대한항공,KE177,홍콩,20251017,19:45,19:45,20:46,여객,지연,항공교통흐름에 의한 지연,A321neo,182,"A,B,C,D"
출발,인천,대한항공,KE477,떤 선녓(호찌민),20251017,19:45,20:11,20:37,여객,지연,항공교통흐름에 의한 지연,B737-900,188,"A,B,C,D"
출발,인천,대한항공,KE659,수안나폼(방콕),20251017,19:45,19:45,20:33,여객,지연,항공교통흐름에 의한 지연,B737-900,188,"A,B,C,D"
출발,인천,에어서울,RS527,깜라인(나트랑),20251017,19:50,19:50,20:41,여객,지연,공항 및 출입국 절차에 의한 지연,A321,195,"E,F,G,L"
출발,인천,진에어,LJ001,수안나폼(방콕),20251017,19:55,20:50,21:15,여객,지연,지상조업 관련 지연,B737-800,189,"H,F,G,L"
출발,인천,대한항공,KE467,깜라인(나트랑),20251017,20:00,20:29,20:55,여객,지연,항공교통흐름에 의한 지연,B737-900,188,"A,B,C,D"
출발,인천,대한항공,KE853,베이징,20251017,20:00,20:18,20:46,여객,지연,항공교통흐름에 의한 지연,A330-300,272,"A,B,C,D"
출발,인천,대한항공,KE407,브리즈번,20251017,20:05,20:25,20:51,여객,지연,항공교통흐름에 의한 지연,A330-300,272,"A,B,C,D"
출발,인천,대한항공,KE615,세부,20251017,20:05,20:05,20:48,여객,지연,항공교통흐름에 의한 지연,B737-900,188,"A,B,C,D"
출발,인천,대한항공,KE625,마닐라,20251017,20:15,20:38,21:06,여객,지연,항공교통흐름에 의한 지연,B737-900,188,"A,B,C,D"
출발,인천,대한항공,KE011,로스앤젤레스,20251017,20:25,20:25,20:47,여객,출발,,A380-800,407,"A,B,C,D"
출발,인천,대한항공,KE719,하네다,20251017,20:30,20:30,20:56,여객,출발,,A321neo,182,"A,B,C,D"
출발,인천,샤먼항공,MF878,푸저우(복주),20251017,20:35,20:35,21:09,여객,출발,,B737-800,168,"J,F,G,L"
출발,인천,중화항공,CI163,타오위안,20251017,20:35,21:00,21:23,여객,지연,항공교통흐름에 의한 지연,A330-300,277,"J,F,G,L"
출발,인천,진에어,LJ087,깜라인(나트랑),20251017,20:40,21:02,21:26,여객,지연,공항 및 출입국 절차에 의한 지연,B737-800,189,"H,F,G,L"
출발,인천,에어서울,RS511,다낭,20251017,20:55,21:25,21:51,여객,지연,항공기 연결에 의한 지연,A321,195,"E,F,G,L"
출발,인천,대한항공,KE005,라스베이거스,20251017,21:00,21:00,21:29,여객,출발,,B777-300ER,277,"A,B,C,D"
출발,인천,대한항공,KE655,수안나폼(방콕),20251017,21:15,21:15,21:38,여객,출발,,A330-300,272,"A,B,C,D"
출발,인천,에어부산,BX787,깜라인(나트랑),20251017,21:30,21:30,21:53,여객,출발,,A321,195,"E,F,G,L"
출발,인천,네덜란드항공,KL856,암스테르담,20251017,22:25,22:25,22:54,여객,출발,,B787-9,294,"M,F,G,L"
출발,인천,대한항공,KE619,마닐라,20251017,22:35,22:35,22:48,여객,출발,,A330-300,272,"A,B,C,D"
출발,인천,대한항공,KE075,밴쿠버,20251017,22:40,22:40,23:23,여객,지연,운항 기준 및 승무원 관련 지연,B787-9,269,"A,B,C,D"
출발,인천,대한항공,KE647,싱가포르,20251017,23:35,23:35,23:44,여객,출발,,B777-300ER,277,"A,B,C,D"
출발,인천,스칸디나비아항공,SK988,코펜하겐,20251018,00:05,23:45,00:03,여객,출발,,A350-900,300,"K,F,G,L"
출발,인천,대한항공,KE1401,김해,20251018,06:35,06:35,06:59,여객,출발,,B737-900,188,
출발,인천,에어부산,BX164,도쿄/나리타,20251018,07:15,07:15,07:36,여객,출발,,A321,195,"E,F,G,L"
출발,인천,에어서울,RS711,간사이,20251018,07:15,07:30,08:14,여객,지연,공항 및 출입국 절차에 의한 지연,A321,195,"E,F,G,L"
출발,인천,진에어,LJ261,후쿠오카,20251018,07:15,07:15,07:30,여객,출발,,B737-800,189,"H,F,G,L"
출발,인천,에어부산,BX156,후쿠오카,20251018,07:20,07:20,07:58,여객,출발,,A321,195,"E,F,G,L"
출발,인천,에어서울,RS727,후쿠오카,20251018,07:20,07:20,07:51,여객,출발,,A321,195,"E,F,G,L"
출발,인천,대한항공,KE787,후쿠오카,20251018,07:25,07:25,07:41,여객,출발,,B737-900,188,"A,B,C,D"
출발,인천,진에어,LJ201,도쿄/나리타,20251018,07:25,07:25,07:46,여객,출발,,B737-800,189,"H,F,G,L"
출발,인천,대한항공,KE795,나가사키,20251018,07:30,07:30,07:55,여객,출발,,B737-900,188,"A,B,C,D"
출발,인천,진에어,LJ345,나고야,20251018,07:30,07:30,07:53,여객,출발,,B737-800,189,"H,F,G,L"
출발,인천,진에어,LJ231,간사이,20251018,07:40,07:40,08:11,여객,출발,,B737-800,189,"H,F,G,L"
출발,인천,대한항공,KE173,홍콩,20251018,07:45,07:45,08:12,여객,출발,,A321neo,182,"A,B,C,D"
출발,인천,대한항공,KE621,마닐라,20251018,07:50,07:50,08:28,여객,지연,항공교통흐름에 의한 지연,B737-900,188,"A,B,C,D"
출발,인천,대한항공,KE845,청도,20251018,07:50,07:50,08:10,여객,출발,,B737-900,188,"A,B,C,D"
출발,인천,진에어,LJ731,타오위안,20251018,07:50,07:50,08:24,여객,출발,,B737-800,189,"H,F,G,L"
출발,인천,대한항공,KE131,정저우,20251018,08:00,08:00,08:22,여객,출발,,B737-900,188,"A,B,C,D"
출발,인천,대한항공,KE441,노이바이(하노이),20251018,08:00,08:00,08:18,여객,출발,,A330-300,272,"A,B,C,D"
출발,인천,대한항공,KE197,칭기즈칸(신 울란바토르) 국제공항,20251018,08:10,08:10,08:30,여객,출발,,B737-900,188,"A,B,C,D"
출발,인천,대한항공,KE767,아오모리,20251018,08:10,08:10,08:32,여객,출발,,B737-900,188,"A,B,C,D"
출발,인천,에어서울,RS705,도쿄/나리타,20251018,08:10,08:30,09:05,여객,지연,항공기 연결에 의한 지연,A321,195,"E,F,G,L"
출발,인천,진에어,LJ241,간사이,20251018,08:10,08:10,08:29,여객,출발,,B737-800,189,"H,F,G,L"
출발,인천,진에어,LJ357,시모지시마,20251018,08:10,08:10,08:32,여객,출발,,B737-800,189,"H,F,G,L"
출발,인천,대한항공,KE859,베이징,20251018,08:15,08:15,08:34,여객,출발,,B777-300ER,277,"A,B,C,D"
출발,인천,진에어,LJ203,도쿄/나리타,20251018,08:15,08:15,08:47,여객,출발,,B737-800,189,"H,F,G,L"
출발,인천,대한항공,KE127,푸저우(복주),20251018,08:20,08:20,08:41,여객,출발,,B737-900,188,"A,B,C,D"
출발,인천,대한항공,KE1403,김해,20251018,08:20,08:20,08:49,여객,출발,,B737-900,188,
출발,인천,진에어,LJ301,삿포로,20251018,08:20,08:20,08:41,여객,출발,,B737-800,189,"H,F,G,L"
출발,인천,대한항공,KE731,고베,20251018,08:25,08:25,08:56,여객,출발,,A321neo,182,"A,B,C,D"
출발,인천,대한항공,KE893,푸동,20251018,08:25,08:25,08:47,여객,출발,,A330-300,272,"A,B,C,D"
출발,인천,에어 프랑스,AF267,파리,20251018,08:30,08:30,08:55,여객,출발,,B777-300ER,296,"M,F,G,L"
출발,인천,대한항공,KE827,선전(심천),20251018,08:40,08:40,09:00,여객,출발,,B737-900,188,"A,B,C,D"
출발,인천,대한항공,KE831,심양,20251018,08:45,08:05,08:26,여객,출발,,B737-900,188,"A,B,C,D"
출발,인천,에어서울,RS741,다카마쓰,20251018,08:45,09:10,09:28,여객,지연,항공기 연결에 의한 지연,A321,195,"E,F,G,L"
출발,인천,대한항공,KE865,광저우,20251018,08:50,08:50,09:13,여객,출발,,A330-300,272,"A,B,C,D"
출발,인천,대한항공,KE469,떤 선녓(호찌민),20251018,09:05,09:05,09:28,여객,출발,,A330-300,272,"A,B,C,D"
출발,인천,대한항공,KE805,천진,20251018,09:10,09:10,09:33,여객,출발,,B737-900,188,"A,B,C,D"
출발,인천,대한항공,KE811,시안,20251018,09:10,09:40,09:59,여객,지연,항공기 연결에 의한 지연,B737-900,188,"A,B,C,D"
출발,인천,에어부산,BX172,간사이,20251018,09:15,09:15,09:41,여객,출발,,A321,195,"E,F,G,L"
출발,인천,대한항공,KE035,애틀랜타,20251018,09:20,09:20,09:44,여객,출발,,B777-300ER,277,"A,B,C,D"
출발,인천,대한항공,KE785,가고시마,20251018,09:20,09:20,09:43,여객,출발,,B737-900,188,"A,B,C,D"
출발,인천,진에어,LJ913,괌,20251018,09:20,09:20,09:49,여객,출발,,B737-800,189,"H,F,G,L"
출발,인천,대한항공,KE763,니가타,20251018,09:25,09:25,09:47,여객,출발,,B737-900,188,"A,B,C,D"
출발,인천,대한항공,KE091,보스턴,20251018,09:30,09:30,09:55,여객,출발,,B787-9,269,"A,B,C,D"
출발,인천,대한항공,KE657,수안나폼(방콕),20251018,09:30,09:30,09:53,여객,출발,,A330-300,272,"A,B,C,D"
출발,인천,대한항공,KE755,오키나와,20251018,09:30,09:30,09:48,여객,출발,,B737-900,188,"A,B,C,D"
출발,인천,대한항공,KE073,토론토,20251018,09:35,09:35,10:00,여객,출발,,B777-300ER,277,"A,B,C,D"
출발,인천,대한항공,KE723,간사이,20251018,09:35,09:35,10:02,여객,출발,,A321neo,182,"A,B,C,D"
출발,인천,대한항공,KE421,괌,20251018,09:45,09:45,10:12,여객,출발,,B737-900,188,"A,B,C,D"
출발,인천,진에어,LJ341,오키나와,20251018,09:55,09:55,10:18,여객,출발,,B737-800,189,"H,F,G,L"
출발,인천,대한항공,KE081,뉴욕,20251018,10:00,10:00,10:26,여객,출발,,A380-800,407,"A,B,C,D"
출발,인천,대한항공,KE703,도쿄/나리타,20251018,10:10,10:10,10:41,여객,출발,,A321neo,182,"A,B,C,D"
출발,인천,진에어,LJ233,간사이,20251018,10:10,10:10,10:29,여객,출발,,B737-800,189,"H,F,G,L"
출발,인천,델타항공,DL158,디트로이트,20251018,10:15,10:15,10:32,여객,출발,,A350-900,306,"K,F,G,L"
출발,인천,대한항공,KE125,샤먼 가오치,20251018,10:20,10:20,10:40,여객,출발,,B737-900,188,"A,B,C,D"
출발,인천,대한항공,KE169,마카오,20251018,10:20,10:20,10:42,여객,출발,,A321neo,182,"A,B,C,D"
출발,인천,대한항공,KE093,워싱톤,20251018,10:25,10:25,10:43,여객,출발,,B777-300ER,277,"A,B,C,D"
출발,인천,대한항공,KE185,타오위안,20251018,10:30,10:30,10:54,여객,출발,,A321neo,182,"A,B,C,D"
출발,인천,가루다인도네시아,GA879,자카르타(수카르노 하타),20251018,10:35,10:35,10:58,여객,출발,,A330-900neo,301,"J,F,G,L"
출발,인천,대한항공,KE741,나고야,20251018,10:35,10:35,10:52,여객,출발,,A321neo,182,"A,B,C,D"
출발,인천,대한항공,KE037,시카고,20251018,10:40,10:40,11:05,여객,출발,,B777-300ER,277,"A,B,C,D"
출발,인천,대한항공,KE969,프라하,20251018,10:45,10:45,11:10,여객,출발,,B787-9,269,"A,B,C,D"
출발,인천,대한항공,KE457,다낭,20251018,10:55,10:55,11:23,여객,출발,,B737-900,188,"A,B,C,D"
출발,인천,대한항공,KE907,런던히드로,20251018,10:55,11:17,11:44,여객,지연,항공기 정비에 의한 지연,A380-800,407,"A,B,C,D"
출발,인천,대한항공,KE791,후쿠오카,20251018,11:05,11:05,11:29,여객,출발,,B737-900,188,"A,B,C,D"
출발,인천,대한항공,KE917,취리히,20251018,11:05,11:05,11:35,여객,출발,,B787-9,269,"A,B,C,D"
출발,인천,대한항공,KE897,푸동,20251018,11:10,11:10,11:38,여객,출발,,B777-300ER,277,"A,B,C,D"
출발,인천,가루다인도네시아,GA871,덴파사(응우라 라이),20251018,11:25,11:25,11:36,여객,출발,,A330-300,251,"J,F,G,L"
출발,인천,에어부산,BX158,후쿠오카,20251018,11:25,11:25,11:53,여객,출발,,A321,195,"E,F,G,L"
출발,인천,아에로멕시코,AM091,멕시코시티,20251018,11:40,11:40,12:05,여객,출발,,B787-9,274,"H,F,G,L"
출발,인천,대한항공,KE925,암스테르담,20251018,11:55,11:55,12:26,여객,출발,,B777-300ER,277,"A,B,C,D"
출발,인천,중화항공,CI165,가오슝,20251018,12:05,12:05,12:22,여객,출발,,A321neo,180,"J,F,G,L"
출발,인천,진에어,LJ263,후쿠오카,20251018,12:10,12:10,12:32,여객,출발,,B737-800,189,"H,F,G,L"
출발,인천,에어서울,RS811,장가계,20251018,12:20,12:20,12:39,여객,출발,,A321,195,"E,F,G,L"
출발,인천,대한항공,KE769,삿포로,20251018,12:35,12:35,13:09,여객,출발,,B737-900,188,"A,B,C,D"
출발,인천,대한항공,KE803,천진,20251018,12:35,12:35,12:56,여객,출발,,B737-900,188,"A,B,C,D"
출발,인천,대한항공,KE963,부다페스트,20251018,12:35,12:35,12:45,여객,출발,,B787-9,269,"A,B,C,D"
출발,인천,중화항공,CI161,타오위안,20251018,12:35,12:35,12:57,여객,출발,,A330-300,277,"J,F,G,L"
출발,인천,에어부산,BX174,간사이,20251018,12:40,12:40,13:16,여객,출발,,A321,195,"E,F,G,L"
출발,인천,대한항공,KE711,도쿄/나리타,20251018,13:00,13:39,13:39,여객,지연,항공교통흐름에 의한 지연,A321neo,182,"A,B,C,D"
출발,인천,대한항공,KE869,대련,20251018,13:00,13:00,13:33,여객,출발,,B737-900,188,"A,B,C,D"
출발,인천,대한항공,KE843,청도,20251018,13:05,14:07,14:07,여객,지연,항공기 연결에 의한 지연,B737-900,188,"A,B,C,D"
출발,인천,대한항공,KE931,로마,20251018,13:20,13:20,13:50,여객,출발,,B777-300ER,277,"A,B,C,D"
출발,인천,대한항공,KE135,허페이,20251018,13:25,13:25,13:58,여객,출발,,B737-900,188,"A,B,C,D"
출발,인천,대한항공,KE175,홍콩,20251018,13:25,13:25,13:54,여객,출발,,A321neo,182,"A,B,C,D"
출발,인천,대한항공,KE951,두바이,20251018,13:25,13:25,13:52,여객,출발,,B777-300ER,277,"A,B,C,D"
출발,인천,샤먼항공,MF872,샤먼 가오치,20251018,13:30,13:30,13:45,여객,출발,,B737-800,168,"J,F,G,L"
출발,인천,대한항공,KE955,이스탄불,20251018,13:40,13:40,14:11,여객,출발,,B777-300ER,277,"A,B,C,D"
출발,인천,대한항공,KE789,후쿠오카,20251018,13:45,13:45,14:10,여객,출발,,B737-900,188,"A,B,C,D"
출발,인천,진에어,LJ861,청도,20251018,13:50,13:50,14:19,여객,출발,,B737-800,189,"H,F,G,L"
출발,인천,에어서울,RS723,후쿠오카,20251018,14:25,14:25,15:03,여객,출발,,A321,195,"E,F,G,L"
출발,인천,대한항공,KE017,로스앤젤레스,20251018,14:30,14:30,14:51,여객,출발,,B747-8i,368,"A,B,C,D"
출발,인천,진에어,LJ359,다카마쓰,20251018,14:30,14:30,14:55,여객,출발,,B737-800,189,"H,F,G,L"
출발,인천,대한항공,KE833,심양,20251018,14:35,14:35,15:01,여객,출발,,B737-900,188,"A,B,C,D"
출발,인천,진에어,LJ237,간사이,20251018,14:40,14:40,15:10,여객,출발,,B737-800,189,"H,F,G,L"
출발,인천,대한항공,KE643,싱가포르,20251018,14:45,14:45,15:12,여객,출발,,A330-300,272,"A,B,C,D"
출발,인천,대한항공,KE725,간사이,20251018,15:05,15:05,15:38,여객,출발,,A321neo,182,"A,B,C,D"
출발,인천,대한항공,KE627,자카르타(수카르노 하타),20251018,15:10,15:10,15:46,여객,지연,항공교통흐름에 의한 지연,A330-300,272,"A,B,C,D"
출발,인천,대한항공,KE189,타이중,20251018,15:15,15:15,15:52,여객,지연,기타 원인에 의한 지연,A321neo,182,"A,B,C,D"
출발,인천,진에어,LJ209,도쿄/나리타,20251018,15:15,15:58,16:19,여객,지연,항공기 연결에 의한 지연,B737-800,189,"H,F,G,L"
출발,인천,에어서울,RS715,간사이,20251018,15:20,15:20,15:45,여객,출발,,A321,195,"E,F,G,L"
출발,인천,에어부산,BX176,간사이,20251018,15:25,15:25,15:58,여객,출발,,A321,195,"E,F,G,L"
출발,인천,진에어,LJ211,도쿄/나리타,20251018,15:35,15:35,16:02,여객,출발,,B737-800,189,"H,F,G,L"
출발,인천,진에어,LJ851,황산,20251018,15:35,15:35,16:01,여객,출발,,B737-800,189,"H,F,G,L"
출발,인천,대한항공,KE671,쿠알라룸푸르,20251018,15:40,17:10,17:39,여객,지연,항공기 연결에 의한 지연,A330-300,272,"A,B,C,D"
출발,인천,대한항공,KE733,고베,20251018,15:50,15:50,16:15,여객,출발,,A321neo,182,"A,B,C,D"
출발,인천,에어부산,BX166,도쿄/나리타,20251018,15:50,15:50,16:23,여객,출발,,A321,195,"E,F,G,L"
출발,인천,대한항공,KE023,샌프란시스코,20251018,16:00,16:00,16:26,여객,출발,,B777-300ER,277,"A,B,C,D"
출발,인천,진에어,LJ347,나고야,20251018,16:05,16:05,16:34,여객,출발,,B737-800,189,"H,F,G,L"
출발,인천,대한항공,KE187,타오위안,20251018,16:10,17:10,17:28,여객,지연,항공기 정비에 의한 지연,A321neo,182,"A,B,C,D"
출발,인천,대한항공,KE633,덴파사(응우라 라이),20251018,16:10,16:10,16:28,여객,출발,,A330-300,272,"A,B,C,D"
출발,인천,진에어,LJ351,기타규슈,20251018,16:15,16:15,16:43,여객,출발,,B737-800,189,"H,F,G,L"
출발,인천,델타항공,DL188,애틀랜타,20251018,16:25,16:25,16:45,여객,출발,,A350-900,306,"K,F,G,L"
출발,인천,대한항공,KE041,시애틀,20251018,16:40,16:55,17:17,여객,지연,항공기 연결에 의한 지연,A330-300,272,"A,B,C,D"
출발,인천,에어서울,RS703,도쿄/나리타,20251018,16:45,16:45,17:14,여객,출발,,A321,195,"E,F,G,L"
출발,인천,진에어,LJ271,후쿠오카,20251018,17:00,17:00,17:31,여객,출발,,B737-800,189,"H,F,G,L"
출발,인천,대한항공,KE713,도쿄/나리타,20251018,17:05,17:05,17:26,여객,출발,,A321neo,182,"A,B,C,D"
출발,인천,진에어,LJ091,푸꾸옥,20251018,17:05,17:05,17:35,여객,출발,,B737-800,189,"H,F,G,L"
출발,인천,대한항공,KE1405,김해,20251018,17:10,17:10,17:24,여객,출발,,B737-900,188,
출발,인천,대한항공,KE485,푸꾸옥,20251018,17:10,17:10,17:52,여객,출발,,B737-900,188,"A,B,C,D"
출발,인천,진에어,LJ009,치앙마이,20251018,17:10,17:10,17:32,여객,출발,,B737-800,189,"H,F,G,L"
출발,인천,대한항공,KE8425,괌,20251018,17:15,17:15,17:37,여객,출발,,B737-900,188,"A,B,C,D"
출발,인천,에어부산,BX747,수안나폼(방콕),20251018,17:15,17:15,17:48,여객,출발,,A321,195,"E,F,G,L"
출발,인천,진에어,LJ919,괌,20251018,17:35,17:35,18:03,여객,출발,,B737-800,189,"H,F,G,L"
출발,인천,대한항공,KE629,덴파사(응우라 라이),20251018,17:45,17:45,18:07,여객,출발,,A330-300,272,"A,B,C,D"
출발,인천,대한항공,KE663,푸껫,20251018,17:50,17:50,18:13,여객,출발,,B737-900,188,"A,B,C,D"
출발,인천,대한항공,KE651,수안나폼(방콕),20251018,18:05,18:05,18:36,여객,출발,,A330-300,272,"A,B,C,D"
출발,인천,대한항공,KE461,다낭,20251018,18:20,18:20,18:45,여객,출발,,B737-900,188,"A,B,C,D"
출발,인천,대한항공,KE1407,김해,20251018,18:25,19:02,19:02,여객,지연,항공기 연결에 의한 지연,B737-900,188,
출발,인천,대한항공,KE667,치앙마이,20251018,18:25,18:25,18:47,여객,출발,,B737-900,188,"A,B,C,D"
출발,인천,대한항공,KE705,도쿄/나리타,20251018,18:35,18:35,18:51,여객,출발,,A321neo,182,"A,B,C,D"
출발,인천,대한항공,KE423,괌,20251018,18:40,18:55,19:14,여객,출발,,B737-900,188,"A,B,C,D"
출발,인천,대한항공,KE645,싱가포르,20251018,18:40,18:40,19:00,여객,출발,,A330-300,272,"A,B,C,D"
출발,인천,대한항공,KE781,후쿠오카,20251018,18:40,18:40,19:05,여객,출발,,B737-900,188,"A,B,C,D"
출발,인천,델타항공,DL170,미니애폴리스,20251018,18:40,18:40,18:54,여객,출발,,A350-900,306,"K,F,G,L"
출발,인천,대한항공,KE071,밴쿠버,20251018,18:45,19:00,19:41,여객,지연,항공교통흐름에 의한 지연,B787-9,269,"A,B,C,D"
출발,인천,대한항공,KE453,노이바이(하노이),20251018,18:45,19:05,19:27,여객,지연,항공기 연결에 의한 지연,B737-900,188,"A,B,C,D"
출발,인천,대한항공,KE475,떤 선녓(호찌민),20251018,18:45,18:45,19:16,여객,출발,,B737-900,188,"A,B,C,D"
출발,인천,대한항공,KE623,마닐라,20251018,18:50,19:25,20:03,여객,지연,항공기 연결에 의한 지연,B737-900,188,"A,B,C,D"
출발,인천,대한항공,KE689,프놈펜,20251018,18:50,19:20,19:48,여객,지연,항공기 연결에 의한 지연,B737-900,188,"A,B,C,D"
출발,인천,대한항공,KE743,나고야,20251018,18:50,18:50,19:13,여객,출발,,A321neo,182,"A,B,C,D"
출발,인천,델타항공,DL26,애틀랜타,20251018,18:50,18:50,19:09,여객,출발,,A350-900,306,"K,F,G,L"
출발,인천,대한항공,KE895,푸동,20251018,18:55,19:15,19:51,여객,지연,항공기 연결에 의한 지연,A330-300,272,"A,B,C,D"
출발,인천,대한항공,KE721,간사이,20251018,19:00,19:00,19:33,여객,출발,,A321neo,182,"A,B,C,D"
출발,인천,대한항공,KE401,시드니,20251018,19:10,19:10,19:37,여객,출발,,A380-800,407,"A,B,C,D"
출발,인천,에어부산,BX741,비엔티안,20251018,19:15,19:15,19:42,여객,출발,,A321,195,"E,F,G,L"
출발,인천,델타항공,DL196,시애틀,20251018,19:20,22:00,:,여객,지연,항공기 연결에 의한 지연,A330-900neo,281,"K,F,G,L"
출발,인천,대한항공,KE163,장가계,20251018,19:25,19:25,20:00,여객,출발,,B737-900,188,"A,B,C,D"
출발,인천,대한항공,KE085,뉴욕,20251018,19:30,20:00,20:25,여객,지연,기타 원인에 의한 지연,B747-8i,368,"A,B,C,D"
출발,인천,대한항공,KE1431,대구,20251018,19:30,19:30,20:01,여객,출발,,B737-900,188,
출발,인천,대한항공,KE1409,김해,20251018,19:35,19:35,20:16,여객,출발,,B737-900,188,
출발,인천,진에어,LJ917,괌,20251018,19:35,19:35,20:12,여객,출발,,B737-800,189,"H,F,G,L"
출발,인천,델타항공,DL172,솔트레이크시티,20251018,19:40,19:40,20:10,여객,출발,,A350-900,306,"K,F,G,L"
출발,인천,대한항공,KE177,홍콩,20251018,19:45,19:45,20:38,여객,지연,항공교통흐름에 의한 지연,A321neo,182,"A,B,C,D"
출발,인천,대한항공,KE477,떤 선녓(호찌민),20251018,19:45,19:45,20:40,여객,지연,항공교통흐름에 의한 지연,B737-900,188,"A,B,C,D"
출발,인천,대한항공,KE659,수안나폼(방콕),20251018,19:45,19:45,20:27,여객,지연,항공교통흐름에 의한 지연,B737-900,188,"A,B,C,D"
출발,인천,에어서울,RS527,깜라인(나트랑),20251018,19:50,19:50,20:54,여객,지연,항공교통흐름에 의한 지연,A321,195,"E,F,G,L"
출발,인천,진에어,LJ001,수안나폼(방콕),20251018,19:55,20:17,20:42,여객,지연,공항 및 출입국 절차에 의한 지연,B737-800,189,"H,F,G,L"
출발,인천,대한항공,KE467,깜라인(나트랑),20251018,20:00,20:00,20:45,여객,지연,항공교통흐름에 의한 지연,B737-900,188,"A,B,C,D"
출발,인천,대한항공,KE853,베이징,20251018,20:00,20:00,20:35,여객,출발,,A330-300,272,"A,B,C,D"
출발,인천,대한항공,KE407,브리즈번,20251018,20:05,20:05,20:32,여객,출발,,A330-300,272,"A,B,C,D"
출발,인천,대한항공,KE625,마닐라,20251018,20:15,20:15,21:02,여객,지연,항공교통흐름에 의한 지연,B737-900,188,"A,B,C,D"
출발,인천,대한항공,KE011,로스앤젤레스,20251018,20:25,20:25,20:51,여객,출발,,A380-800,407,"A,B,C,D"
출발,인천,진에어,LJ081,다낭,20251018,20:25,20:51,21:13,여객,지연,운항 기준 및 승무원 관련 지연,B737-800,189,"H,F,G,L"
출발,인천,대한항공,KE719,하네다,20251018,20:30,20:30,21:04,여객,출발,,A321neo,182,"A,B,C,D"
출발,인천,샤먼항공,MF878,푸저우(복주),20251018,20:35,20:35,21:00,여객,출발,,B737-800,168,"J,F,G,L"
출발,인천,중화항공,CI163,타오위안,20251018,20:35,20:52,21:16,여객,지연,항공교통흐름에 의한 지연,A330-300,277,"J,F,G,L"
출발,인천,진에어,LJ087,깜라인(나트랑),20251018,20:40,20:40,21:09,여객,출발,,B737-800,189,"H,F,G,L"
출발,인천,에어서울,RS511,다낭,20251018,20:55,20:55,21:30,여객,출발,,A321,195,"E,F,G,L"
출발,인천,대한항공,KE005,라스베이거스,20251018,21:00,21:00,21:48,여객,지연,항공교통흐름에 의한 지연,B777-300ER,277,"A,B,C,D"
출발,인천,대한항공,KE053,호놀룰루,20251018,21:05,21:05,21:44,여객,지연,지상조업 관련 지연,A330-300,272,"A,B,C,D"
출발,인천,대한항공,KE655,수안나폼(방콕),20251018,21:15,21:15,21:46,여객,출발,,A330-300,272,"A,B,C,D"
출발,인천,에어부산,BX787,깜라인(나트랑),20251018,21:30,21:30,22:25,여객,지연,항공교통흐름에 의한 지연,A321,195,"E,F,G,L"
출발,인천,네덜란드항공,KL856,암스테르담,20251018,22:25,22:25,22:54,여객,출발,,B787-9,294,"M,F,G,L"
출발,인천,대한항공,KE619,마닐라,20251018,22:35,22:35,23:00,여객,출발,,A330-300,272,"A,B,C,D"
출발,인천,대한항공,KE075,밴쿠버,20251018,22:40,22:40,23:06,여객,출발,,B787-9,269,"A,B,C,D"
출발,인천,대한항공,KE647,싱가포르,20251018,23:35,23:35,23:57,여객,출발,,B777-300ER,277,"A,B,C,D"
출발,인천,스칸디나비아항공,SK988,코펜하겐,20251018,23:45,23:45,23:53,여객,출발,,A350-900,300,"K,F,G,L"
출발,인천,대한항공,KE1401,김해,20251019,06:35,06:35,06:49,여객,출발,,B737-900,188,
출발,인천,에어부산,BX164,도쿄/나리타,20251019,07:15,07:15,07:44,여객,출발,,A321,195,"E,F,G,L"
출발,인천,에어서울,RS711,간사이,20251019,07:15,07:15,07:33,여객,출발,,A321,195,"E,F,G,L"
출발,인천,진에어,LJ261,후쿠오카,20251019,07:15,07:15,07:42,여객,출발,,B737-800,189,"H,F,G,L"
출발,인천,에어부산,BX156,후쿠오카,20251019,07:20,07:20,07:46,여객,출발,,A321,195,"E,F,G,L"
출발,인천,대한항공,KE787,후쿠오카,20251019,07:25,07:25,07:54,여객,출발,,B737-900,188,"A,B,C,D"
출발,인천,진에어,LJ201,도쿄/나리타,20251019,07:25,07:40,08:06,여객,지연,공항 및 출입국 절차에 의한 지연,B737-800,189,"H,F,G,L"
출발,인천,대한항공,KE771,오카야마,20251019,07:30,07:30,07:56,여객,출발,,B737-900,188,"A,B,C,D"
출발,인천,진에어,LJ345,나고야,20251019,07:30,07:30,07:52,여객,출발,,B737-800,189,"H,F,G,L"
출발,인천,진에어,LJ231,간사이,20251019,07:40,07:40,08:11,여객,출발,,B737-800,189,"H,F,G,L"
출발,인천,대한항공,KE173,홍콩,20251019,07:45,07:45,08:12,여객,출발,,A321neo,182,"A,B,C,D"
출발,인천,대한항공,KE621,마닐라,20251019,07:50,08:10,08:37,여객,지연,항공기 연결에 의한 지연,B737-900,188,"A,B,C,D"
출발,인천,대한항공,KE845,청도,20251019,07:50,07:50,08:09,여객,출발,,B737-900,188,"A,B,C,D"
출발,인천,진에어,LJ731,타오위안,20251019,07:50,08:03,08:29,여객,지연,공항 및 출입국 절차에 의한 지연,B737-800,189,"H,F,G,L"
출발,인천,대한항공,KE131,정저우,20251019,08:00,08:00,08:14,여객,출발,,B737-900,188,"A,B,C,D"
출발,인천,대한항공,KE441,노이바이(하노이),20251019,08:00,08:00,08:22,여객,출발,,A330-300,272,"A,B,C,D"
출발,인천,대한항공,KE197,칭기즈칸(신 울란바토르) 국제공항,20251019,08:10,08:10,08:32,여객,출발,,B737-900,188,"A,B,C,D"
출발,인천,에어서울,RS705,도쿄/나리타,20251019,08:10,08:10,08:28,여객,출발,,A321,195,"E,F,G,L"
출발,인천,진에어,LJ241,간사이,20251019,08:10,08:10,08:34,여객,출발,,B737-800,189,"H,F,G,L"
출발,인천,진에어,LJ357,시모지시마,20251019,08:10,08:10,08:33,여객,출발,,B737-800,189,"H,F,G,L"
출발,인천,대한항공,KE859,베이징,20251019,08:15,08:15,08:26,여객,출발,,B777-300ER,277,"A,B,C,D"
출발,인천,진에어,LJ203,도쿄/나리타,20251019,08:15,08:15,08:36,여객,출발,,B737-800,189,"H,F,G,L"
출발,인천,대한항공,KE127,푸저우(복주),20251019,08:20,08:20,08:41,여객,출발,,B737-900,188,"A,B,C,D"
출발,인천,대한항공,KE1403,김해,20251019,08:20,08:20,08:47,여객,출발,,B737-900,188,
출발,인천,진에어,LJ301,삿포로,20251019,08:20,08:20,08:42,여객,출발,,B737-800,189,"H,F,G,L"
출발,인천,대한항공,KE731,고베,20251019,08:25,08:25,08:55,여객,출발,,A321neo,182,"A,B,C,D"
출발,인천,대한항공,KE893,푸동,20251019,08:25,08:25,08:50,여객,출발,,A330-300,272,"A,B,C,D"
출발,인천,에어 프랑스,AF267,파리,20251019,08:30,08:30,09:02,여객,출발,,B777-300ER,296,"M,F,G,L"
출발,인천,대한항공,KE775,고마쓰,20251019,08:35,08:35,08:58,여객,출발,,B737-900,188,"A,B,C,D"
출발,인천,대한항공,KE827,선전(심천),20251019,08:40,08:40,09:08,여객,출발,,B737-900,188,"A,B,C,D"
출발,인천,대한항공,KE831,심양,20251019,08:45,08:05,08:35,여객,출발,,B737-900,188,"A,B,C,D"
출발,인천,에어서울,RS741,다카마쓰,20251019,08:45,08:45,09:03,여객,출발,,A321,195,"E,F,G,L"
출발,인천,대한항공,KE137,우한,20251019,08:50,08:50,09:05,여객,출발,,B737-900,188,"A,B,C,D"
출발,인천,대한항공,KE865,광저우,20251019,08:50,08:50,09:16,여객,출발,,A330-300,272,"A,B,C,D"
출발,인천,대한항공,KE819,창사(장사),20251019,09:00,09:00,09:20,여객,출발,,B737-900,188,"A,B,C,D"
출발,인천,대한항공,KE469,떤 선녓(호찌민),20251019,09:05,09:05,09:46,여객,출발,,A330-300,272,"A,B,C,D"
출발,인천,진에어,LJ361,이시가키,20251019,09:05,09:05,09:48,여객,출발,,B737-800,189,"H,F,G,L"
출발,인천,대한항공,KE805,천진,20251019,09:10,09:10,09:32,여객,출발,,B737-900,188,"A,B,C,D"
출발,인천,대한항공,KE811,시안,20251019,09:10,09:10,09:50,여객,지연,항공기 정비에 의한 지연,B737-900,188,"A,B,C,D"
출발,인천,에어부산,BX172,간사이,20251019,09:15,09:15,09:38,여객,출발,,A321,195,"E,F,G,L"
출발,인천,대한항공,KE035,애틀랜타,20251019,09:20,09:20,09:41,여객,출발,,B777-300ER,277,"A,B,C,D"
출발,인천,진에어,LJ913,괌,20251019,09:20,09:20,09:36,여객,출발,,B737-800,189,"H,F,G,L"
출발,인천,에어서울,RS701,도쿄/나리타,20251019,09:25,09:25,09:53,여객,출발,,A321,195,"E,F,G,L"
출발,인천,대한항공,KE031,댈러스,20251019,09:30,09:30,09:56,여객,출발,,B787-9,269,"A,B,C,D"
출발,인천,대한항공,KE091,보스턴,20251019,09:30,09:30,09:47,여객,출발,,B787-9,269,"A,B,C,D"
출발,인천,대한항공,KE657,수안나폼(방콕),20251019,09:30,09:30,10:00,여객,출발,,A330-300,272,"A,B,C,D"
출발,인천,대한항공,KE755,오키나와,20251019,09:30,09:30,10:02,여객,출발,,B737-900,188,"A,B,C,D"
출발,인천,대한항공,KE777,구마모토,20251019,09:30,09:30,09:58,여객,출발,,B737-900,188,"A,B,C,D"
출발,인천,대한항공,KE073,토론토,20251019,09:35,09:35,10:11,여객,지연,항공기 연결에 의한 지연,B777-300ER,277,"A,B,C,D"
출발,인천,대한항공,KE723,간사이,20251019,09:35,09:35,10:00,여객,출발,,A321neo,182,"A,B,C,D"
출발,인천,대한항공,KE421,괌,20251019,09:45,09:45,10:07,여객,출발,,B737-900,188,"A,B,C,D"
출발,인천,대한항공,KE913,마드리드,20251019,09:55,09:55,10:12,여객,출발,,B787-9,269,"A,B,C,D"
출발,인천,진에어,LJ341,오키나와,20251019,09:55,09:55,10:16,여객,출발,,B737-800,189,"H,F,G,L"
출발,인천,대한항공,KE081,뉴욕,20251019,10:00,10:00,10:24,여객,출발,,A380-800,407,"A,B,C,D"
출발,인천,대한항공,KE703,도쿄/나리타,20251019,10:10,10:10,10:30,여객,출발,,A321neo,182,"A,B,C,D"
출발,인천,진에어,LJ233,간사이,20251019,10:10,10:10,10:27,여객,출발,,B737-800,189,"H,F,G,L"
출발,인천,델타항공,DL158,디트로이트,20251019,10:15,10:15,10:18,여객,출발,,A350-900,306,"K,F,G,L"
출발,인천,대한항공,KE125,샤먼 가오치,20251019,10:20,10:20,10:49,여객,출발,,B737-900,188,"A,B,C,D"
출발,인천,대한항공,KE169,마카오,20251019,10:20,10:20,10:35,여객,출발,,A321neo,182,"A,B,C,D"
출발,인천,대한항공,KE093,워싱톤,20251019,10:25,10:25,10:44,여객,출발,,B777-300ER,277,"A,B,C,D"
출발,인천,대한항공,KE101,남경,20251019,10:25,10:25,10:44,여객,출발,,A321neo,182,"A,B,C,D"
출발,인천,대한항공,KE937,비엔나,20251019,10:25,10:25,10:51,여객,출발,,B787-9,269,"A,B,C,D"
출발,인천,대한항공,KE185,타오위안,20251019,10:30,10:30,10:53,여객,출발,,A321neo,182,"A,B,C,D"
출발,인천,가루다인도네시아,GA879,자카르타(수카르노 하타),20251019,10:35,10:35,10:56,여객,출발,,A330-900neo,301,"J,F,G,L"
출발,인천,대한항공,KE741,나고야,20251019,10:35,10:35,11:14,여객,지연,항공교통흐름에 의한 지연,A321neo,182,"A,B,C,D"
출발,인천,대한항공,KE037,시카고,20251019,10:40,10:40,11:06,여객,출발,,B777-300ER,277,"A,B,C,D"
출발,인천,대한항공,KE855,베이징,20251019,10:40,10:40,11:12,여객,출발,,A330-300,272,"A,B,C,D"
출발,인천,대한항공,KE457,다낭,20251019,10:55,10:55,11:18,여객,출발,,B737-900,188,"A,B,C,D"
출발,인천,대한항공,KE907,런던히드로,20251019,10:55,10:55,11:54,여객,지연,운항 기준 및 승무원 관련 지연,A380-800,407,"A,B,C,D"
출발,인천,대한항공,KE791,후쿠오카,20251019,11:05,11:05,11:32,여객,출발,,B737-900,188,"A,B,C,D"
출발,인천,대한항공,KE945,프랑크푸르트,20251019,11:05,11:05,11:39,여객,출발,,A380-800,407,"A,B,C,D"
출발,인천,대한항공,KE897,푸동,20251019,11:10,11:10,11:48,여객,지연,항공교통흐름에 의한 지연,B777-300ER,277,"A,B,C,D"
출발,인천,대한항공,KE9973,말라가,20251019,11:15,11:15,11:59,여객,지연,항공교통흐름에 의한 지연,B737-900,188,"A,B,C,D"
출발,인천,가루다인도네시아,GA871,덴파사(응우라 라이),20251019,11:25,11:25,11:56,여객,출발,,A330-300,251,"J,F,G,L"
출발,인천,에어부산,BX158,후쿠오카,20251019,11:25,11:25,11:57,여객,출발,,A321,195,"E,F,G,L"
출발,인천,아에로멕시코,AM091,멕시코시티,20251019,11:40,11:40,12:11,여객,출발,,B787-9,274,"H,F,G,L"
출발,인천,대한항공,KE925,암스테르담,20251019,11:55,11:55,12:14,여객,출발,,B777-300ER,277,"A,B,C,D"
출발,인천,중화항공,CI165,가오슝,20251019,12:05,12:05,12:25,여객,출발,,A321neo,180,"J,F,G,L"
출발,인천,진에어,LJ263,후쿠오카,20251019,12:10,12:10,12:33,여객,출발,,B737-800,189,"H,F,G,L"
출발,인천,대한항공,KE769,삿포로,20251019,12:35,12:35,12:55,여객,출발,,B737-900,188,"A,B,C,D"
출발,인천,대한항공,KE803,천진,20251019,12:35,12:35,12:54,여객,출발,,B737-900,188,"A,B,C,D"
출발,인천,중화항공,CI161,타오위안,20251019,12:35,12:35,12:45,여객,출발,,A330-300,277,"J,F,G,L"
출발,인천,에어부산,BX174,간사이,20251019,12:40,12:40,13:00,여객,출발,,A321,195,"E,F,G,L"
출발,인천,대한항공,KE497,델리,20251019,12:55,12:55,13:15,여객,출발,,B787-9,269,"A,B,C,D"
출발,인천,대한항공,KE711,도쿄/나리타,20251019,13:00,13:00,13:33,여객,출발,,A321neo,182,"A,B,C,D"
출발,인천,대한항공,KE869,대련,20251019,13:00,13:00,13:14,여객,출발,,B737-900,188,"A,B,C,D"
출발,인천,대한항공,KE843,청도,20251019,13:05,13:05,13:29,여객,출발,,B737-900,188,"A,B,C,D"
출발,인천,진에어,GS7994,천진,20251019,13:05,13:05,13:06,여객,출발,,B737-800,189,"H,F,G,L"
출발,인천,대한항공,KE135,허페이,20251019,13:25,13:25,13:48,여객,출발,,B737-900,188,"A,B,C,D"
출발,인천,대한항공,KE175,홍콩,20251019,13:25,13:25,13:44,여객,출발,,A321neo,182,"A,B,C,D"
출발,인천,대한항공,KE951,두바이,20251019,13:25,13:25,13:40,여객,출발,,B777-300ER,277,"A,B,C,D"
출발,인천,에어서울,RS745,요나고,20251019,13:25,13:25,13:46,여객,출발,,A321,195,"E,F,G,L"
출발,인천,샤먼항공,MF872,샤먼 가오치,20251019,13:30,13:30,13:34,여객,출발,,B737-800,168,"J,F,G,L"
출발,인천,대한항공,KE927,밀라노,20251019,13:40,13:40,13:57,여객,출발,,B787-9,269,"A,B,C,D"
출발,인천,대한항공,KE789,후쿠오카,20251019,13:45,14:30,15:00,여객,지연,항공기 연결에 의한 지연,B737-900,188,"A,B,C,D"
출발,인천,대한항공,KE921,리스본,20251019,13:45,13:45,14:04,여객,출발,,B787-9,269,"A,B,C,D"
출발,인천,진에어,LJ861,청도,20251019,13:50,13:50,14:17,여객,출발,,B737-800,189,"H,F,G,L"
출발,인천,에어서울,RS723,후쿠오카,20251019,14:25,14:25,14:51,여객,출발,,A321,195,"E,F,G,L"
출발,인천,대한항공,KE017,로스앤젤레스,20251019,14:30,14:30,14:52,여객,출발,,B747-8i,368,"A,B,C,D"
출발,인천,진에어,LJ359,다카마쓰,20251019,14:30,14:30,14:55,여객,출발,,B737-800,189,"H,F,G,L"
출발,인천,대한항공,KE833,심양,20251019,14:35,14:35,14:59,여객,출발,,B737-900,188,"A,B,C,D"
출발,인천,진에어,LJ237,간사이,20251019,14:40,14:40,15:18,여객,출발,,B737-800,189,"H,F,G,L"
출발,인천,대한항공,KE643,싱가포르,20251019,14:45,14:45,15:12,여객,출발,,A330-300,272,"A,B,C,D"
출발,인천,대한항공,KE725,간사이,20251019,15:05,15:05,15:26,여객,출발,,A321neo,182,"A,B,C,D"
출발,인천,대한항공,KE627,자카르타(수카르노 하타),20251019,15:10,15:10,15:46,여객,출발,,A330-300,272,"A,B,C,D"
출발,인천,대한항공,KE189,타이중,20251019,15:15,15:15,15:38,여객,출발,,A321neo,182,"A,B,C,D"
출발,인천,진에어,LJ209,도쿄/나리타,20251019,15:15,15:41,15:56,여객,지연,항공기 연결에 의한 지연,B737-800,189,"H,F,G,L"
출발,인천,에어서울,RS715,간사이,20251019,15:20,15:20,15:44,여객,출발,,A321,195,"E,F,G,L"
출발,인천,에어부산,BX176,간사이,20251019,15:25,15:25,16:08,여객,지연,공항 및 출입국 절차에 의한 지연,A321,195,"E,F,G,L"
출발,인천,진에어,LJ211,도쿄/나리타,20251019,15:35,15:35,16:11,여객,출발,,B737-800,189,"H,F,G,L"
출발,인천,대한항공,KE671,쿠알라룸푸르,20251019,15:40,15:40,16:19,여객,지연,항공교통흐름에 의한 지연,A330-300,272,"A,B,C,D"
출발,인천,대한항공,KE733,고베,20251019,15:50,16:05,16:39,여객,지연,항공기 연결에 의한 지연,A321neo,182,"A,B,C,D"
출발,인천,에어부산,BX166,도쿄/나리타,20251019,15:50,15:50,16:18,여객,출발,,A321,195,"E,F,G,L"
출발,인천,대한항공,KE023,샌프란시스코,20251019,16:00,16:00,16:36,여객,지연,항공교통흐름에 의한 지연,B777-300ER,277,"A,B,C,D"
출발,인천,진에어,LJ239,간사이,20251019,16:05,16:21,16:43,여객,지연,공항 및 출입국 절차에 의한 지연,B737-800,189,"H,F,G,L"
출발,인천,진에어,LJ347,나고야,20251019,16:05,16:25,16:49,여객,지연,공항 및 출입국 절차에 의한 지연,B737-800,189,"H,F,G,L"
출발,인천,대한항공,KE187,타오위안,20251019,16:10,17:15,:,여객,,항공기 연결에 의한 지연,A321neo,182,"A,B,C,D"
출발,인천,대한항공,KE633,덴파사(응우라 라이),20251019,16:10,16:10,16:35,여객,출발,,A330-300,272,"A,B,C,D"
출발,인천,진에어,LJ351,기타규슈,20251019,16:15,16:15,16:47,여객,출발,,B737-800,189,"H,F,G,L"
출발,인천,델타항공,DL188,애틀랜타,20251019,16:25,16:25,16:57,여객,출발,,A350-900,306,"K,F,G,L"
출발,인천,대한항공,KE041,시애틀,20251019,16:40,16:40,17:27,여객,지연,항공교통흐름에 의한 지연,A330-300,272,"A,B,C,D"
출발,인천,에어서울,RS703,도쿄/나리타,20251019,16:45,16:45,17:12,여객,출발,,A321,195,"E,F,G,L"
출발,인천,진에어,LJ271,후쿠오카,20251019,17:00,17:00,17:25,여객,출발,,B737-800,189,"H,F,G,L"
출발,인천,대한항공,KE713,도쿄/나리타,20251019,17:05,17:05,17:44,여객,지연,항공교통흐름에 의한 지연,A321neo,182,"A,B,C,D"
출발,인천,진에어,LJ091,푸꾸옥,20251019,17:05,17:20,17:48,여객,지연,공항 및 출입국 절차에 의한 지연,B737-800,189,"H,F,G,L"
출발,인천,대한항공,KE1405,김해,20251019,17:10,17:10,17:34,여객,출발,,B737-900,188,
출발,인천,대한항공,KE485,푸꾸옥,20251019,17:10,17:10,17:36,여객,출발,,B737-900,188,"A,B,C,D"
출발,인천,진에어,LJ009,치앙마이,20251019,17:10,17:10,17:42,여객,출발,,B737-800,189,"H,F,G,L"
출발,인천,대한항공,KE8425,괌,20251019,17:15,17:15,17:46,여객,출발,,B737-900,188,"A,B,C,D"
출발,인천,에어부산,BX747,수안나폼(방콕),20251019,17:15,17:15,17:52,여객,출발,,A321,195,"E,F,G,L"
출발,인천,진에어,LJ919,괌,20251019,17:35,17:35,17:58,여객,출발,,B737-800,189,"H,F,G,L"
출발,인천,대한항공,KE629,덴파사(응우라 라이),20251019,17:45,17:45,18:11,여객,출발,,A330-300,272,"A,B,C,D"
출발,인천,대한항공,KE663,푸껫,20251019,17:50,18:10,18:38,여객,지연,기타 원인에 의한 지연,B737-900,188,"A,B,C,D"
출발,인천,대한항공,KE411,오클랜드,20251019,18:00,18:00,18:22,여객,출발,,B787-9,269,"A,B,C,D"
출발,인천,대한항공,KE651,수안나폼(방콕),20251019,18:05,18:05,18:28,여객,출발,,A330-300,272,"A,B,C,D"
출발,인천,대한항공,KE461,다낭,20251019,18:20,18:20,18:47,여객,출발,,B737-900,188,"A,B,C,D"
출발,인천,대한항공,KE1407,김해,20251019,18:25,18:25,18:53,여객,출발,,B737-900,188,
출발,인천,대한항공,KE667,치앙마이,20251019,18:25,18:25,18:49,여객,출발,,B737-900,188,"A,B,C,D"
출발,인천,대한항공,KE705,도쿄/나리타,20251019,18:35,18:35,19:02,여객,출발,,A321neo,182,"A,B,C,D"
출발,인천,대한항공,KE871,대련,20251019,18:35,18:35,19:07,여객,출발,,B737-900,188,"A,B,C,D"
출발,인천,대한항공,KE161,쿤밍,20251019,18:40,18:40,19:26,여객,지연,항공교통흐름에 의한 지연,B737-900,188,"A,B,C,D"
출발,인천,대한항공,KE423,괌,20251019,18:40,18:40,19:05,여객,출발,,B737-900,188,"A,B,C,D"
출발,인천,대한항공,KE645,싱가포르,20251019,18:40,18:40,19:15,여객,출발,,A330-300,272,"A,B,C,D"
출발,인천,대한항공,KE781,후쿠오카,20251019,18:40,18:40,19:13,여객,출발,,B737-900,188,"A,B,C,D"
출발,인천,델타항공,DL170,미니애폴리스,20251019,18:40,18:40,18:58,여객,출발,,A350-900,306,"K,F,G,L"
출발,인천,대한항공,KE071,밴쿠버,20251019,18:45,19:30,20:03,여객,지연,항공기 연결에 의한 지연,B787-9,269,"A,B,C,D"
출발,인천,대한항공,KE453,노이바이(하노이),20251019,18:45,18:45,19:11,여객,출발,,B737-900,188,"A,B,C,D"
출발,인천,대한항공,KE475,떤 선녓(호찌민),20251019,18:45,19:05,19:42,여객,지연,항공기 연결에 의한 지연,B737-900,188,"A,B,C,D"
출발,인천,대한항공,KE623,마닐라,20251019,18:50,18:50,19:36,여객,지연,항공교통흐름에 의한 지연,B737-900,188,"A,B,C,D"
출발,인천,대한항공,KE689,프놈펜,20251019,18:50,18:50,19:24,여객,출발,,B737-900,188,"A,B,C,D"
출발,인천,대한항공,KE743,나고야,20251019,18:50,18:50,19:28,여객,지연,항공교통흐름에 의한 지연,A321neo,182,"A,B,C,D"
출발,인천,델타항공,DL26,애틀랜타,20251019,18:50,18:50,19:20,여객,출발,,A350-900,306,"K,F,G,L"
출발,인천,대한항공,KE895,푸동,20251019,18:55,18:55,19:32,여객,지연,항공교통흐름에 의한 지연,A330-300,272,"A,B,C,D"
출발,인천,대한항공,KE721,간사이,20251019,19:00,19:00,19:46,여객,지연,항공교통흐름에 의한 지연,A321neo,182,"A,B,C,D"
출발,인천,대한항공,KE401,시드니,20251019,19:10,19:35,20:11,여객,지연,항공기 연결에 의한 지연,A380-800,407,"A,B,C,D"
출발,인천,델타항공,DL196,시애틀,20251019,19:20,19:20,19:41,여객,출발,,A330-900neo,281,"K,F,G,L"
출발,인천,대한항공,KE085,뉴욕,20251019,19:30,20:00,20:33,여객,지연,기타 원인에 의한 지연,B747-8i,368,"A,B,C,D"
출발,인천,대한항공,KE1431,대구,20251019,19:30,19:30,19:48,여객,출발,,B737-900,188,
출발,인천,대한항공,KE1409,김해,20251019,19:35,19:35,19:59,여객,출발,,B737-900,188,
출발,인천,진에어,LJ917,괌,20251019,19:35,20:07,20:29,여객,지연,공항 및 출입국 절차에 의한 지연,B737-800,189,"H,F,G,L"
출발,인천,델타항공,DL172,솔트레이크시티,20251019,19:40,19:40,19:55,여객,출발,,A350-900,306,"K,F,G,L"
출발,인천,대한항공,KE177,홍콩,20251019,19:45,19:45,20:10,여객,출발,,A321neo,182,"A,B,C,D"
출발,인천,대한항공,KE477,떤 선녓(호찌민),20251019,19:45,19:45,20:18,여객,출발,,B737-900,188,"A,B,C,D"
출발,인천,대한항공,KE659,수안나폼(방콕),20251019,19:45,19:45,20:13,여객,출발,,B737-900,188,"A,B,C,D"
출발,인천,에어서울,RS527,깜라인(나트랑),20251019,19:50,19:50,20:23,여객,출발,,A321,195,"E,F,G,L"
출발,인천,진에어,LJ001,수안나폼(방콕),20251019,19:55,20:29,20:52,여객,지연,공항 및 출입국 절차에 의한 지연,B737-800,189,"H,F,G,L"
출발,인천,대한항공,KE467,깜라인(나트랑),20251019,20:00,20:00,20:40,여객,출발,,B737-900,188,"A,B,C,D"
출발,인천,대한항공,KE853,베이징,20251019,20:00,20:00,20:37,여객,출발,,A330-300,272,"A,B,C,D"
출발,인천,대한항공,KE615,세부,20251019,20:05,20:05,20:31,여객,출발,,B737-900,188,"A,B,C,D"
출발,인천,대한항공,KE625,마닐라,20251019,20:15,20:15,21:00,여객,지연,항공교통흐름에 의한 지연,B737-900,188,"A,B,C,D"
출발,인천,대한항공,KE011,로스앤젤레스,20251019,20:25,20:25,20:57,여객,출발,,A380-800,407,"A,B,C,D"
출발,인천,진에어,LJ081,다낭,20251019,20:25,20:50,21:17,여객,지연,공항 및 출입국 절차에 의한 지연,B737-800,189,"H,F,G,L"
출발,인천,대한항공,KE719,하네다,20251019,20:30,20:30,21:07,여객,출발,,A321neo,182,"A,B,C,D"
출발,인천,샤먼항공,MF878,푸저우(복주),20251019,20:35,20:35,21:08,여객,출발,,B737-800,168,"J,F,G,L"
출발,인천,중화항공,CI163,타오위안,20251019,20:35,21:45,22:10,여객,지연,항공기 연결에 의한 지연,A330-300,277,"J,F,G,L"
출발,인천,진에어,LJ087,깜라인(나트랑),20251019,20:40,21:17,21:42,여객,지연,공항 및 출입국 절차에 의한 지연,B737-800,189,"H,F,G,L"
출발,인천,에어서울,RS511,다낭,20251019,20:55,20:55,21:40,여객,지연,항공교통흐름에 의한 지연,A321,195,"E,F,G,L"
출발,인천,대한항공,KE005,라스베이거스,20251019,21:00,21:00,21:52,여객,지연,항공교통흐름에 의한 지연,B777-300ER,277,"A,B,C,D"
출발,인천,대한항공,KE053,호놀룰루,20251019,21:05,21:05,21:56,여객,지연,항공교통흐름에 의한 지연,A330-300,272,"A,B,C,D"
출발,인천,대한항공,KE655,수안나폼(방콕),20251019,21:15,21:15,21:51,여객,출발,,A330-300,272,"A,B,C,D"
출발,인천,에어부산,BX787,깜라인(나트랑),20251019,21:30,21:30,21:57,여객,출발,,A321,195,"E,F,G,L"
출발,인천,진에어,LJ885,엔스 쉬자핑,20251019,21:45,21:45,22:07,여객,출발,,B737-800,189,"H,F,G,L"
출발,인천,네덜란드항공,KL856,암스테르담,20251019,22:25,22:25,22:44,여객,출발,,B787-9,294,"M,F,G,L"
출발,인천,대한항공,KE619,마닐라,20251019,22:35,22:35,22:48,여객,출발,,A330-300,272,"A,B,C,D"
출발,인천,대한항공,KE647,싱가포르,20251019,23:35,23:35,23:44,여객,출발,,B777-300ER,277,"A,B,C,D"
출발,인천,대한항공,KE1401,김해,20251020,06:35,06:35,06:44,여객,출발,,B737-900,188,
출발,인천,에어부산,BX164,도쿄/나리타,20251020,07:15,07:15,07:43,여객,출발,,A321,195,"E,F,G,L"
출발,인천,에어서울,RS711,간사이,20251020,07:15,07:15,07:37,여객,출발,,A321,195,"E,F,G,L"
출발,인천,진에어,LJ261,후쿠오카,20251020,07:15,07:15,07:35,여객,출발,,B737-800,189,"H,F,G,L"
출발,인천,에어부산,BX156,후쿠오카,20251020,07:20,07:20,07:52,여객,출발,,A321,195,"E,F,G,L"
출발,인천,대한항공,KE787,후쿠오카,20251020,07:25,07:25,07:41,여객,출발,,B737-900,188,"A,B,C,D"
출발,인천,대한항공,KE795,나가사키,20251020,07:30,07:30,08:00,여객,출발,,B737-900,188,"A,B,C,D"
출발,인천,진에어,LJ345,나고야,20251020,07:30,07:30,08:06,여객,출발,,B737-800,189,"H,F,G,L"
출발,인천,진에어,LJ231,간사이,20251020,07:40,07:40,08:11,여객,출발,,B737-800,189,"H,F,G,L"
출발,인천,대한항공,KE621,마닐라,20251020,07:50,07:50,08:12,여객,출발,,B737-900,188,"A,B,C,D"
출발,인천,대한항공,KE845,청도,20251020,07:50,07:50,08:19,여객,출발,,B737-900,188,"A,B,C,D"
출발,인천,진에어,LJ731,타오위안,20251020,07:50,07:50,08:25,여객,출발,,B737-800,189,"H,F,G,L"
출발,인천,대한항공,KE131,정저우,20251020,08:00,08:00,08:31,여객,출발,,B737-900,188,"A,B,C,D"
출발,인천,에어서울,RS705,도쿄/나리타,20251020,08:05,09:50,:,여객,지연,항공기 연결에 의한 지연,A321,195,"E,F,G,L"
출발,인천,대한항공,KE197,칭기즈칸(신 울란바토르) 국제공항,20251020,08:10,08:10,08:38,여객,출발,,B737-900,188,"A,B,C,D"
출발,인천,대한항공,KE767,아오모리,20251020,08:10,08:10,08:42,여객,출발,,B737-900,188,"A,B,C,D"
출발,인천,진에어,LJ241,간사이,20251020,08:10,08:10,08:27,여객,출발,,B737-800,189,"H,F,G,L"
출발,인천,진에어,LJ357,시모지시마,20251020,08:10,08:10,08:29,여객,출발,,B737-800,189,"H,F,G,L"
출발,인천,대한항공,KE859,베이징,20251020,08:15,08:15,08:44,여객,출발,,B777-300ER,277,"A,B,C,D"
출발,인천,진에어,LJ203,도쿄/나리타,20251020,08:15,08:15,08:36,여객,출발,,B737-800,189,"H,F,G,L"
출발,인천,대한항공,KE1403,김해,20251020,08:20,08:20,08:44,여객,출발,,B737-900,188,
출발,인천,진에어,LJ301,삿포로,20251020,08:20,08:20,08:33,여객,출발,,B737-800,189,"H,F,G,L"
출발,인천,대한항공,KE731,고베,20251020,08:25,08:25,08:46,여객,출발,,A321neo,182,"A,B,C,D"
출발,인천,대한항공,KE893,푸동,20251020,08:25,08:25,08:58,여객,출발,,A330-300,272,"A,B,C,D"
출발,인천,에어 프랑스,AF267,파리,20251020,08:30,08:30,08:55,여객,출발,,B777-300ER,296,"M,F,G,L"
출발,인천,대한항공,KE827,선전(심천),20251020,08:40,08:40,09:04,여객,출발,,B737-900,188,"A,B,C,D"
출발,인천,대한항공,KE831,심양,20251020,08:45,08:05,08:27,여객,출발,,B737-900,188,"A,B,C,D"
출발,인천,에어서울,RS741,다카마쓰,20251020,08:45,09:10,09:40,여객,지연,항공기 연결에 의한 지연,A321,195,"E,F,G,L"
출발,인천,대한항공,KE865,광저우,20251020,08:50,08:50,09:17,여객,출발,,A330-300,272,"A,B,C,D"
출발,인천,대한항공,KE819,창사(장사),20251020,09:00,09:00,09:25,여객,출발,,B737-900,188,"A,B,C,D"
출발,인천,대한항공,KE469,떤 선녓(호찌민),20251020,09:05,09:05,09:38,여객,출발,,A330-300,272,"A,B,C,D"
출발,인천,진에어,LJ361,이시가키,20251020,09:05,09:05,09:27,여객,출발,,B737-800,189,"H,F,G,L"
출발,인천,대한항공,KE805,천진,20251020,09:10,09:10,09:37,여객,출발,,B737-900,188,"A,B,C,D"
출발,인천,대한항공,KE811,시안,20251020,09:10,09:10,09:43,여객,출발,,B737-900,188,"A,B,C,D"
출발,인천,에어부산,BX172,간사이,20251020,09:15,09:15,09:29,여객,출발,,A321,195,"E,F,G,L"
출발,인천,대한항공,KE035,애틀랜타,20251020,09:20,09:20,09:37,여객,출발,,B777-300ER,277,"A,B,C,D"
출발,인천,대한항공,KE785,가고시마,20251020,09:20,09:20,09:33,여객,출발,,B737-900,188,"A,B,C,D"
출발,인천,진에어,LJ913,괌,20251020,09:20,09:20,09:49,여객,출발,,B737-800,189,"H,F,G,L"
출발,인천,에어서울,RS701,도쿄/나리타,20251020,09:25,09:25,09:51,여객,출발,,A321,195,"E,F,G,L"
출발,인천,대한항공,KE031,댈러스,20251020,09:30,09:30,09:56,여객,출발,,B787-9,269,"A,B,C,D"
출발,인천,대한항공,KE091,보스턴,20251020,09:30,09:30,10:03,여객,출발,,B787-9,269,"A,B,C,D"
출발,인천,대한항공,KE657,수안나폼(방콕),20251020,09:30,09:30,10:01,여객,출발,,A330-300,272,"A,B,C,D"
출발,인천,대한항공,KE755,오키나와,20251020,09:30,09:30,09:59,여객,출발,,B737-900,188,"A,B,C,D"
출발,인천,대한항공,KE073,토론토,20251020,09:35,09:35,10:11,여객,지연,항공기 연결에 의한 지연,B777-300ER,277,"A,B,C,D"
출발,인천,대한항공,KE723,간사이,20251020,09:35,09:35,09:54,여객,출발,,A321neo,182,"A,B,C,D"
출발,인천,대한항공,KE421,괌,20251020,09:45,09:45,10:05,여객,출발,,B737-900,188,"A,B,C,D"
출발,인천,진에어,LJ205,도쿄/나리타,20251020,09:45,10:35,11:07,여객,지연,공항 및 출입국 절차에 의한 지연,B737-800,189,"H,F,G,L"
출발,인천,진에어,LJ341,오키나와,20251020,09:55,10:40,11:10,여객,지연,공항 및 출입국 절차에 의한 지연,B737-800,189,"H,F,G,L"
출발,인천,대한항공,KE081,뉴욕,20251020,10:00,10:00,10:32,여객,출발,,A380-800,407,"A,B,C,D"
출발,인천,대한항공,KE703,도쿄/나리타,20251020,10:05,10:05,10:29,여객,출발,,A321neo,182,"A,B,C,D"
출발,인천,진에어,LJ233,간사이,20251020,10:10,10:10,10:41,여객,출발,,B737-800,189,"H,F,G,L"
출발,인천,델타항공,DL158,디트로이트,20251020,10:15,10:15,10:38,여객,출발,,A350-900,306,"K,F,G,L"
출발,인천,대한항공,KE125,샤먼 가오치,20251020,10:20,10:20,10:32,여객,출발,,B737-900,188,"A,B,C,D"
출발,인천,대한항공,KE169,마카오,20251020,10:20,10:20,10:54,여객,출발,,A321neo,182,"A,B,C,D"
출발,인천,대한항공,KE093,워싱톤,20251020,10:25,10:25,11:01,여객,출발,,B777-300ER,277,"A,B,C,D"
출발,인천,대한항공,KE101,남경,20251020,10:25,10:25,10:45,여객,출발,,A321neo,182,"A,B,C,D"
출발,인천,대한항공,KE937,비엔나,20251020,10:25,10:25,10:49,여객,출발,,B787-9,269,"A,B,C,D"
출발,인천,대한항공,KE185,타오위안,20251020,10:30,10:30,11:04,여객,출발,,A321neo,182,"A,B,C,D"
출발,인천,가루다인도네시아,GA879,자카르타(수카르노 하타),20251020,10:35,10:35,10:52,여객,출발,,A330-900neo,301,"J,F,G,L"
출발,인천,대한항공,KE741,나고야,20251020,10:35,10:35,11:14,여객,출발,,A321neo,182,"A,B,C,D"
출발,인천,대한항공,KE037,시카고,20251020,10:40,10:40,11:11,여객,출발,,B777-300ER,277,"A,B,C,D"
출발,인천,대한항공,KE855,베이징,20251020,10:40,10:40,11:06,여객,출발,,A330-300,272,"A,B,C,D"
출발,인천,대한항공,KE969,프라하,20251020,10:45,10:45,11:19,여객,출발,,B787-9,269,"A,B,C,D"
출발,인천,대한항공,KE457,다낭,20251020,10:55,10:55,11:33,여객,지연,항공교통흐름에 의한 지연,B737-900,188,"A,B,C,D"
출발,인천,대한항공,KE907,런던히드로,20251020,10:55,10:55,11:55,여객,지연,항공기 정비에 의한 지연,A380-800,407,"A,B,C,D"
출발,인천,대한항공,KE791,후쿠오카,20251020,11:05,11:05,11:20,여객,출발,,B737-900,188,"A,B,C,D"
출발,인천,대한항공,KE897,푸동,20251020,11:10,11:10,11:26,여객,출발,,B777-300ER,277,"A,B,C,D"
출발,인천,대한항공,KE901,파리,20251020,11:10,11:10,11:30,여객,출발,,B777-300ER,277,"A,B,C,D"
출발,인천,가루다인도네시아,GA871,덴파사(응우라 라이),20251020,11:25,11:25,11:39,여객,출발,,A330-300,251,"J,F,G,L"
출발,인천,에어부산,BX158,후쿠오카,20251020,11:25,11:25,11:42,여객,출발,,A321,195,"E,F,G,L"
출발,인천,아에로멕시코,AM091,멕시코시티,20251020,11:40,11:40,12:19,여객,출발,,B787-9,274,"H,F,G,L"
출발,인천,대한항공,KE925,암스테르담,20251020,11:55,11:55,12:23,여객,출발,,B777-300ER,277,"A,B,C,D"
출발,인천,대한항공,KE107,항저우,20251020,12:00,12:25,12:41,여객,지연,항공기 연결에 의한 지연,A321neo,182,"A,B,C,D"
출발,인천,중화항공,CI165,가오슝,20251020,12:05,12:05,12:21,여객,출발,,A321neo,180,"J,F,G,L"
출발,인천,진에어,LJ263,후쿠오카,20251020,12:10,12:10,12:25,여객,출발,,B737-800,189,"H,F,G,L"
출발,인천,대한항공,KE769,삿포로,20251020,12:35,12:35,12:51,여객,출발,,B737-900,188,"A,B,C,D"
출발,인천,대한항공,KE803,천진,20251020,12:35,12:35,13:08,여객,출발,,B737-900,188,"A,B,C,D"
출발,인천,대한항공,KE963,부다페스트,20251020,12:35,12:35,13:11,여객,지연,항공교통흐름에 의한 지연,B787-9,269,"A,B,C,D"
출발,인천,중화항공,CI161,타오위안,20251020,12:35,12:35,13:00,여객,출발,,A330-300,277,"J,F,G,L"
출발,인천,에어부산,BX174,간사이,20251020,12:40,12:40,12:54,여객,출발,,A321,195,"E,F,G,L"
출발,인천,대한항공,KE711,도쿄/나리타,20251020,13:00,13:00,13:18,여객,출발,,A321neo,182,"A,B,C,D"
출발,인천,대한항공,KE869,대련,20251020,13:00,13:00,13:14,여객,출발,,B737-900,188,"A,B,C,D"
출발,인천,대한항공,KE843,청도,20251020,13:05,13:05,13:32,여객,출발,,B737-900,188,"A,B,C,D"
출발,인천,진에어,GS7994,천진,20251020,13:05,13:05,13:40,여객,지연,,B737-800,189,"H,F,G,L"
출발,인천,대한항공,KE931,로마,20251020,13:20,13:20,13:47,여객,출발,,B777-300ER,277,"A,B,C,D"
출발,인천,대한항공,KE135,허페이,20251020,13:25,13:25,13:54,여객,출발,,B737-900,188,"A,B,C,D"
출발,인천,대한항공,KE175,홍콩,20251020,13:25,13:25,13:49,여객,출발,,A321neo,182,"A,B,C,D"
출발,인천,대한항공,KE951,두바이,20251020,13:25,13:25,13:44,여객,출발,,B777-300ER,277,"A,B,C,D"
출발,인천,샤먼항공,MF872,샤먼 가오치,20251020,13:30,13:30,13:34,여객,출발,,B737-800,168,"J,F,G,L"
출발,인천,에어서울,RS745,요나고,20251020,13:35,13:35,13:56,여객,출발,,A321,195,"E,F,G,L"
출발,인천,대한항공,KE927,밀라노,20251020,13:40,13:40,14:14,여객,출발,,B787-9,269,"A,B,C,D"
출발,인천,대한항공,KE955,이스탄불,20251020,13:40,13:40,14:10,여객,출발,,B777-300ER,277,"A,B,C,D"
출발,인천,진에어,LJ861,청도,20251020,13:50,14:07,14:24,여객,지연,공항 및 출입국 절차에 의한 지연,B737-800,189,"H,F,G,L"
출발,인천,에어서울,RS723,후쿠오카,20251020,14:25,14:25,14:51,여객,출발,,A321,195,"E,F,G,L"
출발,인천,대한항공,KE017,로스앤젤레스,20251020,14:30,14:30,14:54,여객,출발,,B747-8i,368,"A,B,C,D"
출발,인천,진에어,LJ359,다카마쓰,20251020,14:30,14:30,14:49,여객,출발,,B737-800,189,"H,F,G,L"
출발,인천,대한항공,KE833,심양,20251020,14:35,14:35,14:57,여객,출발,,B737-900,188,"A,B,C,D"
출발,인천,진에어,LJ237,간사이,20251020,14:40,14:40,15:03,여객,출발,,B737-800,189,"H,F,G,L"
출발,인천,대한항공,KE643,싱가포르,20251020,14:45,14:45,15:10,여객,출발,,A330-300,272,"A,B,C,D"
출발,인천,대한항공,KE725,간사이,20251020,14:55,14:55,15:12,여객,출발,,A321neo,182,"A,B,C,D"
출발,인천,대한항공,KE627,자카르타(수카르노 하타),20251020,15:10,15:10,15:32,여객,출발,,A330-300,272,"A,B,C,D"
출발,인천,대한항공,KE189,타이중,20251020,15:15,15:15,15:39,여객,출발,,A321neo,182,"A,B,C,D"
출발,인천,진에어,LJ209,도쿄/나리타,20251020,15:15,16:15,17:22,여객,지연,공항 및 출입국 절차에 의한 지연,B737-800,189,"H,F,G,L"
출발,인천,에어서울,RS715,간사이,20251020,15:20,16:55,17:19,여객,지연,항공기 연결에 의한 지연,A321,195,"E,F,G,L"
출발,인천,진에어,LJ211,도쿄/나리타,20251020,15:35,15:35,15:57,여객,출발,,B737-800,189,"H,F,G,L"
출발,인천,대한항공,KE671,쿠알라룸푸르,20251020,15:40,16:00,16:25,여객,지연,기타 원인에 의한 지연,A330-300,272,"A,B,C,D"
출발,인천,대한항공,KE733,고베,20251020,15:50,16:05,16:49,여객,지연,항공기 연결에 의한 지연,A321neo,182,"A,B,C,D"
출발,인천,에어부산,BX166,도쿄/나리타,20251020,15:50,15:50,16:16,여객,출발,,A321,195,"E,F,G,L"
출발,인천,진에어,LJ239,간사이,20251020,16:05,16:05,16:34,여객,출발,,B737-800,189,"H,F,G,L"
출발,인천,진에어,LJ347,나고야,20251020,16:05,16:05,16:37,여객,출발,,B737-800,189,"H,F,G,L"
출발,인천,대한항공,KE187,타오위안,20251020,16:10,16:25,16:55,여객,지연,항공기 연결에 의한 지연,A321neo,182,"A,B,C,D"
출발,인천,대한항공,KE633,덴파사(응우라 라이),20251020,16:10,16:10,16:39,여객,출발,,A330-300,272,"A,B,C,D"
출발,인천,진에어,LJ351,기타규슈,20251020,16:15,16:15,16:47,여객,출발,,B737-800,189,"H,F,G,L"
출발,인천,델타항공,DL188,애틀랜타,20251020,16:25,16:25,16:51,여객,출발,,A350-900,306,"K,F,G,L"
출발,인천,대한항공,KE041,시애틀,20251020,16:40,16:40,17:05,여객,출발,,A330-300,272,"A,B,C,D"
출발,인천,에어서울,RS703,도쿄/나리타,20251020,16:45,16:45,17:10,여객,출발,,A321,195,"E,F,G,L"
출발,인천,진에어,LJ271,후쿠오카,20251020,17:00,17:00,17:24,여객,출발,,B737-800,189,"H,F,G,L"
출발,인천,진에어,LJ091,푸꾸옥,20251020,17:05,17:05,17:33,여객,출발,,B737-800,189,"H,F,G,L"
출발,인천,대한항공,KE1405,김해,20251020,17:10,17:10,17:38,여객,출발,,B737-900,188,
출발,인천,대한항공,KE485,푸꾸옥,20251020,17:10,17:10,17:36,여객,출발,,B737-900,188,"A,B,C,D"
출발,인천,진에어,LJ009,치앙마이,20251020,17:10,17:40,18:06,여객,지연,공항 및 출입국 절차에 의한 지연,B737-800,189,"H,F,G,L"
출발,인천,대한항공,KE489,양곤,20251020,17:15,17:15,17:31,여객,출발,,B737-900,188,"A,B,C,D"
출발,인천,대한항공,KE8425,괌,20251020,17:15,17:15,17:45,여객,출발,,B737-900,188,"A,B,C,D"
출발,인천,에어부산,BX747,수안나폼(방콕),20251020,17:15,17:15,17:50,여객,출발,,A321,195,"E,F,G,L"
출발,인천,진에어,LJ919,괌,20251020,17:35,17:35,18:05,여객,출발,,B737-800,189,"H,F,G,L"
출발,인천,대한항공,KE629,덴파사(응우라 라이),20251020,17:45,18:00,18:14,여객,출발,,A330-300,272,"A,B,C,D"
출발,인천,대한항공,KE663,푸껫,20251020,17:50,18:05,18:26,여객,지연,항공교통흐름에 의한 지연,B737-900,188,"A,B,C,D"
출발,인천,대한항공,KE411,오클랜드,20251020,18:00,18:20,19:00,여객,지연,항공기 연결에 의한 지연,B787-9,269,"A,B,C,D"
출발,인천,대한항공,KE651,수안나폼(방콕),20251020,18:05,18:25,19:06,여객,지연,항공기 연결에 의한 지연,A330-300,272,"A,B,C,D"
출발,인천,대한항공,KE461,다낭,20251020,18:20,18:20,19:08,여객,지연,항공교통흐름에 의한 지연,B737-900,188,"A,B,C,D"
출발,인천,대한항공,KE1407,김해,20251020,18:25,18:25,19:04,여객,지연,항공교통흐름에 의한 지연,B737-900,188,
출발,인천,대한항공,KE667,치앙마이,20251020,18:25,18:25,18:44,여객,출발,,B737-900,188,"A,B,C,D"
출발,인천,대한항공,KE705,도쿄/나리타,20251020,18:35,18:35,18:54,여객,출발,,A321neo,182,"A,B,C,D"
출발,인천,대한항공,KE871,대련,20251020,18:35,19:25,19:56,여객,지연,항공기 연결에 의한 지연,B737-900,188,"A,B,C,D"
출발,인천,대한항공,KE161,쿤밍,20251020,18:40,18:40,19:03,여객,출발,,B737-900,188,"A,B,C,D"
출발,인천,대한항공,KE423,괌,20251020,18:40,18:55,19:14,여객,출발,,B737-900,188,"A,B,C,D"
출발,인천,대한항공,KE645,싱가포르,20251020,18:40,18:40,19:13,여객,출발,,A330-300,272,"A,B,C,D"
출발,인천,대한항공,KE781,후쿠오카,20251020,18:40,18:40,18:56,여객,출발,,B737-900,188,"A,B,C,D"
출발,인천,델타항공,DL170,미니애폴리스,20251020,18:40,19:00,:,여객,지연,항공기 연결에 의한 지연,A350-900,306,"K,F,G,L"
출발,인천,대한항공,KE071,밴쿠버,20251020,18:45,18:45,19:21,여객,출발,,B787-9,269,"A,B,C,D"
출발,인천,대한항공,KE453,노이바이(하노이),20251020,18:45,18:45,19:10,여객,출발,,B737-900,188,"A,B,C,D"
출발,인천,대한항공,KE475,떤 선녓(호찌민),20251020,18:45,18:45,19:23,여객,지연,항공교통흐름에 의한 지연,B737-900,188,"A,B,C,D"
출발,인천,대한항공,KE623,마닐라,20251020,18:50,18:50,19:18,여객,출발,,B737-900,188,"A,B,C,D"
출발,인천,대한항공,KE689,프놈펜,20251020,18:50,19:30,19:59,여객,지연,항공기 연결에 의한 지연,B737-900,188,"A,B,C,D"
출발,인천,대한항공,KE743,나고야,20251020,18:50,18:50,19:17,여객,출발,,A321neo,182,"A,B,C,D"
출발,인천,델타항공,DL26,애틀랜타,20251020,18:50,18:50,19:25,여객,출발,,A350-900,306,"K,F,G,L"
출발,인천,대한항공,KE895,푸동,20251020,18:55,19:15,19:47,여객,지연,항공기 연결에 의한 지연,A330-300,272,"A,B,C,D"
출발,인천,대한항공,KE721,간사이,20251020,19:00,19:00,19:30,여객,출발,,A321neo,182,"A,B,C,D"
출발,인천,대한항공,KE401,시드니,20251020,19:10,19:10,19:43,여객,출발,,A380-800,407,"A,B,C,D"
출발,인천,델타항공,DL196,시애틀,20251020,19:20,20:50,:,여객,지연,항공기 연결에 의한 지연,A330-900neo,281,"K,F,G,L"
출발,인천,대한항공,KE085,뉴욕,20251020,19:30,20:00,20:26,여객,지연,기타 원인에 의한 지연,B747-8i,368,"A,B,C,D"
출발,인천,대한항공,KE1431,대구,20251020,19:30,19:33,20:34,여객,지연,항공기 정비에 의한 지연,B737-900,188,
출발,인천,대한항공,KE1409,김해,20251020,19:35,19:35,20:04,여객,출발,,B737-900,188,
출발,인천,진에어,LJ917,괌,20251020,19:35,20:46,21:08,여객,지연,공항 및 출입국 절차에 의한 지연,B737-800,189,"H,F,G,L"
출발,인천,델타항공,DL172,솔트레이크시티,20251020,19:40,20:32,20:57,여객,지연,기타 원인에 의한 지연,A350-900,306,"K,F,G,L"
출발,인천,대한항공,KE177,홍콩,20251020,19:45,19:45,20:24,여객,지연,항공교통흐름에 의한 지연,A321neo,182,"A,B,C,D"
출발,인천,대한항공,KE477,떤 선녓(호찌민),20251020,19:45,19:45,20:16,여객,출발,,B737-900,188,"A,B,C,D"
출발,인천,대한항공,KE659,수안나폼(방콕),20251020,19:45,19:45,20:30,여객,지연,항공교통흐름에 의한 지연,B737-900,188,"A,B,C,D"
출발,인천,에어서울,RS527,깜라인(나트랑),20251020,19:50,19:50,20:32,여객,출발,,A321,195,"E,F,G,L"
출발,인천,진에어,LJ001,수안나폼(방콕),20251020,19:55,20:15,20:38,여객,지연,공항 및 출입국 절차에 의한 지연,B737-800,189,"H,F,G,L"
출발,인천,대한항공,KE467,깜라인(나트랑),20251020,20:00,20:29,20:55,여객,지연,항공교통흐름에 의한 지연,B737-900,188,"A,B,C,D"
출발,인천,대한항공,KE853,베이징,20251020,20:00,20:22,20:53,여객,지연,항공기 연결에 의한 지연,A330-300,272,"A,B,C,D"
출발,인천,대한항공,KE407,브리즈번,20251020,20:05,20:05,20:22,여객,출발,,A330-300,272,"A,B,C,D"
출발,인천,대한항공,KE615,세부,20251020,20:05,20:05,20:59,여객,지연,항공기 연결에 의한 지연,B737-900,188,"A,B,C,D"
출발,인천,대한항공,KE625,마닐라,20251020,20:15,21:14,21:36,여객,지연,항공기 연결에 의한 지연,B737-900,188,"A,B,C,D"
출발,인천,대한항공,KE719,하네다,20251020,20:30,20:30,21:04,여객,출발,,A321neo,182,"A,B,C,D"
출발,인천,샤먼항공,MF878,푸저우(복주),20251020,20:35,20:35,21:02,여객,출발,,B737-800,168,"J,F,G,L"
출발,인천,중화항공,CI163,타오위안,20251020,20:35,21:25,:,여객,,항공기 연결에 의한 지연,A330-300,277,"J,F,G,L"
출발,인천,진에어,LJ087,깜라인(나트랑),20251020,20:40,21:12,21:34,여객,지연,항공교통흐름에 의한 지연,B737-800,189,"H,F,G,L"
출발,인천,에어서울,RS511,다낭,20251020,20:55,20:55,22:06,여객,지연,항공교통흐름에 의한 지연,A321,195,"E,F,G,L"
출발,인천,대한항공,KE005,라스베이거스,20251020,21:00,21:00,21:38,여객,지연,항공교통흐름에 의한 지연,B777-300ER,277,"A,B,C,D"
출발,인천,대한항공,KE053,호놀룰루,20251020,21:05,21:05,21:50,여객,지연,운항 기준 및 승무원 관련 지연,A330-300,272,"A,B,C,D"
출발,인천,대한항공,KE655,수안나폼(방콕),20251020,21:15,22:00,22:37,여객,지연,항공기 연결에 의한 지연,A330-300,272,"A,B,C,D"
출발,인천,진에어,LJ037,클라크,20251020,21:25,21:46,22:09,여객,지연,공항 및 출입국 절차에 의한 지연,B737-800,189,"H,F,G,L"
출발,인천,에어부산,BX787,깜라인(나트랑),20251020,21:30,21:30,22:11,여객,출발,,A321,195,"E,F,G,L"
출발,인천,네덜란드항공,KL856,암스테르담,20251020,22:25,22:25,22:32,여객,출발,,B787-9,294,"M,F,G,L"
출발,인천,대한항공,KE619,마닐라,20251020,22:35,22:35,22:49,여객,출발,,A330-300,272,"A,B,C,D"
출발,인천,대한항공,KE075,밴쿠버,20251020,22:40,22:40,23:12,여객,출발,,B787-9,269,"A,B,C,D"
출발,인천,대한항공,KE647,싱가포르,20251020,23:35,23:35,23:48,여객,출발,,B777-300ER,277,"A,B,C,D"
출발,인천,스칸디나비아항공,SK988,코펜하겐,20251020,23:45,23:45,23:56,여객,출발,,A350-900,300,"K,F,G,L"
출발,인천,대한항공,KE1401,김해,20251021,06:35,06:35,06:53,여객,출발,,B737-900,188,
출발,인천,에어부산,BX164,도쿄/나리타,20251021,07:15,07:15,07:38,여객,출발,,A321,195,"E,F,G,L"
출발,인천,에어서울,RS711,간사이,20251021,07:15,07:15,07:43,여객,출발,,A321,195,"E,F,G,L"
출발,인천,진에어,LJ261,후쿠오카,20251021,07:15,07:15,07:36,여객,출발,,B737-800,189,"H,F,G,L"
출발,인천,에어부산,BX156,후쿠오카,20251021,07:20,07:20,07:47,여객,출발,,A321,195,"E,F,G,L"
출발,인천,에어서울,RS727,후쿠오카,20251021,07:20,07:20,07:54,여객,출발,,A321,195,"E,F,G,L"
출발,인천,대한항공,KE787,후쿠오카,20251021,07:25,07:25,08:05,여객,지연,항공교통흐름에 의한 지연,B737-900,188,"A,B,C,D"
출발,인천,대한항공,KE771,오카야마,20251021,07:30,07:30,07:59,여객,출발,,B737-900,188,"A,B,C,D"
출발,인천,진에어,LJ345,나고야,20251021,07:30,07:30,07:49,여객,출발,,B737-800,189,"H,F,G,L"
출발,인천,진에어,LJ231,간사이,20251021,07:40,08:11,08:22,여객,지연,항공기 정비에 의한 지연,B737-800,189,"H,F,G,L"
출발,인천,대한항공,KE173,홍콩,20251021,07:45,07:45,08:21,여객,지연,항공교통흐름에 의한 지연,A321neo,182,"A,B,C,D"
출발,인천,대한항공,KE621,마닐라,20251021,07:50,07:50,08:34,여객,지연,항공교통흐름에 의한 지연,B737-900,188,"A,B,C,D"
출발,인천,대한항공,KE845,청도,20251021,07:50,07:50,08:13,여객,출발,,B737-900,188,"A,B,C,D"
출발,인천,진에어,LJ731,타오위안,20251021,07:50,07:50,08:19,여객,출발,,B737-800,189,"H,F,G,L"
출발,인천,대한항공,KE131,정저우,20251021,08:00,08:00,08:26,여객,출발,,B737-900,188,"A,B,C,D"
출발,인천,대한항공,KE441,노이바이(하노이),20251021,08:00,08:00,08:36,여객,출발,,A330-300,272,"A,B,C,D"
출발,인천,에어서울,RS705,도쿄/나리타,20251021,08:10,08:30,08:53,여객,지연,항공기 연결에 의한 지연,A321,195,"E,F,G,L"
출발,인천,진에어,LJ241,간사이,20251021,08:10,08:10,08:34,여객,출발,,B737-800,189,"H,F,G,L"
출발,인천,대한항공,KE859,베이징,20251021,08:15,08:15,08:40,여객,출발,,B777-300ER,277,"A,B,C,D"
출발,인천,진에어,LJ203,도쿄/나리타,20251021,08:15,08:15,08:37,여객,출발,,B737-800,189,"H,F,G,L"
출발,인천,대한항공,KE127,푸저우(복주),20251021,08:20,08:20,08:43,여객,출발,,B737-900,188,"A,B,C,D"
출발,인천,대한항공,KE1403,김해,20251021,08:20,08:20,08:42,여객,출발,,B737-900,188,
출발,인천,진에어,LJ301,삿포로,20251021,08:20,08:20,08:43,여객,출발,,B737-800,189,"H,F,G,L"
출발,인천,대한항공,KE731,고베,20251021,08:25,08:25,08:50,여객,출발,,A321neo,182,"A,B,C,D"
출발,인천,대한항공,KE893,푸동,20251021,08:25,08:25,09:04,여객,지연,항공교통흐름에 의한 지연,A330-300,272,"A,B,C,D"
출발,인천,에어 프랑스,AF267,파리,20251021,08:30,08:30,08:56,여객,출발,,B777-300ER,296,"M,F,G,L"
출발,인천,대한항공,KE827,선전(심천),20251021,08:40,08:40,08:50,여객,출발,,B737-900,188,"A,B,C,D"
출발,인천,대한항공,KE831,심양,20251021,08:45,08:05,08:29,여객,출발,,B737-900,188,"A,B,C,D"
출발,인천,에어서울,RS741,다카마쓰,20251021,08:45,10:35,10:57,여객,지연,항공기 연결에 의한 지연,A321,195,"E,F,G,L"
출발,인천,대한항공,KE137,우한,20251021,08:50,08:50,09:14,여객,출발,,B737-900,188,"A,B,C,D"
출발,인천,대한항공,KE865,광저우,20251021,08:50,08:50,09:11,여객,출발,,A330-300,272,"A,B,C,D"
출발,인천,대한항공,KE469,떤 선녓(호찌민),20251021,09:05,09:55,10:29,여객,지연,항공기 연결에 의한 지연,A330-300,272,"A,B,C,D"
출발,인천,진에어,LJ361,이시가키,20251021,09:05,09:05,09:22,여객,출발,,B737-800,189,"H,F,G,L"
출발,인천,대한항공,KE805,천진,20251021,09:10,09:10,09:38,여객,출발,,B737-900,188,"A,B,C,D"
출발,인천,대한항공,KE811,시안,20251021,09:10,09:10,09:44,여객,출발,,B737-900,188,"A,B,C,D"
출발,인천,에어부산,BX172,간사이,20251021,09:15,09:15,09:25,여객,출발,,A321,195,"E,F,G,L"
출발,인천,대한항공,KE035,애틀랜타,20251021,09:20,09:20,09:36,여객,출발,,B777-300ER,277,"A,B,C,D"
출발,인천,진에어,LJ913,괌,20251021,09:20,09:20,09:38,여객,출발,,B737-800,189,"H,F,G,L"
출발,인천,대한항공,KE031,댈러스,20251021,09:30,09:30,09:50,여객,출발,,B787-9,269,"A,B,C,D"
출발,인천,대한항공,KE091,보스턴,20251021,09:30,09:30,09:59,여객,출발,,B787-9,269,"A,B,C,D"
출발,인천,대한항공,KE657,수안나폼(방콕),20251021,09:30,09:30,09:57,여객,출발,,A330-300,272,"A,B,C,D"
출발,인천,대한항공,KE073,토론토,20251021,09:35,09:35,10:12,여객,지연,항공교통흐름에 의한 지연,B777-300ER,277,"A,B,C,D"
출발,인천,대한항공,KE723,간사이,20251021,09:35,09:35,09:53,여객,출발,,A321neo,182,"A,B,C,D"
출발,인천,대한항공,KE763,니가타,20251021,09:40,09:40,10:08,여객,출발,,B737-900,188,"A,B,C,D"
출발,인천,대한항공,KE421,괌,20251021,09:45,09:45,10:04,여객,출발,,B737-900,188,"A,B,C,D"
출발,인천,진에어,LJ205,도쿄/나리타,20251021,09:45,09:45,10:02,여객,출발,,B737-800,189,"H,F,G,L"
출발,인천,대한항공,KE913,마드리드,20251021,09:55,10:10,10:38,여객,지연,기타 원인에 의한 지연,B787-9,269,"A,B,C,D"
출발,인천,진에어,LJ341,오키나와,20251021,09:55,09:55,10:08,여객,출발,,B737-800,189,"H,F,G,L"
출발,인천,대한항공,KE081,뉴욕,20251021,10:00,10:00,10:36,여객,출발,,A380-800,407,"A,B,C,D"
출발,인천,대한항공,KE703,도쿄/나리타,20251021,10:10,10:10,10:39,여객,출발,,A321neo,182,"A,B,C,D"
출발,인천,진에어,LJ233,간사이,20251021,10:10,10:26,10:54,여객,지연,항공기 연결에 의한 지연,B737-800,189,"H,F,G,L"
출발,인천,델타항공,DL158,디트로이트,20251021,10:15,10:15,10:30,여객,출발,,A350-900,306,"K,F,G,L"
출발,인천,대한항공,KE125,샤먼 가오치,20251021,10:20,10:20,10:39,여객,출발,,B737-900,188,"A,B,C,D"
출발,인천,대한항공,KE093,워싱톤,20251021,10:25,10:25,10:45,여객,출발,,B777-300ER,277,"A,B,C,D"
출발,인천,대한항공,KE185,타오위안,20251021,10:30,10:30,10:56,여객,출발,,A321neo,182,"A,B,C,D"
출발,인천,가루다인도네시아,GA879,자카르타(수카르노 하타),20251021,10:35,10:35,10:54,여객,출발,,A330-900neo,301,"J,F,G,L"
출발,인천,대한항공,KE741,나고야,20251021,10:35,11:00,11:18,여객,지연,항공기 연결에 의한 지연,A321neo,182,"A,B,C,D"
출발,인천,대한항공,KE037,시카고,20251021,10:40,10:40,11:04,여객,출발,,B777-300ER,277,"A,B,C,D"
출발,인천,대한항공,KE457,다낭,20251021,10:55,10:55,11:35,여객,지연,항공교통흐름에 의한 지연,B737-900,188,"A,B,C,D"
출발,인천,대한항공,KE907,런던히드로,20251021,10:55,10:55,11:29,여객,지연,항공교통흐름에 의한 지연,A380-800,407,"A,B,C,D"
출발,인천,대한항공,KE791,후쿠오카,20251021,11:05,11:05,11:26,여객,출발,,B737-900,188,"A,B,C,D"
출발,인천,대한항공,KE917,취리히,20251021,11:05,11:05,11:39,여객,출발,,B787-9,269,"A,B,C,D"
출발,인천,대한항공,KE945,프랑크푸르트,20251021,11:05,11:05,11:33,여객,출발,,A380-800,407,"A,B,C,D"
출발,인천,대한항공,KE897,푸동,20251021,11:10,11:10,11:41,여객,출발,,B777-300ER,277,"A,B,C,D"
출발,인천,대한항공,KE901,파리,20251021,11:10,11:10,11:57,여객,지연,항공교통흐름에 의한 지연,B777-300ER,277,"A,B,C,D"
출발,인천,가루다인도네시아,GA871,덴파사(응우라 라이),20251021,11:25,11:25,11:45,여객,출발,,A330-300,251,"J,F,G,L"
출발,인천,에어부산,BX158,후쿠오카,20251021,11:25,11:25,11:55,여객,출발,,A321,195,"E,F,G,L"
출발,인천,아에로멕시코,AM091,멕시코시티,20251021,11:40,11:40,12:07,여객,출발,,B787-9,274,"H,F,G,L"
출발,인천,대한항공,KE925,암스테르담,20251021,11:55,11:55,12:45,여객,지연,항공교통흐름에 의한 지연,B777-300ER,277,"A,B,C,D"
출발,인천,중화항공,CI165,가오슝,20251021,12:05,12:05,12:34,여객,출발,,A321neo,180,"J,F,G,L"
출발,인천,진에어,LJ263,후쿠오카,20251021,12:10,12:10,12:31,여객,출발,,B737-800,189,"H,F,G,L"
출발,인천,에어서울,RS811,장가계,20251021,12:20,12:20,12:56,여객,출발,,A321,195,"E,F,G,L"
출발,인천,대한항공,KE769,삿포로,20251021,12:35,12:35,13:12,여객,출발,,B737-900,188,"A,B,C,D"
출발,인천,대한항공,KE803,천진,20251021,12:35,12:35,13:15,여객,지연,항공교통흐름에 의한 지연,B737-900,188,"A,B,C,D"
출발,인천,대한항공,KE963,부다페스트,20251021,12:35,12:35,13:21,여객,지연,항공교통흐름에 의한 지연,B787-9,269,"A,B,C,D"
출발,인천,중화항공,CI161,타오위안,20251021,12:35,12:35,13:11,여객,출발,,A330-300,277,"J,F,G,L"
출발,인천,에어부산,BX174,간사이,20251021,12:40,12:40,13:09,여객,출발,,A321,195,"E,F,G,L"
출발,인천,대한항공,KE497,델리,20251021,12:55,12:55,13:28,여객,출발,,B787-9,269,"A,B,C,D"
출발,인천,대한항공,KE711,도쿄/나리타,20251021,13:00,13:00,13:30,여객,출발,,A321neo,182,"A,B,C,D"
출발,인천,대한항공,KE869,대련,20251021,13:00,13:00,13:43,여객,지연,항공교통흐름에 의한 지연,B737-900,188,"A,B,C,D"
출발,인천,대한항공,KE843,청도,20251021,13:05,13:20,13:50,여객,출발,,B737-900,188,"A,B,C,D"
출발,인천,대한항공,KE175,홍콩,20251021,13:25,13:25,13:52,여객,출발,,A321neo,182,"A,B,C,D"
출발,인천,대한항공,KE951,두바이,20251021,13:25,13:25,13:59,여객,출발,,B777-300ER,277,"A,B,C,D"
출발,인천,샤먼항공,MF872,샤먼 가오치,20251021,13:30,13:30,13:37,여객,출발,,B737-800,168,"J,F,G,L"
출발,인천,대한항공,KE789,후쿠오카,20251021,13:45,13:45,14:16,여객,출발,,B737-900,188,"A,B,C,D"
출발,인천,진에어,LJ861,청도,20251021,13:50,13:50,14:20,여객,출발,,B737-800,189,"H,F,G,L"
출발,인천,에어서울,RS723,후쿠오카,20251021,14:25,14:25,14:46,여객,출발,,A321,195,"E,F,G,L"
출발,인천,대한항공,KE017,로스앤젤레스,20251021,14:30,14:30,14:54,여객,출발,,B747-8i,368,"A,B,C,D"
출발,인천,대한항공,KE833,심양,20251021,14:35,14:35,14:53,여객,출발,,B737-900,188,"A,B,C,D"
출발,인천,진에어,LJ237,간사이,20251021,14:40,14:40,15:06,여객,출발,,B737-800,189,"H,F,G,L"
출발,인천,대한항공,KE643,싱가포르,20251021,14:45,14:45,15:10,여객,출발,,A330-300,272,"A,B,C,D"
출발,인천,대한항공,KE725,간사이,20251021,14:55,14:55,15:23,여객,출발,,A321neo,182,"A,B,C,D"
출발,인천,대한항공,KE627,자카르타(수카르노 하타),20251021,15:10,15:10,15:39,여객,출발,,A330-300,272,"A,B,C,D"
출발,인천,대한항공,KE189,타이중,20251021,15:15,15:15,15:55,여객,출발,,A321neo,182,"A,B,C,D"
출발,인천,진에어,LJ209,도쿄/나리타,20251021,15:15,15:15,15:46,여객,출발,,B737-800,189,"H,F,G,L"
출발,인천,에어서울,RS715,간사이,20251021,15:20,15:20,15:50,여객,출발,,A321,195,"E,F,G,L"
출발,인천,에어부산,BX176,간사이,20251021,15:25,15:25,16:05,여객,출발,,A321,195,"E,F,G,L"
출발,인천,대한항공,KE671,쿠알라룸푸르,20251021,15:40,15:40,16:12,여객,출발,,A330-300,272,"A,B,C,D"
출발,인천,에어부산,BX166,도쿄/나리타,20251021,15:50,15:50,16:14,여객,출발,,A321,195,"E,F,G,L"
출발,인천,대한항공,KE023,샌프란시스코,20251021,16:00,16:00,16:29,여객,출발,,B777-300ER,277,"A,B,C,D"
출발,인천,진에어,LJ347,나고야,20251021,16:05,16:05,16:41,여객,출발,,B737-800,189,"H,F,G,L"
출발,인천,대한항공,KE187,타오위안,20251021,16:10,16:25,16:45,여객,출발,,A321neo,182,"A,B,C,D"
출발,인천,대한항공,KE633,덴파사(응우라 라이),20251021,16:10,16:10,16:35,여객,출발,,A330-300,272,"A,B,C,D"
출발,인천,진에어,LJ351,기타규슈,20251021,16:15,16:15,16:49,여객,출발,,B737-800,189,"H,F,G,L"
출발,인천,델타항공,DL188,애틀랜타,20251021,16:25,16:25,16:44,여객,출발,,A350-900,306,"K,F,G,L"
출발,인천,대한항공,KE041,시애틀,20251021,16:40,16:40,16:59,여객,출발,,A330-300,272,"A,B,C,D"
출발,인천,에어서울,RS703,도쿄/나리타,20251021,16:45,16:45,17:03,여객,출발,,A321,195,"E,F,G,L"
출발,인천,진에어,LJ271,후쿠오카,20251021,17:00,17:00,17:14,여객,출발,,B737-800,189,"H,F,G,L"
출발,인천,대한항공,KE713,도쿄/나리타,20251021,17:05,17:05,17:17,여객,출발,,A321neo,182,"A,B,C,D"
출발,인천,진에어,LJ091,푸꾸옥,20251021,17:05,17:05,17:34,여객,출발,,B737-800,189,"H,F,G,L"
출발,인천,대한항공,KE1405,김해,20251021,17:10,17:10,17:28,여객,출발,,B737-900,188,
출발,인천,대한항공,KE485,푸꾸옥,20251021,17:10,17:31,17:52,여객,지연,항공교통흐름에 의한 지연,B737-900,188,"A,B,C,D"
출발,인천,진에어,LJ009,치앙마이,20251021,17:10,17:25,17:42,여객,지연,공항 및 출입국 절차에 의한 지연,B737-800,189,"H,F,G,L"
출발,인천,대한항공,KE8425,괌,20251021,17:15,17:15,17:26,여객,출발,,B737-900,188,"A,B,C,D"
출발,인천,에어부산,BX747,수안나폼(방콕),20251021,17:15,17:15,17:36,여객,출발,,A321,195,"E,F,G,L"
출발,인천,진에어,LJ919,괌,20251021,17:35,17:35,17:54,여객,출발,,B737-800,189,"H,F,G,L"
출발,인천,대한항공,KE629,덴파사(응우라 라이),20251021,17:45,17:45,18:02,여객,출발,,A330-300,272,"A,B,C,D"
출발,인천,대한항공,KE663,푸껫,20251021,17:50,17:50,18:18,여객,출발,,B737-900,188,"A,B,C,D"
출발,인천,대한항공,KE651,수안나폼(방콕),20251021,18:05,18:05,18:36,여객,출발,,A330-300,272,"A,B,C,D"
출발,인천,대한항공,KE461,다낭,20251021,18:20,18:20,18:51,여객,출발,,B737-900,188,"A,B,C,D"
출발,인천,대한항공,KE1407,김해,20251021,18:25,18:25,18:49,여객,출발,,B737-900,188,
출발,인천,대한항공,KE667,치앙마이,20251021,18:25,18:25,18:45,여객,출발,,B737-900,188,"A,B,C,D"
출발,인천,대한항공,KE705,도쿄/나리타,20251021,18:35,18:35,19:00,여객,출발,,A321neo,182,"A,B,C,D"
출발,인천,대한항공,KE423,괌,20251021,18:40,19:10,19:30,여객,지연,항공기 연결에 의한 지연,B737-900,188,"A,B,C,D"
출발,인천,대한항공,KE645,싱가포르,20251021,18:40,18:40,19:14,여객,출발,,A330-300,272,"A,B,C,D"
출발,인천,대한항공,KE781,후쿠오카,20251021,18:40,18:40,18:59,여객,출발,,B737-900,188,"A,B,C,D"
출발,인천,델타항공,DL170,미니애폴리스,20251021,18:40,19:00,:,여객,,항공기 연결에 의한 지연,A350-900,306,"K,F,G,L"
출발,인천,대한항공,KE071,밴쿠버,20251021,18:45,19:05,19:25,여객,지연,항공기 연결에 의한 지연,B787-9,269,"A,B,C,D"
출발,인천,대한항공,KE453,노이바이(하노이),20251021,18:45,18:45,19:18,여객,출발,,B737-900,188,"A,B,C,D"
출발,인천,대한항공,KE475,떤 선녓(호찌민),20251021,18:45,18:45,19:08,여객,출발,,B737-900,188,"A,B,C,D"
출발,인천,대한항공,KE623,마닐라,20251021,18:50,19:15,20:04,여객,지연,항공기 연결에 의한 지연,B737-900,188,"A,B,C,D"
출발,인천,대한항공,KE689,프놈펜,20251021,18:50,19:14,19:36,여객,지연,운항 기준 및 승무원 관련 지연,B737-900,188,"A,B,C,D"
출발,인천,대한항공,KE743,나고야,20251021,18:50,18:50,19:12,여객,출발,,A321neo,182,"A,B,C,D"
출발,인천,델타항공,DL26,애틀랜타,20251021,18:50,18:50,19:09,여객,출발,,A350-900,306,"K,F,G,L"
출발,인천,대한항공,KE895,푸동,20251021,18:55,19:25,19:55,여객,지연,항공기 연결에 의한 지연,A330-300,272,"A,B,C,D"
출발,인천,대한항공,KE721,간사이,20251021,19:00,19:00,19:33,여객,출발,,A321neo,182,"A,B,C,D"
출발,인천,대한항공,KE401,시드니,20251021,19:10,19:10,19:40,여객,출발,,A380-800,407,"A,B,C,D"
출발,인천,델타항공,DL196,시애틀,20251021,19:20,19:45,:,여객,,항공기 연결에 의한 지연,A330-900neo,281,"K,F,G,L"
출발,인천,대한항공,KE163,장가계,20251021,19:25,19:46,20:07,여객,지연,SP,B737-900,188,"A,B,C,D"
출발,인천,대한항공,KE085,뉴욕,20251021,19:30,20:00,20:35,여객,지연,기타 원인에 의한 지연,B747-8i,368,"A,B,C,D"
출발,인천,대한항공,KE1431,대구,20251021,19:30,19:49,20:09,여객,지연,항공교통흐름에 의한 지연,B737-900,188,
출발,인천,대한항공,KE1409,김해,20251021,19:35,19:35,20:03,여객,출발,,B737-900,188,
출발,인천,진에어,LJ917,괌,20251021,19:35,19:35,20:13,여객,지연,,B737-800,189,"H,F,G,L"
출발,인천,델타항공,DL172,솔트레이크시티,20251021,19:40,19:40,20:08,여객,출발,,A350-900,306,"K,F,G,L"
출발,인천,대한항공,KE177,홍콩,20251021,19:45,19:45,20:17,여객,출발,,A321neo,182,"A,B,C,D"
출발,인천,대한항공,KE477,떤 선녓(호찌민),20251021,19:45,20:08,20:28,여객,지연,항공교통흐름에 의한 지연,B737-900,188,"A,B,C,D"
출발,인천,대한항공,KE659,수안나폼(방콕),20251021,19:45,20:05,20:25,여객,지연,공항 및 출입국 절차에 의한 지연,B737-900,188,"A,B,C,D"
출발,인천,에어서울,RS527,깜라인(나트랑),20251021,19:50,19:50,20:30,여객,지연,항공교통흐름에 의한 지연,A321,195,"E,F,G,L"
출발,인천,진에어,LJ001,수안나폼(방콕),20251021,19:55,19:55,20:19,여객,출발,,B737-800,189,"H,F,G,L"
출발,인천,대한항공,KE467,깜라인(나트랑),20251021,20:00,20:17,20:37,여객,지연,항공교통흐름에 의한 지연,B737-900,188,"A,B,C,D"
출발,인천,대한항공,KE853,베이징,20251021,20:00,20:35,20:51,여객,지연,운항 기준 및 승무원 관련 지연,A330-300,272,"A,B,C,D"
출발,인천,대한항공,KE615,세부,20251021,20:05,20:21,20:39,여객,출발,,B737-900,188,"A,B,C,D"
출발,인천,대한항공,KE625,마닐라,20251021,20:15,20:23,20:46,여객,출발,,B737-900,188,"A,B,C,D"
출발,인천,대한항공,KE011,로스앤젤레스,20251021,20:25,20:25,20:54,여객,출발,,A380-800,407,"A,B,C,D"
출발,인천,대한항공,KE719,하네다,20251021,20:30,20:30,20:50,여객,출발,,A321neo,182,"A,B,C,D"
출발,인천,샤먼항공,MF878,푸저우(복주),20251021,20:35,20:35,20:47,여객,출발,,B737-800,168,"J,F,G,L"
출발,인천,중화항공,CI163,타오위안,20251021,20:35,20:35,20:58,여객,출발,,A330-300,277,"J,F,G,L"
출발,인천,진에어,LJ087,깜라인(나트랑),20251021,20:40,20:40,21:03,여객,출발,,B737-800,189,"H,F,G,L"
출발,인천,에어서울,RS511,다낭,20251021,20:55,20:55,21:51,여객,지연,항공교통흐름에 의한 지연,A321,195,"E,F,G,L"
출발,인천,대한항공,KE005,라스베이거스,20251021,21:00,21:00,21:11,여객,출발,,B777-300ER,277,"A,B,C,D"
출발,인천,대한항공,KE053,호놀룰루,20251021,21:05,21:05,21:27,여객,출발,,A330-300,272,"A,B,C,D"
출발,인천,대한항공,KE655,수안나폼(방콕),20251021,21:15,21:15,21:38,여객,출발,,A330-300,272,"A,B,C,D"
출발,인천,진에어,LJ037,클라크,20251021,21:25,21:25,21:58,여객,출발,,B737-800,189,"H,F,G,L"
출발,인천,에어부산,BX787,깜라인(나트랑),20251021,21:30,21:30,22:39,여객,지연,항공교통흐름에 의한 지연,A321,195,"E,F,G,L"
출발,인천,네덜란드항공,KL856,암스테르담,20251021,22:25,22:25,22:46,여객,출발,,B787-9,294,"M,F,G,L"
출발,인천,대한항공,KE619,마닐라,20251021,22:35,22:35,22:53,여객,출발,,A330-300,272,"A,B,C,D"
출발,인천,대한항공,KE647,싱가포르,20251022,00:05,23:35,00:00,여객,출발,,B777-300ER,277,"A,B,C,D"
출발,인천,대한항공,KE1401,김해,20251022,06:35,06:35,06:53,여객,출발,,B737-900,188,
출발,인천,에어부산,BX164,도쿄/나리타,20251022,07:15,07:15,07:31,여객,출발,,A321,195,"E,F,G,L"
출발,인천,에어서울,RS711,간사이,20251022,07:15,07:15,07:48,여객,출발,,A321,195,"E,F,G,L"
출발,인천,진에어,LJ261,후쿠오카,20251022,07:15,07:15,07:28,여객,출발,,B737-800,189,"H,F,G,L"
출발,인천,에어부산,BX156,후쿠오카,20251022,07:20,07:20,07:46,여객,출발,,A321,195,"E,F,G,L"
출발,인천,대한항공,KE787,후쿠오카,20251022,07:25,07:25,08:07,여객,지연,항공교통흐름에 의한 지연,B737-900,188,"A,B,C,D"
출발,인천,진에어,LJ201,도쿄/나리타,20251022,07:25,07:25,07:45,여객,출발,,B737-800,189,"H,F,G,L"
출발,인천,대한항공,KE771,오카야마,20251022,07:30,07:30,07:56,여객,출발,,B737-900,188,"A,B,C,D"
출발,인천,진에어,LJ345,나고야,20251022,07:30,07:30,08:02,여객,출발,,B737-800,189,"H,F,G,L"
출발,인천,진에어,LJ231,간사이,20251022,07:40,07:40,08:14,여객,출발,,B737-800,189,"H,F,G,L"
출발,인천,대한항공,KE173,홍콩,20251022,07:45,07:45,08:17,여객,출발,,A321neo,182,"A,B,C,D"
출발,인천,대한항공,KE621,마닐라,20251022,07:50,07:50,08:25,여객,지연,항공교통흐름에 의한 지연,B737-900,188,"A,B,C,D"
출발,인천,대한항공,KE845,청도,20251022,07:50,07:50,08:11,여객,출발,,B737-900,188,"A,B,C,D"
출발,인천,진에어,LJ731,타오위안,20251022,07:50,07:50,08:21,여객,출발,,B737-800,189,"H,F,G,L"
출발,인천,대한항공,KE131,정저우,20251022,08:00,08:00,08:15,여객,출발,,B737-900,188,"A,B,C,D"
출발,인천,대한항공,KE441,노이바이(하노이),20251022,08:00,08:15,08:40,여객,지연,공항 및 출입국 절차에 의한 지연,A330-300,272,"A,B,C,D"
출발,인천,대한항공,KE197,칭기즈칸(신 울란바토르) 국제공항,20251022,08:10,08:10,08:27,여객,출발,,B737-900,188,"A,B,C,D"
출발,인천,에어서울,RS705,도쿄/나리타,20251022,08:10,08:10,08:29,여객,출발,,A321,195,"E,F,G,L"
출발,인천,진에어,LJ241,간사이,20251022,08:10,08:10,08:27,여객,출발,,B737-800,189,"H,F,G,L"
출발,인천,진에어,LJ357,시모지시마,20251022,08:10,08:10,08:29,여객,출발,,B737-800,189,"H,F,G,L"
출발,인천,대한항공,KE859,베이징,20251022,08:15,08:15,08:37,여객,출발,,B777-300ER,277,"A,B,C,D"
출발,인천,진에어,LJ203,도쿄/나리타,20251022,08:15,08:15,08:32,여객,출발,,B737-800,189,"H,F,G,L"
출발,인천,대한항공,KE1403,김해,20251022,08:20,08:20,08:37,여객,출발,,B737-900,188,
출발,인천,진에어,LJ301,삿포로,20251022,08:20,08:20,08:39,여객,출발,,B737-800,189,"H,F,G,L"
출발,인천,대한항공,KE731,고베,20251022,08:25,08:25,08:45,여객,출발,,A321neo,182,"A,B,C,D"
출발,인천,대한항공,KE893,푸동,20251022,08:25,08:25,08:51,여객,출발,,A330-300,272,"A,B,C,D"
출발,인천,에어 프랑스,AF267,파리,20251022,08:30,08:30,08:42,여객,출발,,B777-300ER,296,"M,F,G,L"
출발,인천,대한항공,KE775,고마쓰,20251022,08:35,08:35,08:59,여객,출발,,B737-900,188,"A,B,C,D"
출발,인천,대한항공,KE827,선전(심천),20251022,08:40,08:40,09:03,여객,출발,,B737-900,188,"A,B,C,D"
출발,인천,대한항공,KE831,심양,20251022,08:45,08:05,08:19,여객,출발,,B737-900,188,"A,B,C,D"
출발,인천,에어서울,RS741,다카마쓰,20251022,08:45,08:45,09:02,여객,출발,,A321,195,"E,F,G,L"
출발,인천,대한항공,KE137,우한,20251022,08:50,08:50,09:19,여객,출발,,B737-900,188,"A,B,C,D"
출발,인천,대한항공,KE865,광저우,20251022,08:50,08:50,09:42,여객,지연,항공기 연결에 의한 지연,A330-300,272,"A,B,C,D"
출발,인천,대한항공,KE819,창사(장사),20251022,09:00,09:00,09:34,여객,출발,,B737-900,188,"A,B,C,D"
출발,인천,대한항공,KE469,떤 선녓(호찌민),20251022,09:05,09:05,09:23,여객,출발,,A330-300,272,"A,B,C,D"
출발,인천,대한항공,KE805,천진,20251022,09:10,09:10,09:44,여객,출발,,B737-900,188,"A,B,C,D"
출발,인천,대한항공,KE811,시안,20251022,09:10,09:10,09:47,여객,지연,항공교통흐름에 의한 지연,B737-900,188,"A,B,C,D"
출발,인천,에어부산,BX172,간사이,20251022,09:15,09:15,09:36,여객,출발,,A321,195,"E,F,G,L"
출발,인천,대한항공,KE035,애틀랜타,20251022,09:20,09:20,09:54,여객,출발,,B777-300ER,277,"A,B,C,D"
출발,인천,대한항공,KE785,가고시마,20251022,09:20,09:20,09:41,여객,출발,,B737-900,188,"A,B,C,D"
출발,인천,진에어,LJ913,괌,20251022,09:20,09:20,09:37,여객,출발,,B737-800,189,"H,F,G,L"
출발,인천,에어서울,RS701,도쿄/나리타,20251022,09:25,09:45,10:13,여객,지연,항공기 연결에 의한 지연,A321,195,"E,F,G,L"
출발,인천,대한항공,KE031,댈러스,20251022,09:30,09:30,10:11,여객,지연,항공교통흐름에 의한 지연,B787-9,269,"A,B,C,D"
출발,인천,대한항공,KE091,보스턴,20251022,09:30,09:30,09:45,여객,출발,,B787-9,269,"A,B,C,D"
출발,인천,대한항공,KE657,수안나폼(방콕),20251022,09:30,09:45,10:13,여객,지연,항공교통흐름에 의한 지연,A330-300,272,"A,B,C,D"
출발,인천,대한항공,KE755,오키나와,20251022,09:30,09:30,09:49,여객,출발,,B737-900,188,"A,B,C,D"
출발,인천,대한항공,KE073,토론토,20251022,09:35,09:35,10:00,여객,출발,,B777-300ER,277,"A,B,C,D"
출발,인천,대한항공,KE723,간사이,20251022,09:35,09:35,10:05,여객,출발,,A321neo,182,"A,B,C,D"
출발,인천,대한항공,KE421,괌,20251022,09:45,09:45,10:02,여객,출발,,B737-900,188,"A,B,C,D"
출발,인천,진에어,LJ205,도쿄/나리타,20251022,09:45,09:45,10:08,여객,출발,,B737-800,189,"H,F,G,L"
출발,인천,진에어,LJ341,오키나와,20251022,09:55,09:55,10:32,여객,출발,,B737-800,189,"H,F,G,L"
출발,인천,대한항공,KE081,뉴욕,20251022,10:00,10:00,10:31,여객,출발,,A380-800,407,"A,B,C,D"
출발,인천,대한항공,KE703,도쿄/나리타,20251022,10:10,10:10,10:39,여객,출발,,A321neo,182,"A,B,C,D"
출발,인천,진에어,LJ233,간사이,20251022,10:10,10:10,10:24,여객,출발,,B737-800,189,"H,F,G,L"
출발,인천,델타항공,DL158,디트로이트,20251022,10:15,10:15,10:26,여객,출발,,A350-900,306,"K,F,G,L"
출발,인천,대한항공,KE125,샤먼 가오치,20251022,10:20,10:20,10:47,여객,출발,,B737-900,188,"A,B,C,D"
출발,인천,대한항공,KE169,마카오,20251022,10:20,10:20,10:42,여객,출발,,A321neo,182,"A,B,C,D"
출발,인천,대한항공,KE093,워싱톤,20251022,10:25,10:25,10:44,여객,출발,,B777-300ER,277,"A,B,C,D"
출발,인천,대한항공,KE101,남경,20251022,10:25,10:25,10:49,여객,출발,,A321neo,182,"A,B,C,D"
출발,인천,대한항공,KE937,비엔나,20251022,10:25,10:55,11:40,여객,지연,항공기 연결에 의한 지연,B787-9,269,"A,B,C,D"
출발,인천,대한항공,KE185,타오위안,20251022,10:30,10:30,10:51,여객,출발,,A321neo,182,"A,B,C,D"
출발,인천,대한항공,KE741,나고야,20251022,10:35,10:35,10:57,여객,출발,,A321neo,182,"A,B,C,D"
출발,인천,대한항공,KE037,시카고,20251022,10:40,10:40,11:03,여객,출발,,B777-300ER,277,"A,B,C,D"
출발,인천,대한항공,KE855,베이징,20251022,10:40,10:40,11:11,여객,출발,,A330-300,272,"A,B,C,D"
출발,인천,대한항공,KE969,프라하,20251022,10:45,10:45,11:25,여객,지연,항공교통흐름에 의한 지연,B787-9,269,"A,B,C,D"
출발,인천,대한항공,KE457,다낭,20251022,10:55,10:55,11:31,여객,출발,,B737-900,188,"A,B,C,D"
출발,인천,대한항공,KE907,런던히드로,20251022,10:55,10:55,11:46,여객,지연,항공교통흐름에 의한 지연,A380-800,407,"A,B,C,D"
출발,인천,대한항공,KE791,후쿠오카,20251022,11:05,11:05,11:23,여객,출발,,B737-900,188,"A,B,C,D"
출발,인천,대한항공,KE945,프랑크푸르트,20251022,11:05,11:05,11:58,여객,지연,항공교통흐름에 의한 지연,A380-800,407,"A,B,C,D"
출발,인천,대한항공,KE897,푸동,20251022,11:10,11:10,11:36,여객,출발,,B777-300ER,277,"A,B,C,D"
출발,인천,대한항공,KE901,파리,20251022,11:10,11:10,12:11,여객,지연,항공교통흐름에 의한 지연,B777-300ER,277,"A,B,C,D"
출발,인천,가루다인도네시아,GA871,덴파사(응우라 라이),20251022,11:25,11:25,11:59,여객,출발,,A330-300,251,"J,F,G,L"
출발,인천,에어부산,BX158,후쿠오카,20251022,11:25,11:25,11:42,여객,출발,,A321,195,"E,F,G,L"
출발,인천,아에로멕시코,AM091,멕시코시티,20251022,11:40,11:40,12:08,여객,출발,,B787-9,274,"H,F,G,L"
출발,인천,대한항공,KE107,항저우,20251022,12:00,12:00,12:32,여객,출발,,A321neo,182,"A,B,C,D"
출발,인천,중화항공,CI165,가오슝,20251022,12:05,12:05,12:26,여객,출발,,A321neo,180,"J,F,G,L"
출발,인천,진에어,LJ263,후쿠오카,20251022,12:10,12:10,12:26,여객,출발,,B737-800,189,"H,F,G,L"
출발,인천,대한항공,KE769,삿포로,20251022,12:35,12:35,12:57,여객,출발,,B737-900,188,"A,B,C,D"
출발,인천,대한항공,KE803,천진,20251022,12:35,12:35,13:07,여객,출발,,B737-900,188,"A,B,C,D"
출발,인천,중화항공,CI161,타오위안,20251022,12:35,12:35,13:13,여객,출발,,A330-300,277,"J,F,G,L"
출발,인천,에어부산,BX174,간사이,20251022,12:40,12:40,13:04,여객,출발,,A321,195,"E,F,G,L"
출발,인천,대한항공,KE711,도쿄/나리타,20251022,13:00,13:00,13:26,여객,출발,,A321neo,182,"A,B,C,D"
출발,인천,대한항공,KE869,대련,20251022,13:00,13:00,13:45,여객,지연,항공교통흐름에 의한 지연,B737-900,188,"A,B,C,D"
출발,인천,대한항공,KE921,리스본,20251022,13:00,13:00,13:24,여객,출발,,B787-9,269,"A,B,C,D"
출발,인천,대한항공,KE843,청도,20251022,13:05,13:05,13:52,여객,지연,항공교통흐름에 의한 지연,B737-900,188,"A,B,C,D"
출발,인천,진에어,GS7994,천진,20251022,13:05,13:05,13:40,여객,지연,,B737-800,189,"H,F,G,L"
출발,인천,대한항공,KE931,로마,20251022,13:20,13:20,13:49,여객,출발,,B777-300ER,277,"A,B,C,D"
출발,인천,대한항공,KE135,허페이,20251022,13:25,13:25,14:05,여객,지연,항공교통흐름에 의한 지연,B737-900,188,"A,B,C,D"
출발,인천,대한항공,KE175,홍콩,20251022,13:25,13:25,13:47,여객,출발,,A321neo,182,"A,B,C,D"
출발,인천,대한항공,KE951,두바이,20251022,13:25,13:25,13:57,여객,출발,,B777-300ER,277,"A,B,C,D"
출발,인천,에어서울,RS745,요나고,20251022,13:25,13:25,13:55,여객,출발,,A321,195,"E,F,G,L"
출발,인천,샤먼항공,MF872,샤먼 가오치,20251022,13:30,13:30,13:50,여객,출발,,B737-800,168,"J,F,G,L"
출발,인천,대한항공,KE927,밀라노,20251022,13:40,13:40,14:18,여객,출발,,B787-9,269,"A,B,C,D"
출발,인천,대한항공,KE955,이스탄불,20251022,13:40,13:40,14:10,여객,출발,,B777-300ER,277,"A,B,C,D"
출발,인천,대한항공,KE789,후쿠오카,20251022,13:45,14:20,14:48,여객,지연,항공기 연결에 의한 지연,B737-900,188,"A,B,C,D"
출발,인천,진에어,LJ861,청도,20251022,13:50,13:50,14:31,여객,지연,,B737-800,189,"H,F,G,L"
출발,인천,에어서울,RS723,후쿠오카,20251022,14:25,14:25,15:04,여객,출발,,A321,195,"E,F,G,L"
출발,인천,진에어,LJ359,다카마쓰,20251022,14:30,14:30,15:00,여객,출발,,B737-800,189,"H,F,G,L"
출발,인천,대한항공,KE833,심양,20251022,14:35,14:35,15:09,여객,출발,,B737-900,188,"A,B,C,D"
출발,인천,진에어,LJ237,간사이,20251022,14:40,14:51,15:20,여객,지연,공항 및 출입국 절차에 의한 지연,B737-800,189,"H,F,G,L"
출발,인천,대한항공,KE643,싱가포르,20251022,14:45,14:45,15:14,여객,출발,,A330-300,272,"A,B,C,D"
출발,인천,대한항공,KE725,간사이,20251022,14:55,14:55,15:36,여객,지연,항공교통흐름에 의한 지연,A321neo,182,"A,B,C,D"
출발,인천,대한항공,KE627,자카르타(수카르노 하타),20251022,15:10,15:10,15:42,여객,출발,,A330-300,272,"A,B,C,D"
출발,인천,대한항공,KE189,타이중,20251022,15:15,15:15,15:43,여객,출발,,A321neo,182,"A,B,C,D"
출발,인천,진에어,LJ209,도쿄/나리타,20251022,15:15,15:44,16:04,여객,지연,항공기 연결에 의한 지연,B737-800,189,"H,F,G,L"
출발,인천,에어서울,RS715,간사이,20251022,15:20,15:20,15:51,여객,출발,,A321,195,"E,F,G,L"
출발,인천,에어부산,BX176,간사이,20251022,15:25,15:25,16:11,여객,지연,항공교통흐름에 의한 지연,A321,195,"E,F,G,L"
출발,인천,진에어,LJ851,황산,20251022,15:35,15:35,15:59,여객,출발,,B737-800,189,"H,F,G,L"
출발,인천,대한항공,KE671,쿠알라룸푸르,20251022,15:40,15:40,16:06,여객,출발,,A330-300,272,"A,B,C,D"
출발,인천,대한항공,KE733,고베,20251022,15:50,15:50,16:44,여객,지연,항공교통흐름에 의한 지연,A321neo,182,"A,B,C,D"
출발,인천,에어부산,BX166,도쿄/나리타,20251022,15:50,15:50,16:37,여객,지연,공항 및 출입국 절차에 의한 지연,A321,195,"E,F,G,L"
출발,인천,대한항공,KE023,샌프란시스코,20251022,16:00,16:00,16:48,여객,지연,항공교통흐름에 의한 지연,B777-300ER,277,"A,B,C,D"
출발,인천,진에어,LJ347,나고야,20251022,16:05,16:39,17:01,여객,지연,항공기 연결에 의한 지연,B737-800,189,"H,F,G,L"
출발,인천,대한항공,KE187,타오위안,20251022,16:10,16:35,17:16,여객,지연,항공기 연결에 의한 지연,A321neo,182,"A,B,C,D"
출발,인천,대한항공,KE633,덴파사(응우라 라이),20251022,16:10,16:29,16:55,여객,지연,SP,A330-300,272,"A,B,C,D"
출발,인천,진에어,LJ351,기타규슈,20251022,16:15,16:15,16:39,여객,출발,,B737-800,189,"H,F,G,L"
출발,인천,델타항공,DL188,애틀랜타,20251022,16:25,16:48,17:14,여객,지연,공항 및 출입국 절차에 의한 지연,A350-900,306,"K,F,G,L"
출발,인천,대한항공,KE041,시애틀,20251022,16:40,16:40,17:20,여객,지연,항공교통흐름에 의한 지연,A330-300,272,"A,B,C,D"
출발,인천,진에어,LJ271,후쿠오카,20251022,17:00,17:00,17:39,여객,출발,,B737-800,189,"H,F,G,L"
출발,인천,대한항공,KE713,도쿄/나리타,20251022,17:05,17:05,17:34,여객,출발,,A321neo,182,"A,B,C,D"
출발,인천,진에어,LJ091,푸꾸옥,20251022,17:05,17:05,17:32,여객,출발,,B737-800,189,"H,F,G,L"
출발,인천,대한항공,KE1405,김해,20251022,17:10,17:10,17:45,여객,출발,,B737-900,188,
출발,인천,대한항공,KE485,푸꾸옥,20251022,17:10,17:10,17:50,여객,지연,기타 원인에 의한 지연,B737-900,188,"A,B,C,D"
출발,인천,진에어,LJ009,치앙마이,20251022,17:10,17:10,17:46,여객,출발,,B737-800,189,"H,F,G,L"
출발,인천,대한항공,KE8425,괌,20251022,17:15,17:15,17:42,여객,출발,,B737-900,188,"A,B,C,D"
출발,인천,에어부산,BX747,수안나폼(방콕),20251022,17:15,17:15,17:54,여객,출발,,A321,195,"E,F,G,L"
출발,인천,진에어,LJ919,괌,20251022,17:35,17:35,18:10,여객,출발,,B737-800,189,"H,F,G,L"
출발,인천,대한항공,KE629,덴파사(응우라 라이),20251022,17:45,17:45,18:12,여객,출발,,A330-300,272,"A,B,C,D"
출발,인천,대한항공,KE663,푸껫,20251022,17:50,18:10,18:58,여객,지연,항공기 연결에 의한 지연,B737-900,188,"A,B,C,D"
출발,인천,대한항공,KE411,오클랜드,20251022,18:00,18:40,19:27,여객,지연,항공기 연결에 의한 지연,B787-9,269,"A,B,C,D"
출발,인천,대한항공,KE651,수안나폼(방콕),20251022,18:05,18:20,19:16,여객,지연,항공교통흐름에 의한 지연,A330-300,272,"A,B,C,D"
출발,인천,대한항공,KE461,다낭,20251022,18:20,18:20,19:04,여객,지연,항공기 연결에 의한 지연,B737-900,188,"A,B,C,D"
출발,인천,대한항공,KE1407,김해,20251022,18:25,18:55,19:31,여객,지연,항공기 연결에 의한 지연,B737-900,188,
출발,인천,대한항공,KE667,치앙마이,20251022,18:25,18:25,19:14,여객,지연,운항 기준 및 승무원 관련 지연,B737-900,188,"A,B,C,D"
출발,인천,대한항공,KE705,도쿄/나리타,20251022,18:35,18:35,19:02,여객,출발,,A321neo,182,"A,B,C,D"
출발,인천,대한항공,KE871,대련,20251022,18:35,18:35,19:20,여객,지연,항공기 연결에 의한 지연,B737-900,188,"A,B,C,D"
출발,인천,대한항공,KE161,쿤밍,20251022,18:40,18:40,19:12,여객,출발,,B737-900,188,"A,B,C,D"
출발,인천,대한항공,KE423,괌,20251022,18:40,18:40,19:10,여객,출발,,B737-900,188,"A,B,C,D"
출발,인천,대한항공,KE645,싱가포르,20251022,18:40,18:40,19:08,여객,출발,,A330-300,272,"A,B,C,D"
출발,인천,대한항공,KE781,후쿠오카,20251022,18:40,18:40,19:23,여객,지연,항공기 연결에 의한 지연,B737-900,188,"A,B,C,D"
출발,인천,델타항공,DL170,미니애폴리스,20251022,18:40,18:40,19:06,여객,출발,,A350-900,306,"K,F,G,L"
출발,인천,대한항공,KE071,밴쿠버,20251022,18:45,18:45,19:29,여객,지연,항공기 연결에 의한 지연,B787-9,269,"A,B,C,D"
출발,인천,대한항공,KE453,노이바이(하노이),20251022,18:45,19:10,19:44,여객,지연,항공기 연결에 의한 지연,B737-900,188,"A,B,C,D"
출발,인천,대한항공,KE475,떤 선녓(호찌민),20251022,18:45,19:05,19:53,여객,지연,항공교통흐름에 의한 지연,B737-900,188,"A,B,C,D"
출발,인천,대한항공,KE623,마닐라,20251022,18:50,18:50,19:45,여객,지연,지상조업 관련 지연,B737-900,188,"A,B,C,D"
출발,인천,대한항공,KE689,프놈펜,20251022,18:50,18:50,19:36,여객,지연,항공교통흐름에 의한 지연,B737-900,188,"A,B,C,D"
출발,인천,대한항공,KE743,나고야,20251022,18:50,18:50,19:34,여객,지연,항공기 연결에 의한 지연,A321neo,182,"A,B,C,D"
출발,인천,델타항공,DL26,애틀랜타,20251022,18:50,18:50,19:21,여객,출발,,A350-900,306,"K,F,G,L"
출발,인천,대한항공,KE895,푸동,20251022,18:55,19:20,20:00,여객,지연,항공기 연결에 의한 지연,A330-300,272,"A,B,C,D"
출발,인천,대한항공,KE721,간사이,20251022,19:00,19:15,19:47,여객,지연,항공교통흐름에 의한 지연,A321neo,182,"A,B,C,D"
출발,인천,대한항공,KE401,시드니,20251022,19:10,19:10,19:51,여객,지연,항공교통흐름에 의한 지연,A380-800,407,"A,B,C,D"
출발,인천,에어부산,BX741,비엔티안,20251022,19:15,19:15,19:38,여객,출발,,A321,195,"E,F,G,L"
출발,인천,델타항공,DL196,시애틀,20251022,19:20,20:15,:,여객,지연,항공기 연결에 의한 지연,A330-900neo,281,"K,F,G,L"
출발,인천,대한항공,KE163,장가계,20251022,19:25,19:25,19:49,여객,출발,,B737-900,188,"A,B,C,D"
출발,인천,대한항공,KE085,뉴욕,20251022,19:30,20:00,20:15,여객,지연,기타 원인에 의한 지연,B747-8i,368,"A,B,C,D"
출발,인천,대한항공,KE1431,대구,20251022,19:30,19:45,20:09,여객,출발,,B737-900,188,
출발,인천,대한항공,KE1409,김해,20251022,19:35,19:35,20:06,여객,출발,,B737-900,188,
출발,인천,진에어,LJ917,괌,20251022,19:35,19:35,20:02,여객,출발,,B737-800,189,"H,F,G,L"
출발,인천,델타항공,DL172,솔트레이크시티,20251022,19:40,19:40,20:10,여객,출발,,A350-900,306,"K,F,G,L"
출발,인천,대한항공,KE177,홍콩,20251022,19:45,19:45,20:20,여객,출발,,A321neo,182,"A,B,C,D"
출발,인천,대한항공,KE477,떤 선녓(호찌민),20251022,19:45,19:45,20:22,여객,출발,,B737-900,188,"A,B,C,D"
출발,인천,대한항공,KE659,수안나폼(방콕),20251022,19:45,19:45,20:40,여객,지연,항공교통흐름에 의한 지연,B737-900,188,"A,B,C,D"
출발,인천,에어서울,RS527,깜라인(나트랑),20251022,19:50,19:50,21:43,여객,지연,항공교통흐름에 의한 지연,A321,195,"E,F,G,L"
출발,인천,진에어,LJ001,수안나폼(방콕),20251022,19:55,20:56,21:20,여객,지연,항공기 연결에 의한 지연,B737-800,189,"H,F,G,L"
출발,인천,대한항공,KE467,깜라인(나트랑),20251022,20:00,20:00,20:25,여객,출발,,B737-900,188,"A,B,C,D"
출발,인천,대한항공,KE853,베이징,20251022,20:00,20:00,20:20,여객,출발,,A330-300,272,"A,B,C,D"
출발,인천,대한항공,KE407,브리즈번,20251022,20:05,20:30,20:44,여객,지연,공항 및 출입국 절차에 의한 지연,A330-300,272,"A,B,C,D"
출발,인천,대한항공,KE615,세부,20251022,20:05,20:05,20:37,여객,출발,,B737-900,188,"A,B,C,D"
출발,인천,대한항공,KE625,마닐라,20251022,20:15,20:15,20:47,여객,출발,,B737-900,188,"A,B,C,D"
출발,인천,대한항공,KE011,로스앤젤레스,20251022,20:25,20:25,20:50,여객,출발,,A380-800,407,"A,B,C,D"
출발,인천,진에어,LJ081,다낭,20251022,20:25,20:25,20:44,여객,출발,,B737-800,189,"H,F,G,L"
출발,인천,대한항공,KE719,하네다,20251022,20:30,20:30,20:59,여객,출발,,A321neo,182,"A,B,C,D"
출발,인천,샤먼항공,MF878,푸저우(복주),20251022,20:35,20:35,20:40,여객,출발,,B737-800,168,"J,F,G,L"
출발,인천,중화항공,CI163,타오위안,20251022,20:35,20:35,21:08,여객,출발,,A330-300,277,"J,F,G,L"
출발,인천,진에어,LJ087,깜라인(나트랑),20251022,20:40,20:56,21:14,여객,지연,항공기 연결에 의한 지연,B737-800,189,"H,F,G,L"
출발,인천,진에어,LJ883,계림,20251022,20:50,20:50,21:10,여객,출발,,B737-800,189,"H,F,G,L"
출발,인천,에어서울,RS511,다낭,20251022,20:55,20:55,22:21,여객,지연,항공교통흐름에 의한 지연,A321,195,"E,F,G,L"
출발,인천,대한항공,KE005,라스베이거스,20251022,21:00,21:00,21:24,여객,출발,,B777-300ER,277,"A,B,C,D"
출발,인천,대한항공,KE053,호놀룰루,20251022,21:05,21:05,21:46,여객,지연,항공교통흐름에 의한 지연,A330-300,272,"A,B,C,D"
출발,인천,대한항공,KE655,수안나폼(방콕),20251022,21:15,21:15,21:50,여객,출발,,A330-300,272,"A,B,C,D"
출발,인천,에어부산,BX787,깜라인(나트랑),20251022,21:30,22:43,23:08,여객,지연,항공교통흐름에 의한 지연,A321,195,"E,F,G,L"
출발,인천,네덜란드항공,KL856,암스테르담,20251022,22:25,22:25,22:47,여객,출발,,B787-9,294,"M,F,G,L"
출발,인천,대한항공,KE619,마닐라,20251022,22:35,22:35,22:58,여객,출발,,A330-300,272,"A,B,C,D"
출발,인천,대한항공,KE075,밴쿠버,20251022,22:40,22:40,23:20,여객,지연,항공교통흐름에 의한 지연,B787-9,269,"A,B,C,D"
출발,인천,대한항공,KE647,싱가포르,20251022,23:35,23:35,23:44,여객,출발,,B777-300ER,277,"A,B,C,D"
출발,인천,스칸디나비아항공,SK988,코펜하겐,20251022,23:45,23:45,23:57,여객,출발,,A350-900,300,"K,F,G,L"
출발,인천,대한항공,KE1401,김해,20251023,06:35,06:35,06:46,여객,출발,,B737-900,188,
출발,인천,에어부산,BX164,도쿄/나리타,20251023,07:15,07:15,07:45,여객,출발,,A321,195,"E,F,G,L"
출발,인천,에어서울,RS711,간사이,20251023,07:15,07:15,07:48,여객,출발,,A321,195,"E,F,G,L"
출발,인천,진에어,LJ261,후쿠오카,20251023,07:15,07:15,07:25,여객,출발,,B737-800,189,"H,F,G,L"
출발,인천,에어부산,BX156,후쿠오카,20251023,07:20,07:20,07:42,여객,출발,,A321,195,"E,F,G,L"
출발,인천,에어서울,RS727,후쿠오카,20251023,07:20,07:20,07:50,여객,출발,,A321,195,"E,F,G,L"
출발,인천,대한항공,KE787,후쿠오카,20251023,07:25,07:25,07:46,여객,출발,,B737-900,188,"A,B,C,D"
출발,인천,진에어,LJ201,도쿄/나리타,20251023,07:25,07:25,07:54,여객,출발,,B737-800,189,"H,F,G,L"
출발,인천,대한항공,KE795,나가사키,20251023,07:30,07:54,08:17,여객,지연,항공교통흐름에 의한 지연,B737-900,188,"A,B,C,D"
출발,인천,진에어,LJ345,나고야,20251023,07:30,07:30,08:02,여객,출발,,B737-800,189,"H,F,G,L"
출발,인천,진에어,LJ231,간사이,20251023,07:40,07:40,08:15,여객,출발,,B737-800,189,"H,F,G,L"
출발,인천,대한항공,KE173,홍콩,20251023,07:45,07:45,08:08,여객,출발,,A321neo,182,"A,B,C,D"
출발,인천,대한항공,KE621,마닐라,20251023,07:50,07:50,08:10,여객,출발,,B737-900,188,"A,B,C,D"
출발,인천,대한항공,KE845,청도,20251023,07:50,08:06,08:28,여객,지연,항공교통흐름에 의한 지연,B737-900,188,"A,B,C,D"
출발,인천,진에어,LJ731,타오위안,20251023,07:50,07:50,08:22,여객,출발,,B737-800,189,"H,F,G,L"
출발,인천,대한항공,KE131,정저우,20251023,08:00,08:00,08:20,여객,출발,,B737-900,188,"A,B,C,D"
출발,인천,대한항공,KE441,노이바이(하노이),20251023,08:00,08:00,08:26,여객,출발,,A330-300,272,"A,B,C,D"
출발,인천,대한항공,KE197,칭기즈칸(신 울란바토르) 국제공항,20251023,08:10,08:10,08:36,여객,출발,,B737-900,188,"A,B,C,D"
출발,인천,대한항공,KE767,아오모리,20251023,08:10,08:10,08:30,여객,출발,,B737-900,188,"A,B,C,D"
출발,인천,진에어,LJ241,간사이,20251023,08:10,08:10,08:33,여객,출발,,B737-800,189,"H,F,G,L"
출발,인천,대한항공,KE859,베이징,20251023,08:15,08:15,08:42,여객,출발,,B777-300ER,277,"A,B,C,D"
출발,인천,진에어,LJ203,도쿄/나리타,20251023,08:15,08:15,08:39,여객,출발,,B737-800,189,"H,F,G,L"
출발,인천,대한항공,KE127,푸저우(복주),20251023,08:20,08:20,08:38,여객,출발,,B737-900,188,"A,B,C,D"
출발,인천,대한항공,KE1403,김해,20251023,08:20,08:35,08:47,여객,출발,,B737-900,188,
출발,인천,진에어,LJ301,삿포로,20251023,08:20,08:37,08:51,여객,지연,지상조업 관련 지연,B737-800,189,"H,F,G,L"
출발,인천,대한항공,KE731,고베,20251023,08:25,08:25,08:54,여객,출발,,A321neo,182,"A,B,C,D"
출발,인천,대한항공,KE893,푸동,20251023,08:25,08:25,08:44,여객,출발,,A330-300,272,"A,B,C,D"
출발,인천,에어 프랑스,AF267,파리,20251023,08:30,08:30,08:47,여객,출발,,B777-300ER,296,"M,F,G,L"
출발,인천,대한항공,KE827,선전(심천),20251023,08:40,08:55,09:34,여객,지연,항공기 연결에 의한 지연,B737-900,188,"A,B,C,D"
출발,인천,대한항공,KE831,심양,20251023,08:45,08:05,08:24,여객,출발,,B737-900,188,"A,B,C,D"
출발,인천,대한항공,KE137,우한,20251023,08:50,08:50,09:08,여객,출발,,B737-900,188,"A,B,C,D"
출발,인천,대한항공,KE865,광저우,20251023,08:50,08:50,09:17,여객,출발,,A330-300,272,"A,B,C,D"
출발,인천,진에어,LJ213,도쿄/나리타,20251023,08:50,08:50,09:00,여객,출발,,B737-800,189,"H,F,G,L"
출발,인천,대한항공,KE819,창사(장사),20251023,09:00,09:00,09:22,여객,출발,,B737-900,188,"A,B,C,D"
출발,인천,대한항공,KE469,떤 선녓(호찌민),20251023,09:05,09:05,10:03,여객,지연,항공교통흐름에 의한 지연,A330-300,272,"A,B,C,D"
출발,인천,진에어,LJ361,이시가키,20251023,09:05,09:45,10:19,여객,지연,공항 및 출입국 절차에 의한 지연,B737-800,189,"H,F,G,L"
출발,인천,대한항공,KE805,천진,20251023,09:10,09:10,09:32,여객,출발,,B737-900,188,"A,B,C,D"
출발,인천,대한항공,KE811,시안,20251023,09:10,09:10,09:45,여객,출발,,B737-900,188,"A,B,C,D"
출발,인천,에어부산,BX172,간사이,20251023,09:15,09:15,09:30,여객,출발,,A321,195,"E,F,G,L"
출발,인천,대한항공,KE035,애틀랜타,20251023,09:20,09:20,09:40,여객,출발,,B777-300ER,277,"A,B,C,D"
출발,인천,진에어,LJ913,괌,20251023,09:20,10:40,11:09,여객,지연,공항 및 출입국 절차에 의한 지연,B737-800,189,"H,F,G,L"
출발,인천,에어서울,RS701,도쿄/나리타,20251023,09:25,10:40,10:58,여객,지연,항공기 연결에 의한 지연,A321,195,"E,F,G,L"
출발,인천,대한항공,KE031,댈러스,20251023,09:30,10:40,11:28,여객,지연,항공기 연결에 의한 지연,B787-9,269,"A,B,C,D"
출발,인천,대한항공,KE091,보스턴,20251023,09:30,09:30,09:45,여객,출발,,B787-9,269,"A,B,C,D"
출발,인천,대한항공,KE657,수안나폼(방콕),20251023,09:30,09:30,09:46,여객,출발,,A330-300,272,"A,B,C,D"
출발,인천,대한항공,KE755,오키나와,20251023,09:30,09:30,09:56,여객,출발,,B737-900,188,"A,B,C,D"
출발,인천,대한항공,KE777,구마모토,20251023,09:30,09:30,09:47,여객,출발,,B737-900,188,"A,B,C,D"
출발,인천,에어서울,RS745,요나고,20251023,09:30,09:30,09:59,여객,출발,,A321,195,"E,F,G,L"
출발,인천,대한항공,KE073,토론토,20251023,09:35,09:35,09:52,여객,출발,,B777-300ER,277,"A,B,C,D"
출발,인천,대한항공,KE723,간사이,20251023,09:35,09:35,09:56,여객,출발,,A321neo,182,"A,B,C,D"
출발,인천,대한항공,KE763,니가타,20251023,09:40,09:40,10:05,여객,출발,,B737-900,188,"A,B,C,D"
출발,인천,대한항공,KE421,괌,20251023,09:45,09:45,10:07,여객,출발,,B737-900,188,"A,B,C,D"
출발,인천,진에어,LJ205,도쿄/나리타,20251023,09:45,10:15,10:34,여객,지연,공항 및 출입국 절차에 의한 지연,B737-800,189,"H,F,G,L"
출발,인천,대한항공,KE913,마드리드,20251023,09:55,10:20,10:54,여객,지연,항공기 정비에 의한 지연,B787-9,269,"A,B,C,D"
출발,인천,대한항공,KE703,도쿄/나리타,20251023,10:10,10:10,10:50,여객,지연,항공기 정비에 의한 지연,A321neo,182,"A,B,C,D"
출발,인천,델타항공,DL158,디트로이트,20251023,10:15,10:15,10:18,여객,출발,,A350-900,306,"K,F,G,L"
출발,인천,대한항공,KE125,샤먼 가오치,20251023,10:20,10:20,10:44,여객,출발,,B737-900,188,"A,B,C,D"
출발,인천,대한항공,KE169,마카오,20251023,10:20,10:20,10:37,여객,출발,,A321neo,182,"A,B,C,D"
출발,인천,대한항공,KE093,워싱톤,20251023,10:25,10:25,10:44,여객,출발,,B777-300ER,277,"A,B,C,D"
출발,인천,대한항공,KE185,타오위안,20251023,10:30,10:30,10:49,여객,출발,,A321neo,182,"A,B,C,D"
출발,인천,가루다인도네시아,GA879,자카르타(수카르노 하타),20251023,10:35,10:35,10:52,여객,출발,,A330-900neo,301,"J,F,G,L"
출발,인천,대한항공,KE741,나고야,20251023,10:35,10:35,10:55,여객,출발,,A321neo,182,"A,B,C,D"
출발,인천,대한항공,KE037,시카고,20251023,10:40,10:40,11:15,여객,출발,,B777-300ER,277,"A,B,C,D"
출발,인천,대한항공,KE457,다낭,20251023,10:55,10:55,11:20,여객,출발,,B737-900,188,"A,B,C,D"
출발,인천,대한항공,KE907,런던히드로,20251023,10:55,10:55,11:36,여객,지연,항공교통흐름에 의한 지연,A380-800,407,"A,B,C,D"
출발,인천,대한항공,KE791,후쿠오카,20251023,11:05,11:05,11:32,여객,출발,,B737-900,188,"A,B,C,D"
출발,인천,대한항공,KE917,취리히,20251023,11:05,11:05,11:43,여객,지연,항공교통흐름에 의한 지연,B787-9,269,"A,B,C,D"
출발,인천,대한항공,KE897,푸동,20251023,11:10,11:10,11:27,여객,출발,,B777-300ER,277,"A,B,C,D"
출발,인천,대한항공,KE901,파리,20251023,11:10,11:10,11:54,여객,지연,항공교통흐름에 의한 지연,B777-300ER,277,"A,B,C,D"
출발,인천,에어부산,BX158,후쿠오카,20251023,11:25,11:25,11:40,여객,출발,,A321,195,"E,F,G,L"
출발,인천,아에로멕시코,AM091,멕시코시티,20251023,11:40,11:40,12:02,여객,출발,,B787-9,274,"H,F,G,L"
출발,인천,대한항공,KE925,암스테르담,20251023,11:55,12:05,12:36,여객,출발,,B777-300ER,277,"A,B,C,D"
출발,인천,중화항공,CI165,가오슝,20251023,12:05,12:05,12:18,여객,출발,,A321neo,180,"J,F,G,L"
출발,인천,진에어,LJ263,후쿠오카,20251023,12:10,12:10,12:43,여객,출발,,B737-800,189,"H,F,G,L"
출발,인천,에어서울,RS811,장가계,20251023,12:20,12:20,12:45,여객,출발,,A321,195,"E,F,G,L"
출발,인천,대한항공,KE769,삿포로,20251023,12:35,12:35,13:12,여객,출발,,B737-900,188,"A,B,C,D"
출발,인천,대한항공,KE803,천진,20251023,12:35,12:53,13:13,여객,지연,항공교통흐름에 의한 지연,B737-900,188,"A,B,C,D"
출발,인천,대한항공,KE963,부다페스트,20251023,12:35,12:53,13:19,여객,지연,운항 기준 및 승무원 관련 지연,B787-9,269,"A,B,C,D"
출발,인천,중화항공,CI161,타오위안,20251023,12:35,12:53,13:13,여객,지연,항공기 연결에 의한 지연,A330-300,277,"J,F,G,L"
출발,인천,진에어,LJ341,오키나와,20251023,12:35,12:35,13:10,여객,출발,,B737-800,189,"H,F,G,L"
출발,인천,에어부산,BX174,간사이,20251023,12:40,12:40,13:03,여객,출발,,A321,195,"E,F,G,L"
출발,인천,대한항공,KE497,델리,20251023,12:55,12:55,13:23,여객,출발,,B787-9,269,"A,B,C,D"
출발,인천,대한항공,KE711,도쿄/나리타,20251023,13:00,13:00,13:19,여객,출발,,A321neo,182,"A,B,C,D"
출발,인천,대한항공,KE869,대련,20251023,13:00,13:00,13:22,여객,출발,,B737-900,188,"A,B,C,D"
출발,인천,대한항공,KE843,청도,20251023,13:05,13:05,13:28,여객,출발,,B737-900,188,"A,B,C,D"
출발,인천,대한항공,KE135,허페이,20251023,13:25,13:25,13:56,여객,출발,,B737-900,188,"A,B,C,D"
출발,인천,대한항공,KE175,홍콩,20251023,13:25,13:25,13:43,여객,출발,,A321neo,182,"A,B,C,D"
출발,인천,대한항공,KE951,두바이,20251023,13:25,13:25,13:46,여객,출발,,B777-300ER,277,"A,B,C,D"
출발,인천,샤먼항공,MF872,샤먼 가오치,20251023,13:30,13:30,13:39,여객,출발,,B737-800,168,"J,F,G,L"
출발,인천,대한항공,KE789,후쿠오카,20251023,13:45,14:20,14:37,여객,지연,항공기 연결에 의한 지연,B737-900,188,"A,B,C,D"
출발,인천,에어서울,RS723,후쿠오카,20251023,14:25,14:25,14:52,여객,출발,,A321,195,"E,F,G,L"
출발,인천,대한항공,KE017,로스앤젤레스,20251023,14:30,14:30,14:57,여객,출발,,B747-8i,368,"A,B,C,D"
출발,인천,진에어,LJ359,다카마쓰,20251023,14:30,14:30,14:54,여객,출발,,B737-800,189,"H,F,G,L"
출발,인천,대한항공,KE833,심양,20251023,14:35,14:35,15:01,여객,출발,,B737-900,188,"A,B,C,D"
출발,인천,진에어,LJ237,간사이,20251023,14:40,14:59,15:16,여객,지연,항공기 연결에 의한 지연,B737-800,189,"H,F,G,L"
출발,인천,대한항공,KE643,싱가포르,20251023,14:45,14:45,14:59,여객,출발,,A330-300,272,"A,B,C,D"
출발,인천,대한항공,KE725,간사이,20251023,14:55,14:55,15:10,여객,출발,,A321neo,182,"A,B,C,D"
출발,인천,대한항공,KE189,타이중,20251023,15:15,15:15,15:32,여객,출발,,A321neo,182,"A,B,C,D"
출발,인천,진에어,LJ209,도쿄/나리타,20251023,15:15,16:36,16:57,여객,지연,항공기 연결에 의한 지연,B737-800,189,"H,F,G,L"
출발,인천,에어서울,RS715,간사이,20251023,15:20,15:20,15:44,여객,출발,,A321,195,"E,F,G,L"
출발,인천,에어부산,BX176,간사이,20251023,15:25,15:25,15:55,여객,출발,,A321,195,"E,F,G,L"
출발,인천,대한항공,KE671,쿠알라룸푸르,20251023,15:40,15:40,16:13,여객,출발,,A330-300,272,"A,B,C,D"
출발,인천,대한항공,KE733,고베,20251023,15:50,15:50,16:20,여객,출발,,A321neo,182,"A,B,C,D"
출발,인천,에어부산,BX166,도쿄/나리타,20251023,15:50,15:50,16:24,여객,출발,,A321,195,"E,F,G,L"
출발,인천,대한항공,KE023,샌프란시스코,20251023,16:00,16:00,16:15,여객,출발,,B777-300ER,277,"A,B,C,D"
출발,인천,진에어,LJ239,간사이,20251023,16:05,16:05,16:35,여객,출발,,B737-800,189,"H,F,G,L"
출발,인천,진에어,LJ347,나고야,20251023,16:05,16:05,16:31,여객,출발,,B737-800,189,"H,F,G,L"
출발,인천,대한항공,KE187,타오위안,20251023,16:10,16:10,16:25,여객,출발,,A321neo,182,"A,B,C,D"
출발,인천,대한항공,KE633,덴파사(응우라 라이),20251023,16:10,16:30,17:08,여객,지연,항공교통흐름에 의한 지연,A330-300,272,"A,B,C,D"
출발,인천,진에어,LJ351,기타규슈,20251023,16:15,16:15,16:43,여객,출발,,B737-800,189,"H,F,G,L"
출발,인천,델타항공,DL188,애틀랜타,20251023,16:25,18:00,:,여객,지연,항공기 연결에 의한 지연,A350-900,306,"K,F,G,L"
출발,인천,대한항공,KE041,시애틀,20251023,16:40,16:40,16:54,여객,출발,,A330-300,272,"A,B,C,D"
출발,인천,에어서울,RS703,도쿄/나리타,20251023,16:45,17:20,17:55,여객,지연,항공기 연결에 의한 지연,A321,195,"E,F,G,L"
출발,인천,진에어,LJ271,후쿠오카,20251023,17:00,17:00,17:30,여객,출발,,B737-800,189,"H,F,G,L"
출발,인천,대한항공,KE713,도쿄/나리타,20251023,17:05,17:05,17:26,여객,출발,,A321neo,182,"A,B,C,D"
출발,인천,진에어,LJ091,푸꾸옥,20251023,17:05,17:05,17:29,여객,출발,,B737-800,189,"H,F,G,L"
출발,인천,대한항공,KE1405,김해,20251023,17:10,17:10,17:35,여객,출발,,B737-900,188,
출발,인천,대한항공,KE485,푸꾸옥,20251023,17:10,17:10,17:44,여객,출발,,B737-900,188,"A,B,C,D"
출발,인천,진에어,LJ009,치앙마이,20251023,17:10,17:10,17:48,여객,출발,,B737-800,189,"H,F,G,L"
출발,인천,대한항공,KE8425,괌,20251023,17:15,17:15,17:40,여객,출발,,B737-900,188,"A,B,C,D"
출발,인천,에어부산,BX747,수안나폼(방콕),20251023,17:15,17:15,17:36,여객,출발,,A321,195,"E,F,G,L"
출발,인천,진에어,LJ919,괌,20251023,17:35,17:35,17:59,여객,출발,,B737-800,189,"H,F,G,L"
출발,인천,대한항공,KE629,덴파사(응우라 라이),20251023,17:45,17:45,18:12,여객,출발,,A330-300,272,"A,B,C,D"
출발,인천,대한항공,KE663,푸껫,20251023,17:50,17:50,18:16,여객,출발,,B737-900,188,"A,B,C,D"
출발,인천,대한항공,KE651,수안나폼(방콕),20251023,18:05,18:05,18:33,여객,출발,,A330-300,272,"A,B,C,D"
출발,인천,대한항공,KE461,다낭,20251023,18:20,18:20,18:44,여객,출발,,B737-900,188,"A,B,C,D"
출발,인천,대한항공,KE1407,김해,20251023,18:25,18:25,18:54,여객,출발,,B737-900,188,
출발,인천,대한항공,KE667,치앙마이,20251023,18:25,18:25,18:48,여객,출발,,B737-900,188,"A,B,C,D"
출발,인천,대한항공,KE705,도쿄/나리타,20251023,18:35,18:35,18:52,여객,출발,,A321neo,182,"A,B,C,D"
출발,인천,대한항공,KE423,괌,20251023,18:40,18:40,19:02,여객,출발,,B737-900,188,"A,B,C,D"
출발,인천,대한항공,KE645,싱가포르,20251023,18:40,18:40,19:08,여객,출발,,A330-300,272,"A,B,C,D"
출발,인천,대한항공,KE781,후쿠오카,20251023,18:40,18:40,19:00,여객,출발,,B737-900,188,"A,B,C,D"
출발,인천,델타항공,DL170,미니애폴리스,20251023,18:40,18:40,18:50,여객,출발,,A350-900,306,"K,F,G,L"
출발,인천,대한항공,KE071,밴쿠버,20251023,18:45,18:45,19:11,여객,출발,,B787-9,269,"A,B,C,D"
출발,인천,대한항공,KE453,노이바이(하노이),20251023,18:45,19:00,19:27,여객,지연,항공기 연결에 의한 지연,B737-900,188,"A,B,C,D"
출발,인천,대한항공,KE475,떤 선녓(호찌민),20251023,18:45,20:00,20:40,여객,지연,항공기 연결에 의한 지연,B737-900,188,"A,B,C,D"
출발,인천,대한항공,KE623,마닐라,20251023,18:50,19:05,20:03,여객,지연,항공교통흐름에 의한 지연,B737-900,188,"A,B,C,D"
출발,인천,대한항공,KE689,프놈펜,20251023,18:50,18:50,19:18,여객,출발,,B737-900,188,"A,B,C,D"
출발,인천,대한항공,KE743,나고야,20251023,18:50,18:50,19:08,여객,출발,,A321neo,182,"A,B,C,D"
출발,인천,델타항공,DL26,애틀랜타,20251023,18:50,18:50,19:04,여객,출발,,A350-900,306,"K,F,G,L"
출발,인천,대한항공,KE895,푸동,20251023,18:55,19:10,19:32,여객,출발,,A330-300,272,"A,B,C,D"
출발,인천,대한항공,KE721,간사이,20251023,19:00,19:00,19:16,여객,출발,,A321neo,182,"A,B,C,D"
출발,인천,대한항공,KE401,시드니,20251023,19:10,19:10,19:29,여객,출발,,A380-800,407,"A,B,C,D"
출발,인천,델타항공,DL196,시애틀,20251023,19:20,19:20,19:36,여객,출발,,A330-900neo,281,"K,F,G,L"
출발,인천,대한항공,KE085,뉴욕,20251023,19:30,20:00,20:18,여객,지연,기타 원인에 의한 지연,B747-8i,368,"A,B,C,D"
출발,인천,대한항공,KE1431,대구,20251023,19:30,19:30,19:41,여객,출발,,B737-900,188,
출발,인천,대한항공,KE1409,김해,20251023,19:35,19:35,19:57,여객,출발,,B737-900,188,
출발,인천,진에어,LJ917,괌,20251023,19:35,19:35,19:48,여객,출발,,B737-800,189,"H,F,G,L"
출발,인천,델타항공,DL172,솔트레이크시티,20251023,19:40,19:40,20:01,여객,출발,,A350-900,306,"K,F,G,L"
출발,인천,대한항공,KE177,홍콩,20251023,19:45,19:45,20:29,여객,지연,운항 기준 및 승무원 관련 지연,A321neo,182,"A,B,C,D"
출발,인천,대한항공,KE477,떤 선녓(호찌민),20251023,19:45,19:45,20:16,여객,출발,,B737-900,188,"A,B,C,D"
출발,인천,대한항공,KE659,수안나폼(방콕),20251023,19:45,19:45,20:12,여객,출발,,B737-900,188,"A,B,C,D"
출발,인천,에어서울,RS527,깜라인(나트랑),20251023,19:50,19:50,20:42,여객,지연,항공교통흐름에 의한 지연,A321,195,"E,F,G,L"
출발,인천,진에어,LJ001,수안나폼(방콕),20251023,19:55,20:32,20:58,여객,지연,운항 기준 및 승무원 관련 지연,B737-800,189,"H,F,G,L"
출발,인천,대한항공,KE467,깜라인(나트랑),20251023,20:00,20:00,20:20,여객,출발,,B737-900,188,"A,B,C,D"
출발,인천,대한항공,KE615,세부,20251023,20:05,20:05,20:31,여객,출발,,B737-900,188,"A,B,C,D"
출발,인천,대한항공,KE625,마닐라,20251023,20:15,20:15,20:55,여객,출발,,B737-900,188,"A,B,C,D"
출발,인천,대한항공,KE011,로스앤젤레스,20251023,20:25,20:25,20:56,여객,출발,,A380-800,407,"A,B,C,D"
출발,인천,진에어,LJ081,다낭,20251023,20:25,20:25,20:46,여객,출발,,B737-800,189,"H,F,G,L"
출발,인천,샤먼항공,MF878,푸저우(복주),20251023,20:35,20:35,20:53,여객,출발,,B737-800,168,"J,F,G,L"
출발,인천,중화항공,CI163,타오위안,20251023,20:35,21:04,21:26,여객,지연,항공기 연결에 의한 지연,A330-300,277,"J,F,G,L"
출발,인천,진에어,LJ087,깜라인(나트랑),20251023,20:40,21:07,21:32,여객,지연,항공기 연결에 의한 지연,B737-800,189,"H,F,G,L"
출발,인천,대한항공,KE853,베이징,20251023,20:45,20:45,21:23,여객,출발,,A330-300,272,"A,B,C,D"
출발,인천,에어서울,RS511,다낭,20251023,20:55,21:05,21:53,여객,지연,항공교통흐름에 의한 지연,A321,195,"E,F,G,L"
출발,인천,대한항공,KE005,라스베이거스,20251023,21:00,21:00,21:34,여객,출발,,B777-300ER,277,"A,B,C,D"
출발,인천,대한항공,KE053,호놀룰루,20251023,21:05,21:05,21:28,여객,출발,,A330-300,272,"A,B,C,D"
출발,인천,대한항공,KE655,수안나폼(방콕),20251023,21:15,21:40,22:17,여객,지연,항공기 연결에 의한 지연,A330-300,272,"A,B,C,D"
출발,인천,에어부산,BX787,깜라인(나트랑),20251023,21:30,21:30,22:32,여객,지연,항공교통흐름에 의한 지연,A321,195,"E,F,G,L"
출발,인천,진에어,LJ885,엔스 쉬자핑,20251023,21:45,21:45,22:14,여객,출발,,B737-800,189,"H,F,G,L"
출발,인천,네덜란드항공,KL856,암스테르담,20251023,22:25,22:25,22:39,여객,출발,,B787-9,294,"M,F,G,L"
출발,인천,대한항공,KE619,마닐라,20251023,22:35,22:35,22:57,여객,출발,,A330-300,272,"A,B,C,D"
출발,인천,대한항공,KE647,싱가포르,20251023,23:35,23:35,23:51,여객,출발,,B777-300ER,277,"A,B,C,D"
출발,인천,대한항공,KE1401,김해,20251024,06:35,06:35,06:53,여객,출발,,B737-900,188,
출발,인천,에어부산,BX164,도쿄/나리타,20251024,07:15,07:15,07:35,여객,출발,,A321,195,"E,F,G,L"
출발,인천,에어서울,RS711,간사이,20251024,07:15,07:15,07:39,여객,출발,,A321,195,"E,F,G,L"
출발,인천,진에어,LJ261,후쿠오카,20251024,07:15,07:15,07:37,여객,출발,,B737-800,189,"H,F,G,L"
출발,인천,에어부산,BX156,후쿠오카,20251024,07:20,07:20,07:54,여객,출발,,A321,195,"E,F,G,L"
출발,인천,대한항공,KE787,후쿠오카,20251024,07:25,07:25,07:50,여객,출발,,B737-900,188,"A,B,C,D"
출발,인천,진에어,LJ201,도쿄/나리타,20251024,07:25,07:25,07:49,여객,출발,,B737-800,189,"H,F,G,L"
출발,인천,대한항공,KE771,오카야마,20251024,07:30,07:30,08:06,여객,지연,공항 및 출입국 절차에 의한 지연,B737-900,188,"A,B,C,D"
출발,인천,진에어,LJ345,나고야,20251024,07:30,07:30,07:57,여객,출발,,B737-800,189,"H,F,G,L"
출발,인천,진에어,LJ231,간사이,20251024,07:40,07:40,08:03,여객,출발,,B737-800,189,"H,F,G,L"
출발,인천,대한항공,KE173,홍콩,20251024,07:45,07:45,08:10,여객,출발,,A321neo,182,"A,B,C,D"
출발,인천,대한항공,KE621,마닐라,20251024,07:50,07:50,08:20,여객,출발,,B737-900,188,"A,B,C,D"
출발,인천,대한항공,KE845,청도,20251024,07:50,07:50,08:25,여객,출발,,B737-900,188,"A,B,C,D"
출발,인천,진에어,LJ731,타오위안,20251024,07:50,07:50,08:27,여객,출발,,B737-800,189,"H,F,G,L"
출발,인천,대한항공,KE131,정저우,20251024,08:00,08:00,08:18,여객,출발,,B737-900,188,"A,B,C,D"
출발,인천,대한항공,KE441,노이바이(하노이),20251024,08:00,08:00,08:33,여객,출발,,A330-300,272,"A,B,C,D"
출발,인천,대한항공,KE197,칭기즈칸(신 울란바토르) 국제공항,20251024,08:10,08:10,08:38,여객,출발,,B737-900,188,"A,B,C,D"
출발,인천,에어서울,RS705,도쿄/나리타,20251024,08:10,09:15,09:07,여객,지연,기타 원인에 의한 지연,A321,195,"E,F,G,L"
출발,인천,진에어,LJ241,간사이,20251024,08:10,08:10,08:26,여객,출발,,B737-800,189,"H,F,G,L"
출발,인천,진에어,LJ203,도쿄/나리타,20251024,08:15,08:32,08:56,여객,지연,공항 및 출입국 절차에 의한 지연,B737-800,189,"H,F,G,L"
출발,인천,대한항공,KE1403,김해,20251024,08:20,08:20,08:38,여객,출발,,B737-900,188,
출발,인천,진에어,LJ301,삿포로,20251024,08:20,08:20,08:40,여객,출발,,B737-800,189,"H,F,G,L"
출발,인천,대한항공,KE731,고베,20251024,08:25,08:25,08:44,여객,출발,,A321neo,182,"A,B,C,D"
출발,인천,대한항공,KE893,푸동,20251024,08:25,08:25,08:48,여객,출발,,A330-300,272,"A,B,C,D"
출발,인천,에어 프랑스,AF267,파리,20251024,08:30,09:00,09:32,여객,지연,항공기 연결에 의한 지연,B777-300ER,296,"M,F,G,L"
출발,인천,대한항공,KE775,고마쓰,20251024,08:35,08:35,09:02,여객,출발,,B737-900,188,"A,B,C,D"
출발,인천,대한항공,KE827,선전(심천),20251024,08:40,08:40,09:05,여객,출발,,B737-900,188,"A,B,C,D"
출발,인천,대한항공,KE831,심양,20251024,08:45,08:05,08:31,여객,출발,,B737-900,188,"A,B,C,D"
출발,인천,에어서울,RS741,다카마쓰,20251024,08:45,08:45,09:14,여객,출발,,A321,195,"E,F,G,L"
출발,인천,대한항공,KE137,우한,20251024,08:50,08:50,09:10,여객,출발,,B737-900,188,"A,B,C,D"
출발,인천,대한항공,KE865,광저우,20251024,08:50,08:50,09:36,여객,지연,항공기 연결에 의한 지연,A330-300,272,"A,B,C,D"
출발,인천,대한항공,KE819,창사(장사),20251024,09:00,09:00,09:27,여객,출발,,B737-900,188,"A,B,C,D"
출발,인천,대한항공,KE469,떤 선녓(호찌민),20251024,09:05,09:05,09:33,여객,출발,,A330-300,272,"A,B,C,D"
출발,인천,진에어,LJ361,이시가키,20251024,09:05,09:05,09:41,여객,출발,,B737-800,189,"H,F,G,L"
출발,인천,대한항공,KE805,천진,20251024,09:10,09:10,09:48,여객,지연,운항 기준 및 승무원 관련 지연,B737-900,188,"A,B,C,D"
출발,인천,대한항공,KE811,시안,20251024,09:10,09:10,09:43,여객,출발,,B737-900,188,"A,B,C,D"
출발,인천,대한항공,KE035,애틀랜타,20251024,09:20,09:20,09:40,여객,출발,,B777-300ER,277,"A,B,C,D"
출발,인천,대한항공,KE785,가고시마,20251024,09:20,09:20,09:42,여객,출발,,B737-900,188,"A,B,C,D"
출발,인천,진에어,LJ913,괌,20251024,09:20,09:20,09:48,여객,출발,,B737-800,189,"H,F,G,L"
출발,인천,에어서울,RS701,도쿄/나리타,20251024,09:25,09:25,09:55,여객,지연,공항 및 출입국 절차에 의한 지연,A321,195,"E,F,G,L"
출발,인천,대한항공,KE031,댈러스,20251024,09:30,09:30,10:01,여객,출발,,B787-9,269,"A,B,C,D"
출발,인천,대한항공,KE091,보스턴,20251024,09:30,09:30,09:46,여객,출발,,B787-9,269,"A,B,C,D"
출발,인천,대한항공,KE657,수안나폼(방콕),20251024,09:30,09:45,10:17,여객,지연,항공기 연결에 의한 지연,A330-300,272,"A,B,C,D"
출발,인천,대한항공,KE755,오키나와,20251024,09:30,09:30,10:04,여객,출발,,B737-900,188,"A,B,C,D"
출발,인천,대한항공,KE073,토론토,20251024,09:35,09:35,10:07,여객,출발,,B777-300ER,277,"A,B,C,D"
출발,인천,대한항공,KE723,간사이,20251024,09:35,09:35,10:10,여객,출발,,A321neo,182,"A,B,C,D"
출발,인천,대한항공,KE421,괌,20251024,09:45,09:45,10:20,여객,지연,운항 기준 및 승무원 관련 지연,B737-900,188,"A,B,C,D"
출발,인천,진에어,LJ205,도쿄/나리타,20251024,09:45,10:15,10:42,여객,지연,공항 및 출입국 절차에 의한 지연,B737-800,189,"H,F,G,L"
출발,인천,대한항공,KE913,마드리드,20251024,09:55,09:55,10:26,여객,출발,,B787-9,269,"A,B,C,D"
출발,인천,진에어,LJ341,오키나와,20251024,09:55,09:55,10:31,여객,출발,,B737-800,189,"H,F,G,L"
출발,인천,대한항공,KE081,뉴욕,20251024,10:00,10:00,10:35,여객,출발,,A380-800,407,"A,B,C,D"
출발,인천,대한항공,KE703,도쿄/나리타,20251024,10:10,10:10,10:39,여객,출발,,A321neo,182,"A,B,C,D"
출발,인천,진에어,LJ233,간사이,20251024,10:10,10:10,10:49,여객,출발,,B737-800,189,"H,F,G,L"
출발,인천,델타항공,DL158,디트로이트,20251024,10:15,10:15,10:23,여객,출발,,A350-900,306,"K,F,G,L"
출발,인천,대한항공,KE125,샤먼 가오치,20251024,10:20,10:20,10:48,여객,출발,,B737-900,188,"A,B,C,D"
출발,인천,대한항공,KE169,마카오,20251024,10:20,10:20,10:51,여객,출발,,A321neo,182,"A,B,C,D"
출발,인천,대한항공,KE093,워싱톤,20251024,10:25,10:25,11:03,여객,출발,,B777-300ER,277,"A,B,C,D"
출발,인천,대한항공,KE101,남경,20251024,10:25,10:25,10:57,여객,출발,,A321neo,182,"A,B,C,D"
출발,인천,대한항공,KE937,비엔나,20251024,10:25,10:25,10:53,여객,출발,,B787-9,269,"A,B,C,D"
출발,인천,대한항공,KE185,타오위안,20251024,10:30,10:30,10:59,여객,출발,,A321neo,182,"A,B,C,D"
출발,인천,가루다인도네시아,GA879,자카르타(수카르노 하타),20251024,10:35,11:02,11:23,여객,지연,운항 기준 및 승무원 관련 지연,A330-900neo,301,"J,F,G,L"
출발,인천,대한항공,KE741,나고야,20251024,10:35,10:35,11:12,여객,지연,항공기 정비에 의한 지연,A321neo,182,"A,B,C,D"
출발,인천,대한항공,KE037,시카고,20251024,10:40,10:40,11:06,여객,출발,,B777-300ER,277,"A,B,C,D"
출발,인천,대한항공,KE855,베이징,20251024,10:40,10:40,11:12,여객,출발,,A330-300,272,"A,B,C,D"
출발,인천,대한항공,KE969,프라하,20251024,10:45,10:45,11:25,여객,지연,운항 기준 및 승무원 관련 지연,B787-9,269,"A,B,C,D"
출발,인천,대한항공,KE457,다낭,20251024,10:55,11:05,11:36,여객,지연,지상조업 관련 지연,B737-900,188,"A,B,C,D"
출발,인천,대한항공,KE907,런던히드로,20251024,10:55,10:55,11:20,여객,출발,,A380-800,407,"A,B,C,D"
출발,인천,대한항공,KE791,후쿠오카,20251024,11:05,11:05,11:29,여객,출발,,B737-900,188,"A,B,C,D"
출발,인천,대한항공,KE945,프랑크푸르트,20251024,11:05,11:05,11:33,여객,출발,,A380-800,407,"A,B,C,D"
출발,인천,대한항공,KE897,푸동,20251024,11:10,11:10,11:44,여객,출발,,B777-300ER,277,"A,B,C,D"
출발,인천,대한항공,KE901,파리,20251024,11:10,12:00,12:30,여객,지연,운항 기준 및 승무원 관련 지연,B777-300ER,277,"A,B,C,D"
출발,인천,대한항공,KE9183,타오위안,20251024,11:15,11:15,11:50,여객,출발,,A321neo,182,"A,B,C,D"
출발,인천,가루다인도네시아,GA871,덴파사(응우라 라이),20251024,11:25,11:25,11:39,여객,출발,,A330-300,251,"J,F,G,L"
출발,인천,에어부산,BX158,후쿠오카,20251024,11:25,11:25,11:40,여객,출발,,A321,195,"E,F,G,L"
출발,인천,아에로멕시코,AM091,멕시코시티,20251024,11:40,11:40,11:59,여객,출발,,B787-9,274,"H,F,G,L"
출발,인천,대한항공,KE925,암스테르담,20251024,11:55,11:55,12:21,여객,출발,,B777-300ER,277,"A,B,C,D"
출발,인천,대한항공,KE107,항저우,20251024,12:00,12:00,12:22,여객,출발,,A321neo,182,"A,B,C,D"
출발,인천,중화항공,CI165,가오슝,20251024,12:05,12:05,12:18,여객,출발,,A321neo,180,"J,F,G,L"
출발,인천,진에어,LJ263,후쿠오카,20251024,12:10,12:10,12:28,여객,출발,,B737-800,189,"H,F,G,L"
출발,인천,대한항공,KE769,삿포로,20251024,12:35,12:35,12:52,여객,출발,,B737-900,188,"A,B,C,D"
출발,인천,대한항공,KE803,천진,20251024,12:35,12:35,12:59,여객,출발,,B737-900,188,"A,B,C,D"
출발,인천,중화항공,CI161,타오위안,20251024,12:35,12:35,13:11,여객,출발,,A330-300,277,"J,F,G,L"
출발,인천,에어부산,BX174,간사이,20251024,12:40,12:40,13:01,여객,출발,,A321,195,"E,F,G,L"
출발,인천,대한항공,KE711,도쿄/나리타,20251024,13:00,13:00,13:23,여객,출발,,A321neo,182,"A,B,C,D"
출발,인천,대한항공,KE869,대련,20251024,13:00,13:00,13:27,여객,출발,,B737-900,188,"A,B,C,D"
출발,인천,대한항공,KE921,리스본,20251024,13:00,13:00,13:31,여객,출발,,B787-9,269,"A,B,C,D"
출발,인천,대한항공,KE843,청도,20251024,13:05,13:20,13:37,여객,지연,항공기 연결에 의한 지연,B737-900,188,"A,B,C,D"
출발,인천,진에어,GS7994,천진,20251024,13:05,13:05,13:10,여객,출발,,B737-800,189,"H,F,G,L"
출발,인천,대한항공,KE175,홍콩,20251024,13:25,13:25,13:51,여객,출발,,A321neo,182,"A,B,C,D"
출발,인천,대한항공,KE951,두바이,20251024,13:25,13:25,13:42,여객,출발,,B777-300ER,277,"A,B,C,D"
출발,인천,에어서울,RS745,요나고,20251024,13:25,13:25,13:58,여객,출발,,A321,195,"E,F,G,L"
출발,인천,샤먼항공,MF872,샤먼 가오치,20251024,13:30,13:30,13:47,여객,출발,,B737-800,168,"J,F,G,L"
출발,인천,대한항공,KE695,카트만두,20251024,13:35,13:35,13:54,여객,출발,,A330-300,272,"A,B,C,D"
출발,인천,대한항공,KE927,밀라노,20251024,13:40,13:40,13:59,여객,출발,,B787-9,269,"A,B,C,D"
출발,인천,대한항공,KE955,이스탄불,20251024,13:40,13:40,14:08,여객,출발,,B777-300ER,277,"A,B,C,D"
출발,인천,대한항공,KE789,후쿠오카,20251024,13:45,13:45,14:10,여객,출발,,B737-900,188,"A,B,C,D"
출발,인천,진에어,LJ861,청도,20251024,13:50,13:50,14:23,여객,출발,,B737-800,189,"H,F,G,L"
출발,인천,에어서울,RS723,후쿠오카,20251024,14:25,14:25,14:47,여객,출발,,A321,195,"E,F,G,L"
출발,인천,대한항공,KE017,로스앤젤레스,20251024,14:30,14:30,14:51,여객,출발,,B747-8i,368,"A,B,C,D"
출발,인천,대한항공,KE833,심양,20251024,14:35,14:35,14:54,여객,출발,,B737-900,188,"A,B,C,D"
출발,인천,진에어,LJ237,간사이,20251024,14:40,14:40,15:04,여객,출발,,B737-800,189,"H,F,G,L"
출발,인천,대한항공,KE643,싱가포르,20251024,14:45,14:45,15:14,여객,출발,,A330-300,272,"A,B,C,D"
출발,인천,대한항공,KE725,간사이,20251024,15:05,15:05,15:23,여객,출발,,A321neo,182,"A,B,C,D"
출발,인천,대한항공,KE627,자카르타(수카르노 하타),20251024,15:10,15:10,15:32,여객,출발,,A330-300,272,"A,B,C,D"
출발,인천,대한항공,KE189,타이중,20251024,15:15,15:15,15:43,여객,출발,,A321neo,182,"A,B,C,D"
출발,인천,진에어,LJ209,도쿄/나리타,20251024,15:15,16:31,16:50,여객,지연,항공기 연결에 의한 지연,B737-800,189,"H,F,G,L"
출발,인천,에어서울,RS715,간사이,20251024,15:20,15:20,16:17,여객,지연,항공기 연결에 의한 지연,A321,195,"E,F,G,L"
출발,인천,에어부산,BX176,간사이,20251024,15:25,15:25,15:48,여객,출발,,A321,195,"E,F,G,L"
출발,인천,진에어,LJ211,도쿄/나리타,20251024,15:35,15:35,16:08,여객,출발,,B737-800,189,"H,F,G,L"
출발,인천,대한항공,KE671,쿠알라룸푸르,20251024,15:40,15:40,16:19,여객,지연,항공교통흐름에 의한 지연,A330-300,272,"A,B,C,D"
출발,인천,대한항공,KE733,고베,20251024,15:50,15:50,16:21,여객,출발,,A321neo,182,"A,B,C,D"
출발,인천,에어부산,BX166,도쿄/나리타,20251024,15:50,15:50,16:25,여객,출발,,A321,195,"E,F,G,L"
출발,인천,대한항공,KE023,샌프란시스코,20251024,16:00,16:00,16:32,여객,출발,,B777-300ER,277,"A,B,C,D"
출발,인천,진에어,LJ239,간사이,20251024,16:05,16:05,16:35,여객,출발,,B737-800,189,"H,F,G,L"
출발,인천,진에어,LJ347,나고야,20251024,16:05,16:20,16:42,여객,지연,공항 및 출입국 절차에 의한 지연,B737-800,189,"H,F,G,L"
출발,인천,대한항공,KE187,타오위안,20251024,16:10,16:10,16:40,여객,출발,,A321neo,182,"A,B,C,D"
출발,인천,대한항공,KE633,덴파사(응우라 라이),20251024,16:10,16:10,16:34,여객,출발,,A330-300,272,"A,B,C,D"
출발,인천,진에어,LJ351,기타규슈,20251024,16:15,16:32,16:52,여객,지연,공항 및 출입국 절차에 의한 지연,B737-800,189,"H,F,G,L"
출발,인천,델타항공,DL188,애틀랜타,20251024,16:25,16:50,:,여객,지연,항공기 연결에 의한 지연,A350-900,306,"K,F,G,L"
출발,인천,대한항공,KE041,시애틀,20251024,16:40,16:40,17:19,여객,지연,운항 기준 및 승무원 관련 지연,A330-300,272,"A,B,C,D"
출발,인천,에어서울,RS703,도쿄/나리타,20251024,16:45,16:45,17:15,여객,출발,,A321,195,"E,F,G,L"
출발,인천,진에어,LJ271,후쿠오카,20251024,17:00,17:00,17:23,여객,출발,,B737-800,189,"H,F,G,L"
출발,인천,대한항공,KE713,도쿄/나리타,20251024,17:05,17:20,17:43,여객,지연,항공기 연결에 의한 지연,A321neo,182,"A,B,C,D"
출발,인천,진에어,LJ091,푸꾸옥,20251024,17:05,17:05,17:34,여객,출발,,B737-800,189,"H,F,G,L"
출발,인천,대한항공,KE1405,김해,20251024,17:10,17:10,17:28,여객,출발,,B737-900,188,
출발,인천,대한항공,KE485,푸꾸옥,20251024,17:10,17:10,17:33,여객,출발,,B737-900,188,"A,B,C,D"
출발,인천,진에어,LJ009,치앙마이,20251024,17:10,17:37,17:56,여객,지연,항공기 연결에 의한 지연,B737-800,189,"H,F,G,L"
출발,인천,대한항공,KE8425,괌,20251024,17:15,17:15,17:25,여객,출발,,B737-900,188,"A,B,C,D"
출발,인천,에어부산,BX747,수안나폼(방콕),20251024,17:15,17:15,17:41,여객,출발,,A321,195,"E,F,G,L"
출발,인천,진에어,LJ919,괌,20251024,17:35,17:35,17:52,여객,출발,,B737-800,189,"H,F,G,L"
출발,인천,대한항공,KE629,덴파사(응우라 라이),20251024,17:45,17:45,18:01,여객,출발,,A330-300,272,"A,B,C,D"
출발,인천,대한항공,KE663,푸껫,20251024,17:50,18:10,18:29,여객,지연,기타 원인에 의한 지연,B737-900,188,"A,B,C,D"
출발,인천,대한항공,KE411,오클랜드,20251024,18:00,18:30,19:01,여객,지연,항공기 연결에 의한 지연,B787-9,269,"A,B,C,D"
출발,인천,대한항공,KE461,다낭,20251024,18:20,18:20,18:41,여객,출발,,B737-900,188,"A,B,C,D"
출발,인천,대한항공,KE1407,김해,20251024,18:25,18:25,18:45,여객,출발,,B737-900,188,
출발,인천,대한항공,KE667,치앙마이,20251024,18:25,18:25,18:54,여객,출발,,B737-900,188,"A,B,C,D"
출발,인천,대한항공,KE705,도쿄/나리타,20251024,18:35,18:35,18:56,여객,출발,,A321neo,182,"A,B,C,D"
출발,인천,대한항공,KE871,대련,20251024,18:35,18:35,19:03,여객,출발,,B737-900,188,"A,B,C,D"
출발,인천,대한항공,KE161,쿤밍,20251024,18:40,18:40,19:07,여객,출발,,B737-900,188,"A,B,C,D"
출발,인천,대한항공,KE423,괌,20251024,18:40,18:40,19:09,여객,출발,,B737-900,188,"A,B,C,D"
출발,인천,대한항공,KE645,싱가포르,20251024,18:40,18:55,19:18,여객,출발,,A330-300,272,"A,B,C,D"
출발,인천,대한항공,KE781,후쿠오카,20251024,18:40,18:40,19:12,여객,출발,,B737-900,188,"A,B,C,D"
출발,인천,델타항공,DL170,미니애폴리스,20251024,18:40,18:40,19:10,여객,출발,,A350-900,306,"K,F,G,L"
출발,인천,대한항공,KE071,밴쿠버,20251024,18:45,19:15,19:38,여객,지연,항공기 연결에 의한 지연,B787-9,269,"A,B,C,D"
출발,인천,대한항공,KE453,노이바이(하노이),20251024,18:45,19:20,19:21,여객,지연,항공기 연결에 의한 지연,B737-900,188,"A,B,C,D"
출발,인천,대한항공,KE475,떤 선녓(호찌민),20251024,18:45,19:23,19:23,여객,지연,항공기 연결에 의한 지연,B737-900,188,"A,B,C,D"
출발,인천,대한항공,KE623,마닐라,20251024,18:50,20:15,20:17,여객,지연,항공기 연결에 의한 지연,B737-900,188,"A,B,C,D"
출발,인천,대한항공,KE689,프놈펜,20251024,18:50,18:50,19:10,여객,출발,,B737-900,188,"A,B,C,D"
출발,인천,대한항공,KE743,나고야,20251024,18:50,18:50,19:14,여객,출발,,A321neo,182,"A,B,C,D"
출발,인천,델타항공,DL26,애틀랜타,20251024,18:50,18:50,19:18,여객,출발,,A350-900,306,"K,F,G,L"
출발,인천,대한항공,KE895,푸동,20251024,18:55,18:55,19:25,여객,출발,,A330-300,272,"A,B,C,D"
출발,인천,대한항공,KE721,간사이,20251024,19:00,19:00,19:24,여객,출발,,A321neo,182,"A,B,C,D"
출발,인천,대한항공,KE401,시드니,20251024,19:10,19:10,19:29,여객,출발,,A380-800,407,"A,B,C,D"
출발,인천,델타항공,DL196,시애틀,20251024,19:20,19:20,19:42,여객,출발,,A330-900neo,281,"K,F,G,L"
출발,인천,대한항공,KE085,뉴욕,20251024,19:30,20:00,20:13,여객,지연,기타 원인에 의한 지연,B747-8i,368,"A,B,C,D"
출발,인천,대한항공,KE1431,대구,20251024,19:30,19:30,19:46,여객,출발,,B737-900,188,
출발,인천,대한항공,KE1409,김해,20251024,19:35,19:35,19:56,여객,출발,,B737-900,188,
출발,인천,진에어,LJ917,괌,20251024,19:35,19:35,19:52,여객,출발,,B737-800,189,"H,F,G,L"
출발,인천,델타항공,DL172,솔트레이크시티,20251024,19:40,19:40,20:02,여객,출발,,A350-900,306,"K,F,G,L"
출발,인천,대한항공,KE177,홍콩,20251024,19:45,19:45,20:07,여객,출발,,A321neo,182,"A,B,C,D"
출발,인천,대한항공,KE477,떤 선녓(호찌민),20251024,19:45,19:45,20:31,여객,지연,항공교통흐름에 의한 지연,B737-900,188,"A,B,C,D"
출발,인천,대한항공,KE659,수안나폼(방콕),20251024,19:45,19:45,20:11,여객,출발,,B737-900,188,"A,B,C,D"
출발,인천,에어서울,RS527,깜라인(나트랑),20251024,19:50,19:50,20:48,여객,지연,항공교통흐름에 의한 지연,A321,195,"E,F,G,L"
출발,인천,진에어,LJ001,수안나폼(방콕),20251024,19:55,19:55,20:34,여객,출발,,B737-800,189,"H,F,G,L"
출발,인천,대한항공,KE467,깜라인(나트랑),20251024,20:00,20:00,20:19,여객,출발,,B737-900,188,"A,B,C,D"
출발,인천,대한항공,KE407,브리즈번,20251024,20:05,20:05,20:26,여객,출발,,A330-300,272,"A,B,C,D"
출발,인천,대한항공,KE615,세부,20251024,20:05,20:05,20:40,여객,출발,,B737-900,188,"A,B,C,D"
출발,인천,대한항공,KE625,마닐라,20251024,20:15,20:15,20:44,여객,출발,,B737-900,188,"A,B,C,D"
출발,인천,대한항공,KE011,로스앤젤레스,20251024,20:25,20:25,21:03,여객,출발,,A380-800,407,"A,B,C,D"
출발,인천,대한항공,KE719,하네다,20251024,20:30,21:30,:,여객,,항공기 연결에 의한 지연,A321neo,182,"A,B,C,D"
출발,인천,샤먼항공,MF878,푸저우(복주),20251024,20:35,20:35,20:55,여객,출발,,B737-800,168,"J,F,G,L"
출발,인천,중화항공,CI163,타오위안,20251024,20:35,21:04,21:27,여객,지연,항공기 연결에 의한 지연,A330-300,277,"J,F,G,L"
출발,인천,진에어,LJ087,깜라인(나트랑),20251024,20:40,20:40,21:16,여객,출발,,B737-800,189,"H,F,G,L"
출발,인천,에어서울,RS511,다낭,20251024,20:55,20:55,21:51,여객,지연,항공교통흐름에 의한 지연,A321,195,"E,F,G,L"
출발,인천,대한항공,KE005,라스베이거스,20251024,21:00,21:00,21:24,여객,출발,,B777-300ER,277,"A,B,C,D"
출발,인천,대한항공,KE053,호놀룰루,20251024,21:05,21:05,21:29,여객,출발,,A330-300,272,"A,B,C,D"
출발,인천,대한항공,KE655,수안나폼(방콕),20251024,21:15,21:15,21:42,여객,출발,,A330-300,272,"A,B,C,D"
출발,인천,진에어,LJ037,클라크,20251024,21:25,21:45,22:12,여객,지연,공항 및 출입국 절차에 의한 지연,B737-800,189,"H,F,G,L"
출발,인천,에어부산,BX787,깜라인(나트랑),20251024,21:30,21:30,22:40,여객,지연,항공교통흐름에 의한 지연,A321,195,"E,F,G,L"
출발,인천,네덜란드항공,KL856,암스테르담,20251024,22:25,22:25,22:46,여객,출발,,B787-9,294,"M,F,G,L"
출발,인천,대한항공,KE619,마닐라,20251024,22:35,22:35,23:19,여객,출발,,A330-300,272,"A,B,C,D"
출발,인천,대한항공,KE075,밴쿠버,20251024,22:40,22:40,23:22,여객,출발,,B787-9,269,"A,B,C,D"
출발,인천,대한항공,KE647,싱가포르,20251024,23:35,23:35,23:55,여객,출발,,B777-300ER,277,"A,B,C,D"
출발,인천,스칸디나비아항공,SK988,코펜하겐,20251024,23:45,23:45,23:44,여객,출발,,A350-900,300,"K,F,G,L"
출발,인천,대한항공,KE1401,김해,20251025,06:35,06:35,06:56,여객,출발,,B737-900,188,
출발,인천,에어부산,BX164,도쿄/나리타,20251025,07:15,07:15,07:31,여객,출발,,A321,195,"E,F,G,L"
출발,인천,에어서울,RS711,간사이,20251025,07:15,07:15,07:44,여객,출발,,A321,195,"E,F,G,L"
출발,인천,진에어,LJ261,후쿠오카,20251025,07:15,07:15,07:39,여객,출발,,B737-800,189,"H,F,G,L"
출발,인천,에어부산,BX156,후쿠오카,20251025,07:20,07:20,07:42,여객,출발,,A321,195,"E,F,G,L"
출발,인천,에어서울,RS727,후쿠오카,20251025,07:20,07:20,07:56,여객,출발,,A321,195,"E,F,G,L"
출발,인천,진에어,LJ201,도쿄/나리타,20251025,07:25,07:25,07:57,여객,출발,,B737-800,189,"H,F,G,L"
출발,인천,대한항공,KE795,나가사키,20251025,07:30,07:30,07:46,여객,출발,,B737-900,188,"A,B,C,D"
출발,인천,진에어,LJ345,나고야,20251025,07:30,07:30,07:54,여객,출발,,B737-800,189,"H,F,G,L"
출발,인천,진에어,LJ231,간사이,20251025,07:40,07:40,08:13,여객,출발,,B737-800,189,"H,F,G,L"
출발,인천,대한항공,KE621,마닐라,20251025,07:50,07:50,08:17,여객,출발,,B737-900,188,"A,B,C,D"
출발,인천,대한항공,KE845,청도,20251025,07:50,07:50,08:14,여객,출발,,B737-900,188,"A,B,C,D"
출발,인천,진에어,LJ731,타오위안,20251025,07:50,08:12,08:33,여객,지연,공항 및 출입국 절차에 의한 지연,B737-800,189,"H,F,G,L"
출발,인천,대한항공,KE131,정저우,20251025,08:00,08:00,08:28,여객,출발,,B737-900,188,"A,B,C,D"
출발,인천,대한항공,KE441,노이바이(하노이),20251025,08:00,08:00,08:26,여객,출발,,A330-300,272,"A,B,C,D"
출발,인천,대한항공,KE197,칭기즈칸(신 울란바토르) 국제공항,20251025,08:10,08:10,08:59,여객,지연,운항 기준 및 승무원 관련 지연,B737-900,188,"A,B,C,D"
출발,인천,대한항공,KE767,아오모리,20251025,08:10,08:10,08:25,여객,출발,,B737-900,188,"A,B,C,D"
출발,인천,에어서울,RS705,도쿄/나리타,20251025,08:10,08:55,09:52,여객,지연,항공기 연결에 의한 지연,A321,195,"E,F,G,L"
출발,인천,진에어,LJ241,간사이,20251025,08:10,08:10,08:28,여객,출발,,B737-800,189,"H,F,G,L"
출발,인천,진에어,LJ357,시모지시마,20251025,08:10,08:10,08:39,여객,출발,,B737-800,189,"H,F,G,L"
출발,인천,대한항공,KE859,베이징,20251025,08:15,08:15,08:49,여객,출발,,B777-300ER,277,"A,B,C,D"
출발,인천,진에어,LJ203,도쿄/나리타,20251025,08:15,08:15,08:31,여객,출발,,B737-800,189,"H,F,G,L"
출발,인천,대한항공,KE127,푸저우(복주),20251025,08:20,08:20,08:44,여객,출발,,B737-900,188,"A,B,C,D"
출발,인천,대한항공,KE1403,김해,20251025,08:20,08:20,08:44,여객,출발,,B737-900,188,
출발,인천,진에어,LJ301,삿포로,20251025,08:20,08:20,08:43,여객,출발,,B737-800,189,"H,F,G,L"
출발,인천,대한항공,KE731,고베,20251025,08:25,08:25,08:46,여객,출발,,A321neo,182,"A,B,C,D"
출발,인천,대한항공,KE893,푸동,20251025,08:25,08:25,08:50,여객,출발,,A330-300,272,"A,B,C,D"
출발,인천,에어 프랑스,AF267,파리,20251025,08:30,08:59,09:29,여객,지연,항공기 연결에 의한 지연,B777-300ER,296,"M,F,G,L"
출발,인천,대한항공,KE831,심양,20251025,08:45,08:05,08:35,여객,출발,,B737-900,188,"A,B,C,D"
출발,인천,에어서울,RS741,다카마쓰,20251025,08:45,08:45,08:56,여객,출발,,A321,195,"E,F,G,L"
출발,인천,대한항공,KE865,광저우,20251025,08:50,08:50,09:11,여객,출발,,A330-300,272,"A,B,C,D"
출발,인천,대한항공,KE469,떤 선녓(호찌민),20251025,09:05,09:27,09:51,여객,지연,항공교통흐름에 의한 지연,A330-300,272,"A,B,C,D"
출발,인천,대한항공,KE805,천진,20251025,09:10,09:10,09:24,여객,출발,,B737-900,188,"A,B,C,D"
출발,인천,대한항공,KE811,시안,20251025,09:10,09:10,09:38,여객,출발,,B737-900,188,"A,B,C,D"
출발,인천,에어부산,BX172,간사이,20251025,09:15,09:15,09:38,여객,출발,,A321,195,"E,F,G,L"
출발,인천,대한항공,KE035,애틀랜타,20251025,09:20,09:20,09:45,여객,출발,,B777-300ER,277,"A,B,C,D"
출발,인천,대한항공,KE785,가고시마,20251025,09:20,09:20,09:50,여객,출발,,B737-900,188,"A,B,C,D"
출발,인천,진에어,LJ913,괌,20251025,09:20,09:20,09:43,여객,출발,,B737-800,189,"H,F,G,L"
출발,인천,대한항공,KE031,댈러스,20251025,09:30,09:30,10:00,여객,출발,,B787-9,269,"A,B,C,D"
출발,인천,대한항공,KE091,보스턴,20251025,09:30,09:30,09:57,여객,출발,,B787-9,269,"A,B,C,D"
출발,인천,대한항공,KE657,수안나폼(방콕),20251025,09:30,09:30,09:44,여객,출발,,A330-300,272,"A,B,C,D"
출발,인천,대한항공,KE755,오키나와,20251025,09:30,09:30,09:41,여객,출발,,B737-900,188,"A,B,C,D"
출발,인천,대한항공,KE723,간사이,20251025,09:35,09:35,10:03,여객,출발,,A321neo,182,"A,B,C,D"
출발,인천,대한항공,KE763,니가타,20251025,09:40,09:40,10:11,여객,출발,,B737-900,188,"A,B,C,D"
출발,인천,대한항공,KE421,괌,20251025,09:45,09:45,10:13,여객,출발,,B737-900,188,"A,B,C,D"
출발,인천,진에어,LJ205,도쿄/나리타,20251025,09:45,09:45,10:07,여객,출발,,B737-800,189,"H,F,G,L"
출발,인천,진에어,LJ341,오키나와,20251025,09:55,09:55,10:13,여객,출발,,B737-800,189,"H,F,G,L"
출발,인천,대한항공,KE081,뉴욕,20251025,10:00,10:00,10:26,여객,출발,,A380-800,407,"A,B,C,D"
출발,인천,진에어,LJ243,간사이,20251025,10:10,10:10,10:23,여객,출발,,B737-800,189,"H,F,G,L"
출발,인천,델타항공,DL158,디트로이트,20251025,10:15,10:15,10:32,여객,출발,,A350-900,306,"K,F,G,L"
출발,인천,대한항공,KE125,샤먼 가오치,20251025,10:20,10:20,10:44,여객,출발,,B737-900,188,"A,B,C,D"
출발,인천,대한항공,KE169,마카오,20251025,10:20,10:20,10:46,여객,출발,,A321neo,182,"A,B,C,D"
출발,인천,대한항공,KE093,워싱톤,20251025,10:25,10:25,10:51,여객,출발,,B777-300ER,277,"A,B,C,D"
출발,인천,가루다인도네시아,GA879,자카르타(수카르노 하타),20251025,10:35,10:35,11:15,여객,출발,,A330-900neo,301,"J,F,G,L"
출발,인천,대한항공,KE741,나고야,20251025,10:35,10:35,10:57,여객,출발,,A321neo,182,"A,B,C,D"
출발,인천,대한항공,KE037,시카고,20251025,10:40,10:40,11:00,여객,출발,,B777-300ER,277,"A,B,C,D"
출발,인천,대한항공,KE969,프라하,20251025,10:45,12:55,13:13,여객,지연,항공기 연결에 의한 지연,B787-9,269,"A,B,C,D"
출발,인천,대한항공,KE457,다낭,20251025,10:55,10:55,11:26,여객,출발,,B737-900,188,"A,B,C,D"
출발,인천,대한항공,KE907,런던히드로,20251025,10:55,10:55,11:29,여객,출발,,A380-800,407,"A,B,C,D"
출발,인천,대한항공,KE791,후쿠오카,20251025,11:05,11:05,11:43,여객,출발,,B737-900,188,"A,B,C,D"
출발,인천,대한항공,KE917,취리히,20251025,11:05,11:05,11:48,여객,출발,,B787-9,269,"A,B,C,D"
출발,인천,대한항공,KE897,푸동,20251025,11:10,11:10,11:50,여객,출발,,B777-300ER,277,"A,B,C,D"
출발,인천,에어부산,BX158,후쿠오카,20251025,11:25,11:25,12:07,여객,지연,공항 및 출입국 절차에 의한 지연,A321,195,"E,F,G,L"
출발,인천,아에로멕시코,AM091,멕시코시티,20251025,11:40,11:40,12:15,여객,출발,,B787-9,274,"H,F,G,L"
출발,인천,대한항공,KE925,암스테르담,20251025,11:55,11:55,12:21,여객,출발,,B777-300ER,277,"A,B,C,D"
출발,인천,중화항공,CI165,가오슝,20251025,12:05,12:05,12:17,여객,출발,,A321neo,180,"J,F,G,L"
출발,인천,진에어,LJ263,후쿠오카,20251025,12:10,12:10,12:23,여객,출발,,B737-800,189,"H,F,G,L"
출발,인천,에어서울,RS811,장가계,20251025,12:20,12:20,12:57,여객,출발,,A321,195,"E,F,G,L"
출발,인천,대한항공,KE769,삿포로,20251025,12:35,12:35,12:49,여객,출발,,B737-900,188,"A,B,C,D"
출발,인천,대한항공,KE803,천진,20251025,12:35,12:35,13:00,여객,출발,,B737-900,188,"A,B,C,D"
출발,인천,대한항공,KE963,부다페스트,20251025,12:35,12:35,12:55,여객,출발,,B787-9,269,"A,B,C,D"
출발,인천,중화항공,CI161,타오위안,20251025,12:35,12:55,13:11,여객,지연,항공기 연결에 의한 지연,A330-300,277,"J,F,G,L"
출발,인천,에어부산,BX174,간사이,20251025,12:40,12:40,13:01,여객,출발,,A321,195,"E,F,G,L"
출발,인천,대한항공,KE711,도쿄/나리타,20251025,13:00,13:00,13:25,여객,출발,,A321neo,182,"A,B,C,D"
출발,인천,대한항공,KE869,대련,20251025,13:00,13:00,13:22,여객,출발,,B737-900,188,"A,B,C,D"
출발,인천,대한항공,KE843,청도,20251025,13:05,13:05,13:25,여객,출발,,B737-900,188,"A,B,C,D"
출발,인천,대한항공,KE931,로마,20251025,13:20,13:20,13:41,여객,출발,,B777-300ER,277,"A,B,C,D"
출발,인천,대한항공,KE135,허페이,20251025,13:25,13:25,13:44,여객,출발,,B737-900,188,"A,B,C,D"
출발,인천,대한항공,KE175,홍콩,20251025,13:25,13:25,13:39,여객,출발,,A321neo,182,"A,B,C,D"
출발,인천,대한항공,KE951,두바이,20251025,13:25,13:25,13:50,여객,출발,,B777-300ER,277,"A,B,C,D"
출발,인천,샤먼항공,MF872,샤먼 가오치,20251025,13:30,13:30,14:04,여객,출발,,B737-800,168,"J,F,G,L"
출발,인천,대한항공,KE955,이스탄불,20251025,13:40,13:40,14:02,여객,출발,,B777-300ER,277,"A,B,C,D"
출발,인천,대한항공,KE789,후쿠오카,20251025,13:45,13:45,14:17,여객,출발,,B737-900,188,"A,B,C,D"
출발,인천,진에어,LJ861,청도,20251025,13:50,14:10,14:29,여객,지연,공항 및 출입국 절차에 의한 지연,B737-800,189,"H,F,G,L"
출발,인천,에어서울,RS723,후쿠오카,20251025,14:25,14:25,14:43,여객,출발,,A321,195,"E,F,G,L"
출발,인천,대한항공,KE017,로스앤젤레스,20251025,14:30,14:30,14:53,여객,출발,,B747-8i,368,"A,B,C,D"
출발,인천,진에어,LJ359,다카마쓰,20251025,14:30,14:30,14:59,여객,출발,,B737-800,189,"H,F,G,L"
출발,인천,대한항공,KE833,심양,20251025,14:35,14:35,14:57,여객,출발,,B737-900,188,"A,B,C,D"
출발,인천,진에어,LJ237,간사이,20251025,14:40,15:54,15:13,여객,지연,공항 및 출입국 절차에 의한 지연,B737-800,189,"H,F,G,L"
출발,인천,대한항공,KE643,싱가포르,20251025,14:45,14:45,15:15,여객,출발,,A330-300,272,"A,B,C,D"
출발,인천,대한항공,KE725,간사이,20251025,15:05,15:05,15:32,여객,출발,,A321neo,182,"A,B,C,D"
출발,인천,대한항공,KE627,자카르타(수카르노 하타),20251025,15:10,15:10,15:44,여객,출발,,A330-300,272,"A,B,C,D"
출발,인천,대한항공,KE189,타이중,20251025,15:15,15:15,15:51,여객,출발,,A321neo,182,"A,B,C,D"
출발,인천,진에어,LJ209,도쿄/나리타,20251025,15:15,15:41,16:05,여객,지연,공항 및 출입국 절차에 의한 지연,B737-800,189,"H,F,G,L"
출발,인천,에어서울,RS715,간사이,20251025,15:20,15:20,15:53,여객,출발,,A321,195,"E,F,G,L"
출발,인천,에어부산,BX176,간사이,20251025,15:25,15:25,16:03,여객,출발,,A321,195,"E,F,G,L"
출발,인천,진에어,LJ211,도쿄/나리타,20251025,15:35,15:35,16:08,여객,출발,,B737-800,189,"H,F,G,L"
출발,인천,진에어,LJ851,황산,20251025,15:35,15:35,16:02,여객,출발,,B737-800,189,"H,F,G,L"
출발,인천,대한항공,KE671,쿠알라룸푸르,20251025,15:40,15:40,16:17,여객,지연,항공교통흐름에 의한 지연,A330-300,272,"A,B,C,D"
출발,인천,대한항공,KE733,고베,20251025,15:50,15:50,16:18,여객,출발,,A321neo,182,"A,B,C,D"
출발,인천,에어부산,BX166,도쿄/나리타,20251025,15:50,15:50,16:11,여객,출발,,A321,195,"E,F,G,L"
출발,인천,대한항공,KE023,샌프란시스코,20251025,16:00,16:00,16:26,여객,출발,,B777-300ER,277,"A,B,C,D"
출발,인천,진에어,LJ239,간사이,20251025,16:05,16:05,16:39,여객,출발,,B737-800,189,"H,F,G,L"
출발,인천,진에어,LJ347,나고야,20251025,16:05,16:28,16:50,여객,지연,공항 및 출입국 절차에 의한 지연,B737-800,189,"H,F,G,L"
출발,인천,대한항공,KE187,타오위안,20251025,16:10,16:10,16:41,여객,출발,,A321neo,182,"A,B,C,D"
출발,인천,대한항공,KE633,덴파사(응우라 라이),20251025,16:10,16:10,16:22,여객,출발,,A330-300,272,"A,B,C,D"
출발,인천,진에어,LJ351,기타규슈,20251025,16:15,16:15,16:37,여객,출발,,B737-800,189,"H,F,G,L"
출발,인천,델타항공,DL188,애틀랜타,20251025,16:25,16:25,16:44,여객,출발,,A350-900,306,"K,F,G,L"
출발,인천,대한항공,KE041,시애틀,20251025,16:40,16:40,17:06,여객,출발,,A330-300,272,"A,B,C,D"
출발,인천,에어서울,RS703,도쿄/나리타,20251025,16:45,16:45,17:10,여객,출발,,A321,195,"E,F,G,L"
출발,인천,진에어,LJ271,후쿠오카,20251025,17:00,17:00,17:21,여객,출발,,B737-800,189,"H,F,G,L"
출발,인천,대한항공,KE713,도쿄/나리타,20251025,17:05,17:05,17:31,여객,출발,,A321neo,182,"A,B,C,D"
출발,인천,진에어,LJ091,푸꾸옥,20251025,17:05,17:05,17:33,여객,출발,,B737-800,189,"H,F,G,L"
출발,인천,대한항공,KE1405,김해,20251025,17:10,17:20,17:43,여객,지연,항공기 정비에 의한 지연,B737-900,188,
출발,인천,대한항공,KE485,푸꾸옥,20251025,17:10,17:10,17:30,여객,출발,,B737-900,188,"A,B,C,D"
출발,인천,진에어,LJ009,치앙마이,20251025,17:10,17:10,17:42,여객,출발,,B737-800,189,"H,F,G,L"
출발,인천,대한항공,KE8425,괌,20251025,17:15,17:15,17:23,여객,출발,,B737-900,188,"A,B,C,D"
출발,인천,에어부산,BX747,수안나폼(방콕),20251025,17:15,17:15,17:37,여객,출발,,A321,195,"E,F,G,L"
출발,인천,진에어,LJ919,괌,20251025,17:35,17:35,17:52,여객,출발,,B737-800,189,"H,F,G,L"
출발,인천,대한항공,KE629,덴파사(응우라 라이),20251025,17:45,18:15,18:47,여객,지연,항공기 연결에 의한 지연,A330-300,272,"A,B,C,D"
출발,인천,대한항공,KE663,푸껫,20251025,17:50,17:50,18:22,여객,출발,,B737-900,188,"A,B,C,D"
출발,인천,대한항공,KE651,수안나폼(방콕),20251025,18:05,18:05,18:42,여객,출발,,A330-300,272,"A,B,C,D"
출발,인천,대한항공,KE461,다낭,20251025,18:20,18:20,18:40,여객,출발,,B737-900,188,"A,B,C,D"
출발,인천,대한항공,KE1407,김해,20251025,18:25,18:25,18:58,여객,출발,,B737-900,188,
출발,인천,대한항공,KE667,치앙마이,20251025,18:25,18:25,19:00,여객,출발,,B737-900,188,"A,B,C,D"
출발,인천,대한항공,KE705,도쿄/나리타,20251025,18:35,18:35,19:01,여객,출발,,A321neo,182,"A,B,C,D"
출발,인천,대한항공,KE423,괌,20251025,18:40,18:40,18:54,여객,출발,,B737-900,188,"A,B,C,D"
출발,인천,대한항공,KE645,싱가포르,20251025,18:40,18:40,19:12,여객,출발,,A330-300,272,"A,B,C,D"
출발,인천,대한항공,KE781,후쿠오카,20251025,18:40,18:40,19:10,여객,출발,,B737-900,188,"A,B,C,D"
출발,인천,델타항공,DL170,미니애폴리스,20251025,18:40,18:40,18:56,여객,출발,,A350-900,306,"K,F,G,L"
출발,인천,대한항공,KE071,밴쿠버,20251025,18:45,19:30,20:13,여객,지연,항공기 연결에 의한 지연,B787-9,269,"A,B,C,D"
출발,인천,대한항공,KE453,노이바이(하노이),20251025,18:45,19:00,19:36,여객,지연,항공기 연결에 의한 지연,B737-900,188,"A,B,C,D"
출발,인천,대한항공,KE475,떤 선녓(호찌민),20251025,18:45,19:55,20:41,여객,지연,항공기 연결에 의한 지연,B737-900,188,"A,B,C,D"
출발,인천,대한항공,KE623,마닐라,20251025,18:50,19:10,19:38,여객,지연,항공교통흐름에 의한 지연,B737-900,188,"A,B,C,D"
출발,인천,대한항공,KE689,프놈펜,20251025,18:50,19:25,19:58,여객,지연,항공기 연결에 의한 지연,B737-900,188,"A,B,C,D"
출발,인천,대한항공,KE743,나고야,20251025,18:50,18:50,19:18,여객,출발,,A321neo,182,"A,B,C,D"
출발,인천,델타항공,DL26,애틀랜타,20251025,18:50,18:50,19:05,여객,출발,,A350-900,306,"K,F,G,L"
출발,인천,대한항공,KE895,푸동,20251025,18:55,18:55,19:22,여객,출발,,A330-300,272,"A,B,C,D"
출발,인천,대한항공,KE721,간사이,20251025,19:00,19:00,19:24,여객,출발,,A321neo,182,"A,B,C,D"
출발,인천,대한항공,KE401,시드니,20251025,19:10,19:10,19:34,여객,출발,,A380-800,407,"A,B,C,D"
출발,인천,에어부산,BX741,비엔티안,20251025,19:15,19:15,19:44,여객,출발,,A321,195,"E,F,G,L"
출발,인천,델타항공,DL196,시애틀,20251025,19:20,19:20,19:50,여객,출발,,A330-900neo,281,"K,F,G,L"
출발,인천,대한항공,KE163,장가계,20251025,19:25,19:25,19:52,여객,출발,,B737-900,188,"A,B,C,D"
출발,인천,대한항공,KE085,뉴욕,20251025,19:30,20:00,21:15,여객,지연,기타 원인에 의한 지연,B747-8i,368,"A,B,C,D"
출발,인천,대한항공,KE1431,대구,20251025,19:30,19:30,19:56,여객,출발,,B737-900,188,
출발,인천,대한항공,KE1409,김해,20251025,19:35,19:35,20:04,여객,출발,,B737-900,188,
출발,인천,진에어,LJ917,괌,20251025,19:35,20:44,21:05,여객,지연,공항 및 출입국 절차에 의한 지연,B737-800,189,"H,F,G,L"
출발,인천,델타항공,DL172,애틀랜타,20251025,19:40,19:40,19:59,여객,출발,,A350-900,306,"K,F,G,L"
출발,인천,대한항공,KE177,홍콩,20251025,19:45,19:45,20:19,여객,출발,,A321neo,182,"A,B,C,D"
출발,인천,대한항공,KE477,떤 선녓(호찌민),20251025,19:45,20:09,20:30,여객,지연,항공교통흐름에 의한 지연,B737-900,188,"A,B,C,D"
출발,인천,대한항공,KE659,수안나폼(방콕),20251025,19:45,20:08,20:26,여객,지연,항공교통흐름에 의한 지연,B737-900,188,"A,B,C,D"
출발,인천,에어서울,RS527,깜라인(나트랑),20251025,19:50,19:50,20:45,여객,지연,항공교통흐름에 의한 지연,A321,195,"E,F,G,L"
출발,인천,진에어,LJ001,수안나폼(방콕),20251025,19:55,20:15,20:37,여객,지연,항공교통흐름에 의한 지연,B737-800,189,"H,F,G,L"
출발,인천,대한항공,KE467,깜라인(나트랑),20251025,20:00,20:00,20:34,여객,출발,,B737-900,188,"A,B,C,D"
출발,인천,대한항공,KE853,베이징,20251025,20:00,20:00,20:24,여객,출발,,A330-300,272,"A,B,C,D"
출발,인천,대한항공,KE407,브리즈번,20251025,20:05,20:05,20:39,여객,출발,,A330-300,272,"A,B,C,D"
출발,인천,대한항공,KE615,세부,20251025,20:05,20:05,20:52,여객,지연,지상조업 관련 지연,B737-900,188,"A,B,C,D"
출발,인천,진에어,LJ081,다낭,20251025,20:25,20:25,20:48,여객,출발,,B737-800,189,"H,F,G,L"
출발,인천,샤먼항공,MF878,푸저우(복주),20251025,20:35,20:35,21:06,여객,출발,,B737-800,168,"J,F,G,L"
출발,인천,중화항공,CI163,타오위안,20251025,20:35,21:04,21:27,여객,지연,항공기 연결에 의한 지연,A330-300,277,"J,F,G,L"
출발,인천,진에어,LJ087,깜라인(나트랑),20251025,20:40,21:14,21:33,여객,지연,항공교통흐름에 의한 지연,B737-800,189,"H,F,G,L"
출발,인천,진에어,LJ883,계림,20251025,20:50,21:19,21:40,여객,지연,항공기 정비에 의한 지연,B737-800,189,"H,F,G,L"
출발,인천,에어서울,RS511,다낭,20251025,20:55,21:45,22:07,여객,지연,항공기 연결에 의한 지연,A321,195,"E,F,G,L"
출발,인천,대한항공,KE005,라스베이거스,20251025,21:00,21:00,21:34,여객,출발,,B777-300ER,277,"A,B,C,D"
출발,인천,대한항공,KE053,호놀룰루,20251025,21:05,21:05,21:43,여객,출발,,A330-300,272,"A,B,C,D"
출발,인천,대한항공,KE655,수안나폼(방콕),20251025,21:15,21:45,22:00,여객,지연,항공기 연결에 의한 지연,A330-300,272,"A,B,C,D"
출발,인천,진에어,LJ037,클라크,20251025,21:25,21:25,21:50,여객,출발,,B737-800,189,"H,F,G,L"
출발,인천,에어부산,BX787,깜라인(나트랑),20251025,21:30,22:30,22:52,여객,지연,항공교통흐름에 의한 지연,A321,195,"E,F,G,L"
출발,인천,네덜란드항공,KL856,암스테르담,20251025,22:25,22:25,22:38,여객,출발,,B787-9,294,"M,F,G,L"
출발,인천,대한항공,KE619,마닐라,20251025,22:35,22:35,22:59,여객,출발,,A330-300,272,"A,B,C,D"
출발,인천,대한항공,KE075,밴쿠버,20251025,22:40,22:40,23:36,여객,지연,항공기 연결에 의한 지연,B787-9,269,"A,B,C,D"
출발,인천,대한항공,KE647,싱가포르,20251025,23:35,23:35,23:58,여객,출발,,B777-300ER,277,"A,B,C,D"
출발,인천,스칸디나비아항공,SK988,코펜하겐,20251025,23:45,23:45,23:53,여객,출발,,A350-900,300,"K,F,G,L"
출발,인천,진에어,LJ261,후쿠오카,20251026,06:50,06:50,07:02,여객,출발,,B737-800,189,"H,F,G,L"
출발,인천,대한항공,KE1401,김해,20251026,07:05,07:05,07:16,여객,출발,,B737-900,188,
출발,인천,에어부산,BX156,후쿠오카,20251026,07:15,07:15,07:40,여객,출발,,A321,195,"E,F,G,L"
출발,인천,에어서울,RS711,간사이,20251026,07:15,07:15,07:41,여객,출발,,A321,195,"E,F,G,L"
출발,인천,진에어,LJ201,도쿄/나리타,20251026,07:25,07:25,07:50,여객,출발,,B737-800,189,"H,F,G,L"
출발,인천,에어부산,BX164,도쿄/나리타,20251026,07:35,07:35,08:01,여객,출발,,A321,195,"E,F,G,L"
출발,인천,대한항공,KE621,마닐라,20251026,07:40,07:40,08:04,여객,출발,,B737-900,188,"A,B,C,D"
출발,인천,진에어,LJ345,나고야,20251026,07:40,07:40,08:07,여객,출발,,B737-800,189,"H,F,G,L"
출발,인천,대한항공,KE2041,칭기즈칸(신 울란바토르) 국제공항,20251026,07:45,07:45,08:14,여객,출발,,B737-900,188,"A,B,C,D"
출발,인천,대한항공,KE787,후쿠오카,20251026,07:50,07:50,08:12,여객,출발,,B737-900,188,"A,B,C,D"
출발,인천,진에어,LJ735,타이중,20251026,07:50,07:50,08:16,여객,출발,,B737-800,189,"H,F,G,L"
출발,인천,대한항공,KE859,베이징,20251026,07:55,07:55,08:22,여객,출발,,B777-300ER,277,"A,B,C,D"
출발,인천,진에어,LJ231,간사이,20251026,07:55,07:55,08:21,여객,출발,,B737-800,189,"H,F,G,L"
출발,인천,대한항공,KE2185,오카야마,20251026,08:00,08:00,08:33,여객,출발,,B737-900,188,"A,B,C,D"
출발,인천,대한항공,KE441,노이바이(하노이),20251026,08:00,08:00,08:24,여객,출발,,A330-300,272,"A,B,C,D"
출발,인천,진에어,LJ357,시모지시마,20251026,08:00,08:00,08:18,여객,출발,,B737-800,189,"H,F,G,L"
출발,인천,진에어,LJ217,도쿄/나리타,20251026,08:05,08:21,10:07,여객,지연,항공기 정비에 의한 지연,B737-800,189,"H,F,G,L"
출발,인천,대한항공,KE2001,홍콩,20251026,08:10,08:10,08:40,여객,출발,,A321neo,182,"A,B,C,D"
출발,인천,에어서울,RS705,도쿄/나리타,20251026,08:10,09:00,09:35,여객,지연,항공기 연결에 의한 지연,A321,195,"E,F,G,L"
출발,인천,에어서울,RS723,후쿠오카,20251026,08:10,09:10,09:20,여객,지연,항공기 연결에 의한 지연,A321,195,"E,F,G,L"
출발,인천,대한항공,KE835,선전(심천),20251026,08:15,08:15,08:42,여객,출발,,B737-900,188,"A,B,C,D"
출발,인천,대한항공,KE2171,고베,20251026,08:25,08:25,08:43,여객,출발,,A321neo,182,"A,B,C,D"
출발,인천,대한항공,KE881,푸동,20251026,08:25,08:25,08:57,여객,출발,,A330-300,272,"A,B,C,D"
출발,인천,에어 프랑스,AF267,파리,20251026,08:30,08:30,09:10,여객,지연,항공기 정비에 의한 지연,B777-300ER,296,"M,F,G,L"
출발,인천,진에어,LJ301,삿포로,20251026,08:35,08:35,08:49,여객,출발,,B737-800,189,"H,F,G,L"
출발,인천,대한항공,KE831,심양,20251026,08:45,08:50,09:05,여객,출발,,B737-900,188,"A,B,C,D"
출발,인천,에어서울,RS741,다카마쓰,20251026,08:45,08:45,09:05,여객,출발,,A321,195,"E,F,G,L"
출발,인천,대한항공,KE2179,가고시마,20251026,08:50,08:50,09:10,여객,출발,,B737-900,188,"A,B,C,D"
출발,인천,대한항공,KE723,간사이,20251026,08:50,08:50,09:22,여객,출발,,A321neo,182,"A,B,C,D"
출발,인천,대한항공,KE819,창사(장사),20251026,08:55,08:55,09:31,여객,출발,,B737-900,188,"A,B,C,D"
출발,인천,대한항공,KE841,청도,20251026,08:55,08:55,09:13,여객,출발,,B737-900,188,"A,B,C,D"
출발,인천,대한항공,KE867,광저우,20251026,08:55,08:55,09:19,여객,출발,,A330-300,272,"A,B,C,D"
출발,인천,진에어,LJ233,간사이,20251026,08:55,08:55,09:13,여객,출발,,B737-800,189,"H,F,G,L"
출발,인천,대한항공,KE2021,타오위안,20251026,09:00,09:00,09:29,여객,출발,,A321neo,182,"A,B,C,D"
출발,인천,대한항공,KE091,보스턴,20251026,09:10,09:10,09:40,여객,출발,,B787-9,269,"A,B,C,D"
출발,인천,대한항공,KE471,떤 선녓(호찌민),20251026,09:10,09:10,09:53,여객,지연,항공교통흐름에 의한 지연,B737-900,188,"A,B,C,D"
출발,인천,에어부산,BX172,간사이,20251026,09:10,09:10,09:28,여객,출발,,A321,195,"E,F,G,L"
출발,인천,대한항공,KE165,우한,20251026,09:15,09:15,09:47,여객,출발,,B737-900,188,"A,B,C,D"
출발,인천,대한항공,KE415,괌,20251026,09:15,09:15,09:33,여객,출발,,B737-900,188,"A,B,C,D"
출발,인천,대한항공,KE657,수안나폼(방콕),20251026,09:15,09:15,09:49,여객,출발,,A330-300,272,"A,B,C,D"
출발,인천,대한항공,KE811,시안,20251026,09:15,09:15,09:55,여객,출발,,B737-900,188,"A,B,C,D"
출발,인천,대한항공,KE127,푸저우(복주),20251026,09:35,09:35,10:00,여객,출발,,B737-900,188,"A,B,C,D"
출발,인천,델타항공,DL158,디트로이트,20251026,09:35,09:35,09:46,여객,출발,,A350-900,306,"K,F,G,L"
출발,인천,대한항공,KE1403,김해,20251026,09:40,09:40,10:03,여객,출발,,B737-900,188,
출발,인천,진에어,LJ731,타오위안,20251026,09:40,09:57,10:11,여객,지연,공항 및 출입국 절차에 의한 지연,B737-800,189,"H,F,G,L"
출발,인천,진에어,LJ913,괌,20251026,09:40,09:56,10:15,여객,지연,항공기 연결에 의한 지연,B737-800,189,"H,F,G,L"
출발,인천,대한항공,KE035,애틀랜타,20251026,09:45,09:45,09:57,여객,출발,,B777-300ER,277,"A,B,C,D"
출발,인천,진에어,LJ361,이시가키,20251026,09:50,09:50,10:04,여객,출발,,B737-800,189,"H,F,G,L"
출발,인천,대한항공,KE703,도쿄/나리타,20251026,09:55,09:55,10:30,여객,지연,운항 기준 및 승무원 관련 지연,A321neo,182,"A,B,C,D"
출발,인천,대한항공,KE081,뉴욕,20251026,10:00,10:00,11:07,여객,지연,항공교통흐름에 의한 지연,A380-800,407,"A,B,C,D"
출발,인천,대한항공,KE077,토론토,20251026,10:05,10:05,10:42,여객,지연,운항 기준 및 승무원 관련 지연,B777-300ER,277,"A,B,C,D"
출발,인천,대한항공,KE125,샤먼 가오치,20251026,10:05,10:05,10:23,여객,출발,,B737-900,188,"A,B,C,D"
출발,인천,진에어,LJ341,오키나와,20251026,10:10,10:10,10:32,여객,출발,,B737-800,189,"H,F,G,L"
출발,인천,대한항공,KE805,천진,20251026,10:15,10:15,10:34,여객,출발,,B737-900,188,"A,B,C,D"
출발,인천,대한항공,KE031,댈러스,20251026,10:20,10:20,10:36,여객,출발,,B787-9,269,"A,B,C,D"
출발,인천,대한항공,KE2193,아오모리,20251026,10:20,10:20,10:50,여객,출발,,B737-900,188,"A,B,C,D"
출발,인천,진에어,LJ205,도쿄/나리타,20251026,10:20,10:37,10:59,여객,지연,공항 및 출입국 절차에 의한 지연,B737-800,189,"H,F,G,L"
출발,인천,가루다인도네시아,GA879,자카르타(수카르노 하타),20251026,10:35,10:35,10:54,여객,출발,,A330-900neo,301,"J,F,G,L"
출발,인천,대한항공,KE037,시카고,20251026,10:40,10:40,11:18,여객,출발,,B777-300ER,277,"A,B,C,D"
출발,인천,대한항공,KE101,남경,20251026,10:40,10:40,10:56,여객,출발,,A321neo,182,"A,B,C,D"
출발,인천,대한항공,KE2015,마카오,20251026,10:40,10:40,11:02,여객,출발,,A321neo,182,"A,B,C,D"
출발,인천,대한항공,KE907,런던히드로,20251026,10:40,10:40,11:15,여객,출발,,A380-800,407,"A,B,C,D"
출발,인천,대한항공,KE727,간사이,20251026,11:05,11:05,11:32,여객,출발,,A321neo,182,"A,B,C,D"
출발,인천,대한항공,KE855,베이징,20251026,11:10,11:10,11:29,여객,출발,,A330-300,272,"A,B,C,D"
출발,인천,대한항공,KE887,푸동,20251026,11:10,11:10,11:31,여객,출발,,B777-300ER,277,"A,B,C,D"
출발,인천,에어부산,BX158,후쿠오카,20251026,11:15,11:15,11:39,여객,출발,,A321,195,"E,F,G,L"
출발,인천,대한항공,KE945,프랑크푸르트,20251026,11:25,11:25,12:02,여객,출발,,A380-800,407,"A,B,C,D"
출발,인천,가루다인도네시아,GA871,덴파사(응우라 라이),20251026,11:35,11:35,11:45,여객,출발,,A330-300,251,"J,F,G,L"
출발,인천,대한항공,KE937,비엔나,20251026,11:55,11:55,12:09,여객,출발,,B787-9,269,"A,B,C,D"
출발,인천,중화항공,CI165,가오슝,20251026,12:00,12:00,12:17,여객,출발,,A321neo,180,"J,F,G,L"
출발,인천,진에어,GS7994,천진,20251026,12:00,12:00,12:12,여객,출발,,B737-800,189,"H,F,G,L"
출발,인천,진에어,LJ263,후쿠오카,20251026,12:00,12:00,12:15,여객,출발,,B737-800,189,"H,F,G,L"
출발,인천,대한항공,KE913,마드리드,20251026,12:10,12:10,12:27,여객,출발,,B787-9,269,"A,B,C,D"
출발,인천,대한항공,KE921,리스본,20251026,12:10,12:50,13:18,여객,지연,기타 원인에 의한 지연,B787-9,269,"A,B,C,D"
출발,인천,대한항공,KE925,암스테르담,20251026,12:10,12:10,12:31,여객,출발,,B777-300ER,277,"A,B,C,D"
출발,인천,대한항공,KE9973,말라가,20251026,12:10,12:10,12:21,여객,출발,,B737-900,188,"A,B,C,D"
출발,인천,대한항공,KE927,밀라노,20251026,12:25,12:25,12:43,여객,출발,,B787-9,269,"A,B,C,D"
출발,인천,중화항공,CI161,타오위안,20251026,12:30,12:30,13:05,여객,출발,,A330-300,277,"J,F,G,L"
출발,인천,에어부산,BX174,간사이,20251026,12:40,12:40,13:03,여객,출발,,A321,195,"E,F,G,L"
출발,인천,대한항공,KE497,델리,20251026,12:45,12:45,13:07,여객,출발,,B787-9,269,"A,B,C,D"
출발,인천,대한항공,KE873,대련,20251026,12:50,12:50,13:16,여객,출발,,B737-900,188,"A,B,C,D"
출발,인천,대한항공,KE843,청도,20251026,12:55,12:55,13:13,여객,출발,,B737-900,188,"A,B,C,D"
출발,인천,대한항공,KE951,두바이,20251026,13:00,13:00,13:21,여객,출발,,B777-300ER,277,"A,B,C,D"
출발,인천,샤먼항공,MF872,샤먼 가오치,20251026,13:20,13:20,13:24,여객,출발,,B737-800,168,"J,F,G,L"
출발,인천,에어서울,RS745,요나고,20251026,13:20,13:20,13:37,여객,출발,,A321,195,"E,F,G,L"
출발,인천,대한항공,KE711,도쿄/나리타,20251026,13:25,13:25,13:41,여객,출발,,A321neo,182,"A,B,C,D"
출발,인천,아에로멕시코,AM091,멕시코시티,20251026,13:30,13:30,13:55,여객,출발,,B787-9,274,"H,F,G,L"
출발,인천,에어서울,RS715,간사이,20251026,13:30,13:30,13:45,여객,출발,,A321,195,"E,F,G,L"
출발,인천,대한항공,KE2005,홍콩,20251026,13:45,13:45,14:02,여객,출발,,A321neo,182,"A,B,C,D"
출발,인천,대한항공,KE1405,김해,20251026,14:00,14:00,14:31,여객,출발,,B737-900,188,
출발,인천,진에어,LJ269,후쿠오카,20251026,14:00,14:00,14:27,여객,출발,,B737-800,189,"H,F,G,L"
출발,인천,대한항공,KE833,심양,20251026,14:25,14:25,14:57,여객,출발,,B737-900,188,"A,B,C,D"
출발,인천,에어서울,RS727,후쿠오카,20251026,14:25,14:25,14:51,여객,출발,,A321,195,"E,F,G,L"
출발,인천,대한항공,KE017,로스앤젤레스,20251026,14:30,14:30,14:54,여객,출발,,B747-8i,368,"A,B,C,D"
출발,인천,대한항공,KE2147,오키나와,20251026,14:35,14:35,15:03,여객,출발,,B737-900,188,"A,B,C,D"
출발,인천,대한항공,KE643,싱가포르,20251026,14:35,14:35,15:13,여객,지연,항공교통흐름에 의한 지연,A330-300,272,"A,B,C,D"
출발,인천,진에어,LJ235,간사이,20251026,15:00,15:00,15:20,여객,출발,,B737-800,189,"H,F,G,L"
출발,인천,대한항공,KE437,자카르타(수카르노 하타),20251026,15:05,15:05,15:39,여객,출발,,A330-300,272,"A,B,C,D"
출발,인천,에어부산,BX176,간사이,20251026,15:05,15:05,15:41,여객,출발,,A321,195,"E,F,G,L"
출발,인천,대한항공,KE725,간사이,20251026,15:10,15:10,15:35,여객,출발,,A321neo,182,"A,B,C,D"
출발,인천,진에어,LJ207,도쿄/나리타,20251026,15:15,15:15,15:31,여객,출발,,B737-800,189,"H,F,G,L"
출발,인천,진에어,LJ737,타이중,20251026,15:20,15:20,15:46,여객,출발,,B737-800,189,"H,F,G,L"
출발,인천,에어부산,BX166,도쿄/나리타,20251026,15:35,15:35,15:55,여객,출발,,A321,195,"E,F,G,L"
출발,인천,진에어,LJ359,다카마쓰,20251026,15:40,15:40,16:09,여객,출발,,B737-800,189,"H,F,G,L"
출발,인천,대한항공,KE2173,고베,20251026,15:50,15:50,16:24,여객,출발,,A321neo,182,"A,B,C,D"
출발,인천,대한항공,KE023,샌프란시스코,20251026,16:00,16:30,16:54,여객,지연,항공기 연결에 의한 지연,B777-300ER,277,"A,B,C,D"
출발,인천,대한항공,KE2155,구마모토,20251026,16:00,16:00,16:26,여객,출발,,B737-900,188,"A,B,C,D"
출발,인천,대한항공,KE041,시애틀,20251026,16:10,16:10,16:33,여객,출발,,A330-300,272,"A,B,C,D"
출발,인천,진에어,LJ009,치앙마이,20251026,16:15,16:15,16:52,여객,출발,,B737-800,189,"H,F,G,L"
출발,인천,대한항공,KE2027,타오위안,20251026,16:20,16:20,16:41,여객,출발,,A321neo,182,"A,B,C,D"
출발,인천,대한항공,KE431,덴파사(응우라 라이),20251026,16:20,16:20,16:44,여객,출발,,A330-300,272,"A,B,C,D"
출발,인천,진에어,LJ347,나고야,20251026,16:25,16:25,16:50,여객,출발,,B737-800,189,"H,F,G,L"
출발,인천,대한항공,KE427,쿠알라룸푸르,20251026,16:40,16:40,17:03,여객,출발,,A330-300,272,"A,B,C,D"
출발,인천,에어서울,RS703,도쿄/나리타,20251026,16:40,16:40,17:11,여객,출발,,A321,195,"E,F,G,L"
출발,인천,대한항공,KE485,푸꾸옥,20251026,16:45,16:45,17:22,여객,출발,,B737-900,188,"A,B,C,D"
출발,인천,에어부산,BX727,수안나폼(방콕),20251026,16:50,16:50,17:28,여객,출발,,A321,195,"E,F,G,L"
출발,인천,대한항공,KE713,도쿄/나리타,20251026,16:55,16:55,17:26,여객,출발,,A321neo,182,"A,B,C,D"
출발,인천,진에어,LJ091,푸꾸옥,20251026,17:05,17:05,17:34,여객,출발,,B737-800,189,"H,F,G,L"
출발,인천,대한항공,KE433,덴파사(응우라 라이),20251026,17:10,17:10,17:39,여객,출발,,A330-300,272,"A,B,C,D"
출발,인천,진에어,LJ001,수안나폼(방콕),20251026,17:10,17:27,17:55,여객,지연,공항 및 출입국 절차에 의한 지연,B737-800,189,"H,F,G,L"
출발,인천,대한항공,KE651,수안나폼(방콕),20251026,17:20,17:20,17:59,여객,지연,기타 원인에 의한 지연,A330-300,272,"A,B,C,D"
출발,인천,진에어,LJ265,후쿠오카,20251026,17:20,17:20,17:53,여객,출발,,B737-800,189,"H,F,G,L"
출발,인천,대한항공,KE677,푸껫,20251026,17:25,17:25,17:47,여객,출발,,B737-900,188,"A,B,C,D"
출발,인천,진에어,LJ919,괌,20251026,17:35,17:35,18:04,여객,출발,,B737-800,189,"H,F,G,L"
출발,인천,대한항공,KE417,괌,20251026,17:45,17:45,18:15,여객,출발,,B737-900,188,"A,B,C,D"
출발,인천,델타항공,DL188,애틀랜타,20251026,18:00,18:00,18:11,여객,출발,,A350-900,306,"K,F,G,L"
출발,인천,대한항공,KE467,깜라인(나트랑),20251026,18:05,18:05,18:34,여객,출발,,B737-900,188,"A,B,C,D"
출발,인천,대한항공,KE1407,김해,20251026,18:25,18:25,18:48,여객,출발,,B737-900,188,
출발,인천,대한항공,KE411,오클랜드,20251026,18:25,18:25,18:36,여객,출발,,B787-9,269,"A,B,C,D"
출발,인천,대한항공,KE071,밴쿠버,20251026,18:30,18:30,18:56,여객,출발,,B787-9,269,"A,B,C,D"
출발,인천,대한항공,KE459,다낭,20251026,18:30,18:30,18:50,여객,출발,,B737-900,188,"A,B,C,D"
출발,인천,대한항공,KE645,싱가포르,20251026,18:30,18:30,19:12,여객,지연,항공교통흐름에 의한 지연,A330-300,272,"A,B,C,D"
출발,인천,대한항공,KE1431,대구,20251026,18:40,19:10,19:42,여객,지연,항공기 연결에 의한 지연,B737-900,188,
출발,인천,대한항공,KE781,후쿠오카,20251026,18:40,18:40,18:58,여객,출발,,B737-900,188,"A,B,C,D"
출발,인천,대한항공,KE161,쿤밍,20251026,18:45,19:24,19:24,여객,지연,항공기 연결에 의한 지연,B737-900,188,"A,B,C,D"
출발,인천,대한항공,KE447,노이바이(하노이),20251026,18:45,19:52,19:48,여객,지연,항공기 연결에 의한 지연,B737-900,188,"A,B,C,D"
출발,인천,대한항공,KE683,치앙마이,20251026,18:45,18:45,19:00,여객,출발,,B737-900,188,"A,B,C,D"
출발,인천,대한항공,KE705,도쿄/나리타,20251026,18:45,18:45,19:10,여객,출발,,A321neo,182,"A,B,C,D"
출발,인천,대한항공,KE721,간사이,20251026,18:45,18:45,19:06,여객,출발,,A321neo,182,"A,B,C,D"
출발,인천,대한항공,KE475,떤 선녓(호찌민),20251026,18:50,19:57,19:44,여객,지연,항공기 연결에 의한 지연,B737-900,188,"A,B,C,D"
출발,인천,대한항공,KE601,세부,20251026,18:50,18:50,19:04,여객,출발,,B737-900,188,"A,B,C,D"
출발,인천,대한항공,KE689,프놈펜,20251026,18:50,18:50,19:15,여객,출발,,B737-900,188,"A,B,C,D"
출발,인천,대한항공,KE743,나고야,20251026,18:50,18:50,19:13,여객,출발,,A321neo,182,"A,B,C,D"
출발,인천,대한항공,KE401,시드니,20251026,18:55,18:55,19:17,여객,출발,,A380-800,407,"A,B,C,D"
출발,인천,대한항공,KE891,푸동,20251026,19:00,19:52,19:54,여객,지연,항공기 연결에 의한 지연,A330-300,272,"A,B,C,D"
출발,인천,에어부산,BX741,비엔티안,20251026,19:00,19:00,19:22,여객,출발,,A321,195,"E,F,G,L"
출발,인천,대한항공,KE623,마닐라,20251026,19:05,19:05,19:39,여객,출발,,B737-900,188,"A,B,C,D"
출발,인천,대한항공,KE653,수안나폼(방콕),20251026,19:05,19:35,20:11,여객,지연,항공교통흐름에 의한 지연,A330-300,272,"A,B,C,D"
출발,인천,델타항공,DL26,애틀랜타,20251026,19:25,19:25,19:37,여객,출발,,A350-900,306,"K,F,G,L"
출발,인천,대한항공,KE085,뉴욕,20251026,19:30,19:30,20:13,여객,지연,항공교통흐름에 의한 지연,B747-8i,368,"A,B,C,D"
출발,인천,델타항공,DL170,미니애폴리스,20251026,19:30,19:30,19:46,여객,출발,,A350-900,306,"K,F,G,L"
출발,인천,에어서울,RS101,괌,20251026,19:30,19:30,19:59,여객,출발,,A321,195,"E,F,G,L"
출발,인천,대한항공,KE1409,김해,20251026,19:35,19:35,20:06,여객,출발,,B737-900,188,
출발,인천,대한항공,KE479,떤 선녓(호찌민),20251026,19:35,20:09,20:32,여객,지연,항공교통흐름에 의한 지연,B737-900,188,"A,B,C,D"
출발,인천,대한항공,KE011,로스앤젤레스,20251026,19:40,19:40,20:22,여객,지연,항공교통흐름에 의한 지연,A380-800,407,"A,B,C,D"
출발,인천,델타항공,DL172,솔트레이크시티,20251026,19:40,19:40,19:57,여객,출발,,A350-900,306,"K,F,G,L"
출발,인천,진에어,LJ087,깜라인(나트랑),20251026,19:40,20:23,20:49,여객,지연,공항 및 출입국 절차에 의한 지연,B737-800,189,"H,F,G,L"
출발,인천,대한항공,KE8425,괌,20251026,19:45,19:45,20:10,여객,출발,,B737-900,188,"A,B,C,D"
출발,인천,진에어,LJ917,괌,20251026,19:55,19:55,20:24,여객,출발,,B737-800,189,"H,F,G,L"
출발,인천,대한항공,KE2011,홍콩,20251026,20:00,20:00,20:35,여객,출발,,A321neo,182,"A,B,C,D"
출발,인천,에어서울,RS527,깜라인(나트랑),20251026,20:00,20:00,21:03,여객,지연,항공교통흐름에 의한 지연,A321,195,"E,F,G,L"
출발,인천,대한항공,KE625,마닐라,20251026,20:05,20:05,20:39,여객,출발,,B737-900,188,"A,B,C,D"
출발,인천,델타항공,DL196,시애틀,20251026,20:05,20:05,20:28,여객,출발,,A330-900neo,281,"K,F,G,L"
출발,인천,샤먼항공,MF878,푸저우(복주),20251026,20:05,20:05,20:26,여객,출발,,B737-800,168,"J,F,G,L"
출발,인천,중화항공,CI163,타오위안,20251026,20:15,21:11,21:34,여객,지연,항공기 연결에 의한 지연,A330-300,277,"J,F,G,L"
출발,인천,대한항공,KE053,호놀룰루,20251026,20:35,20:35,21:02,여객,출발,,A330-300,272,"A,B,C,D"
출발,인천,대한항공,KE659,수안나폼(방콕),20251026,20:35,20:35,21:01,여객,출발,,B737-900,188,"A,B,C,D"
출발,인천,대한항공,KE751,하네다,20251026,20:40,20:40,21:04,여객,출발,,A321neo,182,"A,B,C,D"
출발,인천,대한항공,KE863,베이징,20251026,20:50,20:50,21:13,여객,출발,,A330-300,272,"A,B,C,D"
출발,인천,대한항공,KE005,라스베이거스,20251026,21:00,21:00,21:15,여객,출발,,B777-300ER,277,"A,B,C,D"
출발,인천,에어부산,BX7135,팡라로,20251026,21:35,21:35,21:55,여객,출발,,A321,195,"E,F,G,L"
출발,인천,진에어,LJ037,클라크,20251026,21:35,21:35,22:02,여객,출발,,B737-800,189,"H,F,G,L"
출발,인천,진에어,LJ885,엔스 쉬자핑,20251026,21:50,21:50,22:11,여객,출발,,B737-800,189,"H,F,G,L"
출발,인천,네덜란드항공,KL856,암스테르담,20251026,23:05,23:05,23:21,여객,출발,,B787-9,294,"M,F,G,L"
출발,인천,대한항공,KE647,싱가포르,20251026,23:15,23:15,23:53,여객,지연,항공교통흐름에 의한 지연,B777-300ER,277,"A,B,C,D"
출발,인천,진에어,LJ261,후쿠오카,20251027,06:50,06:50,07:15,여객,출발,,B737-800,189,"H,F,G,L"
출발,인천,대한항공,KE1401,김해,20251027,07:00,07:00,07:19,여객,출발,,B737-900,188,
출발,인천,에어부산,BX156,후쿠오카,20251027,07:15,07:15,07:38,여객,출발,,A321,195,"E,F,G,L"
출발,인천,에어서울,RS711,간사이,20251027,07:15,07:15,07:33,여객,출발,,A321,195,"E,F,G,L"
출발,인천,진에어,LJ201,도쿄/나리타,20251027,07:25,07:25,07:53,여객,출발,,B737-800,189,"H,F,G,L"
출발,인천,에어부산,BX164,도쿄/나리타,20251027,07:35,07:35,07:50,여객,출발,,A321,195,"E,F,G,L"
출발,인천,대한항공,KE621,마닐라,20251027,07:40,07:40,08:05,여객,출발,,B737-900,188,"A,B,C,D"
출발,인천,진에어,LJ345,나고야,20251027,07:40,07:40,08:03,여객,출발,,B737-800,189,"H,F,G,L"
출발,인천,대한항공,KE2041,칭기즈칸(신 울란바토르) 국제공항,20251027,07:45,07:45,08:16,여객,출발,,B737-900,188,"A,B,C,D"
출발,인천,대한항공,KE787,후쿠오카,20251027,07:50,07:50,08:08,여객,출발,,B737-900,188,"A,B,C,D"
출발,인천,진에어,LJ735,타이중,20251027,07:50,07:50,08:13,여객,출발,,B737-800,189,"H,F,G,L"
출발,인천,대한항공,KE859,베이징,20251027,07:55,07:55,08:11,여객,출발,,B777-300ER,277,"A,B,C,D"
출발,인천,대한항공,KE2191,나가사키,20251027,08:00,08:00,08:23,여객,출발,,B737-900,188,"A,B,C,D"
출발,인천,대한항공,KE441,노이바이(하노이),20251027,08:00,08:00,08:15,여객,출발,,A330-300,272,"A,B,C,D"
출발,인천,진에어,LJ231,간사이,20251027,08:00,08:00,08:13,여객,출발,,B737-800,189,"H,F,G,L"
출발,인천,진에어,LJ357,시모지시마,20251027,08:00,08:00,08:24,여객,출발,,B737-800,189,"H,F,G,L"
출발,인천,진에어,LJ217,도쿄/나리타,20251027,08:05,08:05,08:24,여객,출발,,B737-800,189,"H,F,G,L"
출발,인천,대한항공,KE2001,홍콩,20251027,08:10,08:10,08:36,여객,출발,,A321neo,182,"A,B,C,D"
출발,인천,에어서울,RS705,도쿄/나리타,20251027,08:10,08:10,08:27,여객,출발,,A321,195,"E,F,G,L"
출발,인천,에어서울,RS723,후쿠오카,20251027,08:10,08:10,08:21,여객,출발,,A321,195,"E,F,G,L"
출발,인천,대한항공,KE835,선전(심천),20251027,08:15,08:15,08:45,여객,출발,,B737-900,188,"A,B,C,D"
출발,인천,대한항공,KE2171,고베,20251027,08:25,08:25,08:48,여객,출발,,A321neo,182,"A,B,C,D"
출발,인천,대한항공,KE881,푸동,20251027,08:25,08:25,08:51,여객,출발,,A330-300,272,"A,B,C,D"
출발,인천,진에어,LJ301,삿포로,20251027,08:35,08:35,08:52,여객,출발,,B737-800,189,"H,F,G,L"
출발,인천,대한항공,KE2179,가고시마,20251027,08:45,08:45,09:00,여객,출발,,B737-900,188,"A,B,C,D"
출발,인천,대한항공,KE831,심양,20251027,08:45,08:45,09:09,여객,출발,,B737-900,188,"A,B,C,D"
출발,인천,에어서울,RS741,다카마쓰,20251027,08:45,09:30,09:39,여객,지연,항공기 연결에 의한 지연,A321,195,"E,F,G,L"
출발,인천,대한항공,KE723,간사이,20251027,08:50,08:50,09:14,여객,출발,,A321neo,182,"A,B,C,D"
출발,인천,대한항공,KE819,창사(장사),20251027,08:55,08:55,09:16,여객,출발,,B737-900,188,"A,B,C,D"
출발,인천,대한항공,KE841,청도,20251027,08:55,08:55,09:28,여객,출발,,B737-900,188,"A,B,C,D"
출발,인천,대한항공,KE867,광저우,20251027,08:55,09:14,09:42,여객,지연,항공교통흐름에 의한 지연,A330-300,272,"A,B,C,D"
출발,인천,진에어,LJ233,간사이,20251027,08:55,08:55,09:06,여객,출발,,B737-800,189,"H,F,G,L"
출발,인천,대한항공,KE2021,타오위안,20251027,09:00,09:00,09:25,여객,출발,,A321neo,182,"A,B,C,D"
출발,인천,대한항공,KE133,정저우,20251027,09:05,09:05,09:20,여객,출발,,B737-900,188,"A,B,C,D"
출발,인천,대한항공,KE091,보스턴,20251027,09:10,09:10,09:36,여객,출발,,B787-9,269,"A,B,C,D"
출발,인천,대한항공,KE471,떤 선녓(호찌민),20251027,09:10,09:29,09:56,여객,지연,항공교통흐름에 의한 지연,B737-900,188,"A,B,C,D"
출발,인천,에어부산,BX172,간사이,20251027,09:10,09:10,09:20,여객,출발,,A321,195,"E,F,G,L"
출발,인천,대한항공,KE165,우한,20251027,09:15,09:15,09:50,여객,출발,,B737-900,188,"A,B,C,D"
출발,인천,대한항공,KE415,괌,20251027,09:15,09:15,09:34,여객,출발,,B737-900,188,"A,B,C,D"
출발,인천,대한항공,KE657,수안나폼(방콕),20251027,09:15,09:15,09:52,여객,출발,,A330-300,272,"A,B,C,D"
출발,인천,대한항공,KE811,시안,20251027,09:15,09:15,09:39,여객,출발,,B737-900,188,"A,B,C,D"
출발,인천,델타항공,DL158,디트로이트,20251027,09:35,09:35,09:53,여객,출발,,A350-900,306,"K,F,G,L"
출발,인천,대한항공,KE1403,김해,20251027,09:40,09:40,09:51,여객,출발,,B737-900,188,
출발,인천,진에어,LJ731,타오위안,20251027,09:40,09:40,10:07,여객,출발,,B737-800,189,"H,F,G,L"
출발,인천,진에어,LJ913,괌,20251027,09:40,09:40,09:55,여객,출발,,B737-800,189,"H,F,G,L"
출발,인천,대한항공,KE035,애틀랜타,20251027,09:45,09:45,10:05,여객,출발,,B777-300ER,277,"A,B,C,D"
출발,인천,진에어,LJ361,이시가키,20251027,09:50,09:50,10:13,여객,출발,,B737-800,189,"H,F,G,L"
출발,인천,대한항공,KE703,도쿄/나리타,20251027,09:55,09:55,10:12,여객,출발,,A321neo,182,"A,B,C,D"
출발,인천,대한항공,KE081,뉴욕,20251027,10:00,10:00,10:28,여객,출발,,A380-800,407,"A,B,C,D"
출발,인천,대한항공,KE077,토론토,20251027,10:05,10:05,10:57,여객,지연,항공교통흐름에 의한 지연,B777-300ER,277,"A,B,C,D"
출발,인천,대한항공,KE125,샤먼 가오치,20251027,10:05,10:05,10:20,여객,출발,,B737-900,188,"A,B,C,D"
출발,인천,대한항공,KE765,삿포로,20251027,10:05,10:05,10:22,여객,출발,,B737-900,188,"A,B,C,D"
출발,인천,진에어,LJ341,오키나와,20251027,10:10,10:10,10:39,여객,출발,,B737-800,189,"H,F,G,L"
출발,인천,대한항공,KE093,워싱톤,20251027,10:15,10:15,10:37,여객,출발,,B777-300ER,277,"A,B,C,D"
출발,인천,대한항공,KE805,천진,20251027,10:15,10:15,10:29,여객,출발,,B737-900,188,"A,B,C,D"
출발,인천,대한항공,KE031,댈러스,20251027,10:20,10:20,10:48,여객,출발,,B787-9,269,"A,B,C,D"
출발,인천,진에어,LJ205,도쿄/나리타,20251027,10:20,10:20,11:00,여객,출발,,B737-800,189,"H,F,G,L"
출발,인천,가루다인도네시아,GA879,자카르타(수카르노 하타),20251027,10:35,10:35,10:42,여객,출발,,A330-900neo,301,"J,F,G,L"
출발,인천,대한항공,KE741,나고야,20251027,10:35,10:35,11:03,여객,출발,,A321neo,182,"A,B,C,D"
출발,인천,대한항공,KE037,시카고,20251027,10:40,10:40,11:15,여객,출발,,B777-300ER,277,"A,B,C,D"
출발,인천,대한항공,KE101,남경,20251027,10:40,10:40,10:58,여객,출발,,A321neo,182,"A,B,C,D"
출발,인천,대한항공,KE2015,마카오,20251027,10:40,10:40,11:00,여객,출발,,A321neo,182,"A,B,C,D"
출발,인천,대한항공,KE907,런던히드로,20251027,10:40,10:40,11:06,여객,출발,,A380-800,407,"A,B,C,D"
출발,인천,대한항공,KE791,후쿠오카,20251027,10:50,11:30,11:48,여객,지연,항공기 연결에 의한 지연,B737-900,188,"A,B,C,D"
출발,인천,대한항공,KE969,프라하,20251027,10:50,10:50,11:20,여객,출발,,B787-9,269,"A,B,C,D"
출발,인천,대한항공,KE727,간사이,20251027,11:05,11:05,11:33,여객,출발,,A321neo,182,"A,B,C,D"
출발,인천,대한항공,KE855,베이징,20251027,11:10,11:10,11:35,여객,출발,,A330-300,272,"A,B,C,D"
출발,인천,대한항공,KE887,푸동,20251027,11:10,11:10,11:23,여객,출발,,B777-300ER,277,"A,B,C,D"
출발,인천,에어부산,BX158,후쿠오카,20251027,11:15,11:15,11:34,여객,출발,,A321,195,"E,F,G,L"
출발,인천,가루다인도네시아,GA871,덴파사(응우라 라이),20251027,11:35,11:35,11:45,여객,출발,,A330-300,251,"J,F,G,L"
출발,인천,대한항공,KE107,항저우,20251027,11:55,12:15,12:43,여객,지연,항공기 연결에 의한 지연,A321neo,182,"A,B,C,D"
출발,인천,중화항공,CI165,가오슝,20251027,12:00,12:00,12:20,여객,출발,,A321neo,180,"J,F,G,L"
출발,인천,진에어,GS7994,천진,20251027,12:00,12:00,12:08,여객,출발,,B737-800,189,"H,F,G,L"
출발,인천,진에어,LJ263,후쿠오카,20251027,12:00,12:00,12:22,여객,출발,,B737-800,189,"H,F,G,L"
출발,인천,대한항공,KE901,파리,20251027,12:05,12:05,12:23,여객,출발,,B777-300ER,277,"A,B,C,D"
출발,인천,대한항공,KE963,부다페스트,20251027,12:15,12:15,12:35,여객,출발,,B787-9,269,"A,B,C,D"
출발,인천,대한항공,KE927,밀라노,20251027,12:25,12:25,12:55,여객,출발,,B787-9,269,"A,B,C,D"
출발,인천,중화항공,CI161,타오위안,20251027,12:30,12:48,13:10,여객,지연,항공기 연결에 의한 지연,A330-300,277,"J,F,G,L"
출발,인천,에어 프랑스,AF267,파리,20251027,12:40,12:40,13:03,여객,출발,,B777-300ER,296,"M,F,G,L"
출발,인천,에어부산,BX174,간사이,20251027,12:40,12:40,13:08,여객,출발,,A321,195,"E,F,G,L"
출발,인천,대한항공,KE497,델리,20251027,12:45,12:45,13:10,여객,출발,,B787-9,269,"A,B,C,D"
출발,인천,대한항공,KE873,대련,20251027,12:50,12:50,13:21,여객,출발,,B737-900,188,"A,B,C,D"
출발,인천,대한항공,KE843,청도,20251027,12:55,12:55,13:16,여객,출발,,B737-900,188,"A,B,C,D"
출발,인천,대한항공,KE951,두바이,20251027,13:00,13:00,13:28,여객,출발,,B777-300ER,277,"A,B,C,D"
출발,인천,샤먼항공,MF872,샤먼 가오치,20251027,13:20,13:20,13:30,여객,출발,,B737-800,168,"J,F,G,L"
출발,인천,에어서울,RS745,요나고,20251027,13:20,13:20,13:43,여객,출발,,A321,195,"E,F,G,L"
출발,인천,대한항공,KE711,도쿄/나리타,20251027,13:25,13:25,13:39,여객,출발,,A321neo,182,"A,B,C,D"
출발,인천,아에로멕시코,AM091,멕시코시티,20251027,13:30,13:30,14:00,여객,출발,,B787-9,274,"H,F,G,L"
출발,인천,에어서울,RS715,간사이,20251027,13:30,13:30,13:53,여객,출발,,A321,195,"E,F,G,L"
출발,인천,대한항공,KE2005,홍콩,20251027,13:45,13:45,14:10,여객,출발,,A321neo,182,"A,B,C,D"
출발,인천,대한항공,KE955,이스탄불,20251027,13:55,13:55,14:18,여객,출발,,B777-300ER,277,"A,B,C,D"
출발,인천,대한항공,KE1405,김해,20251027,14:00,14:00,14:20,여객,출발,,B737-900,188,
출발,인천,진에어,LJ269,후쿠오카,20251027,14:00,14:00,14:30,여객,출발,,B737-800,189,"H,F,G,L"
출발,인천,대한항공,KE931,로마,20251027,14:05,14:05,14:32,여객,출발,,B777-300ER,277,"A,B,C,D"
출발,인천,대한항공,KE833,심양,20251027,14:25,14:25,14:56,여객,출발,,B737-900,188,"A,B,C,D"
출발,인천,에어서울,RS727,후쿠오카,20251027,14:25,14:25,14:59,여객,출발,,A321,195,"E,F,G,L"
출발,인천,대한항공,KE017,로스앤젤레스,20251027,14:30,14:30,15:07,여객,출발,,B747-8i,368,"A,B,C,D"
출발,인천,대한항공,KE2147,오키나와,20251027,14:35,14:35,15:23,여객,지연,항공기 연결에 의한 지연,B737-900,188,"A,B,C,D"
출발,인천,대한항공,KE643,싱가포르,20251027,14:35,14:35,15:05,여객,출발,,A330-300,272,"A,B,C,D"
출발,인천,진에어,LJ235,간사이,20251027,15:00,15:00,15:34,여객,출발,,B737-800,189,"H,F,G,L"
출발,인천,대한항공,KE437,자카르타(수카르노 하타),20251027,15:05,15:05,15:36,여객,출발,,A330-300,272,"A,B,C,D"
출발,인천,에어부산,BX176,간사이,20251027,15:05,15:05,15:30,여객,출발,,A321,195,"E,F,G,L"
출발,인천,대한항공,KE725,간사이,20251027,15:10,15:10,15:38,여객,출발,,A321neo,182,"A,B,C,D"
출발,인천,진에어,LJ207,도쿄/나리타,20251027,15:15,15:31,15:54,여객,지연,항공기 연결에 의한 지연,B737-800,189,"H,F,G,L"
출발,인천,진에어,LJ737,타이중,20251027,15:20,15:20,15:46,여객,출발,,B737-800,189,"H,F,G,L"
출발,인천,에어부산,BX166,도쿄/나리타,20251027,15:35,15:35,15:57,여객,출발,,A321,195,"E,F,G,L"
출발,인천,진에어,LJ359,다카마쓰,20251027,15:40,15:40,16:09,여객,출발,,B737-800,189,"H,F,G,L"
출발,인천,대한항공,KE2173,고베,20251027,15:50,15:50,16:13,여객,출발,,A321neo,182,"A,B,C,D"
출발,인천,대한항공,KE023,샌프란시스코,20251027,16:00,16:00,16:31,여객,출발,,B777-300ER,277,"A,B,C,D"
출발,인천,대한항공,KE2155,구마모토,20251027,16:00,16:00,16:22,여객,출발,,B737-900,188,"A,B,C,D"
출발,인천,대한항공,KE041,시애틀,20251027,16:10,16:10,16:46,여객,출발,,A330-300,272,"A,B,C,D"
출발,인천,진에어,LJ009,치앙마이,20251027,16:15,16:15,16:59,여객,출발,,B737-800,189,"H,F,G,L"
출발,인천,대한항공,KE431,덴파사(응우라 라이),20251027,16:20,16:20,16:52,여객,출발,,A330-300,272,"A,B,C,D"
출발,인천,대한항공,KE427,쿠알라룸푸르,20251027,16:40,16:40,17:05,여객,출발,,A330-300,272,"A,B,C,D"
출발,인천,에어서울,RS703,도쿄/나리타,20251027,16:40,16:40,17:07,여객,출발,,A321,195,"E,F,G,L"
출발,인천,대한항공,KE485,푸꾸옥,20251027,16:45,17:30,17:50,여객,지연,항공기 연결에 의한 지연,B737-900,188,"A,B,C,D"
출발,인천,진에어,LJ347,나고야,20251027,16:45,17:25,17:38,여객,지연,공항 및 출입국 절차에 의한 지연,B737-800,189,"H,F,G,L"
출발,인천,에어부산,BX727,수안나폼(방콕),20251027,16:50,16:50,17:20,여객,출발,,A321,195,"E,F,G,L"
출발,인천,대한항공,KE713,도쿄/나리타,20251027,16:55,16:55,17:19,여객,출발,,A321neo,182,"A,B,C,D"
출발,인천,진에어,LJ091,푸꾸옥,20251027,17:05,17:05,17:33,여객,출발,,B737-800,189,"H,F,G,L"
출발,인천,진에어,LJ001,수안나폼(방콕),20251027,17:10,17:10,17:47,여객,출발,,B737-800,189,"H,F,G,L"
출발,인천,대한항공,KE491,양곤,20251027,17:15,17:15,18:00,여객,지연,항공기 연결에 의한 지연,B737-900,188,"A,B,C,D"
출발,인천,대한항공,KE433,덴파사(응우라 라이),20251027,17:20,17:20,17:44,여객,출발,,A330-300,272,"A,B,C,D"
출발,인천,대한항공,KE651,수안나폼(방콕),20251027,17:20,18:00,18:20,여객,지연,항공기 연결에 의한 지연,A330-300,272,"A,B,C,D"
출발,인천,진에어,LJ265,후쿠오카,20251027,17:20,17:37,18:04,여객,지연,공항 및 출입국 절차에 의한 지연,B737-800,189,"H,F,G,L"
출발,인천,대한항공,KE677,푸껫,20251027,17:25,17:25,17:42,여객,출발,,B737-900,188,"A,B,C,D"
출발,인천,진에어,LJ919,괌,20251027,17:35,17:35,17:48,여객,출발,,B737-800,189,"H,F,G,L"
출발,인천,대한항공,KE417,괌,20251027,17:45,18:10,18:24,여객,지연,항공기 연결에 의한 지연,B737-900,188,"A,B,C,D"
출발,인천,델타항공,DL188,애틀랜타,20251027,18:00,18:00,18:37,여객,출발,,A350-900,306,"K,F,G,L"
출발,인천,대한항공,KE467,깜라인(나트랑),20251027,18:05,18:25,19:00,여객,지연,항공기 연결에 의한 지연,B737-900,188,"A,B,C,D"
출발,인천,대한항공,KE1407,김해,20251027,18:25,18:25,18:51,여객,출발,,B737-900,188,
출발,인천,대한항공,KE411,오클랜드,20251027,18:25,18:25,18:55,여객,출발,,B787-9,269,"A,B,C,D"
출발,인천,대한항공,KE071,밴쿠버,20251027,18:30,18:30,19:02,여객,출발,,B787-9,269,"A,B,C,D"
출발,인천,대한항공,KE459,다낭,20251027,18:30,18:45,19:24,여객,지연,항공교통흐름에 의한 지연,B737-900,188,"A,B,C,D"
출발,인천,대한항공,KE645,싱가포르,20251027,18:30,18:30,19:12,여객,지연,항공교통흐름에 의한 지연,A330-300,272,"A,B,C,D"
출발,인천,대한항공,KE1431,대구,20251027,18:40,19:00,19:31,여객,지연,항공기 연결에 의한 지연,B737-900,188,
출발,인천,대한항공,KE781,후쿠오카,20251027,18:40,18:40,19:05,여객,출발,,B737-900,188,"A,B,C,D"
출발,인천,대한항공,KE161,쿤밍,20251027,18:45,18:45,19:11,여객,출발,,B737-900,188,"A,B,C,D"
출발,인천,대한항공,KE447,노이바이(하노이),20251027,18:45,19:05,19:37,여객,지연,항공기 연결에 의한 지연,B737-900,188,"A,B,C,D"
출발,인천,대한항공,KE683,치앙마이,20251027,18:45,18:45,19:31,여객,지연,운항 기준 및 승무원 관련 지연,B737-900,188,"A,B,C,D"
출발,인천,대한항공,KE705,도쿄/나리타,20251027,18:45,18:45,19:27,여객,지연,SP,A321neo,182,"A,B,C,D"
출발,인천,대한항공,KE721,간사이,20251027,18:45,19:00,19:33,여객,지연,항공기 연결에 의한 지연,A321neo,182,"A,B,C,D"
출발,인천,대한항공,KE475,떤 선녓(호찌민),20251027,18:50,18:50,19:28,여객,지연,운항 기준 및 승무원 관련 지연,B737-900,188,"A,B,C,D"
출발,인천,대한항공,KE601,세부,20251027,18:50,18:50,19:26,여객,출발,,B737-900,188,"A,B,C,D"
출발,인천,대한항공,KE689,프놈펜,20251027,18:50,19:40,20:10,여객,지연,항공기 연결에 의한 지연,B737-900,188,"A,B,C,D"
출발,인천,대한항공,KE743,나고야,20251027,18:50,18:50,19:23,여객,출발,,A321neo,182,"A,B,C,D"
출발,인천,대한항공,KE401,시드니,20251027,18:55,18:55,19:42,여객,지연,운항 기준 및 승무원 관련 지연,A380-800,407,"A,B,C,D"
출발,인천,대한항공,KE891,푸동,20251027,19:00,19:50,20:18,여객,지연,항공기 연결에 의한 지연,A330-300,272,"A,B,C,D"
출발,인천,대한항공,KE623,마닐라,20251027,19:05,19:05,19:44,여객,지연,운항 기준 및 승무원 관련 지연,B737-900,188,"A,B,C,D"
출발,인천,대한항공,KE653,수안나폼(방콕),20251027,19:05,19:05,19:54,여객,지연,지상조업 관련 지연,A330-300,272,"A,B,C,D"
출발,인천,델타항공,DL26,애틀랜타,20251027,19:25,19:25,19:39,여객,출발,,A350-900,306,"K,F,G,L"
출발,인천,대한항공,KE085,뉴욕,20251027,19:30,19:30,19:56,여객,출발,,B747-8i,368,"A,B,C,D"
출발,인천,델타항공,DL170,미니애폴리스,20251027,19:30,19:30,19:50,여객,출발,,A350-900,306,"K,F,G,L"
출발,인천,에어서울,RS101,괌,20251027,19:30,19:30,19:52,여객,출발,,A321,195,"E,F,G,L"
출발,인천,대한항공,KE1409,김해,20251027,19:35,19:50,20:20,여객,지연,항공기 연결에 의한 지연,B737-900,188,
출발,인천,대한항공,KE479,떤 선녓(호찌민),20251027,19:35,20:11,20:31,여객,지연,항공기 연결에 의한 지연,B737-900,188,"A,B,C,D"
출발,인천,대한항공,KE011,로스앤젤레스,20251027,19:40,19:40,20:12,여객,출발,,A380-800,407,"A,B,C,D"
출발,인천,대한항공,KE407,브리즈번,20251027,19:40,19:40,20:08,여객,출발,,A330-300,272,"A,B,C,D"
출발,인천,진에어,LJ087,깜라인(나트랑),20251027,19:40,19:40,20:16,여객,출발,,B737-800,189,"H,F,G,L"
출발,인천,대한항공,KE8425,괌,20251027,19:45,19:45,20:01,여객,출발,,B737-900,188,"A,B,C,D"
출발,인천,진에어,LJ917,괌,20251027,19:55,20:32,20:40,여객,지연,공항 및 출입국 절차에 의한 지연,B737-800,189,"H,F,G,L"
출발,인천,대한항공,KE2011,홍콩,20251027,20:00,20:00,20:36,여객,출발,,A321neo,182,"A,B,C,D"
출발,인천,에어서울,RS527,깜라인(나트랑),20251027,20:00,20:00,20:50,여객,지연,항공교통흐름에 의한 지연,A321,195,"E,F,G,L"
출발,인천,대한항공,KE625,마닐라,20251027,20:05,20:05,20:38,여객,출발,,B737-900,188,"A,B,C,D"
출발,인천,델타항공,DL196,시애틀,20251027,20:05,20:05,20:26,여객,출발,,A330-900neo,281,"K,F,G,L"
출발,인천,샤먼항공,MF878,푸저우(복주),20251027,20:05,20:05,20:23,여객,출발,,B737-800,168,"J,F,G,L"
출발,인천,중화항공,CI163,타오위안,20251027,20:15,20:25,20:56,여객,지연,항공기 연결에 의한 지연,A330-300,277,"J,F,G,L"
출발,인천,대한항공,KE053,호놀룰루,20251027,20:35,20:35,20:58,여객,출발,,A330-300,272,"A,B,C,D"
출발,인천,대한항공,KE659,수안나폼(방콕),20251027,20:35,20:35,21:11,여객,출발,,B737-900,188,"A,B,C,D"
출발,인천,대한항공,KE751,하네다,20251027,20:40,20:40,21:04,여객,출발,,A321neo,182,"A,B,C,D"
출발,인천,대한항공,KE1451,김해,20251027,20:45,21:50,:,여객,지연,항공기 연결에 의한 지연,B737-900,188,
출발,인천,대한항공,KE863,베이징,20251027,20:50,20:50,21:20,여객,출발,,A330-300,272,"A,B,C,D"
출발,인천,대한항공,KE005,라스베이거스,20251027,21:00,21:00,21:21,여객,출발,,B777-300ER,277,"A,B,C,D"
출발,인천,에어부산,BX7135,팡라로,20251027,21:35,21:35,21:49,여객,출발,,A321,195,"E,F,G,L"
출발,인천,진에어,LJ037,클라크,20251027,21:35,21:35,21:54,여객,출발,,B737-800,189,"H,F,G,L"
출발,인천,대한항공,KE075,밴쿠버,20251027,22:55,23:55,:,여객,지연,항공기 정비에 의한 지연,B787-9,269,"A,B,C,D"
출발,인천,스칸디나비아항공,SK988,코펜하겐,20251028,00:05,23:45,00:07,여객,출발,,A350-900,300,"K,F,G,L"
출발,인천,대한항공,KE647,싱가포르,20251028,00:45,08:00,08:38,여객,지연,항공기 연결에 의한 지연,B777-300ER,277,"A,B,C,D"
출발,인천,진에어,LJ261,후쿠오카,20251028,06:50,06:50,07:15,여객,출발,,B737-800,189,"H,F,G,L"
출발,인천,대한항공,KE1401,김해,20251028,07:00,07:15,07:48,여객,지연,항공교통흐름에 의한 지연,B737-900,188,
출발,인천,에어부산,BX156,후쿠오카,20251028,07:15,07:15,07:29,여객,출발,,A321,195,"E,F,G,L"
출발,인천,에어서울,RS711,간사이,20251028,07:15,07:15,07:37,여객,출발,,A321,195,"E,F,G,L"
출발,인천,에어서울,RS723,후쿠오카,20251028,07:20,07:20,07:40,여객,출발,,A321,195,"E,F,G,L"
출발,인천,진에어,LJ201,도쿄/나리타,20251028,07:25,07:25,07:44,여객,출발,,B737-800,189,"H,F,G,L"
출발,인천,에어부산,BX164,도쿄/나리타,20251028,07:35,07:35,07:47,여객,출발,,A321,195,"E,F,G,L"
출발,인천,대한항공,KE621,마닐라,20251028,07:40,08:47,09:04,여객,지연,항공기 정비에 의한 지연,B737-900,188,"A,B,C,D"
출발,인천,진에어,LJ345,나고야,20251028,07:40,07:40,08:02,여객,출발,,B737-800,189,"H,F,G,L"
출발,인천,대한항공,KE2189,고마쓰,20251028,07:50,07:50,08:08,여객,출발,,B737-900,188,"A,B,C,D"
출발,인천,대한항공,KE787,후쿠오카,20251028,07:50,07:50,08:16,여객,출발,,B737-900,188,"A,B,C,D"
출발,인천,진에어,LJ735,타이중,20251028,07:50,07:50,08:10,여객,출발,,B737-800,189,"H,F,G,L"
출발,인천,대한항공,KE859,베이징,20251028,07:55,07:55,08:16,여객,출발,,B777-300ER,277,"A,B,C,D"
출발,인천,대한항공,KE2191,나가사키,20251028,08:00,08:00,08:25,여객,출발,,B737-900,188,"A,B,C,D"
출발,인천,대한항공,KE441,노이바이(하노이),20251028,08:00,08:00,08:23,여객,출발,,A330-300,272,"A,B,C,D"
출발,인천,진에어,LJ231,간사이,20251028,08:00,08:00,08:18,여객,출발,,B737-800,189,"H,F,G,L"
출발,인천,진에어,LJ217,도쿄/나리타,20251028,08:05,08:05,08:24,여객,출발,,B737-800,189,"H,F,G,L"
출발,인천,대한항공,KE2001,홍콩,20251028,08:10,08:10,08:36,여객,출발,,A321neo,182,"A,B,C,D"
출발,인천,대한항공,KE835,선전(심천),20251028,08:15,08:58,09:14,여객,지연,항공기 연결에 의한 지연,B737-900,188,"A,B,C,D"
출발,인천,대한항공,KE2171,고베,20251028,08:25,08:25,08:47,여객,출발,,A321neo,182,"A,B,C,D"
출발,인천,대한항공,KE881,푸동,20251028,08:25,08:25,08:54,여객,출발,,A330-300,272,"A,B,C,D"
출발,인천,진에어,LJ301,삿포로,20251028,08:35,08:35,08:50,여객,출발,,B737-800,189,"H,F,G,L"
출발,인천,대한항공,KE2179,가고시마,20251028,08:45,08:45,09:09,여객,출발,,B737-900,188,"A,B,C,D"
출발,인천,대한항공,KE831,심양,20251028,08:45,08:45,08:57,여객,출발,,B737-900,188,"A,B,C,D"
출발,인천,에어서울,RS741,다카마쓰,20251028,08:45,09:35,09:52,여객,지연,항공기 연결에 의한 지연,A321,195,"E,F,G,L"
출발,인천,대한항공,KE723,간사이,20251028,08:50,08:50,09:07,여객,출발,,A321neo,182,"A,B,C,D"
출발,인천,대한항공,KE841,청도,20251028,08:55,08:55,09:08,여객,출발,,B737-900,188,"A,B,C,D"
출발,인천,대한항공,KE867,광저우,20251028,08:55,08:55,09:24,여객,출발,,A330-300,272,"A,B,C,D"
출발,인천,진에어,LJ233,간사이,20251028,08:55,08:55,09:12,여객,출발,,B737-800,189,"H,F,G,L"
출발,인천,대한항공,KE155,허페이,20251028,09:00,09:24,09:42,여객,지연,항공기 정비에 의한 지연,B737-900,188,"A,B,C,D"
출발,인천,대한항공,KE2021,타오위안,20251028,09:00,09:37,09:58,여객,지연,항공기 연결에 의한 지연,A321neo,182,"A,B,C,D"
출발,인천,대한항공,KE133,정저우,20251028,09:05,09:39,10:00,여객,지연,기상에 의한 지연,B737-900,188,"A,B,C,D"
출발,인천,대한항공,KE091,보스턴,20251028,09:10,09:10,09:25,여객,출발,,B787-9,269,"A,B,C,D"
출발,인천,대한항공,KE471,떤 선녓(호찌민),20251028,09:10,10:07,10:08,여객,지연,항공교통흐름에 의한 지연,B737-900,188,"A,B,C,D"
출발,인천,에어부산,BX172,간사이,20251028,09:10,09:10,09:31,여객,출발,,A321,195,"E,F,G,L"
출발,인천,대한항공,KE415,괌,20251028,09:15,09:15,09:40,여객,출발,,B737-900,188,"A,B,C,D"
출발,인천,대한항공,KE657,수안나폼(방콕),20251028,09:15,09:15,09:50,여객,출발,,A330-300,272,"A,B,C,D"
출발,인천,대한항공,KE811,시안,20251028,09:15,09:15,09:38,여객,출발,,B737-900,188,"A,B,C,D"
출발,인천,델타항공,DL158,디트로이트,20251028,09:35,09:35,09:37,여객,출발,,A350-900,306,"K,F,G,L"
출발,인천,대한항공,KE1403,김해,20251028,09:40,09:40,10:02,여객,출발,,B737-900,188,
출발,인천,진에어,LJ731,타오위안,20251028,09:40,09:40,10:10,여객,출발,,B737-800,189,"H,F,G,L"
출발,인천,진에어,LJ913,괌,20251028,09:40,09:40,10:00,여객,출발,,B737-800,189,"H,F,G,L"
출발,인천,대한항공,KE035,애틀랜타,20251028,09:45,10:27,10:27,여객,지연,기타 원인에 의한 지연,B777-300ER,277,"A,B,C,D"
출발,인천,진에어,LJ361,이시가키,20251028,09:50,09:50,10:12,여객,출발,,B737-800,189,"H,F,G,L"
출발,인천,대한항공,KE703,도쿄/나리타,20251028,09:55,09:55,10:11,여객,출발,,A321neo,182,"A,B,C,D"
출발,인천,대한항공,KE081,뉴욕,20251028,10:00,10:43,10:49,여객,지연,항공교통흐름에 의한 지연,A380-800,407,"A,B,C,D"
출발,인천,대한항공,KE077,토론토,20251028,10:05,10:05,10:34,여객,출발,,B777-300ER,277,"A,B,C,D"
출발,인천,대한항공,KE125,샤먼 가오치,20251028,10:05,10:05,10:24,여객,출발,,B737-900,188,"A,B,C,D"
출발,인천,대한항공,KE127,푸저우(복주),20251028,10:05,10:05,10:31,여객,출발,,B737-900,188,"A,B,C,D"
출발,인천,대한항공,KE2197,니가타,20251028,10:05,10:05,10:30,여객,출발,,B737-900,188,"A,B,C,D"
출발,인천,대한항공,KE765,삿포로,20251028,10:05,10:05,10:16,여객,출발,,B737-900,188,"A,B,C,D"
출발,인천,진에어,LJ341,오키나와,20251028,10:10,10:10,10:39,여객,출발,,B737-800,189,"H,F,G,L"
출발,인천,대한항공,KE093,워싱톤,20251028,10:15,10:15,10:43,여객,출발,,B777-300ER,277,"A,B,C,D"
출발,인천,대한항공,KE805,천진,20251028,10:15,10:15,10:46,여객,출발,,B737-900,188,"A,B,C,D"
출발,인천,진에어,LJ205,도쿄/나리타,20251028,10:20,10:20,10:55,여객,출발,,B737-800,189,"H,F,G,L"
출발,인천,가루다인도네시아,GA879,자카르타(수카르노 하타),20251028,10:35,10:35,10:51,여객,출발,,A330-900neo,301,"J,F,G,L"
출발,인천,대한항공,KE741,나고야,20251028,10:35,10:35,11:08,여객,출발,,A321neo,182,"A,B,C,D"
출발,인천,대한항공,KE037,시카고,20251028,10:40,10:56,11:17,여객,지연,항공교통흐름에 의한 지연,B777-300ER,277,"A,B,C,D"
출발,인천,대한항공,KE2015,마카오,20251028,10:40,11:10,11:35,여객,지연,항공기 정비에 의한 지연,A321neo,182,"A,B,C,D"
출발,인천,대한항공,KE907,런던히드로,20251028,10:40,10:40,11:06,여객,출발,,A380-800,407,"A,B,C,D"
출발,인천,대한항공,KE791,후쿠오카,20251028,10:50,10:50,11:09,여객,출발,,B737-900,188,"A,B,C,D"
출발,인천,대한항공,KE727,간사이,20251028,11:05,11:05,11:23,여객,출발,,A321neo,182,"A,B,C,D"
출발,인천,대한항공,KE887,푸동,20251028,11:10,11:10,11:39,여객,출발,,B777-300ER,277,"A,B,C,D"
출발,인천,에어부산,BX158,후쿠오카,20251028,11:15,11:15,11:28,여객,출발,,A321,195,"E,F,G,L"
출발,인천,대한항공,KE945,프랑크푸르트,20251028,11:25,11:25,11:51,여객,출발,,A380-800,407,"A,B,C,D"
출발,인천,가루다인도네시아,GA871,덴파사(응우라 라이),20251028,11:35,11:35,11:47,여객,출발,,A330-300,251,"J,F,G,L"
출발,인천,중화항공,CI165,가오슝,20251028,12:00,12:00,12:29,여객,출발,,A321neo,180,"J,F,G,L"
출발,인천,진에어,LJ263,후쿠오카,20251028,12:00,12:00,12:33,여객,출발,,B737-800,189,"H,F,G,L"
출발,인천,대한항공,KE901,파리,20251028,12:05,12:05,12:36,여객,출발,,B777-300ER,277,"A,B,C,D"
출발,인천,대한항공,KE913,마드리드,20251028,12:10,12:10,12:47,여객,출발,,B787-9,269,"A,B,C,D"
출발,인천,대한항공,KE925,암스테르담,20251028,12:10,12:10,12:41,여객,출발,,B777-300ER,277,"A,B,C,D"
출발,인천,에어서울,RS811,장가계,20251028,12:10,12:10,12:52,여객,지연,기타 원인에 의한 지연,A321,195,"E,F,G,L"
출발,인천,중화항공,CI161,타오위안,20251028,12:30,12:59,13:23,여객,지연,항공기 연결에 의한 지연,A330-300,277,"J,F,G,L"
출발,인천,에어 프랑스,AF267,파리,20251028,12:40,12:40,13:09,여객,출발,,B777-300ER,296,"M,F,G,L"
출발,인천,에어부산,BX174,간사이,20251028,12:40,12:40,13:16,여객,출발,,A321,195,"E,F,G,L"
출발,인천,대한항공,KE873,대련,20251028,12:50,12:50,13:18,여객,출발,,B737-900,188,"A,B,C,D"
출발,인천,대한항공,KE843,청도,20251028,12:55,12:55,13:27,여객,출발,,B737-900,188,"A,B,C,D"
출발,인천,대한항공,KE695,카트만두,20251028,13:00,13:00,13:31,여객,출발,,A330-300,272,"A,B,C,D"
출발,인천,대한항공,KE951,두바이,20251028,13:00,13:20,13:54,여객,지연,항공기 연결에 의한 지연,B777-300ER,277,"A,B,C,D"
출발,인천,샤먼항공,MF872,샤먼 가오치,20251028,13:20,13:20,13:47,여객,출발,,B737-800,168,"J,F,G,L"
출발,인천,대한항공,KE711,도쿄/나리타,20251028,13:25,13:25,14:42,여객,지연,항공기 연결에 의한 지연,A321neo,182,"A,B,C,D"
출발,인천,에어서울,RS715,간사이,20251028,13:30,13:30,14:13,여객,지연,공항 및 출입국 절차에 의한 지연,A321,195,"E,F,G,L"
출발,인천,대한항공,KE2005,홍콩,20251028,13:45,13:45,14:23,여객,지연,항공교통흐름에 의한 지연,A321neo,182,"A,B,C,D"
출발,인천,대한항공,KE1405,김해,20251028,14:00,14:00,14:32,여객,출발,,B737-900,188,
출발,인천,대한항공,KE2031,타이중,20251028,14:15,14:15,14:48,여객,출발,,A321neo,182,"A,B,C,D"
출발,인천,대한항공,KE833,심양,20251028,14:25,14:25,14:53,여객,출발,,B737-900,188,"A,B,C,D"
출발,인천,에어서울,RS727,후쿠오카,20251028,14:25,14:25,15:18,여객,지연,항공기 연결에 의한 지연,A321,195,"E,F,G,L"
출발,인천,대한항공,KE017,로스앤젤레스,20251028,14:30,14:30,15:10,여객,지연,항공교통흐름에 의한 지연,B747-8i,368,"A,B,C,D"
출발,인천,대한항공,KE2147,오키나와,20251028,14:35,14:35,15:23,여객,지연,항공교통흐름에 의한 지연,B737-900,188,"A,B,C,D"
출발,인천,대한항공,KE643,싱가포르,20251028,14:35,14:35,15:15,여객,지연,항공교통흐름에 의한 지연,A330-300,272,"A,B,C,D"
출발,인천,진에어,LJ235,간사이,20251028,15:00,15:16,15:39,여객,지연,공항 및 출입국 절차에 의한 지연,B737-800,189,"H,F,G,L"
출발,인천,대한항공,KE437,자카르타(수카르노 하타),20251028,15:05,15:05,15:52,여객,지연,항공교통흐름에 의한 지연,A330-300,272,"A,B,C,D"
출발,인천,에어부산,BX176,간사이,20251028,15:05,15:05,15:43,여객,출발,,A321,195,"E,F,G,L"
출발,인천,대한항공,KE725,간사이,20251028,15:10,15:10,15:47,여객,출발,,A321neo,182,"A,B,C,D"
출발,인천,진에어,LJ207,도쿄/나리타,20251028,15:15,15:15,15:54,여객,출발,,B737-800,189,"H,F,G,L"
출발,인천,진에어,LJ737,타이중,20251028,15:20,15:20,15:56,여객,출발,,B737-800,189,"H,F,G,L"
출발,인천,에어부산,BX166,도쿄/나리타,20251028,15:35,15:35,16:00,여객,출발,,A321,195,"E,F,G,L"
출발,인천,대한항공,KE2173,고베,20251028,15:50,15:50,16:22,여객,출발,,A321neo,182,"A,B,C,D"
출발,인천,대한항공,KE023,샌프란시스코,20251028,16:00,16:00,16:31,여객,출발,,B777-300ER,277,"A,B,C,D"
출발,인천,대한항공,KE2155,구마모토,20251028,16:00,16:00,16:20,여객,출발,,B737-900,188,"A,B,C,D"
출발,인천,대한항공,KE041,시애틀,20251028,16:10,16:10,16:39,여객,출발,,A330-300,272,"A,B,C,D"
출발,인천,진에어,LJ349,기타규슈,20251028,16:10,16:10,16:34,여객,출발,,B737-800,189,"H,F,G,L"
출발,인천,대한항공,KE2027,타오위안,20251028,16:20,16:20,17:00,여객,출발,,A321neo,182,"A,B,C,D"
출발,인천,대한항공,KE431,덴파사(응우라 라이),20251028,16:20,16:20,16:55,여객,출발,,A330-300,272,"A,B,C,D"
출발,인천,대한항공,KE427,쿠알라룸푸르,20251028,16:40,16:40,17:06,여객,출발,,A330-300,272,"A,B,C,D"
출발,인천,에어서울,RS703,도쿄/나리타,20251028,16:40,16:40,17:08,여객,출발,,A321,195,"E,F,G,L"
출발,인천,대한항공,KE485,푸꾸옥,20251028,16:45,16:45,17:04,여객,출발,,B737-900,188,"A,B,C,D"
출발,인천,진에어,LJ347,나고야,20251028,16:45,17:15,17:28,여객,지연,공항 및 출입국 절차에 의한 지연,B737-800,189,"H,F,G,L"
출발,인천,에어부산,BX727,수안나폼(방콕),20251028,16:50,16:50,17:11,여객,출발,,A321,195,"E,F,G,L"
출발,인천,진에어,LJ009,치앙마이,20251028,16:50,17:20,17:43,여객,지연,항공기 연결에 의한 지연,B737-800,189,"H,F,G,L"
출발,인천,대한항공,KE713,도쿄/나리타,20251028,16:55,16:55,17:13,여객,출발,,A321neo,182,"A,B,C,D"
출발,인천,진에어,LJ091,푸꾸옥,20251028,17:05,17:05,17:38,여객,출발,,B737-800,189,"H,F,G,L"
출발,인천,대한항공,KE433,덴파사(응우라 라이),20251028,17:10,17:25,17:57,여객,지연,항공기 연결에 의한 지연,A330-300,272,"A,B,C,D"
출발,인천,진에어,LJ001,수안나폼(방콕),20251028,17:10,17:10,17:35,여객,출발,,B737-800,189,"H,F,G,L"
출발,인천,대한항공,KE651,수안나폼(방콕),20251028,17:20,18:00,18:51,여객,지연,항공기 연결에 의한 지연,A330-300,272,"A,B,C,D"
출발,인천,진에어,LJ265,후쿠오카,20251028,17:20,17:20,17:45,여객,출발,,B737-800,189,"H,F,G,L"
출발,인천,대한항공,KE677,푸껫,20251028,17:25,17:25,18:04,여객,지연,항공기 연결에 의한 지연,B737-900,188,"A,B,C,D"
출발,인천,진에어,LJ919,괌,20251028,17:35,17:35,17:47,여객,출발,,B737-800,189,"H,F,G,L"
출발,인천,대한항공,KE417,괌,20251028,17:45,17:45,17:58,여객,출발,,B737-900,188,"A,B,C,D"
출발,인천,델타항공,DL188,애틀랜타,20251028,18:00,18:30,:,여객,지연,항공기 연결에 의한 지연,A350-900,306,"K,F,G,L"
출발,인천,대한항공,KE467,깜라인(나트랑),20251028,18:05,18:05,18:28,여객,출발,,B737-900,188,"A,B,C,D"
출발,인천,대한항공,KE1407,김해,20251028,18:25,18:25,19:02,여객,지연,항공교통흐름에 의한 지연,B737-900,188,
출발,인천,대한항공,KE411,오클랜드,20251028,18:25,18:25,18:48,여객,출발,,B787-9,269,"A,B,C,D"
출발,인천,대한항공,KE071,밴쿠버,20251028,18:30,18:30,19:06,여객,출발,,B787-9,269,"A,B,C,D"
출발,인천,대한항공,KE459,다낭,20251028,18:30,18:30,19:03,여객,지연,항공기 연결에 의한 지연,B737-900,188,"A,B,C,D"
출발,인천,대한항공,KE645,싱가포르,20251028,18:30,18:30,19:12,여객,지연,항공기 연결에 의한 지연,A330-300,272,"A,B,C,D"
출발,인천,대한항공,KE1431,대구,20251028,18:40,18:55,19:22,여객,지연,항공기 연결에 의한 지연,B737-900,188,
출발,인천,대한항공,KE781,후쿠오카,20251028,18:40,18:40,19:12,여객,출발,,B737-900,188,"A,B,C,D"
출발,인천,대한항공,KE447,노이바이(하노이),20251028,18:45,19:05,19:22,여객,지연,항공기 연결에 의한 지연,B737-900,188,"A,B,C,D"
출발,인천,대한항공,KE683,치앙마이,20251028,18:45,19:00,19:40,여객,지연,항공기 연결에 의한 지연,B737-900,188,"A,B,C,D"
출발,인천,대한항공,KE705,도쿄/나리타,20251028,18:45,18:45,19:29,여객,지연,지상조업 관련 지연,A321neo,182,"A,B,C,D"
출발,인천,대한항공,KE721,간사이,20251028,18:45,18:45,19:26,여객,지연,항공기 연결에 의한 지연,A321neo,182,"A,B,C,D"
출발,인천,대한항공,KE475,떤 선녓(호찌민),20251028,18:50,18:50,19:37,여객,지연,항공기 연결에 의한 지연,B737-900,188,"A,B,C,D"
출발,인천,대한항공,KE601,세부,20251028,18:50,18:50,19:20,여객,출발,,B737-900,188,"A,B,C,D"
출발,인천,대한항공,KE689,프놈펜,20251028,18:50,18:50,19:17,여객,출발,,B737-900,188,"A,B,C,D"
출발,인천,대한항공,KE743,나고야,20251028,18:50,18:50,19:17,여객,출발,,A321neo,182,"A,B,C,D"
출발,인천,대한항공,KE401,시드니,20251028,18:55,19:25,19:52,여객,지연,항공기 연결에 의한 지연,A380-800,407,"A,B,C,D"
출발,인천,대한항공,KE891,푸동,20251028,19:00,19:00,19:27,여객,출발,,A330-300,272,"A,B,C,D"
출발,인천,대한항공,KE623,마닐라,20251028,19:05,19:05,19:48,여객,지연,지상조업 관련 지연,B737-900,188,"A,B,C,D"
출발,인천,대한항공,KE653,수안나폼(방콕),20251028,19:05,19:05,19:30,여객,출발,,A330-300,272,"A,B,C,D"
출발,인천,대한항공,KE163,장가계,20251028,19:20,19:20,19:34,여객,출발,,B737-900,188,"A,B,C,D"
출발,인천,델타항공,DL26,애틀랜타,20251028,19:25,19:25,19:54,여객,출발,,A350-900,306,"K,F,G,L"
출발,인천,대한항공,KE085,뉴욕,20251028,19:30,19:30,20:10,여객,지연,항공기 연결에 의한 지연,B747-8i,368,"A,B,C,D"
출발,인천,델타항공,DL170,미니애폴리스,20251028,19:30,19:30,19:44,여객,출발,,A350-900,306,"K,F,G,L"
출발,인천,에어서울,RS101,괌,20251028,19:30,19:30,20:13,여객,지연,공항 및 출입국 절차에 의한 지연,A321,195,"E,F,G,L"
출발,인천,대한항공,KE1409,김해,20251028,19:35,19:35,20:19,여객,지연,항공교통흐름에 의한 지연,B737-900,188,
출발,인천,대한항공,KE011,로스앤젤레스,20251028,19:40,19:40,20:20,여객,지연,항공기 연결에 의한 지연,A380-800,407,"A,B,C,D"
출발,인천,델타항공,DL172,솔트레이크시티,20251028,19:40,19:40,20:03,여객,출발,,A350-900,306,"K,F,G,L"
출발,인천,진에어,LJ087,깜라인(나트랑),20251028,19:40,19:40,20:14,여객,출발,,B737-800,189,"H,F,G,L"
출발,인천,대한항공,KE8425,괌,20251028,19:45,19:45,20:25,여객,출발,,B737-900,188,"A,B,C,D"
출발,인천,진에어,LJ917,괌,20251028,19:55,19:55,20:35,여객,출발,,B737-800,189,"H,F,G,L"
출발,인천,대한항공,KE2011,홍콩,20251028,20:00,20:00,20:36,여객,출발,,A321neo,182,"A,B,C,D"
출발,인천,에어서울,RS527,깜라인(나트랑),20251028,20:00,20:00,20:33,여객,출발,,A321,195,"E,F,G,L"
출발,인천,델타항공,DL196,시애틀,20251028,20:05,20:05,20:44,여객,출발,,A330-900neo,281,"K,F,G,L"
출발,인천,샤먼항공,MF878,푸저우(복주),20251028,20:05,20:05,20:29,여객,출발,,B737-800,168,"J,F,G,L"
출발,인천,중화항공,CI163,타오위안,20251028,20:15,20:36,21:00,여객,지연,항공교통흐름에 의한 지연,A330-300,277,"J,F,G,L"
출발,인천,대한항공,KE053,호놀룰루,20251028,20:35,20:35,21:08,여객,출발,,A330-300,272,"A,B,C,D"
출발,인천,대한항공,KE659,수안나폼(방콕),20251028,20:35,20:35,21:10,여객,출발,,B737-900,188,"A,B,C,D"
출발,인천,대한항공,KE751,하네다,20251028,20:40,20:55,21:27,여객,지연,항공기 연결에 의한 지연,A321neo,182,"A,B,C,D"
출발,인천,대한항공,KE863,베이징,20251028,20:50,20:50,21:25,여객,지연,항공기 정비에 의한 지연,A330-300,272,"A,B,C,D"
출발,인천,대한항공,KE005,라스베이거스,20251028,21:00,21:00,21:35,여객,출발,,B777-300ER,277,"A,B,C,D"
출발,인천,에어부산,BX7135,팡라로,20251028,21:35,21:35,21:54,여객,출발,,A321,195,"E,F,G,L"
출발,인천,진에어,LJ037,클라크,20251028,21:35,21:35,22:05,여객,출발,,B737-800,189,"H,F,G,L"
출발,인천,네덜란드항공,KL856,암스테르담,20251028,23:05,23:05,23:19,여객,출발,,B787-9,294,"M,F,G,L"
출발,인천,대한항공,KE647D,싱가포르,20251028,23:15,23:15,23:38,여객,출발,,A330-300,272,"A,B,C,D"
출발,인천,진에어,LJ261,후쿠오카,20251029,06:50,06:50,07:04,여객,출발,,B737-800,189,"H,F,G,L"
출발,인천,대한항공,KE1401,김해,20251029,07:00,07:00,07:19,여객,출발,,B737-900,188,
출발,인천,에어부산,BX156,후쿠오카,20251029,07:15,07:15,07:33,여객,출발,,A321,195,"E,F,G,L"
출발,인천,에어서울,RS711,간사이,20251029,07:15,07:15,07:39,여객,출발,,A321,195,"E,F,G,L"
출발,인천,진에어,LJ201,도쿄/나리타,20251029,07:25,07:25,07:57,여객,출발,,B737-800,189,"H,F,G,L"
출발,인천,에어부산,BX164,도쿄/나리타,20251029,07:35,07:35,08:27,여객,지연,운항 기준 및 승무원 관련 지연,A321,195,"E,F,G,L"
출발,인천,대한항공,KE621,마닐라,20251029,07:40,07:40,08:11,여객,출발,,B737-900,188,"A,B,C,D"
출발,인천,진에어,LJ345,나고야,20251029,07:40,07:40,08:15,여객,출발,,B737-800,189,"H,F,G,L"
출발,인천,대한항공,KE2041,칭기즈칸(신 울란바토르) 국제공항,20251029,07:45,07:45,08:13,여객,출발,,B737-900,188,"A,B,C,D"
출발,인천,대한항공,KE787,후쿠오카,20251029,07:50,07:50,08:17,여객,출발,,B737-900,188,"A,B,C,D"
출발,인천,진에어,LJ735,타이중,20251029,07:50,07:50,08:23,여객,출발,,B737-800,189,"H,F,G,L"
출발,인천,대한항공,KE859,베이징,20251029,07:55,07:55,08:25,여객,출발,,B777-300ER,277,"A,B,C,D"
출발,인천,대한항공,KE2185,오카야마,20251029,08:00,08:00,08:46,여객,지연,항공교통흐름에 의한 지연,B737-900,188,"A,B,C,D"
출발,인천,대한항공,KE441,노이바이(하노이),20251029,08:00,08:00,08:27,여객,출발,,A330-300,272,"A,B,C,D"
출발,인천,진에어,LJ231,간사이,20251029,08:00,08:00,08:23,여객,출발,,B737-800,189,"H,F,G,L"
출발,인천,진에어,LJ357,시모지시마,20251029,08:00,08:00,08:29,여객,출발,,B737-800,189,"H,F,G,L"
출발,인천,진에어,LJ217,도쿄/나리타,20251029,08:05,08:05,08:36,여객,출발,,B737-800,189,"H,F,G,L"
출발,인천,대한항공,KE2001,홍콩,20251029,08:10,08:40,08:54,여객,지연,항공기 정비에 의한 지연,A321neo,182,"A,B,C,D"
출발,인천,에어서울,RS705,도쿄/나리타,20251029,08:10,08:10,08:52,여객,지연,공항 및 출입국 절차에 의한 지연,A321,195,"E,F,G,L"
출발,인천,에어서울,RS723,후쿠오카,20251029,08:10,08:10,08:31,여객,출발,,A321,195,"E,F,G,L"
출발,인천,대한항공,KE835,선전(심천),20251029,08:15,08:15,08:41,여객,출발,,B737-900,188,"A,B,C,D"
출발,인천,대한항공,KE2171,고베,20251029,08:25,08:25,08:55,여객,출발,,A321neo,182,"A,B,C,D"
출발,인천,대한항공,KE881,푸동,20251029,08:25,08:25,08:52,여객,출발,,A330-300,272,"A,B,C,D"
출발,인천,진에어,LJ301,삿포로,20251029,08:35,08:35,09:02,여객,출발,,B737-800,189,"H,F,G,L"
출발,인천,대한항공,KE2179,가고시마,20251029,08:45,08:45,09:09,여객,출발,,B737-900,188,"A,B,C,D"
출발,인천,대한항공,KE831,심양,20251029,08:45,08:45,08:57,여객,출발,,B737-900,188,"A,B,C,D"
출발,인천,에어서울,RS741,다카마쓰,20251029,08:45,08:45,09:14,여객,출발,,A321,195,"E,F,G,L"
출발,인천,대한항공,KE723,간사이,20251029,08:50,09:50,10:04,여객,지연,항공기 연결에 의한 지연,A321neo,182,"A,B,C,D"
출발,인천,대한항공,KE819,창사(장사),20251029,08:55,08:55,09:28,여객,출발,,B737-900,188,"A,B,C,D"
출발,인천,대한항공,KE841,청도,20251029,08:55,08:55,09:11,여객,출발,,B737-900,188,"A,B,C,D"
출발,인천,대한항공,KE867,광저우,20251029,08:55,08:55,09:16,여객,출발,,A330-300,272,"A,B,C,D"
출발,인천,진에어,LJ233,간사이,20251029,08:55,08:55,09:11,여객,출발,,B737-800,189,"H,F,G,L"
출발,인천,대한항공,KE2021,타오위안,20251029,09:00,09:00,09:30,여객,출발,,A321neo,182,"A,B,C,D"
출발,인천,대한항공,KE091,보스턴,20251029,09:10,09:10,09:34,여객,출발,,B787-9,269,"A,B,C,D"
출발,인천,대한항공,KE471,떤 선녓(호찌민),20251029,09:10,10:23,10:23,여객,지연,항공교통흐름에 의한 지연,B737-900,188,"A,B,C,D"
출발,인천,에어부산,BX172,간사이,20251029,09:10,09:10,09:41,여객,지연,기타 원인에 의한 지연,A321,195,"E,F,G,L"
출발,인천,대한항공,KE165,우한,20251029,09:15,09:15,09:44,여객,출발,,B737-900,188,"A,B,C,D"
출발,인천,대한항공,KE415,괌,20251029,09:15,09:15,09:42,여객,출발,,B737-900,188,"A,B,C,D"
출발,인천,대한항공,KE657,수안나폼(방콕),20251029,09:15,09:15,09:41,여객,출발,,A330-300,272,"A,B,C,D"
출발,인천,대한항공,KE811,시안,20251029,09:15,09:50,09:51,여객,지연,항공교통흐름에 의한 지연,B737-900,188,"A,B,C,D"
출발,인천,대한항공,KE107,항저우,20251029,09:20,09:20,09:53,여객,출발,,A321neo,182,"A,B,C,D"
출발,인천,델타항공,DL158,디트로이트,20251029,09:35,09:35,09:45,여객,출발,,A350-900,306,"K,F,G,L"
출발,인천,대한항공,KE1403,김해,20251029,09:40,09:40,09:54,여객,출발,,B737-900,188,
출발,인천,진에어,LJ731,타오위안,20251029,09:40,09:40,10:03,여객,출발,,B737-800,189,"H,F,G,L"
출발,인천,진에어,LJ913,괌,20251029,09:40,09:40,09:50,여객,출발,,B737-800,189,"H,F,G,L"
출발,인천,대한항공,KE035,애틀랜타,20251029,09:45,09:45,10:07,여객,출발,,B777-300ER,277,"A,B,C,D"
출발,인천,대한항공,KE703,도쿄/나리타,20251029,09:55,09:55,10:13,여객,출발,,A321neo,182,"A,B,C,D"
출발,인천,대한항공,KE081,뉴욕,20251029,10:00,10:52,10:52,여객,지연,항공교통흐름에 의한 지연,A380-800,407,"A,B,C,D"
출발,인천,대한항공,KE077,토론토,20251029,10:05,10:05,10:26,여객,출발,,B777-300ER,277,"A,B,C,D"
출발,인천,대한항공,KE125,샤먼 가오치,20251029,10:05,10:05,10:20,여객,출발,,B737-900,188,"A,B,C,D"
출발,인천,대한항공,KE765,삿포로,20251029,10:05,10:05,10:19,여객,출발,,B737-900,188,"A,B,C,D"
출발,인천,진에어,LJ341,오키나와,20251029,10:10,10:28,10:49,여객,지연,항공기 정비에 의한 지연,B737-800,189,"H,F,G,L"
출발,인천,대한항공,KE093,워싱톤,20251029,10:15,10:15,10:44,여객,출발,,B777-300ER,277,"A,B,C,D"
출발,인천,대한항공,KE805,천진,20251029,10:15,11:02,11:02,여객,지연,항공교통흐름에 의한 지연,B737-900,188,"A,B,C,D"
출발,인천,대한항공,KE031,댈러스,20251029,10:20,10:20,10:39,여객,출발,,B787-9,269,"A,B,C,D"
출발,인천,대한항공,KE2193,아오모리,20251029,10:20,10:20,10:41,여객,출발,,B737-900,188,"A,B,C,D"
출발,인천,진에어,LJ205,도쿄/나리타,20251029,10:20,10:20,10:47,여객,출발,,B737-800,189,"H,F,G,L"
출발,인천,가루다인도네시아,GA879,자카르타(수카르노 하타),20251029,10:35,10:35,10:57,여객,출발,,A330-900neo,301,"J,F,G,L"
출발,인천,대한항공,KE741,나고야,20251029,10:35,10:35,10:59,여객,출발,,A321neo,182,"A,B,C,D"
출발,인천,대한항공,KE037,시카고,20251029,10:40,10:40,11:02,여객,출발,,B777-300ER,277,"A,B,C,D"
출발,인천,대한항공,KE101,남경,20251029,10:40,10:40,10:52,여객,출발,,A321neo,182,"A,B,C,D"
출발,인천,대한항공,KE2015,마카오,20251029,10:40,11:29,11:29,여객,지연,항공교통흐름에 의한 지연,A321neo,182,"A,B,C,D"
출발,인천,대한항공,KE907,런던히드로,20251029,10:40,10:40,11:07,여객,출발,,A380-800,407,"A,B,C,D"
출발,인천,대한항공,KE791,후쿠오카,20251029,10:50,10:50,11:08,여객,출발,,B737-900,188,"A,B,C,D"
출발,인천,대한항공,KE969,프라하,20251029,10:50,10:50,11:17,여객,출발,,B787-9,269,"A,B,C,D"
출발,인천,대한항공,KE727,간사이,20251029,11:05,11:05,11:25,여객,출발,,A321neo,182,"A,B,C,D"
출발,인천,대한항공,KE855,베이징,20251029,11:10,12:10,:,여객,지연,항공기 연결에 의한 지연,A330-300,272,"A,B,C,D"
출발,인천,대한항공,KE887,푸동,20251029,11:10,11:10,11:43,여객,출발,,B777-300ER,277,"A,B,C,D"
출발,인천,에어부산,BX158,후쿠오카,20251029,11:15,11:15,11:18,여객,출발,,A321,195,"E,F,G,L"
출발,인천,대한항공,KE945,프랑크푸르트,20251029,11:25,11:25,11:50,여객,출발,,A380-800,407,"A,B,C,D"
출발,인천,대한항공,KE937,비엔나,20251029,11:55,12:51,13:11,여객,지연,항공기 정비에 의한 지연,B787-9,269,"A,B,C,D"
출발,인천,중화항공,CI165,가오슝,20251029,12:00,12:00,12:11,여객,출발,,A321neo,180,"J,F,G,L"
출발,인천,진에어,GS7994,천진,20251029,12:00,12:00,12:30,여객,출발,,B737-800,189,"H,F,G,L"
출발,인천,진에어,LJ263,후쿠오카,20251029,12:00,12:00,12:17,여객,출발,,B737-800,189,"H,F,G,L"
출발,인천,대한항공,KE901,파리,20251029,12:05,12:25,12:46,여객,지연,항공교통흐름에 의한 지연,B777-300ER,277,"A,B,C,D"
출발,인천,대한항공,KE927,밀라노,20251029,12:25,12:25,12:52,여객,출발,,B787-9,269,"A,B,C,D"
출발,인천,중화항공,CI161,타오위안,20251029,12:30,12:30,12:59,여객,출발,,A330-300,277,"J,F,G,L"
출발,인천,에어 프랑스,AF267,파리,20251029,12:40,12:40,13:07,여객,출발,,B777-300ER,296,"M,F,G,L"
출발,인천,에어부산,BX174,간사이,20251029,12:40,12:40,12:53,여객,출발,,A321,195,"E,F,G,L"
출발,인천,대한항공,KE497,델리,20251029,12:45,13:06,13:26,여객,지연,항공교통흐름에 의한 지연,B787-9,269,"A,B,C,D"
출발,인천,대한항공,KE873,대련,20251029,12:50,12:50,13:04,여객,출발,,B737-900,188,"A,B,C,D"
출발,인천,대한항공,KE843,청도,20251029,12:55,12:55,13:14,여객,출발,,B737-900,188,"A,B,C,D"
출발,인천,대한항공,KE921,리스본,20251029,13:00,13:37,13:41,여객,지연,항공교통흐름에 의한 지연,B787-9,269,"A,B,C,D"
출발,인천,대한항공,KE951,두바이,20251029,13:00,13:25,14:05,여객,지연,항공기 연결에 의한 지연,B777-300ER,277,"A,B,C,D"
출발,인천,샤먼항공,MF872,샤먼 가오치,20251029,13:20,13:20,13:29,여객,출발,,B737-800,168,"J,F,G,L"
출발,인천,에어서울,RS745,요나고,20251029,13:20,13:20,13:52,여객,출발,,A321,195,"E,F,G,L"
출발,인천,대한항공,KE711,도쿄/나리타,20251029,13:25,14:44,14:31,여객,지연,항공기 정비에 의한 지연,A321neo,182,"A,B,C,D"
출발,인천,아에로멕시코,AM091,멕시코시티,20251029,13:30,13:30,14:23,여객,지연,항공교통흐름에 의한 지연,B787-9,274,"H,F,G,L"
출발,인천,에어서울,RS715,간사이,20251029,13:30,13:30,13:45,여객,출발,,A321,195,"E,F,G,L"
출발,인천,대한항공,KE2005,홍콩,20251029,13:45,13:45,14:11,여객,출발,,A321neo,182,"A,B,C,D"
출발,인천,대한항공,KE955,이스탄불,20251029,13:55,13:55,14:21,여객,출발,,B777-300ER,277,"A,B,C,D"
출발,인천,대한항공,KE1405,김해,20251029,14:00,14:15,14:59,여객,지연,,B737-900,188,
출발,인천,대한항공,KE931,로마,20251029,14:05,14:05,14:47,여객,지연,항공교통흐름에 의한 지연,B777-300ER,277,"A,B,C,D"
출발,인천,대한항공,KE833,심양,20251029,14:25,14:25,15:01,여객,출발,,B737-900,188,"A,B,C,D"
출발,인천,에어서울,RS727,후쿠오카,20251029,14:25,14:25,15:02,여객,출발,,A321,195,"E,F,G,L"
출발,인천,대한항공,KE017,로스앤젤레스,20251029,14:30,14:30,14:56,여객,출발,,B747-8i,368,"A,B,C,D"
출발,인천,대한항공,KE2147,오키나와,20251029,14:35,14:35,15:06,여객,출발,,B737-900,188,"A,B,C,D"
출발,인천,대한항공,KE643,싱가포르,20251029,14:35,14:35,15:17,여객,출발,,A330-300,272,"A,B,C,D"
출발,인천,진에어,LJ235,간사이,20251029,15:00,15:00,15:41,여객,출발,,B737-800,189,"H,F,G,L"
출발,인천,대한항공,KE437,자카르타(수카르노 하타),20251029,15:05,15:05,15:35,여객,출발,,A330-300,272,"A,B,C,D"
출발,인천,에어부산,BX176,간사이,20251029,15:05,15:05,15:45,여객,지연,공항 및 출입국 절차에 의한 지연,A321,195,"E,F,G,L"
출발,인천,대한항공,KE725,간사이,20251029,15:10,15:10,15:50,여객,출발,,A321neo,182,"A,B,C,D"
출발,인천,진에어,LJ207,도쿄/나리타,20251029,15:15,15:15,15:54,여객,출발,,B737-800,189,"H,F,G,L"
출발,인천,진에어,LJ737,타이중,20251029,15:20,15:20,15:56,여객,출발,,B737-800,189,"H,F,G,L"
출발,인천,에어부산,BX166,도쿄/나리타,20251029,15:35,15:35,16:03,여객,출발,,A321,195,"E,F,G,L"
출발,인천,진에어,LJ359,다카마쓰,20251029,15:40,15:40,16:09,여객,출발,,B737-800,189,"H,F,G,L"
출발,인천,진에어,LJ851,황산,20251029,15:40,15:40,16:14,여객,출발,,B737-800,189,"H,F,G,L"
출발,인천,대한항공,KE2173,고베,20251029,15:50,15:50,16:32,여객,지연,항공교통흐름에 의한 지연,A321neo,182,"A,B,C,D"
출발,인천,대한항공,KE023,샌프란시스코,20251029,16:00,16:00,16:40,여객,출발,,B777-300ER,277,"A,B,C,D"
출발,인천,대한항공,KE2155,구마모토,20251029,16:00,16:00,16:22,여객,출발,,B737-900,188,"A,B,C,D"
출발,인천,대한항공,KE041,시애틀,20251029,16:10,16:25,17:02,여객,지연,항공기 연결에 의한 지연,A330-300,272,"A,B,C,D"
출발,인천,진에어,LJ009,치앙마이,20251029,16:15,16:15,16:51,여객,출발,,B737-800,189,"H,F,G,L"
출발,인천,대한항공,KE2027,타오위안,20251029,16:20,16:40,17:12,여객,지연,항공기 연결에 의한 지연,A321neo,182,"A,B,C,D"
출발,인천,대한항공,KE431,덴파사(응우라 라이),20251029,16:20,16:40,17:04,여객,지연,항공기 연결에 의한 지연,A330-300,272,"A,B,C,D"
출발,인천,진에어,LJ347,나고야,20251029,16:25,16:25,16:57,여객,출발,,B737-800,189,"H,F,G,L"
출발,인천,대한항공,KE427,쿠알라룸푸르,20251029,16:40,17:35,18:08,여객,지연,항공기 연결에 의한 지연,A330-300,272,"A,B,C,D"
출발,인천,대한항공,KE485,푸꾸옥,20251029,16:45,16:45,17:08,여객,출발,,B737-900,188,"A,B,C,D"
출발,인천,에어부산,BX727,수안나폼(방콕),20251029,16:50,16:50,17:17,여객,출발,,A321,195,"E,F,G,L"
출발,인천,대한항공,KE713,도쿄/나리타,20251029,16:55,16:55,17:14,여객,출발,,A321neo,182,"A,B,C,D"
출발,인천,진에어,LJ091,푸꾸옥,20251029,17:05,17:05,17:35,여객,출발,,B737-800,189,"H,F,G,L"
출발,인천,대한항공,KE433,덴파사(응우라 라이),20251029,17:10,17:10,17:39,여객,출발,,A330-300,272,"A,B,C,D"
출발,인천,진에어,LJ001,수안나폼(방콕),20251029,17:10,17:26,17:49,여객,지연,공항 및 출입국 절차에 의한 지연,B737-800,189,"H,F,G,L"
출발,인천,대한항공,KE651,수안나폼(방콕),20251029,17:20,17:20,17:54,여객,출발,,A330-300,272,"A,B,C,D"
출발,인천,진에어,LJ265,후쿠오카,20251029,17:20,17:20,17:45,여객,출발,,B737-800,189,"H,F,G,L"
출발,인천,대한항공,KE677,푸껫,20251029,17:25,17:25,17:58,여객,출발,,B737-900,188,"A,B,C,D"
출발,인천,진에어,LJ919,괌,20251029,17:35,18:12,18:31,여객,지연,항공기 연결에 의한 지연,B737-800,189,"H,F,G,L"
출발,인천,대한항공,KE417,괌,20251029,17:45,17:45,17:57,여객,출발,,B737-900,188,"A,B,C,D"
출발,인천,델타항공,DL188,애틀랜타,20251029,18:00,18:00,18:21,여객,출발,,A350-900,306,"K,F,G,L"
출발,인천,대한항공,KE467,깜라인(나트랑),20251029,18:05,18:05,18:23,여객,출발,,B737-900,188,"A,B,C,D"
출발,인천,대한항공,KE1407,김해,20251029,18:25,18:25,18:49,여객,출발,,B737-900,188,
출발,인천,대한항공,KE411,오클랜드,20251029,18:25,18:25,18:44,여객,출발,,B787-9,269,"A,B,C,D"
출발,인천,대한항공,KE071,밴쿠버,20251029,18:30,18:30,19:01,여객,출발,,B787-9,269,"A,B,C,D"
출발,인천,대한항공,KE459,다낭,20251029,18:30,18:30,18:54,여객,출발,,B737-900,188,"A,B,C,D"
출발,인천,대한항공,KE645,싱가포르,20251029,18:30,18:30,18:51,여객,출발,,A330-300,272,"A,B,C,D"
출발,인천,대한항공,KE1431,대구,20251029,18:40,18:40,19:09,여객,출발,,B737-900,188,
출발,인천,대한항공,KE781,후쿠오카,20251029,18:40,18:40,19:14,여객,출발,,B737-900,188,"A,B,C,D"
출발,인천,대한항공,KE161,쿤밍,20251029,18:45,18:45,18:59,여객,출발,,B737-900,188,"A,B,C,D"
출발,인천,대한항공,KE447,노이바이(하노이),20251029,18:45,18:45,19:24,여객,지연,항공교통흐름에 의한 지연,B737-900,188,"A,B,C,D"
출발,인천,대한항공,KE683,치앙마이,20251029,18:45,18:45,19:16,여객,출발,,B737-900,188,"A,B,C,D"
출발,인천,대한항공,KE705,도쿄/나리타,20251029,18:45,18:45,19:39,여객,지연,항공기 연결에 의한 지연,A321neo,182,"A,B,C,D"
출발,인천,대한항공,KE721,간사이,20251029,18:45,18:45,19:30,여객,지연,항공교통흐름에 의한 지연,A321neo,182,"A,B,C,D"
출발,인천,대한항공,KE475,떤 선녓(호찌민),20251029,18:50,18:50,19:41,여객,지연,항공교통흐름에 의한 지연,B737-900,188,"A,B,C,D"
출발,인천,대한항공,KE601,세부,20251029,18:50,18:50,19:48,여객,지연,항공교통흐름에 의한 지연,B737-900,188,"A,B,C,D"
출발,인천,대한항공,KE689,프놈펜,20251029,18:50,18:50,19:32,여객,지연,항공교통흐름에 의한 지연,B737-900,188,"A,B,C,D"
출발,인천,대한항공,KE743,나고야,20251029,18:50,18:50,19:22,여객,출발,,A321neo,182,"A,B,C,D"
출발,인천,대한항공,KE401,시드니,20251029,18:55,18:55,19:34,여객,지연,항공교통흐름에 의한 지연,A380-800,407,"A,B,C,D"
출발,인천,대한항공,KE891,푸동,20251029,19:00,19:00,19:45,여객,지연,항공교통흐름에 의한 지연,A330-300,272,"A,B,C,D"
출발,인천,에어부산,BX741,비엔티안,20251029,19:00,19:00,19:51,여객,지연,공항 및 출입국 절차에 의한 지연,A321,195,"E,F,G,L"
출발,인천,델타항공,DL26,애틀랜타,20251029,19:25,19:25,19:59,여객,출발,,A350-900,306,"K,F,G,L"
출발,인천,대한항공,KE085,뉴욕,20251029,19:30,19:30,20:13,여객,지연,항공교통흐름에 의한 지연,B747-8i,368,"A,B,C,D"
출발,인천,델타항공,DL170,미니애폴리스,20251029,19:30,19:30,20:08,여객,출발,,A350-900,306,"K,F,G,L"
출발,인천,에어서울,RS101,괌,20251029,19:30,19:30,20:20,여객,지연,공항 및 출입국 절차에 의한 지연,A321,195,"E,F,G,L"
출발,인천,대한항공,KE1409,김해,20251029,19:35,19:35,20:28,여객,지연,항공교통흐름에 의한 지연,B737-900,188,
출발,인천,대한항공,KE479,떤 선녓(호찌민),20251029,19:35,19:35,20:01,여객,출발,,B737-900,188,"A,B,C,D"
출발,인천,대한항공,KE011,로스앤젤레스,20251029,19:40,19:40,20:43,여객,지연,항공교통흐름에 의한 지연,A380-800,407,"A,B,C,D"
출발,인천,대한항공,KE407,브리즈번,20251029,19:40,19:40,20:34,여객,지연,항공교통흐름에 의한 지연,A330-300,272,"A,B,C,D"
출발,인천,진에어,LJ087,깜라인(나트랑),20251029,19:40,20:04,20:30,여객,지연,항공교통흐름에 의한 지연,B737-800,189,"H,F,G,L"
출발,인천,대한항공,KE8425,괌,20251029,19:45,19:45,20:24,여객,지연,항공교통흐름에 의한 지연,B737-900,188,"A,B,C,D"
출발,인천,대한항공,KE2011,홍콩,20251029,20:00,20:00,20:47,여객,지연,,A321neo,182,"A,B,C,D"
출발,인천,에어서울,RS527,깜라인(나트랑),20251029,20:00,20:00,21:02,여객,지연,항공교통흐름에 의한 지연,A321,195,"E,F,G,L"
출발,인천,대한항공,KE625,마닐라,20251029,20:05,20:05,20:54,여객,지연,,B737-900,188,"A,B,C,D"
출발,인천,델타항공,DL196,시애틀,20251029,20:05,20:24,:,여객,지연,공항 및 출입국 절차에 의한 지연,A330-900neo,281,"K,F,G,L"
출발,인천,샤먼항공,MF878,푸저우(복주),20251029,20:05,20:05,20:40,여객,출발,,B737-800,168,"J,F,G,L"
출발,인천,중화항공,CI163,타오위안,20251029,20:15,20:37,20:59,여객,지연,항공기 연결에 의한 지연,A330-300,277,"J,F,G,L"
출발,인천,대한항공,KE053,호놀룰루,20251029,20:35,20:35,21:01,여객,출발,,A330-300,272,"A,B,C,D"
출발,인천,대한항공,KE659,수안나폼(방콕),20251029,20:35,20:35,21:05,여객,출발,,B737-900,188,"A,B,C,D"
출발,인천,대한항공,KE751,하네다,20251029,20:40,20:40,20:54,여객,출발,,A321neo,182,"A,B,C,D"
출발,인천,대한항공,KE863,베이징,20251029,20:50,21:25,21:40,여객,지연,항공기 연결에 의한 지연,A330-300,272,"A,B,C,D"
출발,인천,대한항공,KE005,라스베이거스,20251029,21:00,21:00,21:08,여객,출발,,B777-300ER,277,"A,B,C,D"
출발,인천,진에어,LJ917,괌,20251029,21:00,21:00,21:22,여객,출발,,B737-800,189,"H,F,G,L"
출발,인천,진에어,LJ883,계림,20251029,21:25,21:25,21:52,여객,출발,,B737-800,189,"H,F,G,L"
출발,인천,에어부산,BX7135,팡라로,20251029,21:35,21:35,21:59,여객,출발,,A321,195,"E,F,G,L"
출발,인천,진에어,LJ037,클라크,20251029,21:35,22:06,22:28,여객,지연,공항 및 출입국 절차에 의한 지연,B737-800,189,"H,F,G,L"
출발,인천,대한항공,KE075,밴쿠버,20251029,22:55,22:55,23:15,여객,출발,,B787-9,269,"A,B,C,D"
출발,인천,대한항공,KE647,싱가포르,20251029,23:15,23:15,23:24,여객,출발,,B777-300ER,277,"A,B,C,D"
출발,인천,스칸디나비아항공,SK988,코펜하겐,20251030,00:05,23:45,00:06,여객,출발,,A350-900,300,"K,F,G,L"
출발,인천,진에어,LJ261,후쿠오카,20251030,06:50,06:50,07:12,여객,출발,,B737-800,189,"H,F,G,L"
출발,인천,대한항공,KE1401,김해,20251030,07:00,07:00,07:19,여객,출발,,B737-900,188,
출발,인천,에어부산,BX156,후쿠오카,20251030,07:15,07:15,07:35,여객,출발,,A321,195,"E,F,G,L"
출발,인천,에어서울,RS711,간사이,20251030,07:15,07:15,07:39,여객,출발,,A321,195,"E,F,G,L"
출발,인천,에어서울,RS723,후쿠오카,20251030,07:20,08:20,08:42,여객,지연,항공기 연결에 의한 지연,A321,195,"E,F,G,L"
출발,인천,진에어,LJ201,도쿄/나리타,20251030,07:25,07:25,07:45,여객,출발,,B737-800,189,"H,F,G,L"
출발,인천,에어부산,BX164,도쿄/나리타,20251030,07:35,07:35,07:52,여객,출발,,A321,195,"E,F,G,L"
출발,인천,대한항공,KE621,마닐라,20251030,07:40,07:40,08:09,여객,출발,,B737-900,188,"A,B,C,D"
출발,인천,진에어,LJ345,나고야,20251030,07:40,07:40,07:56,여객,출발,,B737-800,189,"H,F,G,L"
출발,인천,대한항공,KE2041,칭기즈칸(신 울란바토르) 국제공항,20251030,07:45,07:45,08:10,여객,출발,,B737-900,188,"A,B,C,D"
출발,인천,대한항공,KE2189,고마쓰,20251030,07:50,07:50,08:25,여객,출발,,B737-900,188,"A,B,C,D"
출발,인천,대한항공,KE787,후쿠오카,20251030,07:50,07:50,08:27,여객,출발,,B737-900,188,"A,B,C,D"
출발,인천,진에어,LJ735,타이중,20251030,07:50,07:50,08:13,여객,출발,,B737-800,189,"H,F,G,L"
출발,인천,대한항공,KE859,베이징,20251030,07:55,07:55,08:26,여객,출발,,B777-300ER,277,"A,B,C,D"
출발,인천,대한항공,KE2191,나가사키,20251030,08:00,08:00,08:21,여객,출발,,B737-900,188,"A,B,C,D"
출발,인천,대한항공,KE441,노이바이(하노이),20251030,08:00,08:00,08:20,여객,출발,,A330-300,272,"A,B,C,D"
출발,인천,진에어,LJ231,간사이,20251030,08:00,08:00,08:22,여객,출발,,B737-800,189,"H,F,G,L"
출발,인천,진에어,LJ217,도쿄/나리타,20251030,08:05,08:05,08:29,여객,출발,,B737-800,189,"H,F,G,L"
출발,인천,대한항공,KE2001,홍콩,20251030,08:10,08:10,08:29,여객,출발,,A321neo,182,"A,B,C,D"
출발,인천,에어서울,RS705,도쿄/나리타,20251030,08:10,08:10,08:35,여객,출발,,A321,195,"E,F,G,L"
출발,인천,대한항공,KE835,선전(심천),20251030,08:15,08:35,09:00,여객,지연,항공기 연결에 의한 지연,B737-900,188,"A,B,C,D"
출발,인천,대한항공,KE2171,고베,20251030,08:25,08:25,08:44,여객,출발,,A321neo,182,"A,B,C,D"
출발,인천,대한항공,KE881,푸동,20251030,08:25,08:25,08:48,여객,출발,,A330-300,272,"A,B,C,D"
출발,인천,진에어,LJ301,삿포로,20251030,08:35,08:35,08:54,여객,출발,,B737-800,189,"H,F,G,L"
출발,인천,대한항공,KE2179,가고시마,20251030,08:45,08:45,08:58,여객,출발,,B737-900,188,"A,B,C,D"
출발,인천,대한항공,KE831,심양,20251030,08:45,08:45,08:58,여객,출발,,B737-900,188,"A,B,C,D"
출발,인천,에어서울,RS741,다카마쓰,20251030,08:45,09:00,09:23,여객,지연,항공기 연결에 의한 지연,A321,195,"E,F,G,L"
출발,인천,대한항공,KE723,간사이,20251030,08:50,09:05,09:18,여객,출발,,A321neo,182,"A,B,C,D"
출발,인천,대한항공,KE819,창사(장사),20251030,08:55,08:55,09:26,여객,지연,항공교통흐름에 의한 지연,B737-900,188,"A,B,C,D"
출발,인천,대한항공,KE841,청도,20251030,08:55,08:55,09:12,여객,출발,,B737-900,188,"A,B,C,D"
출발,인천,대한항공,KE867,광저우,20251030,08:55,08:55,09:14,여객,출발,,A330-300,272,"A,B,C,D"
출발,인천,진에어,LJ233,간사이,20251030,08:55,08:55,09:03,여객,출발,,B737-800,189,"H,F,G,L"
출발,인천,대한항공,KE155,허페이,20251030,09:00,09:00,09:07,여객,출발,,B737-900,188,"A,B,C,D"
출발,인천,대한항공,KE2021,타오위안,20251030,09:00,09:00,09:17,여객,출발,,A321neo,182,"A,B,C,D"
출발,인천,대한항공,KE133,정저우,20251030,09:05,09:05,09:48,여객,지연,항공교통흐름에 의한 지연,B737-900,188,"A,B,C,D"
출발,인천,대한항공,KE091,보스턴,20251030,09:10,09:10,09:31,여객,출발,,B787-9,269,"A,B,C,D"
출발,인천,대한항공,KE471,떤 선녓(호찌민),20251030,09:10,09:10,09:55,여객,지연,항공교통흐름에 의한 지연,B737-900,188,"A,B,C,D"
출발,인천,에어부산,BX172,간사이,20251030,09:10,09:10,09:16,여객,출발,,A321,195,"E,F,G,L"
출발,인천,대한항공,KE415,괌,20251030,09:15,09:15,09:26,여객,출발,,B737-900,188,"A,B,C,D"
출발,인천,대한항공,KE811,시안,20251030,09:15,09:35,10:03,여객,지연,항공기 연결에 의한 지연,B737-900,188,"A,B,C,D"
출발,인천,델타항공,DL158,디트로이트,20251030,09:35,09:35,09:51,여객,출발,,A350-900,306,"K,F,G,L"
출발,인천,대한항공,KE1403,김해,20251030,09:40,09:40,10:04,여객,출발,,B737-900,188,
출발,인천,진에어,LJ731,타오위안,20251030,09:40,09:40,10:01,여객,출발,,B737-800,189,"H,F,G,L"
출발,인천,진에어,LJ913,괌,20251030,09:40,09:40,09:53,여객,출발,,B737-800,189,"H,F,G,L"
출발,인천,대한항공,KE035,애틀랜타,20251030,09:45,09:45,10:02,여객,출발,,B777-300ER,277,"A,B,C,D"
출발,인천,진에어,LJ361,이시가키,20251030,09:50,09:50,10:07,여객,출발,,B737-800,189,"H,F,G,L"
출발,인천,대한항공,KE703,도쿄/나리타,20251030,09:55,09:55,10:14,여객,출발,,A321neo,182,"A,B,C,D"
출발,인천,대한항공,KE081,뉴욕,20251030,10:00,10:00,10:27,여객,출발,,A380-800,407,"A,B,C,D"
출발,인천,대한항공,KE077,토론토,20251030,10:05,10:05,10:30,여객,출발,,B777-300ER,277,"A,B,C,D"
출발,인천,대한항공,KE125,샤먼 가오치,20251030,10:05,10:05,10:27,여객,출발,,B737-900,188,"A,B,C,D"
출발,인천,대한항공,KE127,푸저우(복주),20251030,10:05,10:05,10:21,여객,출발,,B737-900,188,"A,B,C,D"
출발,인천,대한항공,KE2197,니가타,20251030,10:05,10:05,10:21,여객,출발,,B737-900,188,"A,B,C,D"
출발,인천,대한항공,KE765,삿포로,20251030,10:05,10:05,10:25,여객,출발,,B737-900,188,"A,B,C,D"
출발,인천,진에어,LJ341,오키나와,20251030,10:10,10:10,10:31,여객,출발,,B737-800,189,"H,F,G,L"
출발,인천,대한항공,KE093,워싱톤,20251030,10:15,10:15,10:37,여객,출발,,B777-300ER,277,"A,B,C,D"
출발,인천,대한항공,KE805,천진,20251030,10:15,10:15,10:37,여객,출발,,B737-900,188,"A,B,C,D"
출발,인천,대한항공,KE031,댈러스,20251030,10:20,10:20,10:42,여객,출발,,B787-9,269,"A,B,C,D"
출발,인천,진에어,LJ205,도쿄/나리타,20251030,10:20,10:20,10:40,여객,출발,,B737-800,189,"H,F,G,L"
출발,인천,가루다인도네시아,GA879,자카르타(수카르노 하타),20251030,10:35,10:35,10:53,여객,출발,,A330-900neo,301,"J,F,G,L"
출발,인천,대한항공,KE741,나고야,20251030,10:35,10:35,11:07,여객,출발,,A321neo,182,"A,B,C,D"
출발,인천,대한항공,KE037,시카고,20251030,10:40,10:40,11:09,여객,출발,,B777-300ER,277,"A,B,C,D"
출발,인천,대한항공,KE2015,마카오,20251030,10:40,10:40,11:02,여객,출발,,A321neo,182,"A,B,C,D"
출발,인천,대한항공,KE907,런던히드로,20251030,10:40,11:05,11:41,여객,지연,항공기 연결에 의한 지연,A380-800,407,"A,B,C,D"
출발,인천,대한항공,KE791,후쿠오카,20251030,10:50,10:50,11:14,여객,출발,,B737-900,188,"A,B,C,D"
출발,인천,대한항공,KE727,간사이,20251030,11:05,11:05,11:30,여객,출발,,A321neo,182,"A,B,C,D"
출발,인천,대한항공,KE887,푸동,20251030,11:10,11:10,11:27,여객,출발,,B777-300ER,277,"A,B,C,D"
출발,인천,에어부산,BX158,후쿠오카,20251030,11:15,11:15,11:28,여객,출발,,A321,195,"E,F,G,L"
출발,인천,중화항공,CI165,가오슝,20251030,12:00,12:00,12:12,여객,출발,,A321neo,180,"J,F,G,L"
출발,인천,진에어,LJ263,후쿠오카,20251030,12:00,12:00,12:18,여객,출발,,B737-800,189,"H,F,G,L"
출발,인천,대한항공,KE901,파리,20251030,12:05,12:05,12:37,여객,출발,,B777-300ER,277,"A,B,C,D"
출발,인천,대한항공,KE913,마드리드,20251030,12:10,12:10,12:55,여객,지연,항공교통흐름에 의한 지연,B787-9,269,"A,B,C,D"
출발,인천,대한항공,KE925,암스테르담,20251030,12:10,12:10,12:44,여객,지연,항공교통흐름에 의한 지연,B777-300ER,277,"A,B,C,D"
출발,인천,에어서울,RS811,장가계,20251030,12:10,13:00,13:17,여객,지연,항공기 연결에 의한 지연,A321,195,"E,F,G,L"
출발,인천,대한항공,KE963,부다페스트,20251030,12:15,12:15,13:01,여객,지연,항공교통흐름에 의한 지연,B787-9,269,"A,B,C,D"
출발,인천,중화항공,CI161,타오위안,20251030,12:30,12:30,12:47,여객,출발,,A330-300,277,"J,F,G,L"
출발,인천,에어 프랑스,AF267,파리,20251030,12:40,14:00,14:22,여객,지연,항공교통흐름에 의한 지연,B777-300ER,296,"M,F,G,L"
출발,인천,에어부산,BX174,간사이,20251030,12:40,12:40,12:56,여객,출발,,A321,195,"E,F,G,L"
출발,인천,대한항공,KE497,델리,20251030,12:45,12:45,13:20,여객,출발,,B787-9,269,"A,B,C,D"
출발,인천,대한항공,KE873,대련,20251030,12:50,12:50,13:10,여객,출발,,B737-900,188,"A,B,C,D"
출발,인천,대한항공,KE843,청도,20251030,12:55,12:55,13:13,여객,출발,,B737-900,188,"A,B,C,D"
출발,인천,대한항공,KE951,두바이,20251030,13:00,13:00,13:39,여객,지연,항공교통흐름에 의한 지연,B777-300ER,277,"A,B,C,D"
출발,인천,샤먼항공,MF872,샤먼 가오치,20251030,13:20,13:20,13:29,여객,출발,,B737-800,168,"J,F,G,L"
출발,인천,대한항공,KE711,도쿄/나리타,20251030,13:25,13:25,13:44,여객,출발,,A321neo,182,"A,B,C,D"
출발,인천,에어서울,RS715,간사이,20251030,13:30,13:30,14:04,여객,출발,,A321,195,"E,F,G,L"
출발,인천,대한항공,KE2005,홍콩,20251030,13:45,14:27,14:27,여객,지연,항공교통흐름에 의한 지연,A321neo,182,"A,B,C,D"
출발,인천,대한항공,KE1405,김해,20251030,14:00,14:25,14:42,여객,지연,,B737-900,188,
출발,인천,대한항공,KE2031,타이중,20251030,14:15,14:15,14:52,여객,출발,,A321neo,182,"A,B,C,D"
출발,인천,대한항공,KE833,심양,20251030,14:25,14:25,14:57,여객,출발,,B737-900,188,"A,B,C,D"
출발,인천,에어서울,RS727,후쿠오카,20251030,14:25,14:25,14:54,여객,출발,,A321,195,"E,F,G,L"
출발,인천,대한항공,KE2147,오키나와,20251030,14:35,14:35,15:10,여객,출발,,B737-900,188,"A,B,C,D"
출발,인천,대한항공,KE643,싱가포르,20251030,14:35,15:14,15:14,여객,지연,항공교통흐름에 의한 지연,A330-300,272,"A,B,C,D"
출발,인천,진에어,LJ235,간사이,20251030,15:00,15:00,15:38,여객,출발,,B737-800,189,"H,F,G,L"
출발,인천,대한항공,KE437,자카르타(수카르노 하타),20251030,15:05,15:05,15:47,여객,출발,,A330-300,272,"A,B,C,D"
출발,인천,에어부산,BX176,간사이,20251030,15:05,15:05,15:52,여객,출발,,A321,195,"E,F,G,L"
출발,인천,대한항공,KE725,간사이,20251030,15:10,16:00,16:01,여객,지연,항공교통흐름에 의한 지연,A321neo,182,"A,B,C,D"
출발,인천,진에어,LJ207,도쿄/나리타,20251030,15:15,15:49,16:13,여객,지연,공항 및 출입국 절차에 의한 지연,B737-800,189,"H,F,G,L"
출발,인천,진에어,LJ737,타이중,20251030,15:20,15:20,16:08,여객,출발,,B737-800,189,"H,F,G,L"
출발,인천,에어부산,BX166,도쿄/나리타,20251030,15:35,15:35,16:24,여객,지연,공항 및 출입국 절차에 의한 지연,A321,195,"E,F,G,L"
출발,인천,대한항공,KE2173,고베,20251030,15:50,15:50,16:40,여객,지연,항공교통흐름에 의한 지연,A321neo,182,"A,B,C,D"
출발,인천,대한항공,KE023,샌프란시스코,20251030,16:00,16:00,16:56,여객,지연,항공기 연결에 의한 지연,B777-300ER,277,"A,B,C,D"
출발,인천,대한항공,KE2155,구마모토,20251030,16:00,16:00,16:46,여객,지연,항공교통흐름에 의한 지연,B737-900,188,"A,B,C,D"
출발,인천,대한항공,KE041,시애틀,20251030,16:10,16:25,17:18,여객,지연,항공교통흐름에 의한 지연,A330-300,272,"A,B,C,D"
출발,인천,진에어,LJ349,기타규슈,20251030,16:10,16:31,16:54,여객,지연,공항 및 출입국 절차에 의한 지연,B737-800,189,"H,F,G,L"
출발,인천,대한항공,KE2027,타오위안,20251030,16:20,16:20,17:11,여객,지연,항공교통흐름에 의한 지연,A321neo,182,"A,B,C,D"
출발,인천,대한항공,KE431,덴파사(응우라 라이),20251030,16:20,16:20,16:58,여객,지연,항공교통흐름에 의한 지연,A330-300,272,"A,B,C,D"
출발,인천,대한항공,KE427,쿠알라룸푸르,20251030,16:40,16:40,17:07,여객,출발,,A330-300,272,"A,B,C,D"
출발,인천,에어서울,RS703,도쿄/나리타,20251030,16:40,16:40,17:24,여객,지연,공항 및 출입국 절차에 의한 지연,A321,195,"E,F,G,L"
출발,인천,대한항공,KE485,푸꾸옥,20251030,16:45,16:45,17:17,여객,출발,,B737-900,188,"A,B,C,D"
출발,인천,진에어,LJ347,나고야,20251030,16:45,17:19,17:43,여객,지연,공항 및 출입국 절차에 의한 지연,B737-800,189,"H,F,G,L"
출발,인천,에어부산,BX727,수안나폼(방콕),20251030,16:50,16:50,17:41,여객,지연,공항 및 출입국 절차에 의한 지연,A321,195,"E,F,G,L"
출발,인천,진에어,LJ009,치앙마이,20251030,16:50,17:06,17:34,여객,지연,공항 및 출입국 절차에 의한 지연,B737-800,189,"H,F,G,L"
출발,인천,대한항공,KE713,도쿄/나리타,20251030,16:55,16:55,17:36,여객,지연,기타 원인에 의한 지연,A321neo,182,"A,B,C,D"
출발,인천,진에어,LJ091,푸꾸옥,20251030,17:05,17:22,17:48,여객,지연,항공교통흐름에 의한 지연,B737-800,189,"H,F,G,L"
출발,인천,진에어,LJ001,수안나폼(방콕),20251030,17:10,17:46,18:07,여객,지연,공항 및 출입국 절차에 의한 지연,B737-800,189,"H,F,G,L"
출발,인천,대한항공,KE651,수안나폼(방콕),20251030,17:20,17:20,18:16,여객,지연,항공기 연결에 의한 지연,A330-300,272,"A,B,C,D"
출발,인천,진에어,LJ265,후쿠오카,20251030,17:20,18:00,18:27,여객,지연,항공기 연결에 의한 지연,B737-800,189,"H,F,G,L"
출발,인천,대한항공,KE677,푸껫,20251030,17:25,17:25,18:03,여객,출발,,B737-900,188,"A,B,C,D"
출발,인천,진에어,LJ919,괌,20251030,17:35,17:50,18:15,여객,지연,공항 및 출입국 절차에 의한 지연,B737-800,189,"H,F,G,L"
출발,인천,대한항공,KE417,괌,20251030,17:45,17:45,18:22,여객,출발,,B737-900,188,"A,B,C,D"
출발,인천,델타항공,DL188,애틀랜타,20251030,18:00,18:17,18:39,여객,지연,공항 및 출입국 절차에 의한 지연,A350-900,306,"K,F,G,L"
출발,인천,대한항공,KE467,깜라인(나트랑),20251030,18:05,18:20,18:48,여객,지연,항공기 연결에 의한 지연,B737-900,188,"A,B,C,D"
출발,인천,대한항공,KE1407,김해,20251030,18:25,18:25,18:55,여객,출발,,B737-900,188,
출발,인천,대한항공,KE411,오클랜드,20251030,18:25,18:25,18:51,여객,출발,,B787-9,269,"A,B,C,D"
출발,인천,대한항공,KE071,밴쿠버,20251030,18:30,18:30,19:00,여객,출발,,B787-9,269,"A,B,C,D"
출발,인천,대한항공,KE459,다낭,20251030,18:30,18:55,19:23,여객,지연,항공기 연결에 의한 지연,B737-900,188,"A,B,C,D"
출발,인천,대한항공,KE645,싱가포르,20251030,18:30,18:30,19:14,여객,지연,항공기 연결에 의한 지연,A330-300,272,"A,B,C,D"
출발,인천,대한항공,KE1431,대구,20251030,18:40,18:40,19:02,여객,출발,,B737-900,188,
출발,인천,대한항공,KE781,후쿠오카,20251030,18:40,18:40,18:58,여객,출발,,B737-900,188,"A,B,C,D"
출발,인천,대한항공,KE447,노이바이(하노이),20251030,18:45,18:45,19:06,여객,출발,,B737-900,188,"A,B,C,D"
출발,인천,대한항공,KE683,치앙마이,20251030,18:45,18:45,19:12,여객,출발,,B737-900,188,"A,B,C,D"
출발,인천,대한항공,KE705,도쿄/나리타,20251030,18:45,18:45,19:04,여객,출발,,A321neo,182,"A,B,C,D"
출발,인천,대한항공,KE721,간사이,20251030,18:45,18:45,19:07,여객,출발,,A321neo,182,"A,B,C,D"
출발,인천,대한항공,KE475,떤 선녓(호찌민),20251030,18:50,18:50,19:31,여객,지연,운항 기준 및 승무원 관련 지연,B737-900,188,"A,B,C,D"
출발,인천,대한항공,KE601,세부,20251030,18:50,18:50,19:21,여객,출발,,B737-900,188,"A,B,C,D"
출발,인천,대한항공,KE689,프놈펜,20251030,18:50,19:10,19:47,여객,지연,항공기 연결에 의한 지연,B737-900,188,"A,B,C,D"
출발,인천,대한항공,KE743,나고야,20251030,18:50,18:50,19:17,여객,출발,,A321neo,182,"A,B,C,D"
출발,인천,대한항공,KE401,시드니,20251030,18:55,18:55,19:25,여객,출발,,A380-800,407,"A,B,C,D"
출발,인천,대한항공,KE891,푸동,20251030,19:00,19:00,19:34,여객,출발,,A330-300,272,"A,B,C,D"
출발,인천,에어부산,BX741,비엔티안,20251030,19:00,19:00,19:27,여객,출발,,A321,195,"E,F,G,L"
출발,인천,대한항공,KE653,수안나폼(방콕),20251030,19:05,19:05,19:43,여객,지연,운항 기준 및 승무원 관련 지연,A330-300,272,"A,B,C,D"
출발,인천,델타항공,DL26,애틀랜타,20251030,19:25,19:25,19:57,여객,출발,,A350-900,306,"K,F,G,L"
출발,인천,대한항공,KE085,뉴욕,20251030,19:30,20:30,20:58,여객,지연,기상에 의한 지연,B747-8i,368,"A,B,C,D"
출발,인천,델타항공,DL170,미니애폴리스,20251030,19:30,19:50,20:13,여객,지연,공항 및 출입국 절차에 의한 지연,A350-900,306,"K,F,G,L"
출발,인천,에어서울,RS101,괌,20251030,19:30,19:30,20:06,여객,출발,,A321,195,"E,F,G,L"
출발,인천,대한항공,KE1409,김해,20251030,19:35,19:35,20:02,여객,출발,,B737-900,188,
출발,인천,대한항공,KE479,떤 선녓(호찌민),20251030,19:35,20:30,20:29,여객,지연,항공교통흐름에 의한 지연,B737-900,188,"A,B,C,D"
출발,인천,대한항공,KE011,로스앤젤레스,20251030,19:40,20:45,20:47,여객,지연,항공기 연결에 의한 지연,A380-800,407,"A,B,C,D"
출발,인천,진에어,LJ087,깜라인(나트랑),20251030,19:40,20:15,20:45,여객,지연,항공교통흐름에 의한 지연,B737-800,189,"H,F,G,L"
출발,인천,대한항공,KE8425,괌,20251030,19:45,19:45,20:15,여객,출발,,B737-900,188,"A,B,C,D"
출발,인천,진에어,LJ917,괌,20251030,19:55,19:55,20:20,여객,출발,,B737-800,189,"H,F,G,L"
출발,인천,대한항공,KE2011,홍콩,20251030,20:00,20:00,20:33,여객,출발,,A321neo,182,"A,B,C,D"
출발,인천,에어서울,RS527,깜라인(나트랑),20251030,20:00,20:00,21:06,여객,지연,항공교통흐름에 의한 지연,A321,195,"E,F,G,L"
출발,인천,대한항공,KE625,마닐라,20251030,20:05,20:05,20:39,여객,출발,,B737-900,188,"A,B,C,D"
출발,인천,델타항공,DL196,시애틀,20251030,20:05,20:05,20:25,여객,출발,,A330-900neo,281,"K,F,G,L"
출발,인천,샤먼항공,MF878,푸저우(복주),20251030,20:05,20:05,20:18,여객,출발,,B737-800,168,"J,F,G,L"
출발,인천,중화항공,CI163,타오위안,20251030,20:15,20:34,20:56,여객,지연,항공교통흐름에 의한 지연,A330-300,277,"J,F,G,L"
출발,인천,대한항공,KE053,호놀룰루,20251030,20:35,20:35,21:04,여객,출발,,A330-300,272,"A,B,C,D"
출발,인천,대한항공,KE659,수안나폼(방콕),20251030,20:35,20:35,21:08,여객,출발,,B737-900,188,"A,B,C,D"
출발,인천,대한항공,KE1451,김해,20251030,20:45,20:45,21:14,여객,출발,,B737-900,188,
출발,인천,대한항공,KE863,베이징,20251030,20:50,20:50,21:18,여객,출발,,A330-300,272,"A,B,C,D"
출발,인천,에어부산,BX7135,팡라로,20251030,21:35,21:35,21:56,여객,출발,,A321,195,"E,F,G,L"
출발,인천,진에어,LJ037,클라크,20251030,21:35,21:35,22:08,여객,출발,,B737-800,189,"H,F,G,L"
출발,인천,진에어,LJ885,엔스 쉬자핑,20251030,21:50,21:50,22:15,여객,출발,,B737-800,189,"H,F,G,L"
출발,인천,네덜란드항공,KL856,암스테르담,20251030,23:05,23:05,23:33,여객,출발,,B787-9,294,"M,F,G,L"
출발,인천,대한항공,KE647,싱가포르,20251030,23:15,23:15,23:37,여객,출발,,B777-300ER,277,"A,B,C,D"
출발,인천,진에어,LJ261,후쿠오카,20251031,06:50,06:50,07:03,여객,출발,,B737-800,189,"H,F,G,L"
출발,인천,대한항공,KE1401,김해,20251031,07:00,07:00,07:21,여객,출발,,B737-900,188,
출발,인천,에어부산,BX156,후쿠오카,20251031,07:15,07:15,07:43,여객,출발,,A321,195,"E,F,G,L"
출발,인천,에어서울,RS711,간사이,20251031,07:15,07:15,07:37,여객,출발,,A321,195,"E,F,G,L"
출발,인천,진에어,LJ201,도쿄/나리타,20251031,07:25,07:25,07:57,여객,출발,,B737-800,189,"H,F,G,L"
출발,인천,에어부산,BX164,도쿄/나리타,20251031,07:35,07:35,08:07,여객,출발,,A321,195,"E,F,G,L"
출발,인천,대한항공,KE621,마닐라,20251031,07:40,07:40,08:11,여객,출발,,B737-900,188,"A,B,C,D"
출발,인천,진에어,LJ345,나고야,20251031,07:40,07:40,08:09,여객,출발,,B737-800,189,"H,F,G,L"
출발,인천,대한항공,KE2041,칭기즈칸(신 울란바토르) 국제공항,20251031,07:45,07:45,08:22,여객,출발,,B737-900,188,"A,B,C,D"
출발,인천,대한항공,KE787,후쿠오카,20251031,07:50,07:50,08:17,여객,출발,,B737-900,188,"A,B,C,D"
출발,인천,진에어,LJ735,타이중,20251031,07:50,07:50,08:18,여객,출발,,B737-800,189,"H,F,G,L"
출발,인천,대한항공,KE859,베이징,20251031,07:55,07:55,08:09,여객,출발,,B777-300ER,277,"A,B,C,D"
출발,인천,대한항공,KE2185,오카야마,20251031,08:00,08:00,08:29,여객,출발,,B737-900,188,"A,B,C,D"
출발,인천,대한항공,KE441,노이바이(하노이),20251031,08:00,08:00,08:20,여객,출발,,A330-300,272,"A,B,C,D"
출발,인천,진에어,LJ231,간사이,20251031,08:00,08:00,08:26,여객,출발,,B737-800,189,"H,F,G,L"
출발,인천,진에어,LJ357,시모지시마,20251031,08:00,08:00,08:25,여객,출발,,B737-800,189,"H,F,G,L"
출발,인천,진에어,LJ217,도쿄/나리타,20251031,08:05,08:05,08:23,여객,출발,,B737-800,189,"H,F,G,L"
출발,인천,대한항공,KE2001,홍콩,20251031,08:10,08:10,08:31,여객,출발,,A321neo,182,"A,B,C,D"
출발,인천,에어서울,RS705,도쿄/나리타,20251031,08:10,08:10,08:39,여객,출발,,A321,195,"E,F,G,L"
출발,인천,에어서울,RS723,후쿠오카,20251031,08:10,08:10,08:31,여객,출발,,A321,195,"E,F,G,L"
출발,인천,대한항공,KE835,선전(심천),20251031,08:15,08:15,08:36,여객,출발,,B737-900,188,"A,B,C,D"
출발,인천,대한항공,KE2171,고베,20251031,08:25,08:25,08:45,여객,출발,,A321neo,182,"A,B,C,D"
출발,인천,대한항공,KE881,푸동,20251031,08:25,08:25,08:42,여객,출발,,A330-300,272,"A,B,C,D"
출발,인천,진에어,LJ301,삿포로,20251031,08:35,08:35,08:48,여객,출발,,B737-800,189,"H,F,G,L"
출발,인천,대한항공,KE2179,가고시마,20251031,08:45,08:45,08:59,여객,출발,,B737-900,188,"A,B,C,D"
출발,인천,대한항공,KE831,심양,20251031,08:45,08:45,09:08,여객,출발,,B737-900,188,"A,B,C,D"
출발,인천,에어서울,RS741,다카마쓰,20251031,08:45,09:05,09:25,여객,지연,항공기 연결에 의한 지연,A321,195,"E,F,G,L"
출발,인천,대한항공,KE723,간사이,20251031,08:50,08:50,09:17,여객,출발,,A321neo,182,"A,B,C,D"
출발,인천,대한항공,KE819,창사(장사),20251031,08:55,08:55,09:04,여객,출발,,B737-900,188,"A,B,C,D"
출발,인천,대한항공,KE841,청도,20251031,08:55,08:55,09:18,여객,출발,,B737-900,188,"A,B,C,D"
출발,인천,대한항공,KE867,광저우,20251031,08:55,08:55,09:06,여객,출발,,A330-300,272,"A,B,C,D"
출발,인천,진에어,LJ233,간사이,20251031,08:55,08:55,09:07,여객,출발,,B737-800,189,"H,F,G,L"
출발,인천,대한항공,KE2021,타오위안,20251031,09:00,09:00,09:31,여객,출발,,A321neo,182,"A,B,C,D"
출발,인천,대한항공,KE091,보스턴,20251031,09:10,09:10,09:36,여객,출발,,B787-9,269,"A,B,C,D"
출발,인천,대한항공,KE471,떤 선녓(호찌민),20251031,09:10,09:10,09:51,여객,지연,항공교통흐름에 의한 지연,B737-900,188,"A,B,C,D"
출발,인천,에어부산,BX172,간사이,20251031,09:10,09:10,09:13,여객,출발,,A321,195,"E,F,G,L"
출발,인천,대한항공,KE165,우한,20251031,09:15,09:15,09:25,여객,출발,,B737-900,188,"A,B,C,D"
출발,인천,대한항공,KE415,괌,20251031,09:15,09:15,09:40,여객,출발,,B737-900,188,"A,B,C,D"
출발,인천,대한항공,KE657,수안나폼(방콕),20251031,09:15,09:15,09:27,여객,출발,,A330-300,272,"A,B,C,D"
출발,인천,대한항공,KE811,시안,20251031,09:15,09:15,09:36,여객,출발,,B737-900,188,"A,B,C,D"
출발,인천,델타항공,DL158,디트로이트,20251031,09:35,09:35,10:01,여객,출발,,A350-900,306,"K,F,G,L"
출발,인천,대한항공,KE1403,김해,20251031,09:40,09:40,10:15,여객,지연,항공기 연결에 의한 지연,B737-900,188,
출발,인천,진에어,LJ731,타오위안,20251031,09:40,10:05,10:23,여객,지연,지상조업 관련 지연,B737-800,189,"H,F,G,L"
출발,인천,진에어,LJ913,괌,20251031,09:40,09:40,09:58,여객,출발,,B737-800,189,"H,F,G,L"
출발,인천,대한항공,KE035,애틀랜타,20251031,09:45,09:45,10:06,여객,출발,,B777-300ER,277,"A,B,C,D"
출발,인천,진에어,LJ361,이시가키,20251031,09:50,09:50,10:14,여객,출발,,B737-800,189,"H,F,G,L"
출발,인천,대한항공,KE703,도쿄/나리타,20251031,09:55,09:55,10:12,여객,출발,,A321neo,182,"A,B,C,D"
출발,인천,대한항공,KE081,뉴욕,20251031,10:00,10:00,10:18,여객,출발,,A380-800,407,"A,B,C,D"
출발,인천,대한항공,KE077,토론토,20251031,10:05,10:05,10:29,여객,출발,,B777-300ER,277,"A,B,C,D"
출발,인천,대한항공,KE125,샤먼 가오치,20251031,10:05,10:05,10:39,여객,출발,,B737-900,188,"A,B,C,D"
출발,인천,대한항공,KE765,삿포로,20251031,10:05,10:05,10:31,여객,출발,,B737-900,188,"A,B,C,D"
출발,인천,진에어,LJ341,오키나와,20251031,10:10,10:10,10:33,여객,출발,,B737-800,189,"H,F,G,L"
출발,인천,대한항공,KE093,워싱톤,20251031,10:15,10:15,10:43,여객,출발,,B777-300ER,277,"A,B,C,D"
출발,인천,대한항공,KE805,천진,20251031,10:15,10:15,10:31,여객,출발,,B737-900,188,"A,B,C,D"
출발,인천,대한항공,KE031,댈러스,20251031,10:20,10:50,11:24,여객,지연,항공기 연결에 의한 지연,B787-9,269,"A,B,C,D"
출발,인천,대한항공,KE2193,아오모리,20251031,10:20,10:20,10:55,여객,출발,,B737-900,188,"A,B,C,D"
출발,인천,진에어,LJ205,도쿄/나리타,20251031,10:20,10:20,10:52,여객,지연,,B737-800,189,"H,F,G,L"
출발,인천,가루다인도네시아,GA879,자카르타(수카르노 하타),20251031,10:35,10:35,10:47,여객,출발,,A330-900neo,301,"J,F,G,L"
출발,인천,대한항공,KE741,나고야,20251031,10:35,10:35,11:07,여객,출발,,A321neo,182,"A,B,C,D"
출발,인천,대한항공,KE037,시카고,20251031,10:40,10:40,11:13,여객,출발,,B777-300ER,277,"A,B,C,D"
출발,인천,대한항공,KE101,남경,20251031,10:40,10:40,11:03,여객,출발,,A321neo,182,"A,B,C,D"
출발,인천,대한항공,KE2015,마카오,20251031,10:40,10:40,10:53,여객,출발,,A321neo,182,"A,B,C,D"
출발,인천,대한항공,KE907,런던히드로,20251031,10:40,10:40,11:14,여객,출발,,A380-800,407,"A,B,C,D"
출발,인천,대한항공,KE791,후쿠오카,20251031,10:50,10:50,11:21,여객,출발,,B737-900,188,"A,B,C,D"
출발,인천,대한항공,KE969,프라하,20251031,10:50,10:50,11:17,여객,출발,,B787-9,269,"A,B,C,D"
출발,인천,대한항공,KE727,간사이,20251031,11:05,11:05,11:27,여객,출발,,A321neo,182,"A,B,C,D"
출발,인천,대한항공,KE855,베이징,20251031,11:10,11:10,11:30,여객,출발,,A330-300,272,"A,B,C,D"
출발,인천,대한항공,KE887,푸동,20251031,11:10,11:10,11:33,여객,출발,,B777-300ER,277,"A,B,C,D"
출발,인천,에어부산,BX158,후쿠오카,20251031,11:15,11:15,11:29,여객,출발,,A321,195,"E,F,G,L"
출발,인천,대한항공,KE945,프랑크푸르트,20251031,11:25,11:25,11:51,여객,출발,,A380-800,407,"A,B,C,D"
출발,인천,가루다인도네시아,GA871,덴파사(응우라 라이),20251031,11:35,11:35,11:45,여객,출발,,A330-300,251,"J,F,G,L"
출발,인천,대한항공,KE107,항저우,20251031,11:55,11:55,12:21,여객,출발,,A321neo,182,"A,B,C,D"
출발,인천,대한항공,KE937,비엔나,20251031,11:55,11:55,12:29,여객,출발,,B787-9,269,"A,B,C,D"
출발,인천,중화항공,CI165,가오슝,20251031,12:00,12:00,12:25,여객,출발,,A321neo,180,"J,F,G,L"
출발,인천,진에어,GS7994,천진,20251031,12:00,12:00,12:11,여객,출발,,B737-800,189,"H,F,G,L"
출발,인천,진에어,LJ263,후쿠오카,20251031,12:00,12:00,12:12,여객,출발,,B737-800,189,"H,F,G,L"
출발,인천,대한항공,KE901,파리,20251031,12:05,12:27,12:50,여객,지연,항공교통흐름에 의한 지연,B777-300ER,277,"A,B,C,D"
출발,인천,대한항공,KE913,마드리드,20251031,12:10,12:10,12:38,여객,출발,,B787-9,269,"A,B,C,D"
출발,인천,대한항공,KE927,밀라노,20251031,12:25,12:25,12:56,여객,출발,,B787-9,269,"A,B,C,D"
출발,인천,중화항공,CI161,타오위안,20251031,12:30,12:30,13:17,여객,지연,,A330-300,277,"J,F,G,L"
출발,인천,대한항공,KE921,리스본,20251031,12:35,12:35,13:04,여객,출발,,B787-9,269,"A,B,C,D"
출발,인천,에어 프랑스,AF267,파리,20251031,12:40,15:05,:,여객,지연,항공기 연결에 의한 지연,B777-300ER,296,"M,F,G,L"
출발,인천,에어부산,BX174,간사이,20251031,12:40,12:40,12:50,여객,출발,,A321,195,"E,F,G,L"
출발,인천,대한항공,KE497,델리,20251031,12:45,12:45,13:31,여객,출발,,B787-9,269,"A,B,C,D"
출발,인천,대한항공,KE873,대련,20251031,12:50,12:50,13:28,여객,출발,,B737-900,188,"A,B,C,D"
출발,인천,대한항공,KE843,청도,20251031,12:55,13:16,13:42,여객,지연,항공교통흐름에 의한 지연,B737-900,188,"A,B,C,D"
출발,인천,대한항공,KE951,두바이,20251031,13:00,13:00,13:25,여객,출발,,B777-300ER,277,"A,B,C,D"
출발,인천,샤먼항공,MF872,샤먼 가오치,20251031,13:20,13:20,13:48,여객,출발,,B737-800,168,"J,F,G,L"
출발,인천,에어서울,RS745,요나고,20251031,13:20,13:20,13:37,여객,출발,,A321,195,"E,F,G,L"
출발,인천,대한항공,KE711,도쿄/나리타,20251031,13:25,13:25,13:40,여객,출발,,A321neo,182,"A,B,C,D"
출발,인천,아에로멕시코,AM091,멕시코시티,20251031,13:30,13:30,13:58,여객,출발,,B787-9,274,"H,F,G,L"
출발,인천,에어서울,RS715,간사이,20251031,13:30,13:30,13:48,여객,출발,,A321,195,"E,F,G,L"
출발,인천,대한항공,KE2005,홍콩,20251031,13:45,13:45,14:07,여객,출발,,A321neo,182,"A,B,C,D"
출발,인천,대한항공,KE955,이스탄불,20251031,13:55,13:55,14:12,여객,출발,,B777-300ER,277,"A,B,C,D"
출발,인천,대한항공,KE1405,김해,20251031,14:00,14:00,14:19,여객,출발,,B737-900,188,
출발,인천,진에어,LJ269,후쿠오카,20251031,14:00,14:00,14:16,여객,출발,,B737-800,189,"H,F,G,L"
출발,인천,대한항공,KE833,심양,20251031,14:25,14:25,14:50,여객,출발,,B737-900,188,"A,B,C,D"
출발,인천,에어서울,RS727,후쿠오카,20251031,14:25,14:25,14:42,여객,출발,,A321,195,"E,F,G,L"
출발,인천,대한항공,KE017,로스앤젤레스,20251031,14:30,14:30,14:45,여객,출발,,B747-8i,368,"A,B,C,D"
출발,인천,대한항공,KE2147,오키나와,20251031,14:35,14:35,14:58,여객,출발,,B737-900,188,"A,B,C,D"
출발,인천,대한항공,KE643,싱가포르,20251031,14:35,15:23,15:45,여객,지연,항공기 정비에 의한 지연,A330-300,272,"A,B,C,D"
출발,인천,진에어,LJ235,간사이,20251031,15:00,15:00,15:28,여객,출발,,B737-800,189,"H,F,G,L"
출발,인천,대한항공,KE437,자카르타(수카르노 하타),20251031,15:05,15:05,15:27,여객,출발,,A330-300,272,"A,B,C,D"
출발,인천,에어부산,BX176,간사이,20251031,15:05,15:05,15:36,여객,출발,,A321,195,"E,F,G,L"
출발,인천,대한항공,KE725,간사이,20251031,15:10,15:33,15:54,여객,지연,항공교통흐름에 의한 지연,A321neo,182,"A,B,C,D"
출발,인천,진에어,LJ207,도쿄/나리타,20251031,15:15,15:15,15:31,여객,출발,,B737-800,189,"H,F,G,L"
출발,인천,진에어,LJ737,타이중,20251031,15:20,15:20,15:50,여객,출발,,B737-800,189,"H,F,G,L"
출발,인천,에어부산,BX166,도쿄/나리타,20251031,15:35,15:35,15:51,여객,출발,,A321,195,"E,F,G,L"
출발,인천,진에어,LJ359,다카마쓰,20251031,15:40,15:40,15:57,여객,출발,,B737-800,189,"H,F,G,L"
출발,인천,대한항공,KE2173,고베,20251031,15:50,15:50,16:03,여객,출발,,A321neo,182,"A,B,C,D"
출발,인천,대한항공,KE023,샌프란시스코,20251031,16:00,16:15,16:30,여객,출발,,B777-300ER,277,"A,B,C,D"
출발,인천,대한항공,KE2155,구마모토,20251031,16:00,16:00,16:21,여객,출발,,B737-900,188,"A,B,C,D"
출발,인천,대한항공,KE041,시애틀,20251031,16:10,16:25,16:37,여객,출발,,A330-300,272,"A,B,C,D"
출발,인천,진에어,LJ009,치앙마이,20251031,16:15,16:15,16:30,여객,출발,,B737-800,189,"H,F,G,L"
출발,인천,대한항공,KE2027,타오위안,20251031,16:20,16:43,17:04,여객,지연,항공기 정비에 의한 지연,A321neo,182,"A,B,C,D"
출발,인천,대한항공,KE431,덴파사(응우라 라이),20251031,16:20,16:20,16:34,여객,출발,,A330-300,272,"A,B,C,D"
출발,인천,대한항공,KE427,쿠알라룸푸르,20251031,16:40,16:40,17:02,여객,출발,,A330-300,272,"A,B,C,D"
출발,인천,대한항공,KE485,푸꾸옥,20251031,16:45,16:45,16:57,여객,출발,,B737-900,188,"A,B,C,D"
출발,인천,진에어,LJ347,나고야,20251031,16:45,17:35,18:09,여객,지연,공항 및 출입국 절차에 의한 지연,B737-800,189,"H,F,G,L"
출발,인천,에어부산,BX727,수안나폼(방콕),20251031,16:50,16:50,17:12,여객,출발,,A321,195,"E,F,G,L"
출발,인천,대한항공,KE713,도쿄/나리타,20251031,16:55,16:55,17:19,여객,출발,,A321neo,182,"A,B,C,D"
출발,인천,진에어,LJ091,푸꾸옥,20251031,17:05,17:29,17:49,여객,지연,항공교통흐름에 의한 지연,B737-800,189,"H,F,G,L"
출발,인천,진에어,LJ001,수안나폼(방콕),20251031,17:10,17:10,17:33,여객,출발,,B737-800,189,"H,F,G,L"
출발,인천,대한항공,KE433,덴파사(응우라 라이),20251031,17:20,17:20,17:53,여객,출발,,A330-300,272,"A,B,C,D"
출발,인천,대한항공,KE651,수안나폼(방콕),20251031,17:20,17:20,17:37,여객,출발,,A330-300,272,"A,B,C,D"
출발,인천,진에어,LJ265,후쿠오카,20251031,17:20,17:20,17:46,여객,출발,,B737-800,189,"H,F,G,L"
출발,인천,대한항공,KE677,푸껫,20251031,17:25,17:25,17:43,여객,출발,,B737-900,188,"A,B,C,D"
출발,인천,진에어,LJ919,괌,20251031,17:35,17:35,17:57,여객,출발,,B737-800,189,"H,F,G,L"
출발,인천,대한항공,KE417,괌,20251031,17:45,17:45,18:04,여객,출발,,B737-900,188,"A,B,C,D"
출발,인천,델타항공,DL188,애틀랜타,20251031,18:00,18:00,18:11,여객,출발,,A350-900,306,"K,F,G,L"
출발,인천,대한항공,KE467,깜라인(나트랑),20251031,18:05,18:20,18:42,여객,지연,항공기 연결에 의한 지연,B737-900,188,"A,B,C,D"
출발,인천,대한항공,KE1407,김해,20251031,18:25,18:55,18:58,여객,출발,,B737-900,188,
출발,인천,대한항공,KE411,오클랜드,20251031,18:25,18:25,18:38,여객,출발,,B787-9,269,"A,B,C,D"
출발,인천,대한항공,KE071,밴쿠버,20251031,18:30,18:49,19:07,여객,지연,항공기 연결에 의한 지연,B787-9,269,"A,B,C,D"
출발,인천,대한항공,KE459,다낭,20251031,18:30,18:30,18:50,여객,출발,,B737-900,188,"A,B,C,D"
출발,인천,대한항공,KE645,싱가포르,20251031,18:30,18:30,18:47,여객,출발,,A330-300,272,"A,B,C,D"
출발,인천,대한항공,KE1431,대구,20251031,18:40,19:05,19:21,여객,지연,항공기 연결에 의한 지연,B737-900,188,
출발,인천,대한항공,KE781,후쿠오카,20251031,18:40,18:40,18:55,여객,출발,,B737-900,188,"A,B,C,D"
출발,인천,대한항공,KE161,쿤밍,20251031,18:45,18:45,18:57,여객,출발,,B737-900,188,"A,B,C,D"
출발,인천,대한항공,KE447,노이바이(하노이),20251031,18:45,19:05,19:24,여객,지연,항공기 연결에 의한 지연,B737-900,188,"A,B,C,D"
출발,인천,대한항공,KE683,치앙마이,20251031,18:45,19:05,19:18,여객,지연,항공기 연결에 의한 지연,B737-900,188,"A,B,C,D"
출발,인천,대한항공,KE705,도쿄/나리타,20251031,18:45,19:07,19:29,여객,지연,항공기 연결에 의한 지연,A321neo,182,"A,B,C,D"
출발,인천,대한항공,KE721,간사이,20251031,18:45,18:45,19:10,여객,출발,,A321neo,182,"A,B,C,D"
출발,인천,대한항공,KE475,떤 선녓(호찌민),20251031,18:50,19:10,19:30,여객,지연,운항 기준 및 승무원 관련 지연,B737-900,188,"A,B,C,D"
출발,인천,대한항공,KE601,세부,20251031,18:50,19:40,19:59,여객,지연,항공기 연결에 의한 지연,B737-900,188,"A,B,C,D"
출발,인천,대한항공,KE689,프놈펜,20251031,18:50,18:50,19:03,여객,출발,,B737-900,188,"A,B,C,D"
출발,인천,대한항공,KE743,나고야,20251031,18:50,18:50,19:04,여객,출발,,A321neo,182,"A,B,C,D"
출발,인천,대한항공,KE401,시드니,20251031,18:55,18:55,19:31,여객,출발,,A380-800,407,"A,B,C,D"
출발,인천,대한항공,KE891,푸동,20251031,19:00,19:15,19:48,여객,지연,항공기 연결에 의한 지연,A330-300,272,"A,B,C,D"
출발,인천,대한항공,KE623,마닐라,20251031,19:05,19:05,19:28,여객,출발,,B737-900,188,"A,B,C,D"
출발,인천,대한항공,KE653,수안나폼(방콕),20251031,19:05,19:05,19:25,여객,출발,,A330-300,272,"A,B,C,D"
출발,인천,델타항공,DL26,애틀랜타,20251031,19:25,11:00,:,여객,지연,항공기 정비에 의한 지연,A350-900,306,"K,F,G,L"
출발,인천,대한항공,KE085,뉴욕,20251031,19:30,19:30,19:46,여객,출발,,B747-8i,368,"A,B,C,D"
출발,인천,델타항공,DL170,미니애폴리스,20251031,19:30,19:20,19:39,여객,출발,,A350-900,306,"K,F,G,L"
출발,인천,에어서울,RS101,괌,20251031,19:30,19:30,19:43,여객,출발,,A321,195,"E,F,G,L"
출발,인천,대한항공,KE1409,김해,20251031,19:35,19:35,19:41,여객,출발,,B737-900,188,
출발,인천,대한항공,KE479,떤 선녓(호찌민),20251031,19:35,19:50,20:23,여객,지연,항공기 연결에 의한 지연,B737-900,188,"A,B,C,D"
출발,인천,대한항공,KE011,로스앤젤레스,20251031,19:40,19:40,20:11,여객,출발,,A380-800,407,"A,B,C,D"
출발,인천,대한항공,KE407,브리즈번,20251031,19:40,19:40,19:53,여객,출발,,A330-300,272,"A,B,C,D"
출발,인천,델타항공,DL172,솔트레이크시티,20251031,19:40,19:40,19:56,여객,출발,,A350-900,306,"K,F,G,L"
출발,인천,진에어,LJ087,깜라인(나트랑),20251031,19:40,19:40,20:13,여객,출발,,B737-800,189,"H,F,G,L"
출발,인천,대한항공,KE8425,괌,20251031,19:45,19:45,19:58,여객,출발,,B737-900,188,"A,B,C,D"
출발,인천,진에어,LJ917,괌,20251031,19:55,19:55,20:14,여객,출발,,B737-800,189,"H,F,G,L"
출발,인천,대한항공,KE2011,홍콩,20251031,20:00,20:00,20:31,여객,출발,,A321neo,182,"A,B,C,D"
출발,인천,에어서울,RS527,깜라인(나트랑),20251031,20:00,20:00,20:47,여객,지연,항공교통흐름에 의한 지연,A321,195,"E,F,G,L"
출발,인천,대한항공,KE625,마닐라,20251031,20:05,20:05,20:27,여객,출발,,B737-900,188,"A,B,C,D"
출발,인천,델타항공,DL196,시애틀,20251031,20:05,20:05,20:17,여객,출발,,A330-900neo,281,"K,F,G,L"
출발,인천,샤먼항공,MF878,푸저우(복주),20251031,20:05,20:05,20:06,여객,출발,,B737-800,168,"J,F,G,L"
출발,인천,중화항공,CI163,타오위안,20251031,20:15,20:54,21:09,여객,지연,항공기 연결에 의한 지연,A330-300,277,"J,F,G,L"
출발,인천,대한항공,KE053,호놀룰루,20251031,20:35,20:35,20:51,여객,출발,,A330-300,272,"A,B,C,D"
출발,인천,대한항공,KE659,수안나폼(방콕),20251031,20:35,20:35,20:57,여객,출발,,B737-900,188,"A,B,C,D"
출발,인천,대한항공,KE751,하네다,20251031,20:40,20:40,21:04,여객,출발,,A321neo,182,"A,B,C,D"
출발,인천,대한항공,KE1451,김해,20251031,20:45,20:45,20:53,여객,출발,,B737-900,188,
출발,인천,대한항공,KE863,베이징,20251031,20:50,20:50,21:11,여객,출발,,A330-300,272,"A,B,C,D"
출발,인천,대한항공,KE005,라스베이거스,20251031,21:00,21:00,21:12,여객,출발,,B777-300ER,277,"A,B,C,D"
출발,인천,에어부산,BX7135,팡라로,20251031,21:35,21:35,21:44,여객,출발,,A321,195,"E,F,G,L"
출발,인천,진에어,LJ037,클라크,20251031,21:35,21:35,22:01,여객,출발,,B737-800,189,"H,F,G,L"
출발,인천,대한항공,KE075,밴쿠버,20251031,22:55,22:55,23:08,여객,출발,,B787-9,269,"A,B,C,D"
출발,인천,네덜란드항공,KL856,암스테르담,20251031,23:05,23:20,23:40,여객,지연,항공교통흐름에 의한 지연,B787-9,294,"M,F,G,L"
출발,인천,대한항공,KE647,싱가포르,20251031,23:15,23:15,23:28,여객,출발,,B777-300ER,277,"A,B,C,D"
